ISO-10303-21;
HEADER;
/* Generated by software containing ST-Developer
 * from STEP Tools, Inc. (www.steptools.com) 
 */
/* OPTION: using custom renumber hook */

FILE_DESCRIPTION(
/* description */ ('STEP AP242 Edition 2',
'CAx-IF Rec.Pracs.---Representation and Presentation of Product Manufa
cturing Information (PMI)---4.0---2014-10-13',
'CAx-IF Rec.Pracs.---3D Tessellated Geometry---0.4---2014-09-14','2;1',
'CAx-IF Rec.Pracs.---User Defined Attributes---1.5---2016-08-15'),
/* implementation_level */ '2;1');

FILE_NAME(
/* name */ 'Main',
/* time_stamp */ '2026-09-26T02:47:33Z',
/* author */ (''),
/* organization */ (''),
/* preprocessor_version */ 'ST-DEVELOPER v20',
/* originating_system */ 'ONSHAPE BY PTC INC, 1.221',
/* authorisation */ '  ');

FILE_SCHEMA (('AP242_MANAGED_MODEL_BASED_3D_ENGINEERING_MIM_LF { 1 0 10303 442 3 1 4 }'));
ENDSEC;

DATA;
#10=DRAUGHTING_PRE_DEFINED_COLOUR('red');
#11=SHAPE_REPRESENTATION_RELATIONSHIP('','',#2132,#13);
#12=SHAPE_REPRESENTATION_RELATIONSHIP('','',#2133,#14);
#13=ADVANCED_BREP_SHAPE_REPRESENTATION('',(#2128),#5126);
#14=ADVANCED_BREP_SHAPE_REPRESENTATION('',(#2129),#5127);
#15=(
BOUNDED_SURFACE()
B_SPLINE_SURFACE(1,2,((#3601,#3602,#3603,#3604,#3605,#3606,#3607,#3608,
#3609,#3610,#3611,#3612,#3613),(#3614,#3615,#3616,#3617,#3618,#3619,#3620,
#3621,#3622,#3623,#3624,#3625,#3626)),.UNSPECIFIED.,.F.,.F.,.F.)
B_SPLINE_SURFACE_WITH_KNOTS((2,2),(3,2,2,2,2,2,3),(0.0094819957260786,1.),
(0.133139884633532,0.25,0.375,0.5,0.625,0.75,0.774782893492728),
 .PIECEWISE_BEZIER_KNOTS.)
GEOMETRIC_REPRESENTATION_ITEM()
RATIONAL_B_SPLINE_SURFACE(((0.995851225184022,0.968144705032987,1.,0.965925826289068,
1.,0.965925826289068,1.,0.965925826289068,1.,0.965925826289068,1.,0.993244347056554,
0.989167488151048),(0.995851225184022,0.968144705032987,1.,0.965925826289068,
1.,0.965925826289068,1.,0.965925826289068,1.,0.965925826289068,1.,0.993244347056554,
0.989167488151048)))
REPRESENTATION_ITEM('')
SURFACE()
);
#16=(
BOUNDED_SURFACE()
B_SPLINE_SURFACE(3,2,((#3644,#3645,#3646,#3647,#3648,#3649,#3650,#3651,
#3652,#3653,#3654,#3655,#3656),(#3657,#3658,#3659,#3660,#3661,#3662,#3663,
#3664,#3665,#3666,#3667,#3668,#3669),(#3670,#3671,#3672,#3673,#3674,#3675,
#3676,#3677,#3678,#3679,#3680,#3681,#3682),(#3683,#3684,#3685,#3686,#3687,
#3688,#3689,#3690,#3691,#3692,#3693,#3694,#3695)),.UNSPECIFIED.,.F.,.F.,
 .F.)
B_SPLINE_SURFACE_WITH_KNOTS((4,4),(3,2,2,2,2,2,3),(0.,1.),(0.175737888327354,
0.25,0.375,0.5,0.625,0.75,0.818810953101626),.PIECEWISE_BEZIER_KNOTS.)
GEOMETRIC_REPRESENTATION_ITEM()
RATIONAL_B_SPLINE_SURFACE(((0.983566313969428,0.979756639253805,1.,0.965925826289068,
1.,0.965925826289068,1.,0.965925826289068,1.,0.965925826289068,1.,0.981242589046403,
0.98313662329978),(0.637574748224728,0.635105212248218,0.648227515694022,
0.626139698720058,0.648227515694022,0.626139698720058,0.648227515694022,
0.626139698720058,0.648227515694022,0.626139698720058,0.648227515694022,
0.63606844579072,0.637296210909426),(0.637574748224728,0.635105212248218,
0.648227515694022,0.626139698720058,0.648227515694022,0.626139698720058,
0.648227515694022,0.626139698720058,0.648227515694022,0.626139698720058,
0.648227515694022,0.63606844579072,0.637296210909426),(0.983566313969428,
0.979756639253805,1.,0.965925826289068,1.,0.965925826289068,1.,0.965925826289068,
1.,0.965925826289068,1.,0.981242589046403,0.98313662329978)))
REPRESENTATION_ITEM('')
SURFACE()
);
#17=(
BOUNDED_SURFACE()
B_SPLINE_SURFACE(1,2,((#3713,#3714,#3715,#3716,#3717,#3718,#3719,#3720,
#3721,#3722,#3723,#3724,#3725),(#3726,#3727,#3728,#3729,#3730,#3731,#3732,
#3733,#3734,#3735,#3736,#3737,#3738)),.UNSPECIFIED.,.F.,.F.,.F.)
B_SPLINE_SURFACE_WITH_KNOTS((2,2),(3,2,2,2,2,2,3),(0.,0.990518004273911),
(0.21965843193652,0.25,0.375,0.5,0.625,0.75,0.861242970601891),
 .PIECEWISE_BEZIER_KNOTS.)
GEOMETRIC_REPRESENTATION_ITEM()
RATIONAL_B_SPLINE_SURFACE(((0.987473416716215,0.991729089113143,1.,0.965925826289068,
1.,0.965925826289068,1.,0.965925826289068,1.,0.965925826289068,1.,0.969675901564728,
0.993325287781677),(0.987473416716215,0.991729089113143,1.,0.965925826289068,
1.,0.965925826289068,1.,0.965925826289068,1.,0.965925826289068,1.,0.969675901564728,
0.993325287781677)))
REPRESENTATION_ITEM('')
SURFACE()
);
#18=(
BOUNDED_SURFACE()
B_SPLINE_SURFACE(1,2,((#3739,#3740,#3741,#3742,#3743,#3744,#3745,#3746,
#3747,#3748,#3749,#3750,#3751),(#3752,#3753,#3754,#3755,#3756,#3757,#3758,
#3759,#3760,#3761,#3762,#3763,#3764)),.UNSPECIFIED.,.F.,.F.,.F.)
B_SPLINE_SURFACE_WITH_KNOTS((2,2),(3,2,2,2,2,2,3),(0.00948199572608902,
1.),(0.133139884633531,0.25,0.375,0.5,0.625,0.75,0.774782893492728),
 .PIECEWISE_BEZIER_KNOTS.)
GEOMETRIC_REPRESENTATION_ITEM()
RATIONAL_B_SPLINE_SURFACE(((0.995851225184023,0.968144705032987,1.,0.965925826289068,
1.,0.965925826289068,1.,0.965925826289068,1.,0.965925826289068,1.,0.993244347056554,
0.989167488151048),(0.995851225184023,0.968144705032987,1.,0.965925826289068,
1.,0.965925826289068,1.,0.965925826289068,1.,0.965925826289068,1.,0.993244347056554,
0.989167488151048)))
REPRESENTATION_ITEM('')
SURFACE()
);
#19=(
BOUNDED_SURFACE()
B_SPLINE_SURFACE(3,2,((#3782,#3783,#3784,#3785,#3786,#3787,#3788,#3789,
#3790,#3791,#3792,#3793,#3794),(#3795,#3796,#3797,#3798,#3799,#3800,#3801,
#3802,#3803,#3804,#3805,#3806,#3807),(#3808,#3809,#3810,#3811,#3812,#3813,
#3814,#3815,#3816,#3817,#3818,#3819,#3820),(#3821,#3822,#3823,#3824,#3825,
#3826,#3827,#3828,#3829,#3830,#3831,#3832,#3833)),.UNSPECIFIED.,.F.,.F.,
 .F.)
B_SPLINE_SURFACE_WITH_KNOTS((4,4),(3,2,2,2,2,2,3),(0.,1.),(0.175737888327356,
0.25,0.375,0.5,0.625,0.75,0.818810953101626),.PIECEWISE_BEZIER_KNOTS.)
GEOMETRIC_REPRESENTATION_ITEM()
RATIONAL_B_SPLINE_SURFACE(((0.983566313969427,0.979756639253805,1.,0.965925826289068,
1.,0.965925826289068,1.,0.965925826289068,1.,0.965925826289068,1.,0.981242589046403,
0.98313662329978),(0.637574748224728,0.635105212248218,0.648227515694022,
0.626139698720058,0.648227515694022,0.626139698720058,0.648227515694022,
0.626139698720058,0.648227515694022,0.626139698720058,0.648227515694022,
0.63606844579072,0.637296210909426),(0.637574748224728,0.635105212248218,
0.648227515694022,0.626139698720058,0.648227515694022,0.626139698720058,
0.648227515694022,0.626139698720058,0.648227515694022,0.626139698720058,
0.648227515694022,0.63606844579072,0.637296210909426),(0.983566313969427,
0.979756639253805,1.,0.965925826289068,1.,0.965925826289068,1.,0.965925826289068,
1.,0.965925826289068,1.,0.981242589046403,0.98313662329978)))
REPRESENTATION_ITEM('')
SURFACE()
);
#20=(
BOUNDED_SURFACE()
B_SPLINE_SURFACE(1,2,((#3851,#3852,#3853,#3854,#3855,#3856,#3857,#3858,
#3859,#3860,#3861,#3862,#3863),(#3864,#3865,#3866,#3867,#3868,#3869,#3870,
#3871,#3872,#3873,#3874,#3875,#3876)),.UNSPECIFIED.,.F.,.F.,.F.)
B_SPLINE_SURFACE_WITH_KNOTS((2,2),(3,2,2,2,2,2,3),(0.,0.990518004273938),
(0.21965843193652,0.25,0.375,0.5,0.625,0.75,0.861242970601917),
 .PIECEWISE_BEZIER_KNOTS.)
GEOMETRIC_REPRESENTATION_ITEM()
RATIONAL_B_SPLINE_SURFACE(((0.987473416716215,0.991729089113143,1.,0.965925826289068,
1.,0.965925826289068,1.,0.965925826289068,1.,0.965925826289068,1.,0.969675901564721,
0.993325287781688),(0.987473416716215,0.991729089113143,1.,0.965925826289068,
1.,0.965925826289068,1.,0.965925826289068,1.,0.965925826289068,1.,0.969675901564721,
0.993325287781688)))
REPRESENTATION_ITEM('')
SURFACE()
);
#21=(
BOUNDED_SURFACE()
B_SPLINE_SURFACE(1,2,((#3877,#3878,#3879,#3880,#3881,#3882,#3883,#3884,
#3885,#3886,#3887,#3888,#3889),(#3890,#3891,#3892,#3893,#3894,#3895,#3896,
#3897,#3898,#3899,#3900,#3901,#3902)),.UNSPECIFIED.,.F.,.F.,.F.)
B_SPLINE_SURFACE_WITH_KNOTS((2,2),(3,2,2,2,2,2,3),(0.00948199572606645,
1.),(0.133139884633532,0.25,0.375,0.5,0.625,0.75,0.774782893492728),
 .PIECEWISE_BEZIER_KNOTS.)
GEOMETRIC_REPRESENTATION_ITEM()
RATIONAL_B_SPLINE_SURFACE(((0.995851225184022,0.968144705032987,1.,0.965925826289068,
1.,0.965925826289068,1.,0.965925826289068,1.,0.965925826289068,1.,0.993244347056554,
0.989167488151048),(0.995851225184022,0.968144705032987,1.,0.965925826289068,
1.,0.965925826289068,1.,0.965925826289068,1.,0.965925826289068,1.,0.993244347056554,
0.989167488151048)))
REPRESENTATION_ITEM('')
SURFACE()
);
#22=(
BOUNDED_SURFACE()
B_SPLINE_SURFACE(3,2,((#3920,#3921,#3922,#3923,#3924,#3925,#3926,#3927,
#3928,#3929,#3930,#3931,#3932),(#3933,#3934,#3935,#3936,#3937,#3938,#3939,
#3940,#3941,#3942,#3943,#3944,#3945),(#3946,#3947,#3948,#3949,#3950,#3951,
#3952,#3953,#3954,#3955,#3956,#3957,#3958),(#3959,#3960,#3961,#3962,#3963,
#3964,#3965,#3966,#3967,#3968,#3969,#3970,#3971)),.UNSPECIFIED.,.F.,.F.,
 .F.)
B_SPLINE_SURFACE_WITH_KNOTS((4,4),(3,2,2,2,2,2,3),(0.,1.),(0.175737888327354,
0.25,0.375,0.5,0.625,0.75,0.818810953101626),.PIECEWISE_BEZIER_KNOTS.)
GEOMETRIC_REPRESENTATION_ITEM()
RATIONAL_B_SPLINE_SURFACE(((0.983566313969428,0.979756639253805,1.,0.965925826289068,
1.,0.965925826289068,1.,0.965925826289068,1.,0.965925826289068,1.,0.981242589046403,
0.98313662329978),(0.637574748224728,0.635105212248218,0.648227515694022,
0.626139698720058,0.648227515694022,0.626139698720058,0.648227515694022,
0.626139698720058,0.648227515694022,0.626139698720058,0.648227515694022,
0.63606844579072,0.637296210909426),(0.637574748224728,0.635105212248218,
0.648227515694022,0.626139698720058,0.648227515694022,0.626139698720058,
0.648227515694022,0.626139698720058,0.648227515694022,0.626139698720058,
0.648227515694022,0.63606844579072,0.637296210909426),(0.983566313969428,
0.979756639253805,1.,0.965925826289068,1.,0.965925826289068,1.,0.965925826289068,
1.,0.965925826289068,1.,0.981242589046403,0.98313662329978)))
REPRESENTATION_ITEM('')
SURFACE()
);
#23=(
BOUNDED_SURFACE()
B_SPLINE_SURFACE(1,2,((#3989,#3990,#3991,#3992,#3993,#3994,#3995,#3996,
#3997,#3998,#3999,#4000,#4001),(#4002,#4003,#4004,#4005,#4006,#4007,#4008,
#4009,#4010,#4011,#4012,#4013,#4014)),.UNSPECIFIED.,.F.,.F.,.F.)
B_SPLINE_SURFACE_WITH_KNOTS((2,2),(3,2,2,2,2,2,3),(0.,0.990518004273899),
(0.219658431936523,0.25,0.375,0.5,0.625,0.75,0.86124297060189),
 .PIECEWISE_BEZIER_KNOTS.)
GEOMETRIC_REPRESENTATION_ITEM()
RATIONAL_B_SPLINE_SURFACE(((0.987473416716216,0.991729089113144,1.,0.965925826289068,
1.,0.965925826289068,1.,0.965925826289068,1.,0.965925826289068,1.,0.969675901564729,
0.993325287781677),(0.987473416716216,0.991729089113144,1.,0.965925826289068,
1.,0.965925826289068,1.,0.965925826289068,1.,0.965925826289068,1.,0.969675901564729,
0.993325287781677)))
REPRESENTATION_ITEM('')
SURFACE()
);
#24=(
BOUNDED_SURFACE()
B_SPLINE_SURFACE(1,2,((#4015,#4016,#4017,#4018,#4019,#4020,#4021,#4022,
#4023,#4024,#4025,#4026,#4027),(#4028,#4029,#4030,#4031,#4032,#4033,#4034,
#4035,#4036,#4037,#4038,#4039,#4040)),.UNSPECIFIED.,.F.,.F.,.F.)
B_SPLINE_SURFACE_WITH_KNOTS((2,2),(3,2,2,2,2,2,3),(0.00948199572606496,
1.),(0.133139884633532,0.25,0.375,0.5,0.625,0.75,0.774782893492728),
 .PIECEWISE_BEZIER_KNOTS.)
GEOMETRIC_REPRESENTATION_ITEM()
RATIONAL_B_SPLINE_SURFACE(((0.995851225184022,0.968144705032987,1.,0.965925826289068,
1.,0.965925826289068,1.,0.965925826289068,1.,0.965925826289068,1.,0.993244347056554,
0.989167488151048),(0.995851225184022,0.968144705032987,1.,0.965925826289068,
1.,0.965925826289068,1.,0.965925826289068,1.,0.965925826289068,1.,0.993244347056554,
0.989167488151048)))
REPRESENTATION_ITEM('')
SURFACE()
);
#25=(
BOUNDED_SURFACE()
B_SPLINE_SURFACE(3,2,((#4058,#4059,#4060,#4061,#4062,#4063,#4064,#4065,
#4066,#4067,#4068,#4069,#4070),(#4071,#4072,#4073,#4074,#4075,#4076,#4077,
#4078,#4079,#4080,#4081,#4082,#4083),(#4084,#4085,#4086,#4087,#4088,#4089,
#4090,#4091,#4092,#4093,#4094,#4095,#4096),(#4097,#4098,#4099,#4100,#4101,
#4102,#4103,#4104,#4105,#4106,#4107,#4108,#4109)),.UNSPECIFIED.,.F.,.F.,
 .F.)
B_SPLINE_SURFACE_WITH_KNOTS((4,4),(3,2,2,2,2,2,3),(0.,1.),(0.175737888327356,
0.25,0.375,0.5,0.625,0.75,0.818810953101626),.PIECEWISE_BEZIER_KNOTS.)
GEOMETRIC_REPRESENTATION_ITEM()
RATIONAL_B_SPLINE_SURFACE(((0.983566313969427,0.979756639253806,1.,0.965925826289068,
1.,0.965925826289068,1.,0.965925826289068,1.,0.965925826289068,1.,0.981242589046403,
0.98313662329978),(0.637574748224728,0.635105212248219,0.648227515694022,
0.626139698720058,0.648227515694022,0.626139698720058,0.648227515694022,
0.626139698720058,0.648227515694022,0.626139698720058,0.648227515694022,
0.63606844579072,0.637296210909426),(0.637574748224728,0.635105212248219,
0.648227515694022,0.626139698720058,0.648227515694022,0.626139698720058,
0.648227515694022,0.626139698720058,0.648227515694022,0.626139698720058,
0.648227515694022,0.63606844579072,0.637296210909426),(0.983566313969427,
0.979756639253806,1.,0.965925826289068,1.,0.965925826289068,1.,0.965925826289068,
1.,0.965925826289068,1.,0.981242589046403,0.98313662329978)))
REPRESENTATION_ITEM('')
SURFACE()
);
#26=(
BOUNDED_SURFACE()
B_SPLINE_SURFACE(1,2,((#4127,#4128,#4129,#4130,#4131,#4132,#4133,#4134,
#4135,#4136,#4137,#4138,#4139),(#4140,#4141,#4142,#4143,#4144,#4145,#4146,
#4147,#4148,#4149,#4150,#4151,#4152)),.UNSPECIFIED.,.F.,.F.,.F.)
B_SPLINE_SURFACE_WITH_KNOTS((2,2),(3,2,2,2,2,2,3),(0.,0.990518004273925),
(0.219658431936521,0.25,0.375,0.5,0.625,0.75,0.861242970601915),
 .PIECEWISE_BEZIER_KNOTS.)
GEOMETRIC_REPRESENTATION_ITEM()
RATIONAL_B_SPLINE_SURFACE(((0.987473416716216,0.991729089113144,1.,0.965925826289068,
1.,0.965925826289068,1.,0.965925826289068,1.,0.965925826289068,1.,0.969675901564722,
0.993325287781687),(0.987473416716216,0.991729089113144,1.,0.965925826289068,
1.,0.965925826289068,1.,0.965925826289068,1.,0.965925826289068,1.,0.969675901564722,
0.993325287781687)))
REPRESENTATION_ITEM('')
SURFACE()
);
#27=(
BOUNDED_SURFACE()
B_SPLINE_SURFACE(1,2,((#4153,#4154,#4155,#4156,#4157,#4158,#4159,#4160,
#4161,#4162,#4163,#4164,#4165),(#4166,#4167,#4168,#4169,#4170,#4171,#4172,
#4173,#4174,#4175,#4176,#4177,#4178)),.UNSPECIFIED.,.F.,.F.,.F.)
B_SPLINE_SURFACE_WITH_KNOTS((2,2),(3,2,2,2,2,2,3),(0.00948199572606863,
1.),(0.133139884633531,0.25,0.375,0.5,0.625,0.75,0.774782893492728),
 .PIECEWISE_BEZIER_KNOTS.)
GEOMETRIC_REPRESENTATION_ITEM()
RATIONAL_B_SPLINE_SURFACE(((0.995851225184022,0.968144705032987,1.,0.965925826289068,
1.,0.965925826289068,1.,0.965925826289068,1.,0.965925826289068,1.,0.993244347056554,
0.989167488151048),(0.995851225184023,0.968144705032987,1.,0.965925826289068,
1.,0.965925826289068,1.,0.965925826289068,1.,0.965925826289068,1.,0.993244347056554,
0.989167488151048)))
REPRESENTATION_ITEM('')
SURFACE()
);
#28=(
BOUNDED_SURFACE()
B_SPLINE_SURFACE(3,2,((#4196,#4197,#4198,#4199,#4200,#4201,#4202,#4203,
#4204,#4205,#4206,#4207,#4208),(#4209,#4210,#4211,#4212,#4213,#4214,#4215,
#4216,#4217,#4218,#4219,#4220,#4221),(#4222,#4223,#4224,#4225,#4226,#4227,
#4228,#4229,#4230,#4231,#4232,#4233,#4234),(#4235,#4236,#4237,#4238,#4239,
#4240,#4241,#4242,#4243,#4244,#4245,#4246,#4247)),.UNSPECIFIED.,.F.,.F.,
 .F.)
B_SPLINE_SURFACE_WITH_KNOTS((4,4),(3,2,2,2,2,2,3),(0.,1.),(0.175737888327356,
0.25,0.375,0.5,0.625,0.75,0.818810953101627),.PIECEWISE_BEZIER_KNOTS.)
GEOMETRIC_REPRESENTATION_ITEM()
RATIONAL_B_SPLINE_SURFACE(((0.983566313969427,0.979756639253806,1.,0.965925826289068,
1.,0.965925826289068,1.,0.965925826289068,1.,0.965925826289068,1.,0.981242589046403,
0.98313662329978),(0.637574748224728,0.635105212248219,0.648227515694022,
0.626139698720058,0.648227515694022,0.626139698720058,0.648227515694022,
0.626139698720058,0.648227515694022,0.626139698720058,0.648227515694022,
0.63606844579072,0.637296210909426),(0.637574748224728,0.635105212248219,
0.648227515694022,0.626139698720058,0.648227515694022,0.626139698720058,
0.648227515694022,0.626139698720058,0.648227515694022,0.626139698720058,
0.648227515694022,0.63606844579072,0.637296210909426),(0.983566313969427,
0.979756639253806,1.,0.965925826289068,1.,0.965925826289068,1.,0.965925826289068,
1.,0.965925826289068,1.,0.981242589046403,0.98313662329978)))
REPRESENTATION_ITEM('')
SURFACE()
);
#29=(
BOUNDED_SURFACE()
B_SPLINE_SURFACE(1,2,((#4265,#4266,#4267,#4268,#4269,#4270,#4271,#4272,
#4273,#4274,#4275,#4276,#4277),(#4278,#4279,#4280,#4281,#4282,#4283,#4284,
#4285,#4286,#4287,#4288,#4289,#4290)),.UNSPECIFIED.,.F.,.F.,.F.)
B_SPLINE_SURFACE_WITH_KNOTS((2,2),(3,2,2,2,2,2,3),(0.,0.990518004273924),
(0.219658431936523,0.25,0.375,0.5,0.625,0.75,0.861242970601916),
 .PIECEWISE_BEZIER_KNOTS.)
GEOMETRIC_REPRESENTATION_ITEM()
RATIONAL_B_SPLINE_SURFACE(((0.987473416716216,0.991729089113144,1.,0.965925826289068,
1.,0.965925826289068,1.,0.965925826289068,1.,0.965925826289068,1.,0.969675901564722,
0.993325287781688),(0.987473416716216,0.991729089113144,1.,0.965925826289068,
1.,0.965925826289068,1.,0.965925826289068,1.,0.965925826289068,1.,0.969675901564722,
0.993325287781688)))
REPRESENTATION_ITEM('')
SURFACE()
);
#30=(
BOUNDED_SURFACE()
B_SPLINE_SURFACE(1,2,((#4291,#4292,#4293,#4294,#4295,#4296,#4297,#4298,
#4299,#4300,#4301,#4302,#4303),(#4304,#4305,#4306,#4307,#4308,#4309,#4310,
#4311,#4312,#4313,#4314,#4315,#4316)),.UNSPECIFIED.,.F.,.F.,.F.)
B_SPLINE_SURFACE_WITH_KNOTS((2,2),(3,2,2,2,2,2,3),(0.00948199572608613,
1.),(0.133139884633532,0.25,0.375,0.5,0.625,0.75,0.774782893492727),
 .PIECEWISE_BEZIER_KNOTS.)
GEOMETRIC_REPRESENTATION_ITEM()
RATIONAL_B_SPLINE_SURFACE(((0.995851225184022,0.968144705032987,1.,0.965925826289068,
1.,0.965925826289068,1.,0.965925826289068,1.,0.965925826289068,1.,0.993244347056554,
0.989167488151049),(0.995851225184022,0.968144705032987,1.,0.965925826289068,
1.,0.965925826289068,1.,0.965925826289068,1.,0.965925826289068,1.,0.993244347056554,
0.989167488151049)))
REPRESENTATION_ITEM('')
SURFACE()
);
#31=(
BOUNDED_SURFACE()
B_SPLINE_SURFACE(3,2,((#4334,#4335,#4336,#4337,#4338,#4339,#4340,#4341,
#4342,#4343,#4344,#4345,#4346),(#4347,#4348,#4349,#4350,#4351,#4352,#4353,
#4354,#4355,#4356,#4357,#4358,#4359),(#4360,#4361,#4362,#4363,#4364,#4365,
#4366,#4367,#4368,#4369,#4370,#4371,#4372),(#4373,#4374,#4375,#4376,#4377,
#4378,#4379,#4380,#4381,#4382,#4383,#4384,#4385)),.UNSPECIFIED.,.F.,.F.,
 .F.)
B_SPLINE_SURFACE_WITH_KNOTS((4,4),(3,2,2,2,2,2,3),(0.,1.),(0.175737888327356,
0.25,0.375,0.5,0.625,0.75,0.818810953101626),.PIECEWISE_BEZIER_KNOTS.)
GEOMETRIC_REPRESENTATION_ITEM()
RATIONAL_B_SPLINE_SURFACE(((0.983566313969427,0.979756639253806,1.,0.965925826289068,
1.,0.965925826289068,1.,0.965925826289068,1.,0.965925826289068,1.,0.981242589046403,
0.98313662329978),(0.637574748224728,0.635105212248218,0.648227515694022,
0.626139698720058,0.648227515694022,0.626139698720058,0.648227515694022,
0.626139698720058,0.648227515694022,0.626139698720058,0.648227515694022,
0.63606844579072,0.637296210909426),(0.637574748224728,0.635105212248218,
0.648227515694022,0.626139698720058,0.648227515694022,0.626139698720058,
0.648227515694022,0.626139698720058,0.648227515694022,0.626139698720058,
0.648227515694022,0.63606844579072,0.637296210909426),(0.983566313969427,
0.979756639253806,1.,0.965925826289068,1.,0.965925826289068,1.,0.965925826289068,
1.,0.965925826289068,1.,0.981242589046403,0.98313662329978)))
REPRESENTATION_ITEM('')
SURFACE()
);
#32=(
BOUNDED_SURFACE()
B_SPLINE_SURFACE(1,2,((#4403,#4404,#4405,#4406,#4407,#4408,#4409,#4410,
#4411,#4412,#4413,#4414,#4415),(#4416,#4417,#4418,#4419,#4420,#4421,#4422,
#4423,#4424,#4425,#4426,#4427,#4428)),.UNSPECIFIED.,.F.,.F.,.F.)
B_SPLINE_SURFACE_WITH_KNOTS((2,2),(3,2,2,2,2,2,3),(0.,0.990518004273927),
(0.219658431936523,0.25,0.375,0.5,0.625,0.75,0.861242970601916),
 .PIECEWISE_BEZIER_KNOTS.)
GEOMETRIC_REPRESENTATION_ITEM()
RATIONAL_B_SPLINE_SURFACE(((0.987473416716216,0.991729089113144,1.,0.965925826289068,
1.,0.965925826289068,1.,0.965925826289068,1.,0.965925826289068,1.,0.969675901564722,
0.993325287781687),(0.987473416716216,0.991729089113144,1.,0.965925826289068,
1.,0.965925826289068,1.,0.965925826289068,1.,0.965925826289068,1.,0.969675901564722,
0.993325287781687)))
REPRESENTATION_ITEM('')
SURFACE()
);
#33=(
BOUNDED_SURFACE()
B_SPLINE_SURFACE(1,2,((#4429,#4430,#4431,#4432,#4433,#4434,#4435,#4436,
#4437,#4438,#4439,#4440,#4441),(#4442,#4443,#4444,#4445,#4446,#4447,#4448,
#4449,#4450,#4451,#4452,#4453,#4454)),.UNSPECIFIED.,.F.,.F.,.F.)
B_SPLINE_SURFACE_WITH_KNOTS((2,2),(3,2,2,2,2,2,3),(0.00948199572605711,
1.),(0.133139884633531,0.25,0.375,0.5,0.625,0.75,0.774782893492727),
 .PIECEWISE_BEZIER_KNOTS.)
GEOMETRIC_REPRESENTATION_ITEM()
RATIONAL_B_SPLINE_SURFACE(((0.995851225184022,0.968144705032987,1.,0.965925826289068,
1.,0.965925826289068,1.,0.965925826289068,1.,0.965925826289068,1.,0.993244347056554,
0.989167488151049),(0.995851225184022,0.968144705032987,1.,0.965925826289068,
1.,0.965925826289068,1.,0.965925826289068,1.,0.965925826289068,1.,0.993244347056554,
0.989167488151049)))
REPRESENTATION_ITEM('')
SURFACE()
);
#34=(
BOUNDED_SURFACE()
B_SPLINE_SURFACE(3,2,((#4472,#4473,#4474,#4475,#4476,#4477,#4478,#4479,
#4480,#4481,#4482,#4483,#4484),(#4485,#4486,#4487,#4488,#4489,#4490,#4491,
#4492,#4493,#4494,#4495,#4496,#4497),(#4498,#4499,#4500,#4501,#4502,#4503,
#4504,#4505,#4506,#4507,#4508,#4509,#4510),(#4511,#4512,#4513,#4514,#4515,
#4516,#4517,#4518,#4519,#4520,#4521,#4522,#4523)),.UNSPECIFIED.,.F.,.F.,
 .F.)
B_SPLINE_SURFACE_WITH_KNOTS((4,4),(3,2,2,2,2,2,3),(0.,1.),(0.175737888327356,
0.25,0.375,0.5,0.625,0.75,0.818810953101626),.PIECEWISE_BEZIER_KNOTS.)
GEOMETRIC_REPRESENTATION_ITEM()
RATIONAL_B_SPLINE_SURFACE(((0.983566313969427,0.979756639253806,1.,0.965925826289068,
1.,0.965925826289068,1.,0.965925826289068,1.,0.965925826289068,1.,0.981242589046403,
0.98313662329978),(0.637574748224728,0.635105212248218,0.648227515694022,
0.626139698720058,0.648227515694022,0.626139698720058,0.648227515694022,
0.626139698720058,0.648227515694022,0.626139698720058,0.648227515694022,
0.63606844579072,0.637296210909426),(0.637574748224728,0.635105212248218,
0.648227515694022,0.626139698720058,0.648227515694022,0.626139698720058,
0.648227515694022,0.626139698720058,0.648227515694022,0.626139698720058,
0.648227515694022,0.63606844579072,0.637296210909426),(0.983566313969427,
0.979756639253806,1.,0.965925826289068,1.,0.965925826289068,1.,0.965925826289068,
1.,0.965925826289068,1.,0.981242589046403,0.98313662329978)))
REPRESENTATION_ITEM('')
SURFACE()
);
#35=(
BOUNDED_SURFACE()
B_SPLINE_SURFACE(1,2,((#4541,#4542,#4543,#4544,#4545,#4546,#4547,#4548,
#4549,#4550,#4551,#4552,#4553),(#4554,#4555,#4556,#4557,#4558,#4559,#4560,
#4561,#4562,#4563,#4564,#4565,#4566)),.UNSPECIFIED.,.F.,.F.,.F.)
B_SPLINE_SURFACE_WITH_KNOTS((2,2),(3,2,2,2,2,2,3),(0.,0.990518004273926),
(0.219658431936523,0.25,0.375,0.5,0.625,0.75,0.861242970601916),
 .PIECEWISE_BEZIER_KNOTS.)
GEOMETRIC_REPRESENTATION_ITEM()
RATIONAL_B_SPLINE_SURFACE(((0.987473416716216,0.991729089113144,1.,0.965925826289068,
1.,0.965925826289068,1.,0.965925826289068,1.,0.965925826289068,1.,0.969675901564722,
0.993325287781688),(0.987473416716216,0.991729089113144,1.,0.965925826289068,
1.,0.965925826289068,1.,0.965925826289068,1.,0.965925826289068,1.,0.969675901564722,
0.993325287781688)))
REPRESENTATION_ITEM('')
SURFACE()
);
#36=(
BOUNDED_SURFACE()
B_SPLINE_SURFACE(1,2,((#4567,#4568,#4569,#4570,#4571,#4572,#4573,#4574,
#4575,#4576,#4577,#4578,#4579),(#4580,#4581,#4582,#4583,#4584,#4585,#4586,
#4587,#4588,#4589,#4590,#4591,#4592)),.UNSPECIFIED.,.F.,.F.,.F.)
B_SPLINE_SURFACE_WITH_KNOTS((2,2),(3,2,2,2,2,2,3),(0.00948199572606788,
1.),(0.133139884633532,0.25,0.375,0.5,0.625,0.75,0.774782893492728),
 .PIECEWISE_BEZIER_KNOTS.)
GEOMETRIC_REPRESENTATION_ITEM()
RATIONAL_B_SPLINE_SURFACE(((0.995851225184022,0.968144705032987,1.,0.965925826289068,
1.,0.965925826289068,1.,0.965925826289068,1.,0.965925826289068,1.,0.993244347056554,
0.989167488151048),(0.995851225184022,0.968144705032987,1.,0.965925826289068,
1.,0.965925826289068,1.,0.965925826289068,1.,0.965925826289068,1.,0.993244347056554,
0.989167488151048)))
REPRESENTATION_ITEM('')
SURFACE()
);
#37=(
BOUNDED_SURFACE()
B_SPLINE_SURFACE(3,2,((#4610,#4611,#4612,#4613,#4614,#4615,#4616,#4617,
#4618,#4619,#4620,#4621,#4622),(#4623,#4624,#4625,#4626,#4627,#4628,#4629,
#4630,#4631,#4632,#4633,#4634,#4635),(#4636,#4637,#4638,#4639,#4640,#4641,
#4642,#4643,#4644,#4645,#4646,#4647,#4648),(#4649,#4650,#4651,#4652,#4653,
#4654,#4655,#4656,#4657,#4658,#4659,#4660,#4661)),.UNSPECIFIED.,.F.,.F.,
 .F.)
B_SPLINE_SURFACE_WITH_KNOTS((4,4),(3,2,2,2,2,2,3),(0.,1.),(0.175737888327356,
0.25,0.375,0.5,0.625,0.75,0.818810953101627),.PIECEWISE_BEZIER_KNOTS.)
GEOMETRIC_REPRESENTATION_ITEM()
RATIONAL_B_SPLINE_SURFACE(((0.983566313969427,0.979756639253806,1.,0.965925826289068,
1.,0.965925826289068,1.,0.965925826289068,1.,0.965925826289068,1.,0.981242589046403,
0.98313662329978),(0.637574748224728,0.635105212248218,0.648227515694022,
0.626139698720058,0.648227515694022,0.626139698720058,0.648227515694022,
0.626139698720058,0.648227515694022,0.626139698720058,0.648227515694022,
0.63606844579072,0.637296210909426),(0.637574748224728,0.635105212248218,
0.648227515694022,0.626139698720058,0.648227515694022,0.626139698720058,
0.648227515694022,0.626139698720058,0.648227515694022,0.626139698720058,
0.648227515694022,0.63606844579072,0.637296210909426),(0.983566313969427,
0.979756639253806,1.,0.965925826289068,1.,0.965925826289068,1.,0.965925826289068,
1.,0.965925826289068,1.,0.981242589046403,0.98313662329978)))
REPRESENTATION_ITEM('')
SURFACE()
);
#38=(
BOUNDED_SURFACE()
B_SPLINE_SURFACE(1,2,((#4679,#4680,#4681,#4682,#4683,#4684,#4685,#4686,
#4687,#4688,#4689,#4690,#4691),(#4692,#4693,#4694,#4695,#4696,#4697,#4698,
#4699,#4700,#4701,#4702,#4703,#4704)),.UNSPECIFIED.,.F.,.F.,.F.)
B_SPLINE_SURFACE_WITH_KNOTS((2,2),(3,2,2,2,2,2,3),(0.,0.990518004273923),
(0.219658431936523,0.25,0.375,0.5,0.625,0.75,0.861242970601916),
 .PIECEWISE_BEZIER_KNOTS.)
GEOMETRIC_REPRESENTATION_ITEM()
RATIONAL_B_SPLINE_SURFACE(((0.987473416716216,0.991729089113144,1.,0.965925826289068,
1.,0.965925826289068,1.,0.965925826289068,1.,0.965925826289068,1.,0.969675901564722,
0.993325287781688),(0.987473416716216,0.991729089113144,1.,0.965925826289068,
1.,0.965925826289068,1.,0.965925826289068,1.,0.965925826289068,1.,0.969675901564722,
0.993325287781688)))
REPRESENTATION_ITEM('')
SURFACE()
);
#39=(
BOUNDED_SURFACE()
B_SPLINE_SURFACE(1,2,((#4705,#4706,#4707,#4708,#4709,#4710,#4711,#4712,
#4713,#4714,#4715,#4716,#4717),(#4718,#4719,#4720,#4721,#4722,#4723,#4724,
#4725,#4726,#4727,#4728,#4729,#4730)),.UNSPECIFIED.,.F.,.F.,.F.)
B_SPLINE_SURFACE_WITH_KNOTS((2,2),(3,2,2,2,2,2,3),(0.00948199572608112,
1.),(0.133139884633532,0.25,0.375,0.5,0.625,0.75,0.774782893492727),
 .PIECEWISE_BEZIER_KNOTS.)
GEOMETRIC_REPRESENTATION_ITEM()
RATIONAL_B_SPLINE_SURFACE(((0.995851225184022,0.968144705032987,1.,0.965925826289068,
1.,0.965925826289068,1.,0.965925826289068,1.,0.965925826289068,1.,0.993244347056554,
0.989167488151048),(0.995851225184022,0.968144705032987,1.,0.965925826289068,
1.,0.965925826289068,1.,0.965925826289068,1.,0.965925826289068,1.,0.993244347056554,
0.989167488151048)))
REPRESENTATION_ITEM('')
SURFACE()
);
#40=(
BOUNDED_SURFACE()
B_SPLINE_SURFACE(3,2,((#4748,#4749,#4750,#4751,#4752,#4753,#4754,#4755,
#4756,#4757,#4758,#4759,#4760),(#4761,#4762,#4763,#4764,#4765,#4766,#4767,
#4768,#4769,#4770,#4771,#4772,#4773),(#4774,#4775,#4776,#4777,#4778,#4779,
#4780,#4781,#4782,#4783,#4784,#4785,#4786),(#4787,#4788,#4789,#4790,#4791,
#4792,#4793,#4794,#4795,#4796,#4797,#4798,#4799)),.UNSPECIFIED.,.F.,.F.,
 .F.)
B_SPLINE_SURFACE_WITH_KNOTS((4,4),(3,2,2,2,2,2,3),(0.,1.),(0.175737888327356,
0.25,0.375,0.5,0.625,0.75,0.818810953101626),.PIECEWISE_BEZIER_KNOTS.)
GEOMETRIC_REPRESENTATION_ITEM()
RATIONAL_B_SPLINE_SURFACE(((0.983566313969427,0.979756639253806,1.,0.965925826289068,
1.,0.965925826289068,1.,0.965925826289068,1.,0.965925826289068,1.,0.981242589046403,
0.98313662329978),(0.637574748224728,0.635105212248218,0.648227515694022,
0.626139698720058,0.648227515694022,0.626139698720058,0.648227515694022,
0.626139698720058,0.648227515694022,0.626139698720058,0.648227515694022,
0.63606844579072,0.637296210909426),(0.637574748224728,0.635105212248218,
0.648227515694022,0.626139698720058,0.648227515694022,0.626139698720058,
0.648227515694022,0.626139698720058,0.648227515694022,0.626139698720058,
0.648227515694022,0.63606844579072,0.637296210909426),(0.983566313969427,
0.979756639253806,1.,0.965925826289068,1.,0.965925826289068,1.,0.965925826289068,
1.,0.965925826289068,1.,0.981242589046403,0.98313662329978)))
REPRESENTATION_ITEM('')
SURFACE()
);
#41=(
BOUNDED_SURFACE()
B_SPLINE_SURFACE(1,2,((#4817,#4818,#4819,#4820,#4821,#4822,#4823,#4824,
#4825,#4826,#4827,#4828,#4829),(#4830,#4831,#4832,#4833,#4834,#4835,#4836,
#4837,#4838,#4839,#4840,#4841,#4842)),.UNSPECIFIED.,.F.,.F.,.F.)
B_SPLINE_SURFACE_WITH_KNOTS((2,2),(3,2,2,2,2,2,3),(0.,0.990518004273907),
(0.219658431936523,0.25,0.375,0.5,0.625,0.75,0.86124297060189),
 .PIECEWISE_BEZIER_KNOTS.)
GEOMETRIC_REPRESENTATION_ITEM()
RATIONAL_B_SPLINE_SURFACE(((0.987473416716216,0.991729089113144,1.,0.965925826289068,
1.,0.965925826289068,1.,0.965925826289068,1.,0.965925826289068,1.,0.969675901564729,
0.993325287781677),(0.987473416716216,0.991729089113144,1.,0.965925826289068,
1.,0.965925826289068,1.,0.965925826289068,1.,0.965925826289068,1.,0.969675901564729,
0.993325287781677)))
REPRESENTATION_ITEM('')
SURFACE()
);
#42=(
BOUNDED_SURFACE()
B_SPLINE_SURFACE(1,2,((#4843,#4844,#4845,#4846,#4847,#4848,#4849,#4850,
#4851,#4852,#4853,#4854,#4855),(#4856,#4857,#4858,#4859,#4860,#4861,#4862,
#4863,#4864,#4865,#4866,#4867,#4868)),.UNSPECIFIED.,.F.,.F.,.F.)
B_SPLINE_SURFACE_WITH_KNOTS((2,2),(3,2,2,2,2,2,3),(0.0094819957260604,1.),
(0.133139884633531,0.25,0.375,0.5,0.625,0.75,0.774782893492728),
 .PIECEWISE_BEZIER_KNOTS.)
GEOMETRIC_REPRESENTATION_ITEM()
RATIONAL_B_SPLINE_SURFACE(((0.995851225184022,0.968144705032987,1.,0.965925826289068,
1.,0.965925826289068,1.,0.965925826289068,1.,0.965925826289068,1.,0.993244347056554,
0.989167488151048),(0.995851225184022,0.968144705032987,1.,0.965925826289068,
1.,0.965925826289068,1.,0.965925826289068,1.,0.965925826289068,1.,0.993244347056554,
0.989167488151048)))
REPRESENTATION_ITEM('')
SURFACE()
);
#43=(
BOUNDED_SURFACE()
B_SPLINE_SURFACE(3,2,((#4886,#4887,#4888,#4889,#4890,#4891,#4892,#4893,
#4894,#4895,#4896,#4897,#4898),(#4899,#4900,#4901,#4902,#4903,#4904,#4905,
#4906,#4907,#4908,#4909,#4910,#4911),(#4912,#4913,#4914,#4915,#4916,#4917,
#4918,#4919,#4920,#4921,#4922,#4923,#4924),(#4925,#4926,#4927,#4928,#4929,
#4930,#4931,#4932,#4933,#4934,#4935,#4936,#4937)),.UNSPECIFIED.,.F.,.F.,
 .F.)
B_SPLINE_SURFACE_WITH_KNOTS((4,4),(3,2,2,2,2,2,3),(0.,1.),(0.175737888327356,
0.25,0.375,0.5,0.625,0.75,0.818810953101626),.PIECEWISE_BEZIER_KNOTS.)
GEOMETRIC_REPRESENTATION_ITEM()
RATIONAL_B_SPLINE_SURFACE(((0.983566313969427,0.979756639253806,1.,0.965925826289068,
1.,0.965925826289068,1.,0.965925826289068,1.,0.965925826289068,1.,0.981242589046403,
0.98313662329978),(0.637574748224728,0.635105212248219,0.648227515694022,
0.626139698720058,0.648227515694022,0.626139698720058,0.648227515694022,
0.626139698720058,0.648227515694022,0.626139698720058,0.648227515694022,
0.63606844579072,0.637296210909426),(0.637574748224728,0.635105212248219,
0.648227515694022,0.626139698720058,0.648227515694022,0.626139698720058,
0.648227515694022,0.626139698720058,0.648227515694022,0.626139698720058,
0.648227515694022,0.63606844579072,0.637296210909426),(0.983566313969427,
0.979756639253806,1.,0.965925826289068,1.,0.965925826289068,1.,0.965925826289068,
1.,0.965925826289068,1.,0.981242589046403,0.98313662329978)))
REPRESENTATION_ITEM('')
SURFACE()
);
#44=(
BOUNDED_SURFACE()
B_SPLINE_SURFACE(1,2,((#4955,#4956,#4957,#4958,#4959,#4960,#4961,#4962,
#4963,#4964,#4965,#4966,#4967),(#4968,#4969,#4970,#4971,#4972,#4973,#4974,
#4975,#4976,#4977,#4978,#4979,#4980)),.UNSPECIFIED.,.F.,.F.,.F.)
B_SPLINE_SURFACE_WITH_KNOTS((2,2),(3,2,2,2,2,2,3),(0.,0.990518004273925),
(0.21965843193652,0.25,0.375,0.5,0.625,0.75,0.861242970601916),
 .PIECEWISE_BEZIER_KNOTS.)
GEOMETRIC_REPRESENTATION_ITEM()
RATIONAL_B_SPLINE_SURFACE(((0.987473416716215,0.991729089113143,1.,0.965925826289068,
1.,0.965925826289068,1.,0.965925826289068,1.,0.965925826289068,1.,0.969675901564722,
0.993325287781688),(0.987473416716215,0.991729089113143,1.,0.965925826289068,
1.,0.965925826289068,1.,0.965925826289068,1.,0.965925826289068,1.,0.969675901564722,
0.993325287781688)))
REPRESENTATION_ITEM('')
SURFACE()
);
#45=B_SPLINE_CURVE_WITH_KNOTS('',3,(#3300,#3301,#3302,#3303),
 .UNSPECIFIED.,.F.,.F.,(4,4),(0.,0.00207424947951049),.UNSPECIFIED.);
#46=B_SPLINE_CURVE_WITH_KNOTS('',3,(#3305,#3306,#3307,#3308,#3309),
 .UNSPECIFIED.,.F.,.F.,(4,1,4),(3.46944695195361E-18,0.000698004593670036,
0.00139600918734007),.UNSPECIFIED.);
#47=B_SPLINE_CURVE_WITH_KNOTS('',3,(#3311,#3312,#3313,#3314),
 .UNSPECIFIED.,.F.,.F.,(4,4),(8.94056015336375E-18,0.0022458009677421),
 .UNSPECIFIED.);
#48=B_SPLINE_CURVE_WITH_KNOTS('',3,(#3315,#3316,#3317,#3318),
 .UNSPECIFIED.,.F.,.F.,(4,4),(6.969320381212E-18,0.0020742494795105),
 .UNSPECIFIED.);
#49=B_SPLINE_CURVE_WITH_KNOTS('',3,(#3320,#3321,#3322,#3323,#3324),
 .UNSPECIFIED.,.F.,.F.,(4,1,4),(3.87895961444886E-18,0.000698004593670053,
0.0013960091873401),.UNSPECIFIED.);
#50=B_SPLINE_CURVE_WITH_KNOTS('',3,(#3326,#3327,#3328,#3329),
 .UNSPECIFIED.,.F.,.F.,(4,4),(6.97955148537543E-19,0.00224580096774207),
 .UNSPECIFIED.);
#51=B_SPLINE_CURVE_WITH_KNOTS('',3,(#3330,#3331,#3332,#3333),
 .UNSPECIFIED.,.F.,.F.,(4,4),(4.33680868994202E-19,0.00207424947951046),
 .UNSPECIFIED.);
#52=B_SPLINE_CURVE_WITH_KNOTS('',3,(#3335,#3336,#3337,#3338,#3339),
 .UNSPECIFIED.,.F.,.F.,(4,1,4),(7.37257477290143E-18,0.000698004593670061,
0.00139600918734011),.UNSPECIFIED.);
#53=B_SPLINE_CURVE_WITH_KNOTS('',3,(#3341,#3342,#3343,#3344),
 .UNSPECIFIED.,.F.,.F.,(4,4),(1.73472347597681E-17,0.00224580096774206),
 .UNSPECIFIED.);
#54=B_SPLINE_CURVE_WITH_KNOTS('',3,(#3345,#3346,#3347,#3348),
 .UNSPECIFIED.,.F.,.F.,(4,4),(1.30104260698261E-18,0.00207424947951047),
 .UNSPECIFIED.);
#55=B_SPLINE_CURVE_WITH_KNOTS('',3,(#3350,#3351,#3352,#3353,#3354),
 .UNSPECIFIED.,.F.,.F.,(4,1,4),(2.60208521396521E-18,0.000698004593670046,
0.00139600918734009),.UNSPECIFIED.);
#56=B_SPLINE_CURVE_WITH_KNOTS('',3,(#3356,#3357,#3358,#3359),
 .UNSPECIFIED.,.F.,.F.,(4,4),(3.87895961444886E-18,0.00224580096774212),
 .UNSPECIFIED.);
#57=B_SPLINE_CURVE_WITH_KNOTS('',3,(#3360,#3361,#3362,#3363),
 .UNSPECIFIED.,.F.,.F.,(4,4),(8.67361737988404E-19,0.00207424947951047),
 .UNSPECIFIED.);
#58=B_SPLINE_CURVE_WITH_KNOTS('',3,(#3365,#3366,#3367,#3368,#3369),
 .UNSPECIFIED.,.F.,.F.,(4,1,4),(4.9065389333868E-18,0.000698004593670083,
0.00139600918734016),.UNSPECIFIED.);
#59=B_SPLINE_CURVE_WITH_KNOTS('',3,(#3371,#3372,#3373,#3374),
 .UNSPECIFIED.,.F.,.F.,(4,4),(8.67361737988404E-19,0.00224580096774211),
 .UNSPECIFIED.);
#60=B_SPLINE_CURVE_WITH_KNOTS('',3,(#3375,#3376,#3377,#3378),
 .UNSPECIFIED.,.F.,.F.,(4,4),(3.70537096895902E-18,0.00207424947951049),
 .UNSPECIFIED.);
#61=B_SPLINE_CURVE_WITH_KNOTS('',3,(#3380,#3381,#3382,#3383,#3384),
 .UNSPECIFIED.,.F.,.F.,(4,1,4),(6.9928938926747E-18,0.000698004593670056,
0.0013960091873401),.UNSPECIFIED.);
#62=B_SPLINE_CURVE_WITH_KNOTS('',3,(#3386,#3387,#3388,#3389),
 .UNSPECIFIED.,.F.,.F.,(4,4),(6.2546344413855E-18,0.00224580096774208),
 .UNSPECIFIED.);
#63=B_SPLINE_CURVE_WITH_KNOTS('',3,(#3390,#3391,#3392,#3393),
 .UNSPECIFIED.,.F.,.F.,(4,4),(3.49644694633735E-18,0.00207424947951048),
 .UNSPECIFIED.);
#64=B_SPLINE_CURVE_WITH_KNOTS('',3,(#3395,#3396,#3397,#3398,#3399),
 .UNSPECIFIED.,.F.,.F.,(4,1,4),(2.16840434497101E-19,0.000698004593670049,
0.0013960091873401),.UNSPECIFIED.);
#65=B_SPLINE_CURVE_WITH_KNOTS('',3,(#3401,#3402,#3403,#3404),
 .UNSPECIFIED.,.F.,.F.,(4,4),(7.54434324792945E-18,0.00224580096774208),
 .UNSPECIFIED.);
#66=B_SPLINE_CURVE_WITH_KNOTS('',3,(#3405,#3406,#3407,#3408),
 .UNSPECIFIED.,.F.,.F.,(4,4),(0.,0.00207424947951046),.UNSPECIFIED.);
#67=B_SPLINE_CURVE_WITH_KNOTS('',3,(#3410,#3411,#3412,#3413,#3414),
 .UNSPECIFIED.,.F.,.F.,(4,1,4),(7.37257477290143E-18,0.000698004593670077,
0.00139600918734015),.UNSPECIFIED.);
#68=B_SPLINE_CURVE_WITH_KNOTS('',3,(#3416,#3417,#3418,#3419),
 .UNSPECIFIED.,.F.,.F.,(4,4),(3.46944695195361E-18,0.00224580096774207),
 .UNSPECIFIED.);
#69=B_SPLINE_CURVE_WITH_KNOTS('',3,(#3420,#3421,#3422,#3423),
 .UNSPECIFIED.,.F.,.F.,(4,4),(1.30104260698261E-18,0.00207424947951048),
 .UNSPECIFIED.);
#70=B_SPLINE_CURVE_WITH_KNOTS('',3,(#3425,#3426,#3427,#3428,#3429),
 .UNSPECIFIED.,.F.,.F.,(4,1,4),(2.60208521396521E-18,0.000698004593670038,
0.00139600918734007),.UNSPECIFIED.);
#71=B_SPLINE_CURVE_WITH_KNOTS('',3,(#3431,#3432,#3433,#3434),
 .UNSPECIFIED.,.F.,.F.,(4,4),(8.67361737988404E-19,0.00224580096774211),
 .UNSPECIFIED.);
#72=B_SPLINE_CURVE_WITH_KNOTS('',3,(#3435,#3436,#3437,#3438),
 .UNSPECIFIED.,.F.,.F.,(4,4),(8.67361737988404E-19,0.00207424947951046),
 .UNSPECIFIED.);
#73=B_SPLINE_CURVE_WITH_KNOTS('',3,(#3440,#3441,#3442,#3443,#3444),
 .UNSPECIFIED.,.F.,.F.,(4,1,4),(9.81307786677359E-18,0.000698004593670084,
0.00139600918734016),.UNSPECIFIED.);
#74=B_SPLINE_CURVE_WITH_KNOTS('',3,(#3446,#3447,#3448,#3449),
 .UNSPECIFIED.,.F.,.F.,(4,4),(6.9928938926747E-18,0.00224580096774208),
 .UNSPECIFIED.);
#75=B_SPLINE_CURVE_WITH_KNOTS('',3,(#3451,#3452,#3453,#3454),
 .UNSPECIFIED.,.F.,.F.,(4,4),(1.73472347597681E-18,0.00224641702814745),
 .UNSPECIFIED.);
#76=B_SPLINE_CURVE_WITH_KNOTS('',3,(#3456,#3457,#3458,#3459),
 .UNSPECIFIED.,.F.,.F.,(4,4),(4.87654805316991E-17,0.00207338409159574),
 .UNSPECIFIED.);
#77=B_SPLINE_CURVE_WITH_KNOTS('',3,(#3461,#3462,#3463,#3464,#3465),
 .UNSPECIFIED.,.F.,.F.,(4,1,4),(2.60208521396521E-18,0.000701592982198037,
0.00140318596439607),.UNSPECIFIED.);
#78=B_SPLINE_CURVE_WITH_KNOTS('',3,(#3467,#3468,#3469,#3470),
 .UNSPECIFIED.,.F.,.F.,(4,4),(8.67361737988403E-19,0.00224641702814795),
 .UNSPECIFIED.);
#79=B_SPLINE_CURVE_WITH_KNOTS('',3,(#3471,#3472,#3473,#3474),
 .UNSPECIFIED.,.F.,.F.,(4,4),(5.6050630877642E-17,0.00207338409159701),
 .UNSPECIFIED.);
#80=B_SPLINE_CURVE_WITH_KNOTS('',3,(#3476,#3477,#3478,#3479,#3480),
 .UNSPECIFIED.,.F.,.F.,(4,1,4),(6.2546344413855E-18,0.000701592982198032,
0.00140318596439606),.UNSPECIFIED.);
#81=B_SPLINE_CURVE_WITH_KNOTS('',3,(#3482,#3483,#3484,#3485),
 .UNSPECIFIED.,.F.,.F.,(4,4),(1.0842021724855E-19,0.00224641702814846),
 .UNSPECIFIED.);
#82=B_SPLINE_CURVE_WITH_KNOTS('',3,(#3486,#3487,#3488,#3489),
 .UNSPECIFIED.,.F.,.F.,(4,4),(6.24267238458818E-17,0.00207338409159574),
 .UNSPECIFIED.);
#83=B_SPLINE_CURVE_WITH_KNOTS('',3,(#3491,#3492,#3493,#3494,#3495),
 .UNSPECIFIED.,.F.,.F.,(4,1,4),(1.0842021724855E-18,0.000701592982198036,
0.00140318596439607),.UNSPECIFIED.);
#84=B_SPLINE_CURVE_WITH_KNOTS('',3,(#3497,#3498,#3499,#3500),
 .UNSPECIFIED.,.F.,.F.,(4,4),(0.,0.00224641702814795),.UNSPECIFIED.);
#85=B_SPLINE_CURVE_WITH_KNOTS('',3,(#3501,#3502,#3503,#3504),
 .UNSPECIFIED.,.F.,.F.,(4,4),(5.80808631841484E-17,0.00207338409159702),
 .UNSPECIFIED.);
#86=B_SPLINE_CURVE_WITH_KNOTS('',3,(#3506,#3507,#3508,#3509,#3510),
 .UNSPECIFIED.,.F.,.F.,(4,1,4),(0.,0.00070159298219804,0.00140318596439608),
 .UNSPECIFIED.);
#87=B_SPLINE_CURVE_WITH_KNOTS('',3,(#3512,#3513,#3514,#3515),
 .UNSPECIFIED.,.F.,.F.,(4,4),(0.,0.00224641702814757),.UNSPECIFIED.);
#88=B_SPLINE_CURVE_WITH_KNOTS('',3,(#3516,#3517,#3518,#3519),
 .UNSPECIFIED.,.F.,.F.,(4,4),(5.84745924968432E-17,0.00207338409159702),
 .UNSPECIFIED.);
#89=B_SPLINE_CURVE_WITH_KNOTS('',3,(#3521,#3522,#3523,#3524,#3525),
 .UNSPECIFIED.,.F.,.F.,(4,1,4),(0.,0.000701592982198043,0.00140318596439609),
 .UNSPECIFIED.);
#90=B_SPLINE_CURVE_WITH_KNOTS('',3,(#3527,#3528,#3529,#3530),
 .UNSPECIFIED.,.F.,.F.,(4,4),(8.67361737988404E-19,0.00224641702814847),
 .UNSPECIFIED.);
#91=B_SPLINE_CURVE_WITH_KNOTS('',3,(#3531,#3532,#3533,#3534),
 .UNSPECIFIED.,.F.,.F.,(4,4),(5.83909055818886E-17,0.00207338409159579),
 .UNSPECIFIED.);
#92=B_SPLINE_CURVE_WITH_KNOTS('',3,(#3536,#3537,#3538,#3539,#3540),
 .UNSPECIFIED.,.F.,.F.,(4,1,4),(0.,0.000701592982198033,0.00140318596439607),
 .UNSPECIFIED.);
#93=B_SPLINE_CURVE_WITH_KNOTS('',3,(#3542,#3543,#3544,#3545),
 .UNSPECIFIED.,.F.,.F.,(4,4),(1.30104260698261E-18,0.00224641702814795),
 .UNSPECIFIED.);
#94=B_SPLINE_CURVE_WITH_KNOTS('',3,(#3546,#3547,#3548,#3549),
 .UNSPECIFIED.,.F.,.F.,(4,4),(5.26167681928171E-17,0.00207338409159705),
 .UNSPECIFIED.);
#95=B_SPLINE_CURVE_WITH_KNOTS('',3,(#3551,#3552,#3553,#3554,#3555),
 .UNSPECIFIED.,.F.,.F.,(4,1,4),(4.33680868994202E-18,0.000701592982198016,
0.00140318596439603),.UNSPECIFIED.);
#96=B_SPLINE_CURVE_WITH_KNOTS('',3,(#3557,#3558,#3559,#3560),
 .UNSPECIFIED.,.F.,.F.,(4,4),(4.75568200259656E-18,0.00224641702814743),
 .UNSPECIFIED.);
#97=B_SPLINE_CURVE_WITH_KNOTS('',3,(#3561,#3562,#3563,#3564),
 .UNSPECIFIED.,.F.,.F.,(4,4),(6.49305861584907E-17,0.00207338409159701),
 .UNSPECIFIED.);
#98=B_SPLINE_CURVE_WITH_KNOTS('',3,(#3566,#3567,#3568,#3569,#3570),
 .UNSPECIFIED.,.F.,.F.,(4,1,4),(8.29963667627602E-18,0.000701592982198047,
0.00140318596439609),.UNSPECIFIED.);
#99=B_SPLINE_CURVE_WITH_KNOTS('',3,(#3572,#3573,#3574,#3575),
 .UNSPECIFIED.,.F.,.F.,(4,4),(3.49644694633735E-18,0.00224641702814786),
 .UNSPECIFIED.);
#100=B_SPLINE_CURVE_WITH_KNOTS('',3,(#3576,#3577,#3578,#3579),
 .UNSPECIFIED.,.F.,.F.,(4,4),(6.49595458790147E-17,0.00207338409159703),
 .UNSPECIFIED.);
#101=B_SPLINE_CURVE_WITH_KNOTS('',3,(#3581,#3582,#3583,#3584,#3585),
 .UNSPECIFIED.,.F.,.F.,(4,1,4),(3.46944695195361E-18,0.000701592982198032,
0.00140318596439606),.UNSPECIFIED.);
#102=B_SPLINE_CURVE_WITH_KNOTS('',3,(#3587,#3588,#3589,#3590),
 .UNSPECIFIED.,.F.,.F.,(4,4),(3.87895961444886E-18,0.00224641702814781),
 .UNSPECIFIED.);
#103=B_SPLINE_CURVE_WITH_KNOTS('',3,(#3591,#3592,#3593,#3594),
 .UNSPECIFIED.,.F.,.F.,(4,4),(5.43054346022841E-17,0.00207338409159703),
 .UNSPECIFIED.);
#104=B_SPLINE_CURVE_WITH_KNOTS('',3,(#3596,#3597,#3598,#3599,#3600),
 .UNSPECIFIED.,.F.,.F.,(4,1,4),(0.,0.000701592982198023,0.00140318596439605),
 .UNSPECIFIED.);
#105=CONICAL_SURFACE('',#2200,0.00763307160541907,1.49225651045515);
#106=CONICAL_SURFACE('',#2201,0.00763307160541907,1.49225651045515);
#107=(
BOUNDED_CURVE()
B_SPLINE_CURVE(2,(#2801,#2802,#2803,#2804,#2805,#2806,#2807,#2808,#2809,
#2810,#2811,#2812,#2813,#2814,#2815,#2816,#2817),.UNSPECIFIED.,.F.,.F.)
B_SPLINE_CURVE_WITH_KNOTS((3,2,2,2,2,2,2,2,3),(0.,0.125,0.25,0.375,0.5,
0.625,0.75,0.875,1.),.PIECEWISE_BEZIER_KNOTS.)
CURVE()
GEOMETRIC_REPRESENTATION_ITEM()
RATIONAL_B_SPLINE_CURVE((1.,0.965925826289068,1.,0.965925826289068,1.,0.965925826289068,
1.,0.965925826289068,1.,0.965925826289068,1.,0.965925826289068,1.,0.965925826289068,
1.,0.965925826289068,1.))
REPRESENTATION_ITEM('')
);
#108=(
BOUNDED_CURVE()
B_SPLINE_CURVE(2,(#2822,#2823,#2824,#2825,#2826,#2827,#2828,#2829,#2830,
#2831,#2832,#2833,#2834,#2835,#2836,#2837,#2838),.UNSPECIFIED.,.F.,.F.)
B_SPLINE_CURVE_WITH_KNOTS((3,2,2,2,2,2,2,2,3),(0.,0.125,0.25,0.375,0.5,
0.625,0.75,0.875,1.),.PIECEWISE_BEZIER_KNOTS.)
CURVE()
GEOMETRIC_REPRESENTATION_ITEM()
RATIONAL_B_SPLINE_CURVE((1.,0.965925826289068,1.,0.965925826289068,1.,0.965925826289068,
1.,0.965925826289068,1.,0.965925826289068,1.,0.965925826289068,1.,0.965925826289068,
1.,0.965925826289068,1.))
REPRESENTATION_ITEM('')
);
#109=(
BOUNDED_CURVE()
B_SPLINE_CURVE(2,(#2842,#2843,#2844,#2845,#2846,#2847,#2848,#2849,#2850,
#2851,#2852,#2853,#2854,#2855,#2856,#2857,#2858),.UNSPECIFIED.,.F.,.F.)
B_SPLINE_CURVE_WITH_KNOTS((3,2,2,2,2,2,2,2,3),(0.,0.125,0.25,0.375,0.5,
0.625,0.75,0.875,1.),.PIECEWISE_BEZIER_KNOTS.)
CURVE()
GEOMETRIC_REPRESENTATION_ITEM()
RATIONAL_B_SPLINE_CURVE((1.,0.965925826289068,1.,0.965925826289068,1.,0.965925826289068,
1.,0.965925826289068,1.,0.965925826289068,1.,0.965925826289068,1.,0.965925826289068,
1.,0.965925826289068,1.))
REPRESENTATION_ITEM('')
);
#110=(
BOUNDED_CURVE()
B_SPLINE_CURVE(2,(#2863,#2864,#2865,#2866,#2867,#2868,#2869,#2870,#2871,
#2872,#2873,#2874,#2875,#2876,#2877,#2878,#2879),.UNSPECIFIED.,.F.,.F.)
B_SPLINE_CURVE_WITH_KNOTS((3,2,2,2,2,2,2,2,3),(0.,0.125,0.25,0.375,0.5,
0.625,0.75,0.875,1.),.PIECEWISE_BEZIER_KNOTS.)
CURVE()
GEOMETRIC_REPRESENTATION_ITEM()
RATIONAL_B_SPLINE_CURVE((1.,0.965925826289068,1.,0.965925826289068,1.,0.965925826289068,
1.,0.965925826289068,1.,0.965925826289068,1.,0.965925826289068,1.,0.965925826289068,
1.,0.965925826289068,1.))
REPRESENTATION_ITEM('')
);
#111=(
BOUNDED_CURVE()
B_SPLINE_CURVE(2,(#2883,#2884,#2885,#2886,#2887,#2888,#2889,#2890,#2891,
#2892,#2893,#2894,#2895,#2896,#2897,#2898,#2899),.UNSPECIFIED.,.F.,.F.)
B_SPLINE_CURVE_WITH_KNOTS((3,2,2,2,2,2,2,2,3),(0.,0.125,0.25,0.375,0.5,
0.625,0.75,0.875,1.),.PIECEWISE_BEZIER_KNOTS.)
CURVE()
GEOMETRIC_REPRESENTATION_ITEM()
RATIONAL_B_SPLINE_CURVE((1.,0.965925826289068,1.,0.965925826289068,1.,0.965925826289068,
1.,0.965925826289068,1.,0.965925826289068,1.,0.965925826289068,1.,0.965925826289068,
1.,0.965925826289068,1.))
REPRESENTATION_ITEM('')
);
#112=(
BOUNDED_CURVE()
B_SPLINE_CURVE(2,(#2904,#2905,#2906,#2907,#2908,#2909,#2910,#2911,#2912,
#2913,#2914,#2915,#2916,#2917,#2918,#2919,#2920),.UNSPECIFIED.,.F.,.F.)
B_SPLINE_CURVE_WITH_KNOTS((3,2,2,2,2,2,2,2,3),(0.,0.125,0.25,0.375,0.5,
0.625,0.75,0.875,1.),.PIECEWISE_BEZIER_KNOTS.)
CURVE()
GEOMETRIC_REPRESENTATION_ITEM()
RATIONAL_B_SPLINE_CURVE((1.,0.965925826289068,1.,0.965925826289068,1.,0.965925826289068,
1.,0.965925826289068,1.,0.965925826289068,1.,0.965925826289068,1.,0.965925826289068,
1.,0.965925826289068,1.))
REPRESENTATION_ITEM('')
);
#113=(
BOUNDED_CURVE()
B_SPLINE_CURVE(2,(#2924,#2925,#2926,#2927,#2928,#2929,#2930,#2931,#2932,
#2933,#2934,#2935,#2936,#2937,#2938,#2939,#2940),.UNSPECIFIED.,.F.,.F.)
B_SPLINE_CURVE_WITH_KNOTS((3,2,2,2,2,2,2,2,3),(0.,0.125,0.25,0.375,0.5,
0.625,0.75,0.875,1.),.PIECEWISE_BEZIER_KNOTS.)
CURVE()
GEOMETRIC_REPRESENTATION_ITEM()
RATIONAL_B_SPLINE_CURVE((1.,0.965925826289068,1.,0.965925826289068,1.,0.965925826289068,
1.,0.965925826289068,1.,0.965925826289068,1.,0.965925826289068,1.,0.965925826289068,
1.,0.965925826289068,1.))
REPRESENTATION_ITEM('')
);
#114=(
BOUNDED_CURVE()
B_SPLINE_CURVE(2,(#2945,#2946,#2947,#2948,#2949,#2950,#2951,#2952,#2953,
#2954,#2955,#2956,#2957,#2958,#2959,#2960,#2961),.UNSPECIFIED.,.F.,.F.)
B_SPLINE_CURVE_WITH_KNOTS((3,2,2,2,2,2,2,2,3),(0.,0.125,0.25,0.375,0.5,
0.625,0.75,0.875,1.),.PIECEWISE_BEZIER_KNOTS.)
CURVE()
GEOMETRIC_REPRESENTATION_ITEM()
RATIONAL_B_SPLINE_CURVE((1.,0.965925826289068,1.,0.965925826289068,1.,0.965925826289068,
1.,0.965925826289068,1.,0.965925826289068,1.,0.965925826289068,1.,0.965925826289068,
1.,0.965925826289068,1.))
REPRESENTATION_ITEM('')
);
#115=(
BOUNDED_CURVE()
B_SPLINE_CURVE(2,(#2965,#2966,#2967,#2968,#2969,#2970,#2971,#2972,#2973,
#2974,#2975,#2976,#2977,#2978,#2979,#2980,#2981),.UNSPECIFIED.,.F.,.F.)
B_SPLINE_CURVE_WITH_KNOTS((3,2,2,2,2,2,2,2,3),(0.,0.125,0.25,0.375,0.5,
0.625,0.75,0.875,1.),.PIECEWISE_BEZIER_KNOTS.)
CURVE()
GEOMETRIC_REPRESENTATION_ITEM()
RATIONAL_B_SPLINE_CURVE((1.,0.965925826289068,1.,0.965925826289068,1.,0.965925826289068,
1.,0.965925826289068,1.,0.965925826289068,1.,0.965925826289068,1.,0.965925826289068,
1.,0.965925826289068,1.))
REPRESENTATION_ITEM('')
);
#116=(
BOUNDED_CURVE()
B_SPLINE_CURVE(2,(#2986,#2987,#2988,#2989,#2990,#2991,#2992,#2993,#2994,
#2995,#2996,#2997,#2998,#2999,#3000,#3001,#3002),.UNSPECIFIED.,.F.,.F.)
B_SPLINE_CURVE_WITH_KNOTS((3,2,2,2,2,2,2,2,3),(0.,0.125,0.25,0.375,0.5,
0.625,0.75,0.875,1.),.PIECEWISE_BEZIER_KNOTS.)
CURVE()
GEOMETRIC_REPRESENTATION_ITEM()
RATIONAL_B_SPLINE_CURVE((1.,0.965925826289068,1.,0.965925826289068,1.,0.965925826289068,
1.,0.965925826289068,1.,0.965925826289068,1.,0.965925826289068,1.,0.965925826289068,
1.,0.965925826289068,1.))
REPRESENTATION_ITEM('')
);
#117=(
BOUNDED_CURVE()
B_SPLINE_CURVE(2,(#3006,#3007,#3008,#3009,#3010,#3011,#3012,#3013,#3014,
#3015,#3016,#3017,#3018,#3019,#3020,#3021,#3022),.UNSPECIFIED.,.F.,.F.)
B_SPLINE_CURVE_WITH_KNOTS((3,2,2,2,2,2,2,2,3),(0.,0.125,0.25,0.375,0.5,
0.625,0.75,0.875,1.),.PIECEWISE_BEZIER_KNOTS.)
CURVE()
GEOMETRIC_REPRESENTATION_ITEM()
RATIONAL_B_SPLINE_CURVE((1.,0.965925826289068,1.,0.965925826289068,1.,0.965925826289068,
1.,0.965925826289068,1.,0.965925826289068,1.,0.965925826289068,1.,0.965925826289068,
1.,0.965925826289068,1.))
REPRESENTATION_ITEM('')
);
#118=(
BOUNDED_CURVE()
B_SPLINE_CURVE(2,(#3027,#3028,#3029,#3030,#3031,#3032,#3033,#3034,#3035,
#3036,#3037,#3038,#3039,#3040,#3041,#3042,#3043),.UNSPECIFIED.,.F.,.F.)
B_SPLINE_CURVE_WITH_KNOTS((3,2,2,2,2,2,2,2,3),(0.,0.125,0.25,0.375,0.5,
0.625,0.75,0.875,1.),.PIECEWISE_BEZIER_KNOTS.)
CURVE()
GEOMETRIC_REPRESENTATION_ITEM()
RATIONAL_B_SPLINE_CURVE((1.,0.965925826289068,1.,0.965925826289068,1.,0.965925826289068,
1.,0.965925826289068,1.,0.965925826289068,1.,0.965925826289068,1.,0.965925826289068,
1.,0.965925826289068,1.))
REPRESENTATION_ITEM('')
);
#119=(
BOUNDED_CURVE()
B_SPLINE_CURVE(2,(#3047,#3048,#3049,#3050,#3051,#3052,#3053,#3054,#3055,
#3056,#3057,#3058,#3059,#3060,#3061,#3062,#3063),.UNSPECIFIED.,.F.,.F.)
B_SPLINE_CURVE_WITH_KNOTS((3,2,2,2,2,2,2,2,3),(0.,0.125,0.25,0.375,0.5,
0.625,0.75,0.875,1.),.PIECEWISE_BEZIER_KNOTS.)
CURVE()
GEOMETRIC_REPRESENTATION_ITEM()
RATIONAL_B_SPLINE_CURVE((1.,0.965925826289068,1.,0.965925826289068,1.,0.965925826289068,
1.,0.965925826289068,1.,0.965925826289068,1.,0.965925826289068,1.,0.965925826289068,
1.,0.965925826289068,1.))
REPRESENTATION_ITEM('')
);
#120=(
BOUNDED_CURVE()
B_SPLINE_CURVE(2,(#3068,#3069,#3070,#3071,#3072,#3073,#3074,#3075,#3076,
#3077,#3078,#3079,#3080,#3081,#3082,#3083,#3084),.UNSPECIFIED.,.F.,.F.)
B_SPLINE_CURVE_WITH_KNOTS((3,2,2,2,2,2,2,2,3),(0.,0.125,0.25,0.375,0.5,
0.625,0.75,0.875,1.),.PIECEWISE_BEZIER_KNOTS.)
CURVE()
GEOMETRIC_REPRESENTATION_ITEM()
RATIONAL_B_SPLINE_CURVE((1.,0.965925826289068,1.,0.965925826289068,1.,0.965925826289068,
1.,0.965925826289068,1.,0.965925826289068,1.,0.965925826289068,1.,0.965925826289068,
1.,0.965925826289068,1.))
REPRESENTATION_ITEM('')
);
#121=(
BOUNDED_CURVE()
B_SPLINE_CURVE(2,(#3088,#3089,#3090,#3091,#3092,#3093,#3094,#3095,#3096,
#3097,#3098,#3099,#3100,#3101,#3102,#3103,#3104),.UNSPECIFIED.,.F.,.F.)
B_SPLINE_CURVE_WITH_KNOTS((3,2,2,2,2,2,2,2,3),(0.,0.125,0.25,0.375,0.5,
0.625,0.75,0.875,1.),.PIECEWISE_BEZIER_KNOTS.)
CURVE()
GEOMETRIC_REPRESENTATION_ITEM()
RATIONAL_B_SPLINE_CURVE((1.,0.965925826289068,1.,0.965925826289068,1.,0.965925826289068,
1.,0.965925826289068,1.,0.965925826289068,1.,0.965925826289068,1.,0.965925826289068,
1.,0.965925826289068,1.))
REPRESENTATION_ITEM('')
);
#122=(
BOUNDED_CURVE()
B_SPLINE_CURVE(2,(#3109,#3110,#3111,#3112,#3113,#3114,#3115,#3116,#3117,
#3118,#3119,#3120,#3121,#3122,#3123,#3124,#3125),.UNSPECIFIED.,.F.,.F.)
B_SPLINE_CURVE_WITH_KNOTS((3,2,2,2,2,2,2,2,3),(0.,0.125,0.25,0.375,0.5,
0.625,0.75,0.875,1.),.PIECEWISE_BEZIER_KNOTS.)
CURVE()
GEOMETRIC_REPRESENTATION_ITEM()
RATIONAL_B_SPLINE_CURVE((1.,0.965925826289068,1.,0.965925826289068,1.,0.965925826289068,
1.,0.965925826289068,1.,0.965925826289068,1.,0.965925826289068,1.,0.965925826289068,
1.,0.965925826289068,1.))
REPRESENTATION_ITEM('')
);
#123=(
BOUNDED_CURVE()
B_SPLINE_CURVE(2,(#3129,#3130,#3131,#3132,#3133,#3134,#3135,#3136,#3137,
#3138,#3139,#3140,#3141,#3142,#3143,#3144,#3145),.UNSPECIFIED.,.F.,.F.)
B_SPLINE_CURVE_WITH_KNOTS((3,2,2,2,2,2,2,2,3),(0.,0.125,0.25,0.375,0.5,
0.625,0.75,0.875,1.),.PIECEWISE_BEZIER_KNOTS.)
CURVE()
GEOMETRIC_REPRESENTATION_ITEM()
RATIONAL_B_SPLINE_CURVE((1.,0.965925826289068,1.,0.965925826289068,1.,0.965925826289068,
1.,0.965925826289068,1.,0.965925826289068,1.,0.965925826289068,1.,0.965925826289068,
1.,0.965925826289068,1.))
REPRESENTATION_ITEM('')
);
#124=(
BOUNDED_CURVE()
B_SPLINE_CURVE(2,(#3150,#3151,#3152,#3153,#3154,#3155,#3156,#3157,#3158,
#3159,#3160,#3161,#3162,#3163,#3164,#3165,#3166),.UNSPECIFIED.,.F.,.F.)
B_SPLINE_CURVE_WITH_KNOTS((3,2,2,2,2,2,2,2,3),(0.,0.125,0.25,0.375,0.5,
0.625,0.75,0.875,1.),.PIECEWISE_BEZIER_KNOTS.)
CURVE()
GEOMETRIC_REPRESENTATION_ITEM()
RATIONAL_B_SPLINE_CURVE((1.,0.965925826289068,1.,0.965925826289068,1.,0.965925826289068,
1.,0.965925826289068,1.,0.965925826289068,1.,0.965925826289068,1.,0.965925826289068,
1.,0.965925826289068,1.))
REPRESENTATION_ITEM('')
);
#125=(
BOUNDED_CURVE()
B_SPLINE_CURVE(2,(#3170,#3171,#3172,#3173,#3174,#3175,#3176,#3177,#3178,
#3179,#3180,#3181,#3182,#3183,#3184,#3185,#3186),.UNSPECIFIED.,.F.,.F.)
B_SPLINE_CURVE_WITH_KNOTS((3,2,2,2,2,2,2,2,3),(0.,0.125,0.25,0.375,0.5,
0.625,0.75,0.875,1.),.PIECEWISE_BEZIER_KNOTS.)
CURVE()
GEOMETRIC_REPRESENTATION_ITEM()
RATIONAL_B_SPLINE_CURVE((1.,0.965925826289068,1.,0.965925826289068,1.,0.965925826289068,
1.,0.965925826289068,1.,0.965925826289068,1.,0.965925826289068,1.,0.965925826289068,
1.,0.965925826289068,1.))
REPRESENTATION_ITEM('')
);
#126=(
BOUNDED_CURVE()
B_SPLINE_CURVE(2,(#3191,#3192,#3193,#3194,#3195,#3196,#3197,#3198,#3199,
#3200,#3201,#3202,#3203,#3204,#3205,#3206,#3207),.UNSPECIFIED.,.F.,.F.)
B_SPLINE_CURVE_WITH_KNOTS((3,2,2,2,2,2,2,2,3),(0.,0.125,0.25,0.375,0.5,
0.625,0.75,0.875,1.),.PIECEWISE_BEZIER_KNOTS.)
CURVE()
GEOMETRIC_REPRESENTATION_ITEM()
RATIONAL_B_SPLINE_CURVE((1.,0.965925826289068,1.,0.965925826289068,1.,0.965925826289068,
1.,0.965925826289068,1.,0.965925826289068,1.,0.965925826289068,1.,0.965925826289068,
1.,0.965925826289068,1.))
REPRESENTATION_ITEM('')
);
#127=(
BOUNDED_CURVE()
B_SPLINE_CURVE(2,(#3627,#3628,#3629,#3630,#3631,#3632,#3633,#3634,#3635,
#3636,#3637,#3638,#3639,#3640,#3641,#3642,#3643),.UNSPECIFIED.,.F.,.F.)
B_SPLINE_CURVE_WITH_KNOTS((3,2,2,2,2,2,2,2,3),(0.,0.125,0.25,0.375,0.5,
0.625,0.75,0.875,1.),.UNSPECIFIED.)
CURVE()
GEOMETRIC_REPRESENTATION_ITEM()
RATIONAL_B_SPLINE_CURVE((1.,0.965925826289068,1.,0.965925826289068,1.,0.965925826289068,
1.,0.965925826289068,1.,0.965925826289068,1.,0.965925826289068,1.,0.965925826289068,
1.,0.965925826289068,1.))
REPRESENTATION_ITEM('')
);
#128=(
BOUNDED_CURVE()
B_SPLINE_CURVE(2,(#3696,#3697,#3698,#3699,#3700,#3701,#3702,#3703,#3704,
#3705,#3706,#3707,#3708,#3709,#3710,#3711,#3712),.UNSPECIFIED.,.F.,.F.)
B_SPLINE_CURVE_WITH_KNOTS((3,2,2,2,2,2,2,2,3),(0.,0.125,0.25,0.375,0.5,
0.625,0.75,0.875,1.),.UNSPECIFIED.)
CURVE()
GEOMETRIC_REPRESENTATION_ITEM()
RATIONAL_B_SPLINE_CURVE((1.,0.965925826289068,1.,0.965925826289068,1.,0.965925826289068,
1.,0.965925826289068,1.,0.965925826289068,1.,0.965925826289068,1.,0.965925826289068,
1.,0.965925826289068,1.))
REPRESENTATION_ITEM('')
);
#129=(
BOUNDED_CURVE()
B_SPLINE_CURVE(2,(#3765,#3766,#3767,#3768,#3769,#3770,#3771,#3772,#3773,
#3774,#3775,#3776,#3777,#3778,#3779,#3780,#3781),.UNSPECIFIED.,.F.,.F.)
B_SPLINE_CURVE_WITH_KNOTS((3,2,2,2,2,2,2,2,3),(0.,0.125,0.25,0.375,0.5,
0.625,0.75,0.875,1.),.UNSPECIFIED.)
CURVE()
GEOMETRIC_REPRESENTATION_ITEM()
RATIONAL_B_SPLINE_CURVE((1.,0.965925826289068,1.,0.965925826289068,1.,0.965925826289068,
1.,0.965925826289068,1.,0.965925826289068,1.,0.965925826289068,1.,0.965925826289068,
1.,0.965925826289068,1.))
REPRESENTATION_ITEM('')
);
#130=(
BOUNDED_CURVE()
B_SPLINE_CURVE(2,(#3834,#3835,#3836,#3837,#3838,#3839,#3840,#3841,#3842,
#3843,#3844,#3845,#3846,#3847,#3848,#3849,#3850),.UNSPECIFIED.,.F.,.F.)
B_SPLINE_CURVE_WITH_KNOTS((3,2,2,2,2,2,2,2,3),(0.,0.125,0.25,0.375,0.5,
0.625,0.75,0.875,1.),.UNSPECIFIED.)
CURVE()
GEOMETRIC_REPRESENTATION_ITEM()
RATIONAL_B_SPLINE_CURVE((1.,0.965925826289068,1.,0.965925826289068,1.,0.965925826289068,
1.,0.965925826289068,1.,0.965925826289068,1.,0.965925826289068,1.,0.965925826289068,
1.,0.965925826289068,1.))
REPRESENTATION_ITEM('')
);
#131=(
BOUNDED_CURVE()
B_SPLINE_CURVE(2,(#3903,#3904,#3905,#3906,#3907,#3908,#3909,#3910,#3911,
#3912,#3913,#3914,#3915,#3916,#3917,#3918,#3919),.UNSPECIFIED.,.F.,.F.)
B_SPLINE_CURVE_WITH_KNOTS((3,2,2,2,2,2,2,2,3),(0.,0.125,0.25,0.375,0.5,
0.625,0.75,0.875,1.),.UNSPECIFIED.)
CURVE()
GEOMETRIC_REPRESENTATION_ITEM()
RATIONAL_B_SPLINE_CURVE((1.,0.965925826289068,1.,0.965925826289068,1.,0.965925826289068,
1.,0.965925826289068,1.,0.965925826289068,1.,0.965925826289068,1.,0.965925826289068,
1.,0.965925826289068,1.))
REPRESENTATION_ITEM('')
);
#132=(
BOUNDED_CURVE()
B_SPLINE_CURVE(2,(#3972,#3973,#3974,#3975,#3976,#3977,#3978,#3979,#3980,
#3981,#3982,#3983,#3984,#3985,#3986,#3987,#3988),.UNSPECIFIED.,.F.,.F.)
B_SPLINE_CURVE_WITH_KNOTS((3,2,2,2,2,2,2,2,3),(0.,0.125,0.25,0.375,0.5,
0.625,0.75,0.875,1.),.UNSPECIFIED.)
CURVE()
GEOMETRIC_REPRESENTATION_ITEM()
RATIONAL_B_SPLINE_CURVE((1.,0.965925826289068,1.,0.965925826289068,1.,0.965925826289068,
1.,0.965925826289068,1.,0.965925826289068,1.,0.965925826289068,1.,0.965925826289068,
1.,0.965925826289068,1.))
REPRESENTATION_ITEM('')
);
#133=(
BOUNDED_CURVE()
B_SPLINE_CURVE(2,(#4041,#4042,#4043,#4044,#4045,#4046,#4047,#4048,#4049,
#4050,#4051,#4052,#4053,#4054,#4055,#4056,#4057),.UNSPECIFIED.,.F.,.F.)
B_SPLINE_CURVE_WITH_KNOTS((3,2,2,2,2,2,2,2,3),(0.,0.125,0.25,0.375,0.5,
0.625,0.75,0.875,1.),.UNSPECIFIED.)
CURVE()
GEOMETRIC_REPRESENTATION_ITEM()
RATIONAL_B_SPLINE_CURVE((1.,0.965925826289068,1.,0.965925826289068,1.,0.965925826289068,
1.,0.965925826289068,1.,0.965925826289068,1.,0.965925826289068,1.,0.965925826289068,
1.,0.965925826289068,1.))
REPRESENTATION_ITEM('')
);
#134=(
BOUNDED_CURVE()
B_SPLINE_CURVE(2,(#4110,#4111,#4112,#4113,#4114,#4115,#4116,#4117,#4118,
#4119,#4120,#4121,#4122,#4123,#4124,#4125,#4126),.UNSPECIFIED.,.F.,.F.)
B_SPLINE_CURVE_WITH_KNOTS((3,2,2,2,2,2,2,2,3),(0.,0.125,0.25,0.375,0.5,
0.625,0.75,0.875,1.),.UNSPECIFIED.)
CURVE()
GEOMETRIC_REPRESENTATION_ITEM()
RATIONAL_B_SPLINE_CURVE((1.,0.965925826289068,1.,0.965925826289068,1.,0.965925826289068,
1.,0.965925826289068,1.,0.965925826289068,1.,0.965925826289068,1.,0.965925826289068,
1.,0.965925826289068,1.))
REPRESENTATION_ITEM('')
);
#135=(
BOUNDED_CURVE()
B_SPLINE_CURVE(2,(#4179,#4180,#4181,#4182,#4183,#4184,#4185,#4186,#4187,
#4188,#4189,#4190,#4191,#4192,#4193,#4194,#4195),.UNSPECIFIED.,.F.,.F.)
B_SPLINE_CURVE_WITH_KNOTS((3,2,2,2,2,2,2,2,3),(0.,0.125,0.25,0.375,0.5,
0.625,0.75,0.875,1.),.UNSPECIFIED.)
CURVE()
GEOMETRIC_REPRESENTATION_ITEM()
RATIONAL_B_SPLINE_CURVE((1.,0.965925826289068,1.,0.965925826289068,1.,0.965925826289068,
1.,0.965925826289068,1.,0.965925826289068,1.,0.965925826289068,1.,0.965925826289068,
1.,0.965925826289068,1.))
REPRESENTATION_ITEM('')
);
#136=(
BOUNDED_CURVE()
B_SPLINE_CURVE(2,(#4248,#4249,#4250,#4251,#4252,#4253,#4254,#4255,#4256,
#4257,#4258,#4259,#4260,#4261,#4262,#4263,#4264),.UNSPECIFIED.,.F.,.F.)
B_SPLINE_CURVE_WITH_KNOTS((3,2,2,2,2,2,2,2,3),(0.,0.125,0.25,0.375,0.5,
0.625,0.75,0.875,1.),.UNSPECIFIED.)
CURVE()
GEOMETRIC_REPRESENTATION_ITEM()
RATIONAL_B_SPLINE_CURVE((1.,0.965925826289068,1.,0.965925826289068,1.,0.965925826289068,
1.,0.965925826289068,1.,0.965925826289068,1.,0.965925826289068,1.,0.965925826289068,
1.,0.965925826289068,1.))
REPRESENTATION_ITEM('')
);
#137=(
BOUNDED_CURVE()
B_SPLINE_CURVE(2,(#4317,#4318,#4319,#4320,#4321,#4322,#4323,#4324,#4325,
#4326,#4327,#4328,#4329,#4330,#4331,#4332,#4333),.UNSPECIFIED.,.F.,.F.)
B_SPLINE_CURVE_WITH_KNOTS((3,2,2,2,2,2,2,2,3),(0.,0.125,0.25,0.375,0.5,
0.625,0.75,0.875,1.),.UNSPECIFIED.)
CURVE()
GEOMETRIC_REPRESENTATION_ITEM()
RATIONAL_B_SPLINE_CURVE((1.,0.965925826289068,1.,0.965925826289068,1.,0.965925826289068,
1.,0.965925826289068,1.,0.965925826289068,1.,0.965925826289068,1.,0.965925826289068,
1.,0.965925826289068,1.))
REPRESENTATION_ITEM('')
);
#138=(
BOUNDED_CURVE()
B_SPLINE_CURVE(2,(#4386,#4387,#4388,#4389,#4390,#4391,#4392,#4393,#4394,
#4395,#4396,#4397,#4398,#4399,#4400,#4401,#4402),.UNSPECIFIED.,.F.,.F.)
B_SPLINE_CURVE_WITH_KNOTS((3,2,2,2,2,2,2,2,3),(0.,0.125,0.25,0.375,0.5,
0.625,0.75,0.875,1.),.UNSPECIFIED.)
CURVE()
GEOMETRIC_REPRESENTATION_ITEM()
RATIONAL_B_SPLINE_CURVE((1.,0.965925826289068,1.,0.965925826289068,1.,0.965925826289068,
1.,0.965925826289068,1.,0.965925826289068,1.,0.965925826289068,1.,0.965925826289068,
1.,0.965925826289068,1.))
REPRESENTATION_ITEM('')
);
#139=(
BOUNDED_CURVE()
B_SPLINE_CURVE(2,(#4455,#4456,#4457,#4458,#4459,#4460,#4461,#4462,#4463,
#4464,#4465,#4466,#4467,#4468,#4469,#4470,#4471),.UNSPECIFIED.,.F.,.F.)
B_SPLINE_CURVE_WITH_KNOTS((3,2,2,2,2,2,2,2,3),(0.,0.125,0.25,0.375,0.5,
0.625,0.75,0.875,1.),.UNSPECIFIED.)
CURVE()
GEOMETRIC_REPRESENTATION_ITEM()
RATIONAL_B_SPLINE_CURVE((1.,0.965925826289068,1.,0.965925826289068,1.,0.965925826289068,
1.,0.965925826289068,1.,0.965925826289068,1.,0.965925826289068,1.,0.965925826289068,
1.,0.965925826289068,1.))
REPRESENTATION_ITEM('')
);
#140=(
BOUNDED_CURVE()
B_SPLINE_CURVE(2,(#4524,#4525,#4526,#4527,#4528,#4529,#4530,#4531,#4532,
#4533,#4534,#4535,#4536,#4537,#4538,#4539,#4540),.UNSPECIFIED.,.F.,.F.)
B_SPLINE_CURVE_WITH_KNOTS((3,2,2,2,2,2,2,2,3),(0.,0.125,0.25,0.375,0.5,
0.625,0.75,0.875,1.),.UNSPECIFIED.)
CURVE()
GEOMETRIC_REPRESENTATION_ITEM()
RATIONAL_B_SPLINE_CURVE((1.,0.965925826289068,1.,0.965925826289068,1.,0.965925826289068,
1.,0.965925826289068,1.,0.965925826289068,1.,0.965925826289068,1.,0.965925826289068,
1.,0.965925826289068,1.))
REPRESENTATION_ITEM('')
);
#141=(
BOUNDED_CURVE()
B_SPLINE_CURVE(2,(#4593,#4594,#4595,#4596,#4597,#4598,#4599,#4600,#4601,
#4602,#4603,#4604,#4605,#4606,#4607,#4608,#4609),.UNSPECIFIED.,.F.,.F.)
B_SPLINE_CURVE_WITH_KNOTS((3,2,2,2,2,2,2,2,3),(0.,0.125,0.25,0.375,0.5,
0.625,0.75,0.875,1.),.UNSPECIFIED.)
CURVE()
GEOMETRIC_REPRESENTATION_ITEM()
RATIONAL_B_SPLINE_CURVE((1.,0.965925826289068,1.,0.965925826289068,1.,0.965925826289068,
1.,0.965925826289068,1.,0.965925826289068,1.,0.965925826289068,1.,0.965925826289068,
1.,0.965925826289068,1.))
REPRESENTATION_ITEM('')
);
#142=(
BOUNDED_CURVE()
B_SPLINE_CURVE(2,(#4662,#4663,#4664,#4665,#4666,#4667,#4668,#4669,#4670,
#4671,#4672,#4673,#4674,#4675,#4676,#4677,#4678),.UNSPECIFIED.,.F.,.F.)
B_SPLINE_CURVE_WITH_KNOTS((3,2,2,2,2,2,2,2,3),(0.,0.125,0.25,0.375,0.5,
0.625,0.75,0.875,1.),.UNSPECIFIED.)
CURVE()
GEOMETRIC_REPRESENTATION_ITEM()
RATIONAL_B_SPLINE_CURVE((1.,0.965925826289068,1.,0.965925826289068,1.,0.965925826289068,
1.,0.965925826289068,1.,0.965925826289068,1.,0.965925826289068,1.,0.965925826289068,
1.,0.965925826289068,1.))
REPRESENTATION_ITEM('')
);
#143=(
BOUNDED_CURVE()
B_SPLINE_CURVE(2,(#4731,#4732,#4733,#4734,#4735,#4736,#4737,#4738,#4739,
#4740,#4741,#4742,#4743,#4744,#4745,#4746,#4747),.UNSPECIFIED.,.F.,.F.)
B_SPLINE_CURVE_WITH_KNOTS((3,2,2,2,2,2,2,2,3),(0.,0.125,0.25,0.375,0.5,
0.625,0.75,0.875,1.),.UNSPECIFIED.)
CURVE()
GEOMETRIC_REPRESENTATION_ITEM()
RATIONAL_B_SPLINE_CURVE((1.,0.965925826289068,1.,0.965925826289068,1.,0.965925826289068,
1.,0.965925826289068,1.,0.965925826289068,1.,0.965925826289068,1.,0.965925826289068,
1.,0.965925826289068,1.))
REPRESENTATION_ITEM('')
);
#144=(
BOUNDED_CURVE()
B_SPLINE_CURVE(2,(#4800,#4801,#4802,#4803,#4804,#4805,#4806,#4807,#4808,
#4809,#4810,#4811,#4812,#4813,#4814,#4815,#4816),.UNSPECIFIED.,.F.,.F.)
B_SPLINE_CURVE_WITH_KNOTS((3,2,2,2,2,2,2,2,3),(0.,0.125,0.25,0.375,0.5,
0.625,0.75,0.875,1.),.UNSPECIFIED.)
CURVE()
GEOMETRIC_REPRESENTATION_ITEM()
RATIONAL_B_SPLINE_CURVE((1.,0.965925826289068,1.,0.965925826289068,1.,0.965925826289068,
1.,0.965925826289068,1.,0.965925826289068,1.,0.965925826289068,1.,0.965925826289068,
1.,0.965925826289068,1.))
REPRESENTATION_ITEM('')
);
#145=(
BOUNDED_CURVE()
B_SPLINE_CURVE(2,(#4869,#4870,#4871,#4872,#4873,#4874,#4875,#4876,#4877,
#4878,#4879,#4880,#4881,#4882,#4883,#4884,#4885),.UNSPECIFIED.,.F.,.F.)
B_SPLINE_CURVE_WITH_KNOTS((3,2,2,2,2,2,2,2,3),(0.,0.125,0.25,0.375,0.5,
0.625,0.75,0.875,1.),.UNSPECIFIED.)
CURVE()
GEOMETRIC_REPRESENTATION_ITEM()
RATIONAL_B_SPLINE_CURVE((1.,0.965925826289068,1.,0.965925826289068,1.,0.965925826289068,
1.,0.965925826289068,1.,0.965925826289068,1.,0.965925826289068,1.,0.965925826289068,
1.,0.965925826289068,1.))
REPRESENTATION_ITEM('')
);
#146=(
BOUNDED_CURVE()
B_SPLINE_CURVE(2,(#4938,#4939,#4940,#4941,#4942,#4943,#4944,#4945,#4946,
#4947,#4948,#4949,#4950,#4951,#4952,#4953,#4954),.UNSPECIFIED.,.F.,.F.)
B_SPLINE_CURVE_WITH_KNOTS((3,2,2,2,2,2,2,2,3),(0.,0.125,0.25,0.375,0.5,
0.625,0.75,0.875,1.),.UNSPECIFIED.)
CURVE()
GEOMETRIC_REPRESENTATION_ITEM()
RATIONAL_B_SPLINE_CURVE((1.,0.965925826289068,1.,0.965925826289068,1.,0.965925826289068,
1.,0.965925826289068,1.,0.965925826289068,1.,0.965925826289068,1.,0.965925826289068,
1.,0.965925826289068,1.))
REPRESENTATION_ITEM('')
);
#147=CYLINDRICAL_SURFACE('',#2149,0.00462942098999307);
#148=CYLINDRICAL_SURFACE('',#2152,0.00462942098999307);
#149=CYLINDRICAL_SURFACE('',#2155,0.00462942098999307);
#150=CYLINDRICAL_SURFACE('',#2158,0.00462942098999307);
#151=CYLINDRICAL_SURFACE('',#2161,0.00462942098999307);
#152=CYLINDRICAL_SURFACE('',#2164,0.00462942098999307);
#153=CYLINDRICAL_SURFACE('',#2167,0.00462942098999307);
#154=CYLINDRICAL_SURFACE('',#2170,0.00462942098999307);
#155=CYLINDRICAL_SURFACE('',#2173,0.00462942098999307);
#156=CYLINDRICAL_SURFACE('',#2176,0.00462942098999307);
#157=CYLINDRICAL_SURFACE('',#2199,0.00924844824262262);
#158=CYLINDRICAL_SURFACE('',#2240,0.00694043248523882);
#159=CIRCLE('',#2142,0.00924844824262262);
#160=CIRCLE('',#2148,0.00924844824262262);
#161=CIRCLE('',#2150,0.00462942098999307);
#162=CIRCLE('',#2151,0.00462942098999307);
#163=CIRCLE('',#2153,0.00462942098999307);
#164=CIRCLE('',#2154,0.00462942098999307);
#165=CIRCLE('',#2156,0.00462942098999307);
#166=CIRCLE('',#2157,0.00462942098999307);
#167=CIRCLE('',#2159,0.00462942098999307);
#168=CIRCLE('',#2160,0.00462942098999307);
#169=CIRCLE('',#2162,0.00462942098999307);
#170=CIRCLE('',#2163,0.00462942098999307);
#171=CIRCLE('',#2165,0.00462942098999307);
#172=CIRCLE('',#2166,0.00462942098999307);
#173=CIRCLE('',#2168,0.00462942098999307);
#174=CIRCLE('',#2169,0.00462942098999307);
#175=CIRCLE('',#2171,0.00462942098999307);
#176=CIRCLE('',#2172,0.00462942098999307);
#177=CIRCLE('',#2174,0.00462942098999307);
#178=CIRCLE('',#2175,0.00462942098999307);
#179=CIRCLE('',#2177,0.00462942098999307);
#180=CIRCLE('',#2178,0.00462942098999307);
#181=CIRCLE('',#2190,0.00763307160541907);
#182=CIRCLE('',#2195,0.00763307160541907);
#183=CIRCLE('',#2234,0.00694043248523882);
#184=CIRCLE('',#2237,0.00694043248523882);
#185=ORIENTED_EDGE('',*,*,#805,.T.);
#186=ORIENTED_EDGE('',*,*,#806,.T.);
#187=ORIENTED_EDGE('',*,*,#807,.F.);
#188=ORIENTED_EDGE('',*,*,#808,.F.);
#189=ORIENTED_EDGE('',*,*,#809,.F.);
#190=ORIENTED_EDGE('',*,*,#810,.F.);
#191=ORIENTED_EDGE('',*,*,#811,.T.);
#192=ORIENTED_EDGE('',*,*,#812,.T.);
#193=ORIENTED_EDGE('',*,*,#813,.T.);
#194=ORIENTED_EDGE('',*,*,#814,.F.);
#195=ORIENTED_EDGE('',*,*,#815,.F.);
#196=ORIENTED_EDGE('',*,*,#816,.T.);
#197=ORIENTED_EDGE('',*,*,#817,.T.);
#198=ORIENTED_EDGE('',*,*,#818,.T.);
#199=ORIENTED_EDGE('',*,*,#819,.F.);
#200=ORIENTED_EDGE('',*,*,#820,.F.);
#201=ORIENTED_EDGE('',*,*,#821,.T.);
#202=ORIENTED_EDGE('',*,*,#822,.T.);
#203=ORIENTED_EDGE('',*,*,#823,.F.);
#204=ORIENTED_EDGE('',*,*,#824,.T.);
#205=ORIENTED_EDGE('',*,*,#825,.T.);
#206=ORIENTED_EDGE('',*,*,#826,.T.);
#207=ORIENTED_EDGE('',*,*,#827,.T.);
#208=ORIENTED_EDGE('',*,*,#828,.F.);
#209=ORIENTED_EDGE('',*,*,#829,.T.);
#210=ORIENTED_EDGE('',*,*,#830,.F.);
#211=ORIENTED_EDGE('',*,*,#831,.T.);
#212=ORIENTED_EDGE('',*,*,#807,.T.);
#213=ORIENTED_EDGE('',*,*,#832,.F.);
#214=ORIENTED_EDGE('',*,*,#833,.F.);
#215=ORIENTED_EDGE('',*,*,#834,.F.);
#216=ORIENTED_EDGE('',*,*,#809,.T.);
#217=ORIENTED_EDGE('',*,*,#835,.F.);
#218=ORIENTED_EDGE('',*,*,#836,.F.);
#219=ORIENTED_EDGE('',*,*,#837,.F.);
#220=ORIENTED_EDGE('',*,*,#838,.T.);
#221=ORIENTED_EDGE('',*,*,#839,.F.);
#222=ORIENTED_EDGE('',*,*,#840,.F.);
#223=ORIENTED_EDGE('',*,*,#841,.F.);
#224=ORIENTED_EDGE('',*,*,#842,.F.);
#225=ORIENTED_EDGE('',*,*,#843,.T.);
#226=ORIENTED_EDGE('',*,*,#844,.F.);
#227=ORIENTED_EDGE('',*,*,#845,.T.);
#228=ORIENTED_EDGE('',*,*,#846,.F.);
#229=ORIENTED_EDGE('',*,*,#847,.F.);
#230=ORIENTED_EDGE('',*,*,#848,.F.);
#231=ORIENTED_EDGE('',*,*,#849,.T.);
#232=ORIENTED_EDGE('',*,*,#850,.T.);
#233=ORIENTED_EDGE('',*,*,#851,.F.);
#234=ORIENTED_EDGE('',*,*,#852,.F.);
#235=ORIENTED_EDGE('',*,*,#853,.T.);
#236=ORIENTED_EDGE('',*,*,#854,.T.);
#237=ORIENTED_EDGE('',*,*,#836,.T.);
#238=ORIENTED_EDGE('',*,*,#855,.T.);
#239=ORIENTED_EDGE('',*,*,#805,.F.);
#240=ORIENTED_EDGE('',*,*,#856,.T.);
#241=ORIENTED_EDGE('',*,*,#857,.T.);
#242=ORIENTED_EDGE('',*,*,#858,.F.);
#243=ORIENTED_EDGE('',*,*,#859,.T.);
#244=ORIENTED_EDGE('',*,*,#860,.F.);
#245=ORIENTED_EDGE('',*,*,#861,.T.);
#246=ORIENTED_EDGE('',*,*,#862,.T.);
#247=ORIENTED_EDGE('',*,*,#829,.F.);
#248=ORIENTED_EDGE('',*,*,#863,.T.);
#249=ORIENTED_EDGE('',*,*,#837,.T.);
#250=ORIENTED_EDGE('',*,*,#864,.T.);
#251=ORIENTED_EDGE('',*,*,#830,.T.);
#252=ORIENTED_EDGE('',*,*,#864,.F.);
#253=ORIENTED_EDGE('',*,*,#855,.F.);
#254=ORIENTED_EDGE('',*,*,#835,.T.);
#255=ORIENTED_EDGE('',*,*,#863,.F.);
#256=ORIENTED_EDGE('',*,*,#828,.T.);
#257=ORIENTED_EDGE('',*,*,#865,.F.);
#258=ORIENTED_EDGE('',*,*,#866,.T.);
#259=ORIENTED_EDGE('',*,*,#867,.T.);
#260=ORIENTED_EDGE('',*,*,#868,.T.);
#261=ORIENTED_EDGE('',*,*,#869,.F.);
#262=ORIENTED_EDGE('',*,*,#870,.F.);
#263=ORIENTED_EDGE('',*,*,#838,.F.);
#264=ORIENTED_EDGE('',*,*,#871,.F.);
#265=ORIENTED_EDGE('',*,*,#833,.T.);
#266=ORIENTED_EDGE('',*,*,#872,.T.);
#267=ORIENTED_EDGE('',*,*,#857,.F.);
#268=ORIENTED_EDGE('',*,*,#873,.F.);
#269=ORIENTED_EDGE('',*,*,#843,.F.);
#270=ORIENTED_EDGE('',*,*,#874,.T.);
#271=ORIENTED_EDGE('',*,*,#823,.T.);
#272=ORIENTED_EDGE('',*,*,#875,.T.);
#273=ORIENTED_EDGE('',*,*,#825,.F.);
#274=ORIENTED_EDGE('',*,*,#876,.F.);
#275=ORIENTED_EDGE('',*,*,#841,.T.);
#276=ORIENTED_EDGE('',*,*,#824,.F.);
#277=ORIENTED_EDGE('',*,*,#874,.F.);
#278=ORIENTED_EDGE('',*,*,#842,.T.);
#279=ORIENTED_EDGE('',*,*,#876,.T.);
#280=ORIENTED_EDGE('',*,*,#875,.F.);
#281=ORIENTED_EDGE('',*,*,#840,.T.);
#282=ORIENTED_EDGE('',*,*,#877,.T.);
#283=ORIENTED_EDGE('',*,*,#878,.T.);
#284=ORIENTED_EDGE('',*,*,#879,.F.);
#285=ORIENTED_EDGE('',*,*,#880,.T.);
#286=ORIENTED_EDGE('',*,*,#881,.T.);
#287=ORIENTED_EDGE('',*,*,#882,.T.);
#288=ORIENTED_EDGE('',*,*,#826,.F.);
#289=ORIENTED_EDGE('',*,*,#883,.F.);
#290=ORIENTED_EDGE('',*,*,#884,.F.);
#291=ORIENTED_EDGE('',*,*,#885,.F.);
#292=ORIENTED_EDGE('',*,*,#886,.T.);
#293=ORIENTED_EDGE('',*,*,#887,.F.);
#294=ORIENTED_EDGE('',*,*,#888,.F.);
#295=ORIENTED_EDGE('',*,*,#889,.F.);
#296=ORIENTED_EDGE('',*,*,#890,.T.);
#297=ORIENTED_EDGE('',*,*,#891,.F.);
#298=ORIENTED_EDGE('',*,*,#892,.F.);
#299=ORIENTED_EDGE('',*,*,#893,.F.);
#300=ORIENTED_EDGE('',*,*,#894,.T.);
#301=ORIENTED_EDGE('',*,*,#895,.F.);
#302=ORIENTED_EDGE('',*,*,#896,.T.);
#303=ORIENTED_EDGE('',*,*,#897,.F.);
#304=ORIENTED_EDGE('',*,*,#898,.F.);
#305=ORIENTED_EDGE('',*,*,#899,.F.);
#306=ORIENTED_EDGE('',*,*,#900,.F.);
#307=ORIENTED_EDGE('',*,*,#901,.F.);
#308=ORIENTED_EDGE('',*,*,#902,.T.);
#309=ORIENTED_EDGE('',*,*,#903,.F.);
#310=ORIENTED_EDGE('',*,*,#904,.F.);
#311=ORIENTED_EDGE('',*,*,#905,.F.);
#312=ORIENTED_EDGE('',*,*,#906,.T.);
#313=ORIENTED_EDGE('',*,*,#907,.F.);
#314=ORIENTED_EDGE('',*,*,#908,.F.);
#315=ORIENTED_EDGE('',*,*,#909,.F.);
#316=ORIENTED_EDGE('',*,*,#910,.T.);
#317=ORIENTED_EDGE('',*,*,#911,.F.);
#318=ORIENTED_EDGE('',*,*,#912,.T.);
#319=ORIENTED_EDGE('',*,*,#913,.F.);
#320=ORIENTED_EDGE('',*,*,#914,.F.);
#321=ORIENTED_EDGE('',*,*,#915,.F.);
#322=ORIENTED_EDGE('',*,*,#916,.T.);
#323=ORIENTED_EDGE('',*,*,#917,.F.);
#324=ORIENTED_EDGE('',*,*,#918,.F.);
#325=ORIENTED_EDGE('',*,*,#919,.F.);
#326=ORIENTED_EDGE('',*,*,#920,.T.);
#327=ORIENTED_EDGE('',*,*,#921,.F.);
#328=ORIENTED_EDGE('',*,*,#922,.F.);
#329=ORIENTED_EDGE('',*,*,#868,.F.);
#330=ORIENTED_EDGE('',*,*,#923,.T.);
#331=ORIENTED_EDGE('',*,*,#879,.T.);
#332=ORIENTED_EDGE('',*,*,#924,.T.);
#333=ORIENTED_EDGE('',*,*,#925,.F.);
#334=ORIENTED_EDGE('',*,*,#870,.T.);
#335=ORIENTED_EDGE('',*,*,#926,.T.);
#336=ORIENTED_EDGE('',*,*,#927,.F.);
#337=ORIENTED_EDGE('',*,*,#878,.F.);
#338=ORIENTED_EDGE('',*,*,#928,.F.);
#339=ORIENTED_EDGE('',*,*,#929,.F.);
#340=ORIENTED_EDGE('',*,*,#930,.T.);
#341=ORIENTED_EDGE('',*,*,#931,.T.);
#342=ORIENTED_EDGE('',*,*,#926,.F.);
#343=ORIENTED_EDGE('',*,*,#869,.T.);
#344=ORIENTED_EDGE('',*,*,#924,.F.);
#345=ORIENTED_EDGE('',*,*,#932,.T.);
#346=ORIENTED_EDGE('',*,*,#933,.T.);
#347=ORIENTED_EDGE('',*,*,#934,.F.);
#348=ORIENTED_EDGE('',*,*,#935,.T.);
#349=ORIENTED_EDGE('',*,*,#936,.F.);
#350=ORIENTED_EDGE('',*,*,#937,.F.);
#351=ORIENTED_EDGE('',*,*,#927,.T.);
#352=ORIENTED_EDGE('',*,*,#931,.F.);
#353=ORIENTED_EDGE('',*,*,#938,.T.);
#354=ORIENTED_EDGE('',*,*,#939,.T.);
#355=ORIENTED_EDGE('',*,*,#940,.T.);
#356=ORIENTED_EDGE('',*,*,#941,.F.);
#357=ORIENTED_EDGE('',*,*,#942,.T.);
#358=ORIENTED_EDGE('',*,*,#943,.T.);
#359=ORIENTED_EDGE('',*,*,#932,.F.);
#360=ORIENTED_EDGE('',*,*,#944,.F.);
#361=ORIENTED_EDGE('',*,*,#945,.F.);
#362=ORIENTED_EDGE('',*,*,#942,.F.);
#363=ORIENTED_EDGE('',*,*,#946,.T.);
#364=ORIENTED_EDGE('',*,*,#947,.F.);
#365=ORIENTED_EDGE('',*,*,#948,.F.);
#366=ORIENTED_EDGE('',*,*,#949,.F.);
#367=ORIENTED_EDGE('',*,*,#929,.T.);
#368=ORIENTED_EDGE('',*,*,#950,.F.);
#369=ORIENTED_EDGE('',*,*,#951,.T.);
#370=ORIENTED_EDGE('',*,*,#952,.T.);
#371=ORIENTED_EDGE('',*,*,#953,.F.);
#372=ORIENTED_EDGE('',*,*,#954,.T.);
#373=ORIENTED_EDGE('',*,*,#955,.F.);
#374=ORIENTED_EDGE('',*,*,#947,.T.);
#375=ORIENTED_EDGE('',*,*,#956,.T.);
#376=ORIENTED_EDGE('',*,*,#940,.F.);
#377=ORIENTED_EDGE('',*,*,#951,.F.);
#378=ORIENTED_EDGE('',*,*,#957,.T.);
#379=ORIENTED_EDGE('',*,*,#839,.T.);
#380=ORIENTED_EDGE('',*,*,#925,.T.);
#381=ORIENTED_EDGE('',*,*,#937,.T.);
#382=ORIENTED_EDGE('',*,*,#958,.T.);
#383=ORIENTED_EDGE('',*,*,#959,.F.);
#384=ORIENTED_EDGE('',*,*,#953,.T.);
#385=ORIENTED_EDGE('',*,*,#960,.F.);
#386=ORIENTED_EDGE('',*,*,#935,.F.);
#387=ORIENTED_EDGE('',*,*,#936,.T.);
#388=ORIENTED_EDGE('',*,*,#960,.T.);
#389=ORIENTED_EDGE('',*,*,#952,.F.);
#390=ORIENTED_EDGE('',*,*,#958,.F.);
#391=ORIENTED_EDGE('',*,*,#961,.T.);
#392=ORIENTED_EDGE('',*,*,#956,.F.);
#393=ORIENTED_EDGE('',*,*,#946,.F.);
#394=ORIENTED_EDGE('',*,*,#944,.T.);
#395=ORIENTED_EDGE('',*,*,#941,.T.);
#396=ORIENTED_EDGE('',*,*,#955,.T.);
#397=ORIENTED_EDGE('',*,*,#939,.F.);
#398=ORIENTED_EDGE('',*,*,#962,.F.);
#399=ORIENTED_EDGE('',*,*,#948,.T.);
#400=ORIENTED_EDGE('',*,*,#930,.F.);
#401=ORIENTED_EDGE('',*,*,#949,.T.);
#402=ORIENTED_EDGE('',*,*,#962,.T.);
#403=ORIENTED_EDGE('',*,*,#938,.F.);
#404=ORIENTED_EDGE('',*,*,#877,.F.);
#405=ORIENTED_EDGE('',*,*,#957,.F.);
#406=ORIENTED_EDGE('',*,*,#950,.T.);
#407=ORIENTED_EDGE('',*,*,#928,.T.);
#408=ORIENTED_EDGE('',*,*,#963,.F.);
#409=ORIENTED_EDGE('',*,*,#945,.T.);
#410=ORIENTED_EDGE('',*,*,#964,.T.);
#411=ORIENTED_EDGE('',*,*,#933,.F.);
#412=ORIENTED_EDGE('',*,*,#943,.F.);
#413=ORIENTED_EDGE('',*,*,#959,.T.);
#414=ORIENTED_EDGE('',*,*,#934,.T.);
#415=ORIENTED_EDGE('',*,*,#964,.F.);
#416=ORIENTED_EDGE('',*,*,#954,.F.);
#417=ORIENTED_EDGE('',*,*,#882,.F.);
#418=ORIENTED_EDGE('',*,*,#965,.T.);
#419=ORIENTED_EDGE('',*,*,#865,.T.);
#420=ORIENTED_EDGE('',*,*,#827,.F.);
#421=ORIENTED_EDGE('',*,*,#881,.F.);
#422=ORIENTED_EDGE('',*,*,#966,.T.);
#423=ORIENTED_EDGE('',*,*,#866,.F.);
#424=ORIENTED_EDGE('',*,*,#965,.F.);
#425=ORIENTED_EDGE('',*,*,#867,.F.);
#426=ORIENTED_EDGE('',*,*,#966,.F.);
#427=ORIENTED_EDGE('',*,*,#880,.F.);
#428=ORIENTED_EDGE('',*,*,#923,.F.);
#429=ORIENTED_EDGE('',*,*,#884,.T.);
#430=ORIENTED_EDGE('',*,*,#967,.T.);
#431=ORIENTED_EDGE('',*,*,#968,.T.);
#432=ORIENTED_EDGE('',*,*,#969,.T.);
#433=ORIENTED_EDGE('',*,*,#898,.T.);
#434=ORIENTED_EDGE('',*,*,#970,.T.);
#435=ORIENTED_EDGE('',*,*,#971,.T.);
#436=ORIENTED_EDGE('',*,*,#972,.T.);
#437=ORIENTED_EDGE('',*,*,#892,.T.);
#438=ORIENTED_EDGE('',*,*,#973,.T.);
#439=ORIENTED_EDGE('',*,*,#974,.T.);
#440=ORIENTED_EDGE('',*,*,#975,.T.);
#441=ORIENTED_EDGE('',*,*,#918,.T.);
#442=ORIENTED_EDGE('',*,*,#976,.T.);
#443=ORIENTED_EDGE('',*,*,#977,.T.);
#444=ORIENTED_EDGE('',*,*,#978,.T.);
#445=ORIENTED_EDGE('',*,*,#922,.T.);
#446=ORIENTED_EDGE('',*,*,#979,.T.);
#447=ORIENTED_EDGE('',*,*,#980,.T.);
#448=ORIENTED_EDGE('',*,*,#981,.T.);
#449=ORIENTED_EDGE('',*,*,#904,.T.);
#450=ORIENTED_EDGE('',*,*,#982,.T.);
#451=ORIENTED_EDGE('',*,*,#983,.T.);
#452=ORIENTED_EDGE('',*,*,#984,.T.);
#453=ORIENTED_EDGE('',*,*,#900,.T.);
#454=ORIENTED_EDGE('',*,*,#985,.T.);
#455=ORIENTED_EDGE('',*,*,#986,.T.);
#456=ORIENTED_EDGE('',*,*,#987,.T.);
#457=ORIENTED_EDGE('',*,*,#914,.T.);
#458=ORIENTED_EDGE('',*,*,#988,.T.);
#459=ORIENTED_EDGE('',*,*,#989,.T.);
#460=ORIENTED_EDGE('',*,*,#990,.T.);
#461=ORIENTED_EDGE('',*,*,#908,.T.);
#462=ORIENTED_EDGE('',*,*,#991,.T.);
#463=ORIENTED_EDGE('',*,*,#992,.T.);
#464=ORIENTED_EDGE('',*,*,#993,.T.);
#465=ORIENTED_EDGE('',*,*,#888,.T.);
#466=ORIENTED_EDGE('',*,*,#994,.T.);
#467=ORIENTED_EDGE('',*,*,#995,.T.);
#468=ORIENTED_EDGE('',*,*,#996,.T.);
#469=ORIENTED_EDGE('',*,*,#963,.T.);
#470=ORIENTED_EDGE('',*,*,#997,.F.);
#471=ORIENTED_EDGE('',*,*,#886,.F.);
#472=ORIENTED_EDGE('',*,*,#998,.F.);
#473=ORIENTED_EDGE('',*,*,#999,.F.);
#474=ORIENTED_EDGE('',*,*,#1000,.F.);
#475=ORIENTED_EDGE('',*,*,#890,.F.);
#476=ORIENTED_EDGE('',*,*,#1001,.F.);
#477=ORIENTED_EDGE('',*,*,#1002,.F.);
#478=ORIENTED_EDGE('',*,*,#1003,.F.);
#479=ORIENTED_EDGE('',*,*,#910,.F.);
#480=ORIENTED_EDGE('',*,*,#1004,.F.);
#481=ORIENTED_EDGE('',*,*,#1005,.F.);
#482=ORIENTED_EDGE('',*,*,#1006,.F.);
#483=ORIENTED_EDGE('',*,*,#912,.F.);
#484=ORIENTED_EDGE('',*,*,#1007,.F.);
#485=ORIENTED_EDGE('',*,*,#1008,.F.);
#486=ORIENTED_EDGE('',*,*,#1009,.F.);
#487=ORIENTED_EDGE('',*,*,#902,.F.);
#488=ORIENTED_EDGE('',*,*,#1010,.F.);
#489=ORIENTED_EDGE('',*,*,#1011,.F.);
#490=ORIENTED_EDGE('',*,*,#1012,.F.);
#491=ORIENTED_EDGE('',*,*,#906,.F.);
#492=ORIENTED_EDGE('',*,*,#1013,.F.);
#493=ORIENTED_EDGE('',*,*,#1014,.F.);
#494=ORIENTED_EDGE('',*,*,#1015,.F.);
#495=ORIENTED_EDGE('',*,*,#920,.F.);
#496=ORIENTED_EDGE('',*,*,#1016,.F.);
#497=ORIENTED_EDGE('',*,*,#1017,.F.);
#498=ORIENTED_EDGE('',*,*,#1018,.F.);
#499=ORIENTED_EDGE('',*,*,#916,.F.);
#500=ORIENTED_EDGE('',*,*,#1019,.F.);
#501=ORIENTED_EDGE('',*,*,#1020,.F.);
#502=ORIENTED_EDGE('',*,*,#1021,.F.);
#503=ORIENTED_EDGE('',*,*,#894,.F.);
#504=ORIENTED_EDGE('',*,*,#1022,.F.);
#505=ORIENTED_EDGE('',*,*,#1023,.F.);
#506=ORIENTED_EDGE('',*,*,#1024,.F.);
#507=ORIENTED_EDGE('',*,*,#896,.F.);
#508=ORIENTED_EDGE('',*,*,#1025,.F.);
#509=ORIENTED_EDGE('',*,*,#1026,.F.);
#510=ORIENTED_EDGE('',*,*,#961,.F.);
#511=ORIENTED_EDGE('',*,*,#921,.T.);
#512=ORIENTED_EDGE('',*,*,#1015,.T.);
#513=ORIENTED_EDGE('',*,*,#1027,.F.);
#514=ORIENTED_EDGE('',*,*,#979,.F.);
#515=ORIENTED_EDGE('',*,*,#1027,.T.);
#516=ORIENTED_EDGE('',*,*,#1014,.T.);
#517=ORIENTED_EDGE('',*,*,#1028,.F.);
#518=ORIENTED_EDGE('',*,*,#980,.F.);
#519=ORIENTED_EDGE('',*,*,#1028,.T.);
#520=ORIENTED_EDGE('',*,*,#1013,.T.);
#521=ORIENTED_EDGE('',*,*,#905,.T.);
#522=ORIENTED_EDGE('',*,*,#981,.F.);
#523=ORIENTED_EDGE('',*,*,#917,.T.);
#524=ORIENTED_EDGE('',*,*,#1018,.T.);
#525=ORIENTED_EDGE('',*,*,#1029,.F.);
#526=ORIENTED_EDGE('',*,*,#976,.F.);
#527=ORIENTED_EDGE('',*,*,#1029,.T.);
#528=ORIENTED_EDGE('',*,*,#1017,.T.);
#529=ORIENTED_EDGE('',*,*,#1030,.F.);
#530=ORIENTED_EDGE('',*,*,#977,.F.);
#531=ORIENTED_EDGE('',*,*,#1030,.T.);
#532=ORIENTED_EDGE('',*,*,#1016,.T.);
#533=ORIENTED_EDGE('',*,*,#919,.T.);
#534=ORIENTED_EDGE('',*,*,#978,.F.);
#535=ORIENTED_EDGE('',*,*,#913,.T.);
#536=ORIENTED_EDGE('',*,*,#1006,.T.);
#537=ORIENTED_EDGE('',*,*,#1031,.F.);
#538=ORIENTED_EDGE('',*,*,#988,.F.);
#539=ORIENTED_EDGE('',*,*,#1031,.T.);
#540=ORIENTED_EDGE('',*,*,#1005,.T.);
#541=ORIENTED_EDGE('',*,*,#1032,.F.);
#542=ORIENTED_EDGE('',*,*,#989,.F.);
#543=ORIENTED_EDGE('',*,*,#1032,.T.);
#544=ORIENTED_EDGE('',*,*,#1004,.T.);
#545=ORIENTED_EDGE('',*,*,#909,.T.);
#546=ORIENTED_EDGE('',*,*,#990,.F.);
#547=ORIENTED_EDGE('',*,*,#907,.T.);
#548=ORIENTED_EDGE('',*,*,#1003,.T.);
#549=ORIENTED_EDGE('',*,*,#1033,.F.);
#550=ORIENTED_EDGE('',*,*,#991,.F.);
#551=ORIENTED_EDGE('',*,*,#1033,.T.);
#552=ORIENTED_EDGE('',*,*,#1002,.T.);
#553=ORIENTED_EDGE('',*,*,#1034,.F.);
#554=ORIENTED_EDGE('',*,*,#992,.F.);
#555=ORIENTED_EDGE('',*,*,#1034,.T.);
#556=ORIENTED_EDGE('',*,*,#1001,.T.);
#557=ORIENTED_EDGE('',*,*,#889,.T.);
#558=ORIENTED_EDGE('',*,*,#993,.F.);
#559=ORIENTED_EDGE('',*,*,#903,.T.);
#560=ORIENTED_EDGE('',*,*,#1012,.T.);
#561=ORIENTED_EDGE('',*,*,#1035,.F.);
#562=ORIENTED_EDGE('',*,*,#982,.F.);
#563=ORIENTED_EDGE('',*,*,#1035,.T.);
#564=ORIENTED_EDGE('',*,*,#1011,.T.);
#565=ORIENTED_EDGE('',*,*,#1036,.F.);
#566=ORIENTED_EDGE('',*,*,#983,.F.);
#567=ORIENTED_EDGE('',*,*,#1036,.T.);
#568=ORIENTED_EDGE('',*,*,#1010,.T.);
#569=ORIENTED_EDGE('',*,*,#901,.T.);
#570=ORIENTED_EDGE('',*,*,#984,.F.);
#571=ORIENTED_EDGE('',*,*,#899,.T.);
#572=ORIENTED_EDGE('',*,*,#1009,.T.);
#573=ORIENTED_EDGE('',*,*,#1037,.F.);
#574=ORIENTED_EDGE('',*,*,#985,.F.);
#575=ORIENTED_EDGE('',*,*,#1037,.T.);
#576=ORIENTED_EDGE('',*,*,#1008,.T.);
#577=ORIENTED_EDGE('',*,*,#1038,.F.);
#578=ORIENTED_EDGE('',*,*,#986,.F.);
#579=ORIENTED_EDGE('',*,*,#1038,.T.);
#580=ORIENTED_EDGE('',*,*,#1007,.T.);
#581=ORIENTED_EDGE('',*,*,#911,.T.);
#582=ORIENTED_EDGE('',*,*,#987,.F.);
#583=ORIENTED_EDGE('',*,*,#897,.T.);
#584=ORIENTED_EDGE('',*,*,#1024,.T.);
#585=ORIENTED_EDGE('',*,*,#1039,.F.);
#586=ORIENTED_EDGE('',*,*,#970,.F.);
#587=ORIENTED_EDGE('',*,*,#1039,.T.);
#588=ORIENTED_EDGE('',*,*,#1023,.T.);
#589=ORIENTED_EDGE('',*,*,#1040,.F.);
#590=ORIENTED_EDGE('',*,*,#971,.F.);
#591=ORIENTED_EDGE('',*,*,#1040,.T.);
#592=ORIENTED_EDGE('',*,*,#1022,.T.);
#593=ORIENTED_EDGE('',*,*,#893,.T.);
#594=ORIENTED_EDGE('',*,*,#972,.F.);
#595=ORIENTED_EDGE('',*,*,#891,.T.);
#596=ORIENTED_EDGE('',*,*,#1021,.T.);
#597=ORIENTED_EDGE('',*,*,#1041,.F.);
#598=ORIENTED_EDGE('',*,*,#973,.F.);
#599=ORIENTED_EDGE('',*,*,#1041,.T.);
#600=ORIENTED_EDGE('',*,*,#1020,.T.);
#601=ORIENTED_EDGE('',*,*,#1042,.F.);
#602=ORIENTED_EDGE('',*,*,#974,.F.);
#603=ORIENTED_EDGE('',*,*,#1042,.T.);
#604=ORIENTED_EDGE('',*,*,#1019,.T.);
#605=ORIENTED_EDGE('',*,*,#915,.T.);
#606=ORIENTED_EDGE('',*,*,#975,.F.);
#607=ORIENTED_EDGE('',*,*,#887,.T.);
#608=ORIENTED_EDGE('',*,*,#1000,.T.);
#609=ORIENTED_EDGE('',*,*,#1043,.F.);
#610=ORIENTED_EDGE('',*,*,#994,.F.);
#611=ORIENTED_EDGE('',*,*,#1043,.T.);
#612=ORIENTED_EDGE('',*,*,#999,.T.);
#613=ORIENTED_EDGE('',*,*,#1044,.F.);
#614=ORIENTED_EDGE('',*,*,#995,.F.);
#615=ORIENTED_EDGE('',*,*,#1044,.T.);
#616=ORIENTED_EDGE('',*,*,#998,.T.);
#617=ORIENTED_EDGE('',*,*,#885,.T.);
#618=ORIENTED_EDGE('',*,*,#996,.F.);
#619=ORIENTED_EDGE('',*,*,#883,.T.);
#620=ORIENTED_EDGE('',*,*,#997,.T.);
#621=ORIENTED_EDGE('',*,*,#1045,.F.);
#622=ORIENTED_EDGE('',*,*,#967,.F.);
#623=ORIENTED_EDGE('',*,*,#1045,.T.);
#624=ORIENTED_EDGE('',*,*,#1026,.T.);
#625=ORIENTED_EDGE('',*,*,#1046,.F.);
#626=ORIENTED_EDGE('',*,*,#968,.F.);
#627=ORIENTED_EDGE('',*,*,#1046,.T.);
#628=ORIENTED_EDGE('',*,*,#1025,.T.);
#629=ORIENTED_EDGE('',*,*,#895,.T.);
#630=ORIENTED_EDGE('',*,*,#969,.F.);
#631=ORIENTED_EDGE('',*,*,#806,.F.);
#632=ORIENTED_EDGE('',*,*,#858,.T.);
#633=ORIENTED_EDGE('',*,*,#872,.F.);
#634=ORIENTED_EDGE('',*,*,#832,.T.);
#635=ORIENTED_EDGE('',*,*,#844,.T.);
#636=ORIENTED_EDGE('',*,*,#873,.T.);
#637=ORIENTED_EDGE('',*,*,#822,.F.);
#638=ORIENTED_EDGE('',*,*,#1047,.T.);
#639=ORIENTED_EDGE('',*,*,#847,.T.);
#640=ORIENTED_EDGE('',*,*,#1048,.F.);
#641=ORIENTED_EDGE('',*,*,#1049,.F.);
#642=ORIENTED_EDGE('',*,*,#1050,.T.);
#643=ORIENTED_EDGE('',*,*,#846,.T.);
#644=ORIENTED_EDGE('',*,*,#1051,.F.);
#645=ORIENTED_EDGE('',*,*,#1052,.F.);
#646=ORIENTED_EDGE('',*,*,#1048,.T.);
#647=ORIENTED_EDGE('',*,*,#1053,.T.);
#648=ORIENTED_EDGE('',*,*,#1054,.T.);
#649=ORIENTED_EDGE('',*,*,#859,.F.);
#650=ORIENTED_EDGE('',*,*,#1055,.F.);
#651=ORIENTED_EDGE('',*,*,#845,.F.);
#652=ORIENTED_EDGE('',*,*,#1047,.F.);
#653=ORIENTED_EDGE('',*,*,#1056,.T.);
#654=ORIENTED_EDGE('',*,*,#1051,.T.);
#655=ORIENTED_EDGE('',*,*,#820,.T.);
#656=ORIENTED_EDGE('',*,*,#1057,.T.);
#657=ORIENTED_EDGE('',*,*,#860,.T.);
#658=ORIENTED_EDGE('',*,*,#1054,.F.);
#659=ORIENTED_EDGE('',*,*,#1057,.F.);
#660=ORIENTED_EDGE('',*,*,#819,.T.);
#661=ORIENTED_EDGE('',*,*,#1058,.T.);
#662=ORIENTED_EDGE('',*,*,#861,.F.);
#663=ORIENTED_EDGE('',*,*,#1058,.F.);
#664=ORIENTED_EDGE('',*,*,#818,.F.);
#665=ORIENTED_EDGE('',*,*,#1055,.T.);
#666=ORIENTED_EDGE('',*,*,#862,.F.);
#667=ORIENTED_EDGE('',*,*,#817,.F.);
#668=ORIENTED_EDGE('',*,*,#1049,.T.);
#669=ORIENTED_EDGE('',*,*,#1052,.T.);
#670=ORIENTED_EDGE('',*,*,#1056,.F.);
#671=ORIENTED_EDGE('',*,*,#821,.F.);
#672=ORIENTED_EDGE('',*,*,#1053,.F.);
#673=ORIENTED_EDGE('',*,*,#1050,.F.);
#674=ORIENTED_EDGE('',*,*,#816,.F.);
#675=ORIENTED_EDGE('',*,*,#1059,.F.);
#676=ORIENTED_EDGE('',*,*,#848,.T.);
#677=ORIENTED_EDGE('',*,*,#1059,.T.);
#678=ORIENTED_EDGE('',*,*,#815,.T.);
#679=ORIENTED_EDGE('',*,*,#1060,.F.);
#680=ORIENTED_EDGE('',*,*,#849,.F.);
#681=ORIENTED_EDGE('',*,*,#814,.T.);
#682=ORIENTED_EDGE('',*,*,#1061,.T.);
#683=ORIENTED_EDGE('',*,*,#850,.F.);
#684=ORIENTED_EDGE('',*,*,#1060,.T.);
#685=ORIENTED_EDGE('',*,*,#1061,.F.);
#686=ORIENTED_EDGE('',*,*,#813,.F.);
#687=ORIENTED_EDGE('',*,*,#1062,.T.);
#688=ORIENTED_EDGE('',*,*,#851,.T.);
#689=ORIENTED_EDGE('',*,*,#852,.T.);
#690=ORIENTED_EDGE('',*,*,#1062,.F.);
#691=ORIENTED_EDGE('',*,*,#812,.F.);
#692=ORIENTED_EDGE('',*,*,#1063,.T.);
#693=ORIENTED_EDGE('',*,*,#811,.F.);
#694=ORIENTED_EDGE('',*,*,#1064,.T.);
#695=ORIENTED_EDGE('',*,*,#853,.F.);
#696=ORIENTED_EDGE('',*,*,#1063,.F.);
#697=ORIENTED_EDGE('',*,*,#810,.T.);
#698=ORIENTED_EDGE('',*,*,#834,.T.);
#699=ORIENTED_EDGE('',*,*,#854,.F.);
#700=ORIENTED_EDGE('',*,*,#1064,.F.);
#701=ORIENTED_EDGE('',*,*,#856,.F.);
#702=ORIENTED_EDGE('',*,*,#808,.T.);
#703=ORIENTED_EDGE('',*,*,#831,.F.);
#704=ORIENTED_EDGE('',*,*,#871,.T.);
#705=ORIENTED_EDGE('',*,*,#1065,.F.);
#706=ORIENTED_EDGE('',*,*,#1066,.F.);
#707=ORIENTED_EDGE('',*,*,#1067,.T.);
#708=ORIENTED_EDGE('',*,*,#1068,.T.);
#709=ORIENTED_EDGE('',*,*,#1066,.T.);
#710=ORIENTED_EDGE('',*,*,#1069,.T.);
#711=ORIENTED_EDGE('',*,*,#1070,.F.);
#712=ORIENTED_EDGE('',*,*,#1071,.T.);
#713=ORIENTED_EDGE('',*,*,#1072,.T.);
#714=ORIENTED_EDGE('',*,*,#1073,.F.);
#715=ORIENTED_EDGE('',*,*,#1074,.T.);
#716=ORIENTED_EDGE('',*,*,#1075,.T.);
#717=ORIENTED_EDGE('',*,*,#1076,.F.);
#718=ORIENTED_EDGE('',*,*,#1077,.F.);
#719=ORIENTED_EDGE('',*,*,#1078,.F.);
#720=ORIENTED_EDGE('',*,*,#1079,.T.);
#721=ORIENTED_EDGE('',*,*,#1080,.F.);
#722=ORIENTED_EDGE('',*,*,#1081,.T.);
#723=ORIENTED_EDGE('',*,*,#1076,.T.);
#724=ORIENTED_EDGE('',*,*,#1082,.T.);
#725=ORIENTED_EDGE('',*,*,#1083,.F.);
#726=ORIENTED_EDGE('',*,*,#1084,.T.);
#727=ORIENTED_EDGE('',*,*,#1085,.T.);
#728=ORIENTED_EDGE('',*,*,#1080,.T.);
#729=ORIENTED_EDGE('',*,*,#1086,.F.);
#730=ORIENTED_EDGE('',*,*,#1087,.F.);
#731=ORIENTED_EDGE('',*,*,#1088,.T.);
#732=ORIENTED_EDGE('',*,*,#1089,.F.);
#733=ORIENTED_EDGE('',*,*,#1090,.F.);
#734=ORIENTED_EDGE('',*,*,#1091,.T.);
#735=ORIENTED_EDGE('',*,*,#1092,.F.);
#736=ORIENTED_EDGE('',*,*,#1068,.F.);
#737=ORIENTED_EDGE('',*,*,#1067,.F.);
#738=ORIENTED_EDGE('',*,*,#1079,.F.);
#739=ORIENTED_EDGE('',*,*,#1093,.T.);
#740=ORIENTED_EDGE('',*,*,#1083,.T.);
#741=ORIENTED_EDGE('',*,*,#1082,.F.);
#742=ORIENTED_EDGE('',*,*,#1075,.F.);
#743=ORIENTED_EDGE('',*,*,#1094,.T.);
#744=ORIENTED_EDGE('',*,*,#1086,.T.);
#745=ORIENTED_EDGE('',*,*,#1095,.F.);
#746=ORIENTED_EDGE('',*,*,#1088,.F.);
#747=ORIENTED_EDGE('',*,*,#1096,.T.);
#748=ORIENTED_EDGE('',*,*,#1073,.T.);
#749=ORIENTED_EDGE('',*,*,#1069,.F.);
#750=ORIENTED_EDGE('',*,*,#1065,.T.);
#751=ORIENTED_EDGE('',*,*,#1092,.T.);
#752=ORIENTED_EDGE('',*,*,#1097,.F.);
#753=ORIENTED_EDGE('',*,*,#1096,.F.);
#754=ORIENTED_EDGE('',*,*,#1087,.T.);
#755=ORIENTED_EDGE('',*,*,#1094,.F.);
#756=ORIENTED_EDGE('',*,*,#1074,.F.);
#757=ORIENTED_EDGE('',*,*,#1089,.T.);
#758=ORIENTED_EDGE('',*,*,#1095,.T.);
#759=ORIENTED_EDGE('',*,*,#1072,.F.);
#760=ORIENTED_EDGE('',*,*,#1098,.T.);
#761=ORIENTED_EDGE('',*,*,#1070,.T.);
#762=ORIENTED_EDGE('',*,*,#1097,.T.);
#763=ORIENTED_EDGE('',*,*,#1091,.F.);
#764=ORIENTED_EDGE('',*,*,#1099,.F.);
#765=ORIENTED_EDGE('',*,*,#1100,.F.);
#766=ORIENTED_EDGE('',*,*,#1101,.T.);
#767=ORIENTED_EDGE('',*,*,#1102,.T.);
#768=ORIENTED_EDGE('',*,*,#1103,.F.);
#769=ORIENTED_EDGE('',*,*,#1098,.F.);
#770=ORIENTED_EDGE('',*,*,#1071,.F.);
#771=ORIENTED_EDGE('',*,*,#1099,.T.);
#772=ORIENTED_EDGE('',*,*,#1090,.T.);
#773=ORIENTED_EDGE('',*,*,#1104,.F.);
#774=ORIENTED_EDGE('',*,*,#1101,.F.);
#775=ORIENTED_EDGE('',*,*,#1105,.F.);
#776=ORIENTED_EDGE('',*,*,#1106,.T.);
#777=ORIENTED_EDGE('',*,*,#1107,.T.);
#778=ORIENTED_EDGE('',*,*,#1100,.T.);
#779=ORIENTED_EDGE('',*,*,#1108,.F.);
#780=ORIENTED_EDGE('',*,*,#1109,.F.);
#781=ORIENTED_EDGE('',*,*,#1105,.T.);
#782=ORIENTED_EDGE('',*,*,#1110,.T.);
#783=ORIENTED_EDGE('',*,*,#1103,.T.);
#784=ORIENTED_EDGE('',*,*,#1111,.F.);
#785=ORIENTED_EDGE('',*,*,#1112,.F.);
#786=ORIENTED_EDGE('',*,*,#1108,.T.);
#787=ORIENTED_EDGE('',*,*,#1102,.F.);
#788=ORIENTED_EDGE('',*,*,#1107,.F.);
#789=ORIENTED_EDGE('',*,*,#1113,.T.);
#790=ORIENTED_EDGE('',*,*,#1111,.T.);
#791=ORIENTED_EDGE('',*,*,#1106,.F.);
#792=ORIENTED_EDGE('',*,*,#1109,.T.);
#793=ORIENTED_EDGE('',*,*,#1112,.T.);
#794=ORIENTED_EDGE('',*,*,#1113,.F.);
#795=ORIENTED_EDGE('',*,*,#1104,.T.);
#796=ORIENTED_EDGE('',*,*,#1110,.F.);
#797=ORIENTED_EDGE('',*,*,#1081,.F.);
#798=ORIENTED_EDGE('',*,*,#1085,.F.);
#799=ORIENTED_EDGE('',*,*,#1114,.T.);
#800=ORIENTED_EDGE('',*,*,#1077,.T.);
#801=ORIENTED_EDGE('',*,*,#1114,.F.);
#802=ORIENTED_EDGE('',*,*,#1084,.F.);
#803=ORIENTED_EDGE('',*,*,#1093,.F.);
#804=ORIENTED_EDGE('',*,*,#1078,.T.);
#805=EDGE_CURVE('',#1115,#1116,#1321,.T.);
#806=EDGE_CURVE('',#1116,#1117,#1322,.T.);
#807=EDGE_CURVE('',#1118,#1117,#1323,.T.);
#808=EDGE_CURVE('',#1115,#1118,#1324,.T.);
#809=EDGE_CURVE('',#1119,#1120,#1325,.T.);
#810=EDGE_CURVE('',#1121,#1119,#1326,.T.);
#811=EDGE_CURVE('',#1121,#1122,#1327,.T.);
#812=EDGE_CURVE('',#1122,#1123,#1328,.T.);
#813=EDGE_CURVE('',#1123,#1124,#1329,.T.);
#814=EDGE_CURVE('',#1125,#1124,#1330,.T.);
#815=EDGE_CURVE('',#1126,#1125,#1331,.T.);
#816=EDGE_CURVE('',#1126,#1127,#1332,.T.);
#817=EDGE_CURVE('',#1127,#1128,#1333,.T.);
#818=EDGE_CURVE('',#1128,#1129,#1334,.T.);
#819=EDGE_CURVE('',#1130,#1129,#1335,.T.);
#820=EDGE_CURVE('',#1131,#1130,#1336,.T.);
#821=EDGE_CURVE('',#1131,#1132,#1337,.T.);
#822=EDGE_CURVE('',#1132,#1133,#1338,.T.);
#823=EDGE_CURVE('',#1134,#1133,#1339,.T.);
#824=EDGE_CURVE('',#1134,#1135,#1340,.T.);
#825=EDGE_CURVE('',#1135,#1136,#1341,.T.);
#826=EDGE_CURVE('',#1136,#1137,#1342,.T.);
#827=EDGE_CURVE('',#1137,#1138,#1343,.T.);
#828=EDGE_CURVE('',#1139,#1138,#1344,.T.);
#829=EDGE_CURVE('',#1139,#1140,#1345,.T.);
#830=EDGE_CURVE('',#1120,#1140,#1346,.T.);
#831=EDGE_CURVE('',#1141,#1118,#1347,.T.);
#832=EDGE_CURVE('',#1142,#1117,#1348,.T.);
#833=EDGE_CURVE('',#1141,#1142,#1349,.T.);
#834=EDGE_CURVE('',#1119,#1143,#1350,.T.);
#835=EDGE_CURVE('',#1144,#1120,#1351,.T.);
#836=EDGE_CURVE('',#1143,#1144,#1352,.T.);
#837=EDGE_CURVE('',#1145,#1146,#1353,.T.);
#838=EDGE_CURVE('',#1145,#1147,#1354,.T.);
#839=EDGE_CURVE('',#1148,#1147,#1355,.T.);
#840=EDGE_CURVE('',#1149,#1148,#1356,.T.);
#841=EDGE_CURVE('',#1150,#1149,#1357,.T.);
#842=EDGE_CURVE('',#1151,#1150,#1358,.T.);
#843=EDGE_CURVE('',#1151,#1152,#1359,.T.);
#844=EDGE_CURVE('',#1153,#1152,#1360,.T.);
#845=EDGE_CURVE('',#1153,#1154,#1361,.T.);
#846=EDGE_CURVE('',#1155,#1154,#1362,.T.);
#847=EDGE_CURVE('',#1156,#1155,#1363,.T.);
#848=EDGE_CURVE('',#1157,#1156,#1364,.T.);
#849=EDGE_CURVE('',#1157,#1158,#1365,.T.);
#850=EDGE_CURVE('',#1158,#1159,#1366,.T.);
#851=EDGE_CURVE('',#1160,#1159,#1367,.T.);
#852=EDGE_CURVE('',#1161,#1160,#1368,.T.);
#853=EDGE_CURVE('',#1161,#1162,#1369,.T.);
#854=EDGE_CURVE('',#1162,#1143,#1370,.T.);
#855=EDGE_CURVE('',#1144,#1146,#1371,.T.);
#856=EDGE_CURVE('',#1115,#1163,#1372,.T.);
#857=EDGE_CURVE('',#1163,#1164,#1373,.T.);
#858=EDGE_CURVE('',#1116,#1164,#1374,.T.);
#859=EDGE_CURVE('',#1165,#1166,#1375,.T.);
#860=EDGE_CURVE('',#1167,#1166,#1376,.T.);
#861=EDGE_CURVE('',#1167,#1168,#1377,.T.);
#862=EDGE_CURVE('',#1168,#1165,#1378,.T.);
#863=EDGE_CURVE('',#1139,#1145,#1379,.T.);
#864=EDGE_CURVE('',#1146,#1140,#1380,.T.);
#865=EDGE_CURVE('',#1169,#1138,#1381,.T.);
#866=EDGE_CURVE('',#1169,#1170,#1382,.F.);
#867=EDGE_CURVE('',#1170,#1171,#159,.T.);
#868=EDGE_CURVE('',#1171,#1172,#1383,.T.);
#869=EDGE_CURVE('',#1173,#1172,#1384,.T.);
#870=EDGE_CURVE('',#1147,#1173,#1385,.T.);
#871=EDGE_CURVE('',#1141,#1163,#1386,.T.);
#872=EDGE_CURVE('',#1142,#1164,#1387,.T.);
#873=EDGE_CURVE('',#1152,#1133,#1388,.T.);
#874=EDGE_CURVE('',#1151,#1134,#1389,.T.);
#875=EDGE_CURVE('',#1149,#1136,#1390,.T.);
#876=EDGE_CURVE('',#1150,#1135,#1391,.T.);
#877=EDGE_CURVE('',#1148,#1174,#1392,.T.);
#878=EDGE_CURVE('',#1174,#1175,#1393,.T.);
#879=EDGE_CURVE('',#1176,#1175,#1394,.T.);
#880=EDGE_CURVE('',#1176,#1177,#160,.F.);
#881=EDGE_CURVE('',#1177,#1178,#1395,.F.);
#882=EDGE_CURVE('',#1178,#1137,#1396,.T.);
#883=EDGE_CURVE('',#1179,#1180,#107,.T.);
#884=EDGE_CURVE('',#1181,#1179,#161,.F.);
#885=EDGE_CURVE('',#1182,#1181,#108,.F.);
#886=EDGE_CURVE('',#1182,#1180,#162,.T.);
#887=EDGE_CURVE('',#1183,#1184,#109,.T.);
#888=EDGE_CURVE('',#1185,#1183,#163,.F.);
#889=EDGE_CURVE('',#1186,#1185,#110,.F.);
#890=EDGE_CURVE('',#1186,#1184,#164,.T.);
#891=EDGE_CURVE('',#1187,#1188,#111,.T.);
#892=EDGE_CURVE('',#1189,#1187,#165,.F.);
#893=EDGE_CURVE('',#1190,#1189,#112,.F.);
#894=EDGE_CURVE('',#1190,#1188,#166,.T.);
#895=EDGE_CURVE('',#1191,#1192,#113,.F.);
#896=EDGE_CURVE('',#1191,#1193,#167,.T.);
#897=EDGE_CURVE('',#1194,#1193,#114,.T.);
#898=EDGE_CURVE('',#1192,#1194,#168,.F.);
#899=EDGE_CURVE('',#1195,#1196,#115,.T.);
#900=EDGE_CURVE('',#1197,#1195,#169,.F.);
#901=EDGE_CURVE('',#1198,#1197,#116,.F.);
#902=EDGE_CURVE('',#1198,#1196,#170,.T.);
#903=EDGE_CURVE('',#1199,#1200,#117,.T.);
#904=EDGE_CURVE('',#1201,#1199,#171,.F.);
#905=EDGE_CURVE('',#1202,#1201,#118,.F.);
#906=EDGE_CURVE('',#1202,#1200,#172,.T.);
#907=EDGE_CURVE('',#1203,#1204,#119,.T.);
#908=EDGE_CURVE('',#1205,#1203,#173,.F.);
#909=EDGE_CURVE('',#1206,#1205,#120,.F.);
#910=EDGE_CURVE('',#1206,#1204,#174,.T.);
#911=EDGE_CURVE('',#1207,#1208,#121,.F.);
#912=EDGE_CURVE('',#1207,#1209,#175,.T.);
#913=EDGE_CURVE('',#1210,#1209,#122,.T.);
#914=EDGE_CURVE('',#1208,#1210,#176,.F.);
#915=EDGE_CURVE('',#1211,#1212,#123,.F.);
#916=EDGE_CURVE('',#1211,#1213,#177,.T.);
#917=EDGE_CURVE('',#1214,#1213,#124,.T.);
#918=EDGE_CURVE('',#1212,#1214,#178,.F.);
#919=EDGE_CURVE('',#1215,#1216,#125,.F.);
#920=EDGE_CURVE('',#1215,#1217,#179,.T.);
#921=EDGE_CURVE('',#1218,#1217,#126,.T.);
#922=EDGE_CURVE('',#1216,#1218,#180,.F.);
#923=EDGE_CURVE('',#1171,#1176,#1397,.F.);
#924=EDGE_CURVE('',#1175,#1172,#1398,.T.);
#925=EDGE_CURVE('',#1147,#1219,#1399,.T.);
#926=EDGE_CURVE('',#1173,#1220,#1400,.T.);
#927=EDGE_CURVE('',#1219,#1220,#1401,.T.);
#928=EDGE_CURVE('',#1221,#1174,#1402,.T.);
#929=EDGE_CURVE('',#1222,#1221,#1403,.T.);
#930=EDGE_CURVE('',#1222,#1223,#1404,.T.);
#931=EDGE_CURVE('',#1223,#1220,#1405,.T.);
#932=EDGE_CURVE('',#1224,#1225,#1406,.T.);
#933=EDGE_CURVE('',#1225,#1226,#1407,.T.);
#934=EDGE_CURVE('',#1227,#1226,#1408,.T.);
#935=EDGE_CURVE('',#1227,#1228,#1409,.T.);
#936=EDGE_CURVE('',#1229,#1228,#1410,.T.);
#937=EDGE_CURVE('',#1219,#1229,#1411,.T.);
#938=EDGE_CURVE('',#1223,#1230,#1412,.T.);
#939=EDGE_CURVE('',#1230,#1231,#1413,.T.);
#940=EDGE_CURVE('',#1231,#1232,#1414,.T.);
#941=EDGE_CURVE('',#1224,#1232,#1415,.T.);
#942=EDGE_CURVE('',#1233,#1234,#1416,.T.);
#943=EDGE_CURVE('',#1234,#1225,#1417,.T.);
#944=EDGE_CURVE('',#1233,#1224,#1418,.T.);
#945=EDGE_CURVE('',#1234,#1235,#1419,.T.);
#946=EDGE_CURVE('',#1233,#1236,#1420,.T.);
#947=EDGE_CURVE('',#1237,#1236,#1421,.T.);
#948=EDGE_CURVE('',#1238,#1237,#1422,.T.);
#949=EDGE_CURVE('',#1222,#1238,#1423,.T.);
#950=EDGE_CURVE('',#1239,#1221,#1424,.T.);
#951=EDGE_CURVE('',#1239,#1240,#1425,.T.);
#952=EDGE_CURVE('',#1240,#1241,#1426,.T.);
#953=EDGE_CURVE('',#1242,#1241,#1427,.T.);
#954=EDGE_CURVE('',#1242,#1235,#1428,.T.);
#955=EDGE_CURVE('',#1237,#1231,#1429,.T.);
#956=EDGE_CURVE('',#1236,#1232,#1430,.T.);
#957=EDGE_CURVE('',#1239,#1148,#1431,.T.);
#958=EDGE_CURVE('',#1229,#1240,#1432,.T.);
#959=EDGE_CURVE('',#1242,#1227,#1433,.T.);
#960=EDGE_CURVE('',#1228,#1241,#1434,.T.);
#961=EDGE_CURVE('',#1243,#1243,#181,.T.);
#962=EDGE_CURVE('',#1238,#1230,#1435,.T.);
#963=EDGE_CURVE('',#1244,#1244,#182,.T.);
#964=EDGE_CURVE('',#1235,#1226,#1436,.T.);
#965=EDGE_CURVE('',#1178,#1169,#1437,.T.);
#966=EDGE_CURVE('',#1177,#1170,#1438,.F.);
#967=EDGE_CURVE('',#1179,#1245,#45,.T.);
#968=EDGE_CURVE('',#1245,#1246,#46,.T.);
#969=EDGE_CURVE('',#1246,#1192,#47,.T.);
#970=EDGE_CURVE('',#1194,#1247,#48,.T.);
#971=EDGE_CURVE('',#1247,#1248,#49,.T.);
#972=EDGE_CURVE('',#1248,#1189,#50,.T.);
#973=EDGE_CURVE('',#1187,#1249,#51,.T.);
#974=EDGE_CURVE('',#1249,#1250,#52,.T.);
#975=EDGE_CURVE('',#1250,#1212,#53,.T.);
#976=EDGE_CURVE('',#1214,#1251,#54,.T.);
#977=EDGE_CURVE('',#1251,#1252,#55,.T.);
#978=EDGE_CURVE('',#1252,#1216,#56,.T.);
#979=EDGE_CURVE('',#1218,#1253,#57,.T.);
#980=EDGE_CURVE('',#1253,#1254,#58,.T.);
#981=EDGE_CURVE('',#1254,#1201,#59,.T.);
#982=EDGE_CURVE('',#1199,#1255,#60,.T.);
#983=EDGE_CURVE('',#1255,#1256,#61,.T.);
#984=EDGE_CURVE('',#1256,#1197,#62,.T.);
#985=EDGE_CURVE('',#1195,#1257,#63,.T.);
#986=EDGE_CURVE('',#1257,#1258,#64,.T.);
#987=EDGE_CURVE('',#1258,#1208,#65,.T.);
#988=EDGE_CURVE('',#1210,#1259,#66,.T.);
#989=EDGE_CURVE('',#1259,#1260,#67,.T.);
#990=EDGE_CURVE('',#1260,#1205,#68,.T.);
#991=EDGE_CURVE('',#1203,#1261,#69,.T.);
#992=EDGE_CURVE('',#1261,#1262,#70,.T.);
#993=EDGE_CURVE('',#1262,#1185,#71,.T.);
#994=EDGE_CURVE('',#1183,#1263,#72,.T.);
#995=EDGE_CURVE('',#1263,#1264,#73,.T.);
#996=EDGE_CURVE('',#1264,#1181,#74,.T.);
#997=EDGE_CURVE('',#1180,#1265,#75,.T.);
#998=EDGE_CURVE('',#1266,#1182,#76,.T.);
#999=EDGE_CURVE('',#1267,#1266,#77,.T.);
#1000=EDGE_CURVE('',#1184,#1267,#78,.T.);
#1001=EDGE_CURVE('',#1268,#1186,#79,.T.);
#1002=EDGE_CURVE('',#1269,#1268,#80,.T.);
#1003=EDGE_CURVE('',#1204,#1269,#81,.T.);
#1004=EDGE_CURVE('',#1270,#1206,#82,.T.);
#1005=EDGE_CURVE('',#1271,#1270,#83,.T.);
#1006=EDGE_CURVE('',#1209,#1271,#84,.T.);
#1007=EDGE_CURVE('',#1272,#1207,#85,.T.);
#1008=EDGE_CURVE('',#1273,#1272,#86,.T.);
#1009=EDGE_CURVE('',#1196,#1273,#87,.T.);
#1010=EDGE_CURVE('',#1274,#1198,#88,.T.);
#1011=EDGE_CURVE('',#1275,#1274,#89,.T.);
#1012=EDGE_CURVE('',#1200,#1275,#90,.T.);
#1013=EDGE_CURVE('',#1276,#1202,#91,.T.);
#1014=EDGE_CURVE('',#1277,#1276,#92,.T.);
#1015=EDGE_CURVE('',#1217,#1277,#93,.T.);
#1016=EDGE_CURVE('',#1278,#1215,#94,.T.);
#1017=EDGE_CURVE('',#1279,#1278,#95,.T.);
#1018=EDGE_CURVE('',#1213,#1279,#96,.T.);
#1019=EDGE_CURVE('',#1280,#1211,#97,.T.);
#1020=EDGE_CURVE('',#1281,#1280,#98,.T.);
#1021=EDGE_CURVE('',#1188,#1281,#99,.T.);
#1022=EDGE_CURVE('',#1282,#1190,#100,.T.);
#1023=EDGE_CURVE('',#1283,#1282,#101,.T.);
#1024=EDGE_CURVE('',#1193,#1283,#102,.T.);
#1025=EDGE_CURVE('',#1284,#1191,#103,.T.);
#1026=EDGE_CURVE('',#1265,#1284,#104,.T.);
#1027=EDGE_CURVE('',#1253,#1277,#127,.T.);
#1028=EDGE_CURVE('',#1254,#1276,#128,.T.);
#1029=EDGE_CURVE('',#1251,#1279,#129,.T.);
#1030=EDGE_CURVE('',#1252,#1278,#130,.T.);
#1031=EDGE_CURVE('',#1259,#1271,#131,.T.);
#1032=EDGE_CURVE('',#1260,#1270,#132,.T.);
#1033=EDGE_CURVE('',#1261,#1269,#133,.T.);
#1034=EDGE_CURVE('',#1262,#1268,#134,.T.);
#1035=EDGE_CURVE('',#1255,#1275,#135,.T.);
#1036=EDGE_CURVE('',#1256,#1274,#136,.T.);
#1037=EDGE_CURVE('',#1257,#1273,#137,.T.);
#1038=EDGE_CURVE('',#1258,#1272,#138,.T.);
#1039=EDGE_CURVE('',#1247,#1283,#139,.T.);
#1040=EDGE_CURVE('',#1248,#1282,#140,.T.);
#1041=EDGE_CURVE('',#1249,#1281,#141,.T.);
#1042=EDGE_CURVE('',#1250,#1280,#142,.T.);
#1043=EDGE_CURVE('',#1263,#1267,#143,.T.);
#1044=EDGE_CURVE('',#1264,#1266,#144,.T.);
#1045=EDGE_CURVE('',#1245,#1265,#145,.T.);
#1046=EDGE_CURVE('',#1246,#1284,#146,.T.);
#1047=EDGE_CURVE('',#1132,#1153,#1439,.T.);
#1048=EDGE_CURVE('',#1285,#1155,#1440,.T.);
#1049=EDGE_CURVE('',#1127,#1285,#1441,.T.);
#1050=EDGE_CURVE('',#1127,#1156,#1442,.T.);
#1051=EDGE_CURVE('',#1286,#1154,#1443,.T.);
#1052=EDGE_CURVE('',#1285,#1286,#1444,.T.);
#1053=EDGE_CURVE('',#1128,#1131,#1445,.T.);
#1054=EDGE_CURVE('',#1131,#1166,#1446,.T.);
#1055=EDGE_CURVE('',#1128,#1165,#1447,.T.);
#1056=EDGE_CURVE('',#1132,#1286,#1448,.T.);
#1057=EDGE_CURVE('',#1130,#1167,#1449,.T.);
#1058=EDGE_CURVE('',#1129,#1168,#1450,.T.);
#1059=EDGE_CURVE('',#1157,#1126,#1451,.T.);
#1060=EDGE_CURVE('',#1158,#1125,#1452,.T.);
#1061=EDGE_CURVE('',#1124,#1159,#1453,.T.);
#1062=EDGE_CURVE('',#1123,#1160,#1454,.T.);
#1063=EDGE_CURVE('',#1122,#1161,#1455,.T.);
#1064=EDGE_CURVE('',#1121,#1162,#1456,.T.);
#1065=EDGE_CURVE('',#1287,#1288,#1457,.T.);
#1066=EDGE_CURVE('',#1289,#1287,#1458,.T.);
#1067=EDGE_CURVE('',#1289,#1290,#1459,.T.);
#1068=EDGE_CURVE('',#1290,#1288,#1460,.T.);
#1069=EDGE_CURVE('',#1287,#1291,#1461,.T.);
#1070=EDGE_CURVE('',#1292,#1291,#1462,.T.);
#1071=EDGE_CURVE('',#1292,#1293,#1463,.T.);
#1072=EDGE_CURVE('',#1293,#1294,#1464,.T.);
#1073=EDGE_CURVE('',#1295,#1294,#1465,.T.);
#1074=EDGE_CURVE('',#1295,#1296,#1466,.T.);
#1075=EDGE_CURVE('',#1296,#1297,#1467,.T.);
#1076=EDGE_CURVE('',#1298,#1297,#1468,.T.);
#1077=EDGE_CURVE('',#1299,#1298,#1469,.T.);
#1078=EDGE_CURVE('',#1300,#1299,#1470,.T.);
#1079=EDGE_CURVE('',#1300,#1289,#1471,.T.);
#1080=EDGE_CURVE('',#1301,#1302,#1472,.T.);
#1081=EDGE_CURVE('',#1301,#1298,#1473,.T.);
#1082=EDGE_CURVE('',#1297,#1302,#1474,.T.);
#1083=EDGE_CURVE('',#1303,#1290,#1475,.T.);
#1084=EDGE_CURVE('',#1303,#1304,#1476,.T.);
#1085=EDGE_CURVE('',#1304,#1301,#1477,.T.);
#1086=EDGE_CURVE('',#1305,#1302,#1478,.T.);
#1087=EDGE_CURVE('',#1306,#1305,#1479,.T.);
#1088=EDGE_CURVE('',#1306,#1307,#1480,.T.);
#1089=EDGE_CURVE('',#1308,#1307,#1481,.T.);
#1090=EDGE_CURVE('',#1309,#1308,#1482,.T.);
#1091=EDGE_CURVE('',#1309,#1310,#1483,.T.);
#1092=EDGE_CURVE('',#1288,#1310,#1484,.T.);
#1093=EDGE_CURVE('',#1300,#1303,#1485,.T.);
#1094=EDGE_CURVE('',#1296,#1305,#1486,.T.);
#1095=EDGE_CURVE('',#1307,#1294,#1487,.T.);
#1096=EDGE_CURVE('',#1306,#1295,#1488,.T.);
#1097=EDGE_CURVE('',#1291,#1310,#1489,.T.);
#1098=EDGE_CURVE('',#1293,#1308,#1490,.T.);
#1099=EDGE_CURVE('',#1292,#1309,#1491,.T.);
#1100=EDGE_CURVE('',#1311,#1312,#1492,.T.);
#1101=EDGE_CURVE('',#1311,#1313,#1493,.T.);
#1102=EDGE_CURVE('',#1313,#1314,#1494,.T.);
#1103=EDGE_CURVE('',#1312,#1314,#1495,.T.);
#1104=EDGE_CURVE('',#1315,#1315,#183,.T.);
#1105=EDGE_CURVE('',#1316,#1311,#1496,.T.);
#1106=EDGE_CURVE('',#1316,#1317,#1497,.T.);
#1107=EDGE_CURVE('',#1317,#1313,#1498,.T.);
#1108=EDGE_CURVE('',#1318,#1312,#1499,.T.);
#1109=EDGE_CURVE('',#1316,#1318,#1500,.T.);
#1110=EDGE_CURVE('',#1319,#1319,#184,.T.);
#1111=EDGE_CURVE('',#1320,#1314,#1501,.T.);
#1112=EDGE_CURVE('',#1318,#1320,#1502,.T.);
#1113=EDGE_CURVE('',#1317,#1320,#1503,.T.);
#1114=EDGE_CURVE('',#1304,#1299,#1504,.T.);
#1115=VERTEX_POINT('',#2648);
#1116=VERTEX_POINT('',#2649);
#1117=VERTEX_POINT('',#2651);
#1118=VERTEX_POINT('',#2653);
#1119=VERTEX_POINT('',#2657);
#1120=VERTEX_POINT('',#2658);
#1121=VERTEX_POINT('',#2660);
#1122=VERTEX_POINT('',#2662);
#1123=VERTEX_POINT('',#2664);
#1124=VERTEX_POINT('',#2666);
#1125=VERTEX_POINT('',#2668);
#1126=VERTEX_POINT('',#2670);
#1127=VERTEX_POINT('',#2672);
#1128=VERTEX_POINT('',#2674);
#1129=VERTEX_POINT('',#2676);
#1130=VERTEX_POINT('',#2678);
#1131=VERTEX_POINT('',#2680);
#1132=VERTEX_POINT('',#2682);
#1133=VERTEX_POINT('',#2684);
#1134=VERTEX_POINT('',#2686);
#1135=VERTEX_POINT('',#2688);
#1136=VERTEX_POINT('',#2690);
#1137=VERTEX_POINT('',#2692);
#1138=VERTEX_POINT('',#2694);
#1139=VERTEX_POINT('',#2696);
#1140=VERTEX_POINT('',#2698);
#1141=VERTEX_POINT('',#2701);
#1142=VERTEX_POINT('',#2703);
#1143=VERTEX_POINT('',#2707);
#1144=VERTEX_POINT('',#2709);
#1145=VERTEX_POINT('',#2713);
#1146=VERTEX_POINT('',#2714);
#1147=VERTEX_POINT('',#2716);
#1148=VERTEX_POINT('',#2718);
#1149=VERTEX_POINT('',#2720);
#1150=VERTEX_POINT('',#2722);
#1151=VERTEX_POINT('',#2724);
#1152=VERTEX_POINT('',#2726);
#1153=VERTEX_POINT('',#2728);
#1154=VERTEX_POINT('',#2730);
#1155=VERTEX_POINT('',#2732);
#1156=VERTEX_POINT('',#2734);
#1157=VERTEX_POINT('',#2736);
#1158=VERTEX_POINT('',#2738);
#1159=VERTEX_POINT('',#2740);
#1160=VERTEX_POINT('',#2742);
#1161=VERTEX_POINT('',#2744);
#1162=VERTEX_POINT('',#2746);
#1163=VERTEX_POINT('',#2750);
#1164=VERTEX_POINT('',#2752);
#1165=VERTEX_POINT('',#2755);
#1166=VERTEX_POINT('',#2756);
#1167=VERTEX_POINT('',#2758);
#1168=VERTEX_POINT('',#2760);
#1169=VERTEX_POINT('',#2768);
#1170=VERTEX_POINT('',#2770);
#1171=VERTEX_POINT('',#2772);
#1172=VERTEX_POINT('',#2774);
#1173=VERTEX_POINT('',#2776);
#1174=VERTEX_POINT('',#2790);
#1175=VERTEX_POINT('',#2792);
#1176=VERTEX_POINT('',#2794);
#1177=VERTEX_POINT('',#2796);
#1178=VERTEX_POINT('',#2798);
#1179=VERTEX_POINT('',#2818);
#1180=VERTEX_POINT('',#2819);
#1181=VERTEX_POINT('',#2821);
#1182=VERTEX_POINT('',#2839);
#1183=VERTEX_POINT('',#2859);
#1184=VERTEX_POINT('',#2860);
#1185=VERTEX_POINT('',#2862);
#1186=VERTEX_POINT('',#2880);
#1187=VERTEX_POINT('',#2900);
#1188=VERTEX_POINT('',#2901);
#1189=VERTEX_POINT('',#2903);
#1190=VERTEX_POINT('',#2921);
#1191=VERTEX_POINT('',#2941);
#1192=VERTEX_POINT('',#2942);
#1193=VERTEX_POINT('',#2944);
#1194=VERTEX_POINT('',#2962);
#1195=VERTEX_POINT('',#2982);
#1196=VERTEX_POINT('',#2983);
#1197=VERTEX_POINT('',#2985);
#1198=VERTEX_POINT('',#3003);
#1199=VERTEX_POINT('',#3023);
#1200=VERTEX_POINT('',#3024);
#1201=VERTEX_POINT('',#3026);
#1202=VERTEX_POINT('',#3044);
#1203=VERTEX_POINT('',#3064);
#1204=VERTEX_POINT('',#3065);
#1205=VERTEX_POINT('',#3067);
#1206=VERTEX_POINT('',#3085);
#1207=VERTEX_POINT('',#3105);
#1208=VERTEX_POINT('',#3106);
#1209=VERTEX_POINT('',#3108);
#1210=VERTEX_POINT('',#3126);
#1211=VERTEX_POINT('',#3146);
#1212=VERTEX_POINT('',#3147);
#1213=VERTEX_POINT('',#3149);
#1214=VERTEX_POINT('',#3167);
#1215=VERTEX_POINT('',#3187);
#1216=VERTEX_POINT('',#3188);
#1217=VERTEX_POINT('',#3190);
#1218=VERTEX_POINT('',#3208);
#1219=VERTEX_POINT('',#3215);
#1220=VERTEX_POINT('',#3217);
#1221=VERTEX_POINT('',#3221);
#1222=VERTEX_POINT('',#3223);
#1223=VERTEX_POINT('',#3225);
#1224=VERTEX_POINT('',#3229);
#1225=VERTEX_POINT('',#3230);
#1226=VERTEX_POINT('',#3232);
#1227=VERTEX_POINT('',#3234);
#1228=VERTEX_POINT('',#3236);
#1229=VERTEX_POINT('',#3238);
#1230=VERTEX_POINT('',#3241);
#1231=VERTEX_POINT('',#3243);
#1232=VERTEX_POINT('',#3245);
#1233=VERTEX_POINT('',#3249);
#1234=VERTEX_POINT('',#3250);
#1235=VERTEX_POINT('',#3255);
#1236=VERTEX_POINT('',#3257);
#1237=VERTEX_POINT('',#3259);
#1238=VERTEX_POINT('',#3261);
#1239=VERTEX_POINT('',#3264);
#1240=VERTEX_POINT('',#3266);
#1241=VERTEX_POINT('',#3268);
#1242=VERTEX_POINT('',#3270);
#1243=VERTEX_POINT('',#3284);
#1244=VERTEX_POINT('',#3291);
#1245=VERTEX_POINT('',#3304);
#1246=VERTEX_POINT('',#3310);
#1247=VERTEX_POINT('',#3319);
#1248=VERTEX_POINT('',#3325);
#1249=VERTEX_POINT('',#3334);
#1250=VERTEX_POINT('',#3340);
#1251=VERTEX_POINT('',#3349);
#1252=VERTEX_POINT('',#3355);
#1253=VERTEX_POINT('',#3364);
#1254=VERTEX_POINT('',#3370);
#1255=VERTEX_POINT('',#3379);
#1256=VERTEX_POINT('',#3385);
#1257=VERTEX_POINT('',#3394);
#1258=VERTEX_POINT('',#3400);
#1259=VERTEX_POINT('',#3409);
#1260=VERTEX_POINT('',#3415);
#1261=VERTEX_POINT('',#3424);
#1262=VERTEX_POINT('',#3430);
#1263=VERTEX_POINT('',#3439);
#1264=VERTEX_POINT('',#3445);
#1265=VERTEX_POINT('',#3455);
#1266=VERTEX_POINT('',#3460);
#1267=VERTEX_POINT('',#3466);
#1268=VERTEX_POINT('',#3475);
#1269=VERTEX_POINT('',#3481);
#1270=VERTEX_POINT('',#3490);
#1271=VERTEX_POINT('',#3496);
#1272=VERTEX_POINT('',#3505);
#1273=VERTEX_POINT('',#3511);
#1274=VERTEX_POINT('',#3520);
#1275=VERTEX_POINT('',#3526);
#1276=VERTEX_POINT('',#3535);
#1277=VERTEX_POINT('',#3541);
#1278=VERTEX_POINT('',#3550);
#1279=VERTEX_POINT('',#3556);
#1280=VERTEX_POINT('',#3565);
#1281=VERTEX_POINT('',#3571);
#1282=VERTEX_POINT('',#3580);
#1283=VERTEX_POINT('',#3586);
#1284=VERTEX_POINT('',#3595);
#1285=VERTEX_POINT('',#4986);
#1286=VERTEX_POINT('',#4991);
#1287=VERTEX_POINT('',#5022);
#1288=VERTEX_POINT('',#5023);
#1289=VERTEX_POINT('',#5025);
#1290=VERTEX_POINT('',#5027);
#1291=VERTEX_POINT('',#5031);
#1292=VERTEX_POINT('',#5033);
#1293=VERTEX_POINT('',#5035);
#1294=VERTEX_POINT('',#5037);
#1295=VERTEX_POINT('',#5039);
#1296=VERTEX_POINT('',#5041);
#1297=VERTEX_POINT('',#5043);
#1298=VERTEX_POINT('',#5045);
#1299=VERTEX_POINT('',#5047);
#1300=VERTEX_POINT('',#5049);
#1301=VERTEX_POINT('',#5053);
#1302=VERTEX_POINT('',#5054);
#1303=VERTEX_POINT('',#5059);
#1304=VERTEX_POINT('',#5061);
#1305=VERTEX_POINT('',#5064);
#1306=VERTEX_POINT('',#5066);
#1307=VERTEX_POINT('',#5068);
#1308=VERTEX_POINT('',#5070);
#1309=VERTEX_POINT('',#5072);
#1310=VERTEX_POINT('',#5074);
#1311=VERTEX_POINT('',#5091);
#1312=VERTEX_POINT('',#5092);
#1313=VERTEX_POINT('',#5094);
#1314=VERTEX_POINT('',#5096);
#1315=VERTEX_POINT('',#5101);
#1316=VERTEX_POINT('',#5103);
#1317=VERTEX_POINT('',#5105);
#1318=VERTEX_POINT('',#5109);
#1319=VERTEX_POINT('',#5113);
#1320=VERTEX_POINT('',#5115);
#1321=LINE('',#2647,#1505);
#1322=LINE('',#2650,#1506);
#1323=LINE('',#2652,#1507);
#1324=LINE('',#2654,#1508);
#1325=LINE('',#2656,#1509);
#1326=LINE('',#2659,#1510);
#1327=LINE('',#2661,#1511);
#1328=LINE('',#2663,#1512);
#1329=LINE('',#2665,#1513);
#1330=LINE('',#2667,#1514);
#1331=LINE('',#2669,#1515);
#1332=LINE('',#2671,#1516);
#1333=LINE('',#2673,#1517);
#1334=LINE('',#2675,#1518);
#1335=LINE('',#2677,#1519);
#1336=LINE('',#2679,#1520);
#1337=LINE('',#2681,#1521);
#1338=LINE('',#2683,#1522);
#1339=LINE('',#2685,#1523);
#1340=LINE('',#2687,#1524);
#1341=LINE('',#2689,#1525);
#1342=LINE('',#2691,#1526);
#1343=LINE('',#2693,#1527);
#1344=LINE('',#2695,#1528);
#1345=LINE('',#2697,#1529);
#1346=LINE('',#2699,#1530);
#1347=LINE('',#2700,#1531);
#1348=LINE('',#2702,#1532);
#1349=LINE('',#2704,#1533);
#1350=LINE('',#2706,#1534);
#1351=LINE('',#2708,#1535);
#1352=LINE('',#2710,#1536);
#1353=LINE('',#2712,#1537);
#1354=LINE('',#2715,#1538);
#1355=LINE('',#2717,#1539);
#1356=LINE('',#2719,#1540);
#1357=LINE('',#2721,#1541);
#1358=LINE('',#2723,#1542);
#1359=LINE('',#2725,#1543);
#1360=LINE('',#2727,#1544);
#1361=LINE('',#2729,#1545);
#1362=LINE('',#2731,#1546);
#1363=LINE('',#2733,#1547);
#1364=LINE('',#2735,#1548);
#1365=LINE('',#2737,#1549);
#1366=LINE('',#2739,#1550);
#1367=LINE('',#2741,#1551);
#1368=LINE('',#2743,#1552);
#1369=LINE('',#2745,#1553);
#1370=LINE('',#2747,#1554);
#1371=LINE('',#2748,#1555);
#1372=LINE('',#2749,#1556);
#1373=LINE('',#2751,#1557);
#1374=LINE('',#2753,#1558);
#1375=LINE('',#2754,#1559);
#1376=LINE('',#2757,#1560);
#1377=LINE('',#2759,#1561);
#1378=LINE('',#2761,#1562);
#1379=LINE('',#2763,#1563);
#1380=LINE('',#2764,#1564);
#1381=LINE('',#2767,#1565);
#1382=LINE('',#2769,#1566);
#1383=LINE('',#2773,#1567);
#1384=LINE('',#2775,#1568);
#1385=LINE('',#2777,#1569);
#1386=LINE('',#2779,#1570);
#1387=LINE('',#2780,#1571);
#1388=LINE('',#2782,#1572);
#1389=LINE('',#2783,#1573);
#1390=LINE('',#2785,#1574);
#1391=LINE('',#2786,#1575);
#1392=LINE('',#2789,#1576);
#1393=LINE('',#2791,#1577);
#1394=LINE('',#2793,#1578);
#1395=LINE('',#2797,#1579);
#1396=LINE('',#2799,#1580);
#1397=LINE('',#3211,#1581);
#1398=LINE('',#3212,#1582);
#1399=LINE('',#3214,#1583);
#1400=LINE('',#3216,#1584);
#1401=LINE('',#3218,#1585);
#1402=LINE('',#3220,#1586);
#1403=LINE('',#3222,#1587);
#1404=LINE('',#3224,#1588);
#1405=LINE('',#3226,#1589);
#1406=LINE('',#3228,#1590);
#1407=LINE('',#3231,#1591);
#1408=LINE('',#3233,#1592);
#1409=LINE('',#3235,#1593);
#1410=LINE('',#3237,#1594);
#1411=LINE('',#3239,#1595);
#1412=LINE('',#3240,#1596);
#1413=LINE('',#3242,#1597);
#1414=LINE('',#3244,#1598);
#1415=LINE('',#3246,#1599);
#1416=LINE('',#3248,#1600);
#1417=LINE('',#3251,#1601);
#1418=LINE('',#3252,#1602);
#1419=LINE('',#3254,#1603);
#1420=LINE('',#3256,#1604);
#1421=LINE('',#3258,#1605);
#1422=LINE('',#3260,#1606);
#1423=LINE('',#3262,#1607);
#1424=LINE('',#3263,#1608);
#1425=LINE('',#3265,#1609);
#1426=LINE('',#3267,#1610);
#1427=LINE('',#3269,#1611);
#1428=LINE('',#3271,#1612);
#1429=LINE('',#3273,#1613);
#1430=LINE('',#3274,#1614);
#1431=LINE('',#3276,#1615);
#1432=LINE('',#3277,#1616);
#1433=LINE('',#3279,#1617);
#1434=LINE('',#3280,#1618);
#1435=LINE('',#3286,#1619);
#1436=LINE('',#3292,#1620);
#1437=LINE('',#3295,#1621);
#1438=LINE('',#3297,#1622);
#1439=LINE('',#4983,#1623);
#1440=LINE('',#4985,#1624);
#1441=LINE('',#4987,#1625);
#1442=LINE('',#4988,#1626);
#1443=LINE('',#4990,#1627);
#1444=LINE('',#4992,#1628);
#1445=LINE('',#4994,#1629);
#1446=LINE('',#4995,#1630);
#1447=LINE('',#4996,#1631);
#1448=LINE('',#4998,#1632);
#1449=LINE('',#5000,#1633);
#1450=LINE('',#5002,#1634);
#1451=LINE('',#5006,#1635);
#1452=LINE('',#5008,#1636);
#1453=LINE('',#5010,#1637);
#1454=LINE('',#5012,#1638);
#1455=LINE('',#5014,#1639);
#1456=LINE('',#5016,#1640);
#1457=LINE('',#5021,#1641);
#1458=LINE('',#5024,#1642);
#1459=LINE('',#5026,#1643);
#1460=LINE('',#5028,#1644);
#1461=LINE('',#5030,#1645);
#1462=LINE('',#5032,#1646);
#1463=LINE('',#5034,#1647);
#1464=LINE('',#5036,#1648);
#1465=LINE('',#5038,#1649);
#1466=LINE('',#5040,#1650);
#1467=LINE('',#5042,#1651);
#1468=LINE('',#5044,#1652);
#1469=LINE('',#5046,#1653);
#1470=LINE('',#5048,#1654);
#1471=LINE('',#5050,#1655);
#1472=LINE('',#5052,#1656);
#1473=LINE('',#5055,#1657);
#1474=LINE('',#5056,#1658);
#1475=LINE('',#5058,#1659);
#1476=LINE('',#5060,#1660);
#1477=LINE('',#5062,#1661);
#1478=LINE('',#5063,#1662);
#1479=LINE('',#5065,#1663);
#1480=LINE('',#5067,#1664);
#1481=LINE('',#5069,#1665);
#1482=LINE('',#5071,#1666);
#1483=LINE('',#5073,#1667);
#1484=LINE('',#5075,#1668);
#1485=LINE('',#5077,#1669);
#1486=LINE('',#5079,#1670);
#1487=LINE('',#5081,#1671);
#1488=LINE('',#5082,#1672);
#1489=LINE('',#5084,#1673);
#1490=LINE('',#5087,#1674);
#1491=LINE('',#5089,#1675);
#1492=LINE('',#5090,#1676);
#1493=LINE('',#5093,#1677);
#1494=LINE('',#5095,#1678);
#1495=LINE('',#5097,#1679);
#1496=LINE('',#5102,#1680);
#1497=LINE('',#5104,#1681);
#1498=LINE('',#5106,#1682);
#1499=LINE('',#5108,#1683);
#1500=LINE('',#5110,#1684);
#1501=LINE('',#5114,#1685);
#1502=LINE('',#5116,#1686);
#1503=LINE('',#5118,#1687);
#1504=LINE('',#5122,#1688);
#1505=VECTOR('',#2247,1.);
#1506=VECTOR('',#2248,1.);
#1507=VECTOR('',#2249,1.);
#1508=VECTOR('',#2250,1.);
#1509=VECTOR('',#2253,1.);
#1510=VECTOR('',#2254,1.);
#1511=VECTOR('',#2255,1.);
#1512=VECTOR('',#2256,1.);
#1513=VECTOR('',#2257,1.);
#1514=VECTOR('',#2258,1.);
#1515=VECTOR('',#2259,1.);
#1516=VECTOR('',#2260,1.);
#1517=VECTOR('',#2261,1.);
#1518=VECTOR('',#2262,1.);
#1519=VECTOR('',#2263,1.);
#1520=VECTOR('',#2264,1.);
#1521=VECTOR('',#2265,1.);
#1522=VECTOR('',#2266,1.);
#1523=VECTOR('',#2267,1.);
#1524=VECTOR('',#2268,1.);
#1525=VECTOR('',#2269,1.);
#1526=VECTOR('',#2270,1.);
#1527=VECTOR('',#2271,1.);
#1528=VECTOR('',#2272,1.);
#1529=VECTOR('',#2273,1.);
#1530=VECTOR('',#2274,1.);
#1531=VECTOR('',#2275,1.);
#1532=VECTOR('',#2276,1.);
#1533=VECTOR('',#2277,1.);
#1534=VECTOR('',#2280,1.);
#1535=VECTOR('',#2281,1.);
#1536=VECTOR('',#2282,1.);
#1537=VECTOR('',#2285,1.);
#1538=VECTOR('',#2286,1.);
#1539=VECTOR('',#2287,1.);
#1540=VECTOR('',#2288,1.);
#1541=VECTOR('',#2289,1.);
#1542=VECTOR('',#2290,1.);
#1543=VECTOR('',#2291,1.);
#1544=VECTOR('',#2292,1.);
#1545=VECTOR('',#2293,1.);
#1546=VECTOR('',#2294,1.);
#1547=VECTOR('',#2295,1.);
#1548=VECTOR('',#2296,1.);
#1549=VECTOR('',#2297,1.);
#1550=VECTOR('',#2298,1.);
#1551=VECTOR('',#2299,1.);
#1552=VECTOR('',#2300,1.);
#1553=VECTOR('',#2301,1.);
#1554=VECTOR('',#2302,1.);
#1555=VECTOR('',#2303,1.);
#1556=VECTOR('',#2304,1.);
#1557=VECTOR('',#2305,1.);
#1558=VECTOR('',#2306,1.);
#1559=VECTOR('',#2307,1.);
#1560=VECTOR('',#2308,1.);
#1561=VECTOR('',#2309,1.);
#1562=VECTOR('',#2310,1.);
#1563=VECTOR('',#2313,1.);
#1564=VECTOR('',#2314,1.);
#1565=VECTOR('',#2319,1.);
#1566=VECTOR('',#2320,1.);
#1567=VECTOR('',#2323,1.);
#1568=VECTOR('',#2324,1.);
#1569=VECTOR('',#2325,1.);
#1570=VECTOR('',#2328,1.);
#1571=VECTOR('',#2329,1.);
#1572=VECTOR('',#2332,1.);
#1573=VECTOR('',#2333,1.);
#1574=VECTOR('',#2336,1.);
#1575=VECTOR('',#2337,1.);
#1576=VECTOR('',#2342,1.);
#1577=VECTOR('',#2343,1.);
#1578=VECTOR('',#2344,1.);
#1579=VECTOR('',#2347,1.);
#1580=VECTOR('',#2348,1.);
#1581=VECTOR('',#2411,1.);
#1582=VECTOR('',#2412,1.);
#1583=VECTOR('',#2415,1.);
#1584=VECTOR('',#2416,1.);
#1585=VECTOR('',#2417,1.);
#1586=VECTOR('',#2420,1.);
#1587=VECTOR('',#2421,1.);
#1588=VECTOR('',#2422,1.);
#1589=VECTOR('',#2423,1.);
#1590=VECTOR('',#2426,1.);
#1591=VECTOR('',#2427,1.);
#1592=VECTOR('',#2428,1.);
#1593=VECTOR('',#2429,1.);
#1594=VECTOR('',#2430,1.);
#1595=VECTOR('',#2431,1.);
#1596=VECTOR('',#2432,1.);
#1597=VECTOR('',#2433,1.);
#1598=VECTOR('',#2434,1.);
#1599=VECTOR('',#2435,1.);
#1600=VECTOR('',#2438,1.);
#1601=VECTOR('',#2439,1.);
#1602=VECTOR('',#2440,1.);
#1603=VECTOR('',#2443,1.);
#1604=VECTOR('',#2444,1.);
#1605=VECTOR('',#2445,1.);
#1606=VECTOR('',#2446,1.);
#1607=VECTOR('',#2447,1.);
#1608=VECTOR('',#2448,1.);
#1609=VECTOR('',#2449,1.);
#1610=VECTOR('',#2450,1.);
#1611=VECTOR('',#2451,1.);
#1612=VECTOR('',#2452,1.);
#1613=VECTOR('',#2455,1.);
#1614=VECTOR('',#2456,1.);
#1615=VECTOR('',#2459,1.);
#1616=VECTOR('',#2460,1.);
#1617=VECTOR('',#2463,1.);
#1618=VECTOR('',#2464,1.);
#1619=VECTOR('',#2473,1.);
#1620=VECTOR('',#2482,1.);
#1621=VECTOR('',#2487,1.);
#1622=VECTOR('',#2490,1.);
#1623=VECTOR('',#2501,1.);
#1624=VECTOR('',#2504,1.);
#1625=VECTOR('',#2505,1.);
#1626=VECTOR('',#2506,1.);
#1627=VECTOR('',#2509,1.);
#1628=VECTOR('',#2510,1.);
#1629=VECTOR('',#2513,1.);
#1630=VECTOR('',#2514,1.);
#1631=VECTOR('',#2515,1.);
#1632=VECTOR('',#2518,1.);
#1633=VECTOR('',#2521,1.);
#1634=VECTOR('',#2524,1.);
#1635=VECTOR('',#2531,1.);
#1636=VECTOR('',#2534,1.);
#1637=VECTOR('',#2537,1.);
#1638=VECTOR('',#2540,1.);
#1639=VECTOR('',#2543,1.);
#1640=VECTOR('',#2546,1.);
#1641=VECTOR('',#2555,1.);
#1642=VECTOR('',#2556,1.);
#1643=VECTOR('',#2557,1.);
#1644=VECTOR('',#2558,1.);
#1645=VECTOR('',#2561,1.);
#1646=VECTOR('',#2562,1.);
#1647=VECTOR('',#2563,1.);
#1648=VECTOR('',#2564,1.);
#1649=VECTOR('',#2565,1.);
#1650=VECTOR('',#2566,1.);
#1651=VECTOR('',#2567,1.);
#1652=VECTOR('',#2568,1.);
#1653=VECTOR('',#2569,1.);
#1654=VECTOR('',#2570,1.);
#1655=VECTOR('',#2571,1.);
#1656=VECTOR('',#2574,1.);
#1657=VECTOR('',#2575,1.);
#1658=VECTOR('',#2576,1.);
#1659=VECTOR('',#2579,1.);
#1660=VECTOR('',#2580,1.);
#1661=VECTOR('',#2581,1.);
#1662=VECTOR('',#2582,1.);
#1663=VECTOR('',#2583,1.);
#1664=VECTOR('',#2584,1.);
#1665=VECTOR('',#2585,1.);
#1666=VECTOR('',#2586,1.);
#1667=VECTOR('',#2587,1.);
#1668=VECTOR('',#2588,1.);
#1669=VECTOR('',#2591,1.);
#1670=VECTOR('',#2594,1.);
#1671=VECTOR('',#2597,1.);
#1672=VECTOR('',#2598,1.);
#1673=VECTOR('',#2601,1.);
#1674=VECTOR('',#2606,1.);
#1675=VECTOR('',#2609,1.);
#1676=VECTOR('',#2610,1.);
#1677=VECTOR('',#2611,1.);
#1678=VECTOR('',#2612,1.);
#1679=VECTOR('',#2613,1.);
#1680=VECTOR('',#2620,1.);
#1681=VECTOR('',#2621,1.);
#1682=VECTOR('',#2622,1.);
#1683=VECTOR('',#2625,1.);
#1684=VECTOR('',#2626,1.);
#1685=VECTOR('',#2631,1.);
#1686=VECTOR('',#2632,1.);
#1687=VECTOR('',#2635,1.);
#1688=VECTOR('',#2642,1.);
#1689=EDGE_LOOP('',(#185,#186,#187,#188));
#1690=EDGE_LOOP('',(#189,#190,#191,#192,#193,#194,#195,#196,#197,#198,#199,
#200,#201,#202,#203,#204,#205,#206,#207,#208,#209,#210));
#1691=EDGE_LOOP('',(#211,#212,#213,#214));
#1692=EDGE_LOOP('',(#215,#216,#217,#218));
#1693=EDGE_LOOP('',(#219,#220,#221,#222,#223,#224,#225,#226,#227,#228,#229,
#230,#231,#232,#233,#234,#235,#236,#237,#238));
#1694=EDGE_LOOP('',(#239,#240,#241,#242));
#1695=EDGE_LOOP('',(#243,#244,#245,#246));
#1696=EDGE_LOOP('',(#247,#248,#249,#250));
#1697=EDGE_LOOP('',(#251,#252,#253,#254));
#1698=EDGE_LOOP('',(#255,#256,#257,#258,#259,#260,#261,#262,#263));
#1699=EDGE_LOOP('',(#264,#265,#266,#267));
#1700=EDGE_LOOP('',(#268,#269,#270,#271));
#1701=EDGE_LOOP('',(#272,#273,#274,#275));
#1702=EDGE_LOOP('',(#276,#277,#278,#279));
#1703=EDGE_LOOP('',(#280,#281,#282,#283,#284,#285,#286,#287,#288));
#1704=EDGE_LOOP('',(#289,#290,#291,#292));
#1705=EDGE_LOOP('',(#293,#294,#295,#296));
#1706=EDGE_LOOP('',(#297,#298,#299,#300));
#1707=EDGE_LOOP('',(#301,#302,#303,#304));
#1708=EDGE_LOOP('',(#305,#306,#307,#308));
#1709=EDGE_LOOP('',(#309,#310,#311,#312));
#1710=EDGE_LOOP('',(#313,#314,#315,#316));
#1711=EDGE_LOOP('',(#317,#318,#319,#320));
#1712=EDGE_LOOP('',(#321,#322,#323,#324));
#1713=EDGE_LOOP('',(#325,#326,#327,#328));
#1714=EDGE_LOOP('',(#329,#330,#331,#332));
#1715=EDGE_LOOP('',(#333,#334,#335,#336));
#1716=EDGE_LOOP('',(#337,#338,#339,#340,#341,#342,#343,#344));
#1717=EDGE_LOOP('',(#345,#346,#347,#348,#349,#350,#351,#352,#353,#354,#355,
#356));
#1718=EDGE_LOOP('',(#357,#358,#359,#360));
#1719=EDGE_LOOP('',(#361,#362,#363,#364,#365,#366,#367,#368,#369,#370,#371,
#372));
#1720=EDGE_LOOP('',(#373,#374,#375,#376));
#1721=EDGE_LOOP('',(#377,#378,#379,#380,#381,#382));
#1722=EDGE_LOOP('',(#383,#384,#385,#386));
#1723=EDGE_LOOP('',(#387,#388,#389,#390));
#1724=EDGE_LOOP('',(#391));
#1725=EDGE_LOOP('',(#392,#393,#394,#395));
#1726=EDGE_LOOP('',(#396,#397,#398,#399));
#1727=EDGE_LOOP('',(#400,#401,#402,#403));
#1728=EDGE_LOOP('',(#404,#405,#406,#407));
#1729=EDGE_LOOP('',(#408));
#1730=EDGE_LOOP('',(#409,#410,#411,#412));
#1731=EDGE_LOOP('',(#413,#414,#415,#416));
#1732=EDGE_LOOP('',(#417,#418,#419,#420));
#1733=EDGE_LOOP('',(#421,#422,#423,#424));
#1734=EDGE_LOOP('',(#425,#426,#427,#428));
#1735=EDGE_LOOP('',(#429,#430,#431,#432,#433,#434,#435,#436,#437,#438,#439,
#440,#441,#442,#443,#444,#445,#446,#447,#448,#449,#450,#451,#452,#453,#454,
#455,#456,#457,#458,#459,#460,#461,#462,#463,#464,#465,#466,#467,#468));
#1736=EDGE_LOOP('',(#469));
#1737=EDGE_LOOP('',(#470,#471,#472,#473,#474,#475,#476,#477,#478,#479,#480,
#481,#482,#483,#484,#485,#486,#487,#488,#489,#490,#491,#492,#493,#494,#495,
#496,#497,#498,#499,#500,#501,#502,#503,#504,#505,#506,#507,#508,#509));
#1738=EDGE_LOOP('',(#510));
#1739=EDGE_LOOP('',(#511,#512,#513,#514));
#1740=EDGE_LOOP('',(#515,#516,#517,#518));
#1741=EDGE_LOOP('',(#519,#520,#521,#522));
#1742=EDGE_LOOP('',(#523,#524,#525,#526));
#1743=EDGE_LOOP('',(#527,#528,#529,#530));
#1744=EDGE_LOOP('',(#531,#532,#533,#534));
#1745=EDGE_LOOP('',(#535,#536,#537,#538));
#1746=EDGE_LOOP('',(#539,#540,#541,#542));
#1747=EDGE_LOOP('',(#543,#544,#545,#546));
#1748=EDGE_LOOP('',(#547,#548,#549,#550));
#1749=EDGE_LOOP('',(#551,#552,#553,#554));
#1750=EDGE_LOOP('',(#555,#556,#557,#558));
#1751=EDGE_LOOP('',(#559,#560,#561,#562));
#1752=EDGE_LOOP('',(#563,#564,#565,#566));
#1753=EDGE_LOOP('',(#567,#568,#569,#570));
#1754=EDGE_LOOP('',(#571,#572,#573,#574));
#1755=EDGE_LOOP('',(#575,#576,#577,#578));
#1756=EDGE_LOOP('',(#579,#580,#581,#582));
#1757=EDGE_LOOP('',(#583,#584,#585,#586));
#1758=EDGE_LOOP('',(#587,#588,#589,#590));
#1759=EDGE_LOOP('',(#591,#592,#593,#594));
#1760=EDGE_LOOP('',(#595,#596,#597,#598));
#1761=EDGE_LOOP('',(#599,#600,#601,#602));
#1762=EDGE_LOOP('',(#603,#604,#605,#606));
#1763=EDGE_LOOP('',(#607,#608,#609,#610));
#1764=EDGE_LOOP('',(#611,#612,#613,#614));
#1765=EDGE_LOOP('',(#615,#616,#617,#618));
#1766=EDGE_LOOP('',(#619,#620,#621,#622));
#1767=EDGE_LOOP('',(#623,#624,#625,#626));
#1768=EDGE_LOOP('',(#627,#628,#629,#630));
#1769=EDGE_LOOP('',(#631,#632,#633,#634));
#1770=EDGE_LOOP('',(#635,#636,#637,#638));
#1771=EDGE_LOOP('',(#639,#640,#641,#642));
#1772=EDGE_LOOP('',(#643,#644,#645,#646));
#1773=EDGE_LOOP('',(#647,#648,#649,#650));
#1774=EDGE_LOOP('',(#651,#652,#653,#654));
#1775=EDGE_LOOP('',(#655,#656,#657,#658));
#1776=EDGE_LOOP('',(#659,#660,#661,#662));
#1777=EDGE_LOOP('',(#663,#664,#665,#666));
#1778=EDGE_LOOP('',(#667,#668,#669,#670,#671,#672));
#1779=EDGE_LOOP('',(#673,#674,#675,#676));
#1780=EDGE_LOOP('',(#677,#678,#679,#680));
#1781=EDGE_LOOP('',(#681,#682,#683,#684));
#1782=EDGE_LOOP('',(#685,#686,#687,#688));
#1783=EDGE_LOOP('',(#689,#690,#691,#692));
#1784=EDGE_LOOP('',(#693,#694,#695,#696));
#1785=EDGE_LOOP('',(#697,#698,#699,#700));
#1786=EDGE_LOOP('',(#701,#702,#703,#704));
#1787=EDGE_LOOP('',(#705,#706,#707,#708));
#1788=EDGE_LOOP('',(#709,#710,#711,#712,#713,#714,#715,#716,#717,#718,#719,
#720));
#1789=EDGE_LOOP('',(#721,#722,#723,#724));
#1790=EDGE_LOOP('',(#725,#726,#727,#728,#729,#730,#731,#732,#733,#734,#735,
#736));
#1791=EDGE_LOOP('',(#737,#738,#739,#740));
#1792=EDGE_LOOP('',(#741,#742,#743,#744));
#1793=EDGE_LOOP('',(#745,#746,#747,#748));
#1794=EDGE_LOOP('',(#749,#750,#751,#752));
#1795=EDGE_LOOP('',(#753,#754,#755,#756));
#1796=EDGE_LOOP('',(#757,#758,#759,#760));
#1797=EDGE_LOOP('',(#761,#762,#763,#764));
#1798=EDGE_LOOP('',(#765,#766,#767,#768));
#1799=EDGE_LOOP('',(#769,#770,#771,#772));
#1800=EDGE_LOOP('',(#773));
#1801=EDGE_LOOP('',(#774,#775,#776,#777));
#1802=EDGE_LOOP('',(#778,#779,#780,#781));
#1803=EDGE_LOOP('',(#782));
#1804=EDGE_LOOP('',(#783,#784,#785,#786));
#1805=EDGE_LOOP('',(#787,#788,#789,#790));
#1806=EDGE_LOOP('',(#791,#792,#793,#794));
#1807=EDGE_LOOP('',(#795));
#1808=EDGE_LOOP('',(#796));
#1809=EDGE_LOOP('',(#797,#798,#799,#800));
#1810=EDGE_LOOP('',(#801,#802,#803,#804));
#1811=FACE_BOUND('',#1689,.T.);
#1812=FACE_BOUND('',#1690,.T.);
#1813=FACE_BOUND('',#1691,.T.);
#1814=FACE_BOUND('',#1692,.T.);
#1815=FACE_BOUND('',#1693,.T.);
#1816=FACE_BOUND('',#1694,.T.);
#1817=FACE_BOUND('',#1695,.T.);
#1818=FACE_BOUND('',#1696,.T.);
#1819=FACE_BOUND('',#1697,.T.);
#1820=FACE_BOUND('',#1698,.T.);
#1821=FACE_BOUND('',#1699,.T.);
#1822=FACE_BOUND('',#1700,.T.);
#1823=FACE_BOUND('',#1701,.T.);
#1824=FACE_BOUND('',#1702,.T.);
#1825=FACE_BOUND('',#1703,.T.);
#1826=FACE_BOUND('',#1704,.T.);
#1827=FACE_BOUND('',#1705,.T.);
#1828=FACE_BOUND('',#1706,.T.);
#1829=FACE_BOUND('',#1707,.T.);
#1830=FACE_BOUND('',#1708,.T.);
#1831=FACE_BOUND('',#1709,.T.);
#1832=FACE_BOUND('',#1710,.T.);
#1833=FACE_BOUND('',#1711,.T.);
#1834=FACE_BOUND('',#1712,.T.);
#1835=FACE_BOUND('',#1713,.T.);
#1836=FACE_BOUND('',#1714,.T.);
#1837=FACE_BOUND('',#1715,.T.);
#1838=FACE_BOUND('',#1716,.T.);
#1839=FACE_BOUND('',#1717,.T.);
#1840=FACE_BOUND('',#1718,.T.);
#1841=FACE_BOUND('',#1719,.T.);
#1842=FACE_BOUND('',#1720,.T.);
#1843=FACE_BOUND('',#1721,.T.);
#1844=FACE_BOUND('',#1722,.T.);
#1845=FACE_BOUND('',#1723,.T.);
#1846=FACE_BOUND('',#1724,.T.);
#1847=FACE_BOUND('',#1725,.T.);
#1848=FACE_BOUND('',#1726,.T.);
#1849=FACE_BOUND('',#1727,.T.);
#1850=FACE_BOUND('',#1728,.T.);
#1851=FACE_BOUND('',#1729,.T.);
#1852=FACE_BOUND('',#1730,.T.);
#1853=FACE_BOUND('',#1731,.T.);
#1854=FACE_BOUND('',#1732,.T.);
#1855=FACE_BOUND('',#1733,.T.);
#1856=FACE_BOUND('',#1734,.T.);
#1857=FACE_BOUND('',#1735,.T.);
#1858=FACE_BOUND('',#1736,.T.);
#1859=FACE_BOUND('',#1737,.T.);
#1860=FACE_BOUND('',#1738,.T.);
#1861=FACE_BOUND('',#1739,.T.);
#1862=FACE_BOUND('',#1740,.T.);
#1863=FACE_BOUND('',#1741,.T.);
#1864=FACE_BOUND('',#1742,.T.);
#1865=FACE_BOUND('',#1743,.T.);
#1866=FACE_BOUND('',#1744,.T.);
#1867=FACE_BOUND('',#1745,.T.);
#1868=FACE_BOUND('',#1746,.T.);
#1869=FACE_BOUND('',#1747,.T.);
#1870=FACE_BOUND('',#1748,.T.);
#1871=FACE_BOUND('',#1749,.T.);
#1872=FACE_BOUND('',#1750,.T.);
#1873=FACE_BOUND('',#1751,.T.);
#1874=FACE_BOUND('',#1752,.T.);
#1875=FACE_BOUND('',#1753,.T.);
#1876=FACE_BOUND('',#1754,.T.);
#1877=FACE_BOUND('',#1755,.T.);
#1878=FACE_BOUND('',#1756,.T.);
#1879=FACE_BOUND('',#1757,.T.);
#1880=FACE_BOUND('',#1758,.T.);
#1881=FACE_BOUND('',#1759,.T.);
#1882=FACE_BOUND('',#1760,.T.);
#1883=FACE_BOUND('',#1761,.T.);
#1884=FACE_BOUND('',#1762,.T.);
#1885=FACE_BOUND('',#1763,.T.);
#1886=FACE_BOUND('',#1764,.T.);
#1887=FACE_BOUND('',#1765,.T.);
#1888=FACE_BOUND('',#1766,.T.);
#1889=FACE_BOUND('',#1767,.T.);
#1890=FACE_BOUND('',#1768,.T.);
#1891=FACE_BOUND('',#1769,.T.);
#1892=FACE_BOUND('',#1770,.T.);
#1893=FACE_BOUND('',#1771,.T.);
#1894=FACE_BOUND('',#1772,.T.);
#1895=FACE_BOUND('',#1773,.T.);
#1896=FACE_BOUND('',#1774,.T.);
#1897=FACE_BOUND('',#1775,.T.);
#1898=FACE_BOUND('',#1776,.T.);
#1899=FACE_BOUND('',#1777,.T.);
#1900=FACE_BOUND('',#1778,.T.);
#1901=FACE_BOUND('',#1779,.T.);
#1902=FACE_BOUND('',#1780,.T.);
#1903=FACE_BOUND('',#1781,.T.);
#1904=FACE_BOUND('',#1782,.T.);
#1905=FACE_BOUND('',#1783,.T.);
#1906=FACE_BOUND('',#1784,.T.);
#1907=FACE_BOUND('',#1785,.T.);
#1908=FACE_BOUND('',#1786,.T.);
#1909=FACE_BOUND('',#1787,.T.);
#1910=FACE_BOUND('',#1788,.T.);
#1911=FACE_BOUND('',#1789,.T.);
#1912=FACE_BOUND('',#1790,.T.);
#1913=FACE_BOUND('',#1791,.T.);
#1914=FACE_BOUND('',#1792,.T.);
#1915=FACE_BOUND('',#1793,.T.);
#1916=FACE_BOUND('',#1794,.T.);
#1917=FACE_BOUND('',#1795,.T.);
#1918=FACE_BOUND('',#1796,.T.);
#1919=FACE_BOUND('',#1797,.T.);
#1920=FACE_BOUND('',#1798,.T.);
#1921=FACE_BOUND('',#1799,.T.);
#1922=FACE_BOUND('',#1800,.T.);
#1923=FACE_BOUND('',#1801,.T.);
#1924=FACE_BOUND('',#1802,.T.);
#1925=FACE_BOUND('',#1803,.T.);
#1926=FACE_BOUND('',#1804,.T.);
#1927=FACE_BOUND('',#1805,.T.);
#1928=FACE_BOUND('',#1806,.T.);
#1929=FACE_BOUND('',#1807,.T.);
#1930=FACE_BOUND('',#1808,.T.);
#1931=FACE_BOUND('',#1809,.T.);
#1932=FACE_BOUND('',#1810,.T.);
#1933=PLANE('',#2135);
#1934=PLANE('',#2136);
#1935=PLANE('',#2137);
#1936=PLANE('',#2138);
#1937=PLANE('',#2139);
#1938=PLANE('',#2140);
#1939=PLANE('',#2141);
#1940=PLANE('',#2143);
#1941=PLANE('',#2144);
#1942=PLANE('',#2145);
#1943=PLANE('',#2146);
#1944=PLANE('',#2147);
#1945=PLANE('',#2179);
#1946=PLANE('',#2180);
#1947=PLANE('',#2181);
#1948=PLANE('',#2182);
#1949=PLANE('',#2183);
#1950=PLANE('',#2184);
#1951=PLANE('',#2185);
#1952=PLANE('',#2186);
#1953=PLANE('',#2187);
#1954=PLANE('',#2188);
#1955=PLANE('',#2189);
#1956=PLANE('',#2191);
#1957=PLANE('',#2192);
#1958=PLANE('',#2193);
#1959=PLANE('',#2194);
#1960=PLANE('',#2196);
#1961=PLANE('',#2197);
#1962=PLANE('',#2198);
#1963=PLANE('',#2202);
#1964=PLANE('',#2203);
#1965=PLANE('',#2204);
#1966=PLANE('',#2205);
#1967=PLANE('',#2206);
#1968=PLANE('',#2207);
#1969=PLANE('',#2208);
#1970=PLANE('',#2209);
#1971=PLANE('',#2210);
#1972=PLANE('',#2211);
#1973=PLANE('',#2212);
#1974=PLANE('',#2213);
#1975=PLANE('',#2214);
#1976=PLANE('',#2215);
#1977=PLANE('',#2216);
#1978=PLANE('',#2217);
#1979=PLANE('',#2218);
#1980=PLANE('',#2219);
#1981=PLANE('',#2221);
#1982=PLANE('',#2222);
#1983=PLANE('',#2223);
#1984=PLANE('',#2224);
#1985=PLANE('',#2225);
#1986=PLANE('',#2226);
#1987=PLANE('',#2227);
#1988=PLANE('',#2228);
#1989=PLANE('',#2229);
#1990=PLANE('',#2230);
#1991=PLANE('',#2231);
#1992=PLANE('',#2232);
#1993=PLANE('',#2233);
#1994=PLANE('',#2235);
#1995=PLANE('',#2236);
#1996=PLANE('',#2238);
#1997=PLANE('',#2239);
#1998=PLANE('',#2241);
#1999=PLANE('',#2242);
#2000=ADVANCED_FACE('',(#1811),#1933,.T.);
#2001=ADVANCED_FACE('',(#1812,#1813),#1934,.T.);
#2002=ADVANCED_FACE('',(#1814),#1935,.T.);
#2003=ADVANCED_FACE('',(#1815,#1816,#1817),#1936,.F.);
#2004=ADVANCED_FACE('',(#1818),#1937,.F.);
#2005=ADVANCED_FACE('',(#1819),#1938,.F.);
#2006=ADVANCED_FACE('',(#1820),#1939,.T.);
#2007=ADVANCED_FACE('',(#1821),#1940,.F.);
#2008=ADVANCED_FACE('',(#1822),#1941,.T.);
#2009=ADVANCED_FACE('',(#1823),#1942,.F.);
#2010=ADVANCED_FACE('',(#1824),#1943,.T.);
#2011=ADVANCED_FACE('',(#1825),#1944,.F.);
#2012=ADVANCED_FACE('',(#1826),#147,.F.);
#2013=ADVANCED_FACE('',(#1827),#148,.F.);
#2014=ADVANCED_FACE('',(#1828),#149,.F.);
#2015=ADVANCED_FACE('',(#1829),#150,.F.);
#2016=ADVANCED_FACE('',(#1830),#151,.F.);
#2017=ADVANCED_FACE('',(#1831),#152,.F.);
#2018=ADVANCED_FACE('',(#1832),#153,.F.);
#2019=ADVANCED_FACE('',(#1833),#154,.F.);
#2020=ADVANCED_FACE('',(#1834),#155,.F.);
#2021=ADVANCED_FACE('',(#1835),#156,.F.);
#2022=ADVANCED_FACE('',(#1836),#1945,.F.);
#2023=ADVANCED_FACE('',(#1837),#1946,.T.);
#2024=ADVANCED_FACE('',(#1838),#1947,.F.);
#2025=ADVANCED_FACE('',(#1839),#1948,.T.);
#2026=ADVANCED_FACE('',(#1840),#1949,.T.);
#2027=ADVANCED_FACE('',(#1841),#1950,.F.);
#2028=ADVANCED_FACE('',(#1842),#1951,.T.);
#2029=ADVANCED_FACE('',(#1843),#1952,.F.);
#2030=ADVANCED_FACE('',(#1844),#1953,.T.);
#2031=ADVANCED_FACE('',(#1845),#1954,.F.);
#2032=ADVANCED_FACE('',(#1846,#1847),#1955,.T.);
#2033=ADVANCED_FACE('',(#1848),#1956,.F.);
#2034=ADVANCED_FACE('',(#1849),#1957,.T.);
#2035=ADVANCED_FACE('',(#1850),#1958,.T.);
#2036=ADVANCED_FACE('',(#1851,#1852),#1959,.T.);
#2037=ADVANCED_FACE('',(#1853),#1960,.F.);
#2038=ADVANCED_FACE('',(#1854),#1961,.F.);
#2039=ADVANCED_FACE('',(#1855),#1962,.F.);
#2040=ADVANCED_FACE('',(#1856),#157,.T.);
#2041=ADVANCED_FACE('',(#1857,#1858),#105,.F.);
#2042=ADVANCED_FACE('',(#1859,#1860),#106,.F.);
#2043=ADVANCED_FACE('',(#1861),#15,.F.);
#2044=ADVANCED_FACE('',(#1862),#16,.F.);
#2045=ADVANCED_FACE('',(#1863),#17,.F.);
#2046=ADVANCED_FACE('',(#1864),#18,.F.);
#2047=ADVANCED_FACE('',(#1865),#19,.F.);
#2048=ADVANCED_FACE('',(#1866),#20,.F.);
#2049=ADVANCED_FACE('',(#1867),#21,.F.);
#2050=ADVANCED_FACE('',(#1868),#22,.F.);
#2051=ADVANCED_FACE('',(#1869),#23,.F.);
#2052=ADVANCED_FACE('',(#1870),#24,.F.);
#2053=ADVANCED_FACE('',(#1871),#25,.F.);
#2054=ADVANCED_FACE('',(#1872),#26,.F.);
#2055=ADVANCED_FACE('',(#1873),#27,.F.);
#2056=ADVANCED_FACE('',(#1874),#28,.F.);
#2057=ADVANCED_FACE('',(#1875),#29,.F.);
#2058=ADVANCED_FACE('',(#1876),#30,.F.);
#2059=ADVANCED_FACE('',(#1877),#31,.F.);
#2060=ADVANCED_FACE('',(#1878),#32,.F.);
#2061=ADVANCED_FACE('',(#1879),#33,.F.);
#2062=ADVANCED_FACE('',(#1880),#34,.F.);
#2063=ADVANCED_FACE('',(#1881),#35,.F.);
#2064=ADVANCED_FACE('',(#1882),#36,.F.);
#2065=ADVANCED_FACE('',(#1883),#37,.F.);
#2066=ADVANCED_FACE('',(#1884),#38,.F.);
#2067=ADVANCED_FACE('',(#1885),#39,.F.);
#2068=ADVANCED_FACE('',(#1886),#40,.F.);
#2069=ADVANCED_FACE('',(#1887),#41,.F.);
#2070=ADVANCED_FACE('',(#1888),#42,.F.);
#2071=ADVANCED_FACE('',(#1889),#43,.F.);
#2072=ADVANCED_FACE('',(#1890),#44,.F.);
#2073=ADVANCED_FACE('',(#1891),#1963,.F.);
#2074=ADVANCED_FACE('',(#1892),#1964,.F.);
#2075=ADVANCED_FACE('',(#1893),#1965,.F.);
#2076=ADVANCED_FACE('',(#1894),#1966,.F.);
#2077=ADVANCED_FACE('',(#1895),#1967,.T.);
#2078=ADVANCED_FACE('',(#1896),#1968,.T.);
#2079=ADVANCED_FACE('',(#1897),#1969,.F.);
#2080=ADVANCED_FACE('',(#1898),#1970,.F.);
#2081=ADVANCED_FACE('',(#1899),#1971,.T.);
#2082=ADVANCED_FACE('',(#1900),#1972,.F.);
#2083=ADVANCED_FACE('',(#1901),#1973,.F.);
#2084=ADVANCED_FACE('',(#1902),#1974,.T.);
#2085=ADVANCED_FACE('',(#1903),#1975,.T.);
#2086=ADVANCED_FACE('',(#1904),#1976,.T.);
#2087=ADVANCED_FACE('',(#1905),#1977,.T.);
#2088=ADVANCED_FACE('',(#1906),#1978,.T.);
#2089=ADVANCED_FACE('',(#1907),#1979,.T.);
#2090=ADVANCED_FACE('',(#1908),#1980,.T.);
#2091=ADVANCED_FACE('',(#1909),#1981,.T.);
#2092=ADVANCED_FACE('',(#1910),#1982,.T.);
#2093=ADVANCED_FACE('',(#1911),#1983,.F.);
#2094=ADVANCED_FACE('',(#1912),#1984,.F.);
#2095=ADVANCED_FACE('',(#1913),#1985,.T.);
#2096=ADVANCED_FACE('',(#1914),#1986,.T.);
#2097=ADVANCED_FACE('',(#1915),#1987,.T.);
#2098=ADVANCED_FACE('',(#1916),#1988,.T.);
#2099=ADVANCED_FACE('',(#1917),#1989,.T.);
#2100=ADVANCED_FACE('',(#1918),#1990,.F.);
#2101=ADVANCED_FACE('',(#1919,#1920),#1991,.T.);
#2102=ADVANCED_FACE('',(#1921),#1992,.T.);
#2103=ADVANCED_FACE('',(#1922,#1923),#1993,.T.);
#2104=ADVANCED_FACE('',(#1924),#1994,.F.);
#2105=ADVANCED_FACE('',(#1925,#1926),#1995,.F.);
#2106=ADVANCED_FACE('',(#1927),#1996,.T.);
#2107=ADVANCED_FACE('',(#1928),#1997,.T.);
#2108=ADVANCED_FACE('',(#1929,#1930),#158,.F.);
#2109=ADVANCED_FACE('',(#1931),#1998,.T.);
#2110=ADVANCED_FACE('',(#1932),#1999,.T.);
#2111=CLOSED_SHELL('',(#2000,#2001,#2002,#2003,#2004,#2005,#2006,#2007,
#2008,#2009,#2010,#2011,#2012,#2013,#2014,#2015,#2016,#2017,#2018,#2019,
#2020,#2021,#2022,#2023,#2024,#2025,#2026,#2027,#2028,#2029,#2030,#2031,
#2032,#2033,#2034,#2035,#2036,#2037,#2038,#2039,#2040,#2041,#2042,#2043,
#2044,#2045,#2046,#2047,#2048,#2049,#2050,#2051,#2052,#2053,#2054,#2055,
#2056,#2057,#2058,#2059,#2060,#2061,#2062,#2063,#2064,#2065,#2066,#2067,
#2068,#2069,#2070,#2071,#2072,#2073,#2074,#2075,#2076,#2077,#2078,#2079,
#2080,#2081,#2082,#2083,#2084,#2085,#2086,#2087,#2088,#2089,#2090));
#2112=CLOSED_SHELL('',(#2091,#2092,#2093,#2094,#2095,#2096,#2097,#2098,
#2099,#2100,#2101,#2102,#2103,#2104,#2105,#2106,#2107,#2108,#2109,#2110));
#2113=STYLED_ITEM('',(#2115),#2128);
#2114=STYLED_ITEM('',(#2116),#2129);
#2115=PRESENTATION_STYLE_ASSIGNMENT((#2117));
#2116=PRESENTATION_STYLE_ASSIGNMENT((#2118));
#2117=SURFACE_STYLE_USAGE(.BOTH.,#2119);
#2118=SURFACE_STYLE_USAGE(.BOTH.,#2120);
#2119=SURFACE_SIDE_STYLE('',(#2121));
#2120=SURFACE_SIDE_STYLE('',(#2122));
#2121=SURFACE_STYLE_FILL_AREA(#2123);
#2122=SURFACE_STYLE_FILL_AREA(#2124);
#2123=FILL_AREA_STYLE('',(#2125));
#2124=FILL_AREA_STYLE('',(#2126));
#2125=FILL_AREA_STYLE_COLOUR('',#2127);
#2126=FILL_AREA_STYLE_COLOUR('',#10);
#2127=COLOUR_RGB('',0.96078431372549,0.835294117647059,0.470588235294118);
#2128=MANIFOLD_SOLID_BREP('Base/Clamp',#2111);
#2129=MANIFOLD_SOLID_BREP('Top Extension/Pen hole',#2112);
#2130=SHAPE_DEFINITION_REPRESENTATION(#5136,#2132);
#2131=SHAPE_DEFINITION_REPRESENTATION(#5137,#2133);
#2132=SHAPE_REPRESENTATION('Base/Clamp',(#2134),#5126);
#2133=SHAPE_REPRESENTATION('Top Extension/Pen hole',(#2220),#5127);
#2134=AXIS2_PLACEMENT_3D('',#2645,#2243,#2244);
#2135=AXIS2_PLACEMENT_3D('',#2646,#2245,#2246);
#2136=AXIS2_PLACEMENT_3D('',#2655,#2251,#2252);
#2137=AXIS2_PLACEMENT_3D('',#2705,#2278,#2279);
#2138=AXIS2_PLACEMENT_3D('',#2711,#2283,#2284);
#2139=AXIS2_PLACEMENT_3D('',#2762,#2311,#2312);
#2140=AXIS2_PLACEMENT_3D('',#2765,#2315,#2316);
#2141=AXIS2_PLACEMENT_3D('',#2766,#2317,#2318);
#2142=AXIS2_PLACEMENT_3D('',#2771,#2321,#2322);
#2143=AXIS2_PLACEMENT_3D('',#2778,#2326,#2327);
#2144=AXIS2_PLACEMENT_3D('',#2781,#2330,#2331);
#2145=AXIS2_PLACEMENT_3D('',#2784,#2334,#2335);
#2146=AXIS2_PLACEMENT_3D('',#2787,#2338,#2339);
#2147=AXIS2_PLACEMENT_3D('',#2788,#2340,#2341);
#2148=AXIS2_PLACEMENT_3D('',#2795,#2345,#2346);
#2149=AXIS2_PLACEMENT_3D('',#2800,#2349,#2350);
#2150=AXIS2_PLACEMENT_3D('',#2820,#2351,#2352);
#2151=AXIS2_PLACEMENT_3D('',#2840,#2353,#2354);
#2152=AXIS2_PLACEMENT_3D('',#2841,#2355,#2356);
#2153=AXIS2_PLACEMENT_3D('',#2861,#2357,#2358);
#2154=AXIS2_PLACEMENT_3D('',#2881,#2359,#2360);
#2155=AXIS2_PLACEMENT_3D('',#2882,#2361,#2362);
#2156=AXIS2_PLACEMENT_3D('',#2902,#2363,#2364);
#2157=AXIS2_PLACEMENT_3D('',#2922,#2365,#2366);
#2158=AXIS2_PLACEMENT_3D('',#2923,#2367,#2368);
#2159=AXIS2_PLACEMENT_3D('',#2943,#2369,#2370);
#2160=AXIS2_PLACEMENT_3D('',#2963,#2371,#2372);
#2161=AXIS2_PLACEMENT_3D('',#2964,#2373,#2374);
#2162=AXIS2_PLACEMENT_3D('',#2984,#2375,#2376);
#2163=AXIS2_PLACEMENT_3D('',#3004,#2377,#2378);
#2164=AXIS2_PLACEMENT_3D('',#3005,#2379,#2380);
#2165=AXIS2_PLACEMENT_3D('',#3025,#2381,#2382);
#2166=AXIS2_PLACEMENT_3D('',#3045,#2383,#2384);
#2167=AXIS2_PLACEMENT_3D('',#3046,#2385,#2386);
#2168=AXIS2_PLACEMENT_3D('',#3066,#2387,#2388);
#2169=AXIS2_PLACEMENT_3D('',#3086,#2389,#2390);
#2170=AXIS2_PLACEMENT_3D('',#3087,#2391,#2392);
#2171=AXIS2_PLACEMENT_3D('',#3107,#2393,#2394);
#2172=AXIS2_PLACEMENT_3D('',#3127,#2395,#2396);
#2173=AXIS2_PLACEMENT_3D('',#3128,#2397,#2398);
#2174=AXIS2_PLACEMENT_3D('',#3148,#2399,#2400);
#2175=AXIS2_PLACEMENT_3D('',#3168,#2401,#2402);
#2176=AXIS2_PLACEMENT_3D('',#3169,#2403,#2404);
#2177=AXIS2_PLACEMENT_3D('',#3189,#2405,#2406);
#2178=AXIS2_PLACEMENT_3D('',#3209,#2407,#2408);
#2179=AXIS2_PLACEMENT_3D('',#3210,#2409,#2410);
#2180=AXIS2_PLACEMENT_3D('',#3213,#2413,#2414);
#2181=AXIS2_PLACEMENT_3D('',#3219,#2418,#2419);
#2182=AXIS2_PLACEMENT_3D('',#3227,#2424,#2425);
#2183=AXIS2_PLACEMENT_3D('',#3247,#2436,#2437);
#2184=AXIS2_PLACEMENT_3D('',#3253,#2441,#2442);
#2185=AXIS2_PLACEMENT_3D('',#3272,#2453,#2454);
#2186=AXIS2_PLACEMENT_3D('',#3275,#2457,#2458);
#2187=AXIS2_PLACEMENT_3D('',#3278,#2461,#2462);
#2188=AXIS2_PLACEMENT_3D('',#3281,#2465,#2466);
#2189=AXIS2_PLACEMENT_3D('',#3282,#2467,#2468);
#2190=AXIS2_PLACEMENT_3D('',#3283,#2469,#2470);
#2191=AXIS2_PLACEMENT_3D('',#3285,#2471,#2472);
#2192=AXIS2_PLACEMENT_3D('',#3287,#2474,#2475);
#2193=AXIS2_PLACEMENT_3D('',#3288,#2476,#2477);
#2194=AXIS2_PLACEMENT_3D('',#3289,#2478,#2479);
#2195=AXIS2_PLACEMENT_3D('',#3290,#2480,#2481);
#2196=AXIS2_PLACEMENT_3D('',#3293,#2483,#2484);
#2197=AXIS2_PLACEMENT_3D('',#3294,#2485,#2486);
#2198=AXIS2_PLACEMENT_3D('',#3296,#2488,#2489);
#2199=AXIS2_PLACEMENT_3D('',#3298,#2491,#2492);
#2200=AXIS2_PLACEMENT_3D('',#3299,#2493,#2494);
#2201=AXIS2_PLACEMENT_3D('',#3450,#2495,#2496);
#2202=AXIS2_PLACEMENT_3D('',#4981,#2497,#2498);
#2203=AXIS2_PLACEMENT_3D('',#4982,#2499,#2500);
#2204=AXIS2_PLACEMENT_3D('',#4984,#2502,#2503);
#2205=AXIS2_PLACEMENT_3D('',#4989,#2507,#2508);
#2206=AXIS2_PLACEMENT_3D('',#4993,#2511,#2512);
#2207=AXIS2_PLACEMENT_3D('',#4997,#2516,#2517);
#2208=AXIS2_PLACEMENT_3D('',#4999,#2519,#2520);
#2209=AXIS2_PLACEMENT_3D('',#5001,#2522,#2523);
#2210=AXIS2_PLACEMENT_3D('',#5003,#2525,#2526);
#2211=AXIS2_PLACEMENT_3D('',#5004,#2527,#2528);
#2212=AXIS2_PLACEMENT_3D('',#5005,#2529,#2530);
#2213=AXIS2_PLACEMENT_3D('',#5007,#2532,#2533);
#2214=AXIS2_PLACEMENT_3D('',#5009,#2535,#2536);
#2215=AXIS2_PLACEMENT_3D('',#5011,#2538,#2539);
#2216=AXIS2_PLACEMENT_3D('',#5013,#2541,#2542);
#2217=AXIS2_PLACEMENT_3D('',#5015,#2544,#2545);
#2218=AXIS2_PLACEMENT_3D('',#5017,#2547,#2548);
#2219=AXIS2_PLACEMENT_3D('',#5018,#2549,#2550);
#2220=AXIS2_PLACEMENT_3D('',#5019,#2551,#2552);
#2221=AXIS2_PLACEMENT_3D('',#5020,#2553,#2554);
#2222=AXIS2_PLACEMENT_3D('',#5029,#2559,#2560);
#2223=AXIS2_PLACEMENT_3D('',#5051,#2572,#2573);
#2224=AXIS2_PLACEMENT_3D('',#5057,#2577,#2578);
#2225=AXIS2_PLACEMENT_3D('',#5076,#2589,#2590);
#2226=AXIS2_PLACEMENT_3D('',#5078,#2592,#2593);
#2227=AXIS2_PLACEMENT_3D('',#5080,#2595,#2596);
#2228=AXIS2_PLACEMENT_3D('',#5083,#2599,#2600);
#2229=AXIS2_PLACEMENT_3D('',#5085,#2602,#2603);
#2230=AXIS2_PLACEMENT_3D('',#5086,#2604,#2605);
#2231=AXIS2_PLACEMENT_3D('',#5088,#2607,#2608);
#2232=AXIS2_PLACEMENT_3D('',#5098,#2614,#2615);
#2233=AXIS2_PLACEMENT_3D('',#5099,#2616,#2617);
#2234=AXIS2_PLACEMENT_3D('',#5100,#2618,#2619);
#2235=AXIS2_PLACEMENT_3D('',#5107,#2623,#2624);
#2236=AXIS2_PLACEMENT_3D('',#5111,#2627,#2628);
#2237=AXIS2_PLACEMENT_3D('',#5112,#2629,#2630);
#2238=AXIS2_PLACEMENT_3D('',#5117,#2633,#2634);
#2239=AXIS2_PLACEMENT_3D('',#5119,#2636,#2637);
#2240=AXIS2_PLACEMENT_3D('',#5120,#2638,#2639);
#2241=AXIS2_PLACEMENT_3D('',#5121,#2640,#2641);
#2242=AXIS2_PLACEMENT_3D('',#5123,#2643,#2644);
#2243=DIRECTION('',(0.,0.,1.));
#2244=DIRECTION('',(1.,0.,0.));
#2245=DIRECTION('',(-1.,0.,-3.64246399155235E-16));
#2246=DIRECTION('',(0.,-1.,0.));
#2247=DIRECTION('',(3.64246399155235E-16,0.,-1.));
#2248=DIRECTION('',(0.,-1.,0.));
#2249=DIRECTION('',(3.64246399155235E-16,0.,-1.));
#2250=DIRECTION('',(0.,-1.,0.));
#2251=DIRECTION('',(0.,-1.,0.));
#2252=DIRECTION('',(0.,0.,-1.));
#2253=DIRECTION('',(1.,0.,3.64246399155235E-16));
#2254=DIRECTION('',(3.64246399155235E-16,0.,-1.));
#2255=DIRECTION('',(1.,0.,0.));
#2256=DIRECTION('',(0.,0.,1.));
#2257=DIRECTION('',(-1.,0.,-3.64246399155235E-16));
#2258=DIRECTION('',(3.64246399155235E-16,0.,-1.));
#2259=DIRECTION('',(1.,0.,3.64246399155235E-16));
#2260=DIRECTION('',(3.64246399155235E-16,0.,-1.));
#2261=DIRECTION('',(3.64246399155235E-16,0.,-1.));
#2262=DIRECTION('',(1.,0.,0.));
#2263=DIRECTION('',(0.,0.,1.));
#2264=DIRECTION('',(1.,0.,0.));
#2265=DIRECTION('',(3.64246399155235E-16,0.,-1.));
#2266=DIRECTION('',(3.64246399155235E-16,0.,-1.));
#2267=DIRECTION('',(1.,0.,3.64246399155235E-16));
#2268=DIRECTION('',(3.64246399155235E-16,0.,-1.));
#2269=DIRECTION('',(1.,0.,3.64246399155235E-16));
#2270=DIRECTION('',(3.64246399155235E-16,0.,-1.));
#2271=DIRECTION('',(1.,0.,3.64246399155235E-16));
#2272=DIRECTION('',(3.64246399155235E-16,0.,-1.));
#2273=DIRECTION('',(1.,0.,3.64246399155235E-16));
#2274=DIRECTION('',(3.64246399155235E-16,0.,-1.));
#2275=DIRECTION('',(1.,0.,0.));
#2276=DIRECTION('',(1.,0.,0.));
#2277=DIRECTION('',(3.64246399155235E-16,0.,-1.));
#2278=DIRECTION('',(-3.64246399155235E-16,0.,1.));
#2279=DIRECTION('',(1.,0.,3.64246399155235E-16));
#2280=DIRECTION('',(0.,1.,0.));
#2281=DIRECTION('',(0.,-1.,0.));
#2282=DIRECTION('',(1.,0.,3.64246399155235E-16));
#2283=DIRECTION('',(0.,-1.,0.));
#2284=DIRECTION('',(0.,0.,-1.));
#2285=DIRECTION('',(1.,0.,3.64246399155235E-16));
#2286=DIRECTION('',(3.64246399155235E-16,0.,-1.));
#2287=DIRECTION('',(1.,0.,3.64246399155235E-16));
#2288=DIRECTION('',(3.64246399155235E-16,0.,-1.));
#2289=DIRECTION('',(1.,0.,3.64246399155235E-16));
#2290=DIRECTION('',(3.64246399155235E-16,0.,-1.));
#2291=DIRECTION('',(1.,0.,3.64246399155235E-16));
#2292=DIRECTION('',(3.64246399155235E-16,0.,-1.));
#2293=DIRECTION('',(-1.,0.,0.));
#2294=DIRECTION('',(0.,0.,-1.));
#2295=DIRECTION('',(-1.,0.,0.));
#2296=DIRECTION('',(3.64246399155235E-16,0.,-1.));
#2297=DIRECTION('',(1.,0.,3.64246399155235E-16));
#2298=DIRECTION('',(3.64246399155235E-16,0.,-1.));
#2299=DIRECTION('',(-1.,0.,-3.64246399155235E-16));
#2300=DIRECTION('',(0.,0.,1.));
#2301=DIRECTION('',(-1.,0.,0.));
#2302=DIRECTION('',(3.64246399155235E-16,0.,-1.));
#2303=DIRECTION('',(3.64246399155235E-16,0.,-1.));
#2304=DIRECTION('',(-1.,0.,0.));
#2305=DIRECTION('',(3.64246399155235E-16,0.,-1.));
#2306=DIRECTION('',(-1.,0.,0.));
#2307=DIRECTION('',(3.64246399155235E-16,0.,-1.));
#2308=DIRECTION('',(-1.,0.,0.));
#2309=DIRECTION('',(0.,0.,1.));
#2310=DIRECTION('',(-1.,0.,0.));
#2311=DIRECTION('',(-3.64246399155235E-16,0.,1.));
#2312=DIRECTION('',(1.,0.,3.64246399155235E-16));
#2313=DIRECTION('',(0.,1.,0.));
#2314=DIRECTION('',(0.,-1.,0.));
#2315=DIRECTION('',(-1.,0.,-3.64246399155235E-16));
#2316=DIRECTION('',(0.,-1.,0.));
#2317=DIRECTION('',(1.,0.,3.64246399155235E-16));
#2318=DIRECTION('',(3.64246399155235E-16,0.,-1.));
#2319=DIRECTION('',(0.,1.,0.));
#2320=DIRECTION('',(-2.57561098865449E-16,0.707106781186547,0.707106781186548));
#2321=DIRECTION('',(1.,0.,3.64246399155235E-16));
#2322=DIRECTION('',(3.64246399155235E-16,0.,-1.));
#2323=DIRECTION('',(3.64246399155235E-16,0.,-1.));
#2324=DIRECTION('',(0.,-1.,0.));
#2325=DIRECTION('',(3.64246399155235E-16,0.,-1.));
#2326=DIRECTION('',(-1.,0.,-3.64246399155235E-16));
#2327=DIRECTION('',(0.,-1.,0.));
#2328=DIRECTION('',(0.,1.,0.));
#2329=DIRECTION('',(0.,1.,0.));
#2330=DIRECTION('',(-3.64246399155235E-16,0.,1.));
#2331=DIRECTION('',(1.,0.,3.64246399155235E-16));
#2332=DIRECTION('',(0.,-1.,0.));
#2333=DIRECTION('',(0.,-1.,0.));
#2334=DIRECTION('',(-3.64246399155235E-16,0.,1.));
#2335=DIRECTION('',(1.,0.,3.64246399155235E-16));
#2336=DIRECTION('',(0.,-1.,0.));
#2337=DIRECTION('',(0.,-1.,0.));
#2338=DIRECTION('',(-1.,0.,-3.64246399155235E-16));
#2339=DIRECTION('',(0.,-1.,0.));
#2340=DIRECTION('',(1.,0.,3.64246399155235E-16));
#2341=DIRECTION('',(3.64246399155235E-16,0.,-1.));
#2342=DIRECTION('',(3.64246399155235E-16,0.,-1.));
#2343=DIRECTION('',(0.,-1.,0.));
#2344=DIRECTION('',(3.64246399155235E-16,0.,-1.));
#2345=DIRECTION('',(1.,0.,3.64246399155235E-16));
#2346=DIRECTION('',(3.64246399155235E-16,0.,-1.));
#2347=DIRECTION('',(2.57561098865449E-16,-0.707106781186547,-0.707106781186548));
#2348=DIRECTION('',(0.,1.,0.));
#2349=DIRECTION('',(3.64246399155235E-16,0.,-1.));
#2350=DIRECTION('',(-1.,0.,-3.64246399155235E-16));
#2351=DIRECTION('',(3.64246399155235E-16,0.,-1.));
#2352=DIRECTION('',(-1.,0.,-3.64246399155235E-16));
#2353=DIRECTION('',(-3.64246399155235E-16,0.,1.));
#2354=DIRECTION('',(1.,0.,3.64246399155235E-16));
#2355=DIRECTION('',(3.64246399155235E-16,0.,-1.));
#2356=DIRECTION('',(-1.,0.,-3.64246399155235E-16));
#2357=DIRECTION('',(3.64246399155235E-16,0.,-1.));
#2358=DIRECTION('',(-1.,0.,-3.64246399155235E-16));
#2359=DIRECTION('',(-3.64246399155235E-16,0.,1.));
#2360=DIRECTION('',(1.,0.,3.64246399155235E-16));
#2361=DIRECTION('',(3.64246399155235E-16,0.,-1.));
#2362=DIRECTION('',(-1.,0.,-3.64246399155235E-16));
#2363=DIRECTION('',(3.64246399155235E-16,0.,-1.));
#2364=DIRECTION('',(-1.,0.,-3.64246399155235E-16));
#2365=DIRECTION('',(-3.64246399155235E-16,0.,1.));
#2366=DIRECTION('',(1.,0.,3.64246399155235E-16));
#2367=DIRECTION('',(3.64246399155235E-16,0.,-1.));
#2368=DIRECTION('',(-1.,0.,-3.64246399155235E-16));
#2369=DIRECTION('',(-3.64246399155235E-16,0.,1.));
#2370=DIRECTION('',(1.,0.,3.64246399155235E-16));
#2371=DIRECTION('',(3.64246399155235E-16,0.,-1.));
#2372=DIRECTION('',(-1.,0.,-3.64246399155235E-16));
#2373=DIRECTION('',(3.64246399155235E-16,0.,-1.));
#2374=DIRECTION('',(-1.,0.,-3.64246399155235E-16));
#2375=DIRECTION('',(3.64246399155235E-16,0.,-1.));
#2376=DIRECTION('',(-1.,0.,-3.64246399155235E-16));
#2377=DIRECTION('',(-3.64246399155235E-16,0.,1.));
#2378=DIRECTION('',(1.,0.,3.64246399155235E-16));
#2379=DIRECTION('',(3.64246399155235E-16,0.,-1.));
#2380=DIRECTION('',(-1.,0.,-3.64246399155235E-16));
#2381=DIRECTION('',(3.64246399155235E-16,0.,-1.));
#2382=DIRECTION('',(-1.,0.,-3.64246399155235E-16));
#2383=DIRECTION('',(-3.64246399155235E-16,0.,1.));
#2384=DIRECTION('',(1.,0.,3.64246399155235E-16));
#2385=DIRECTION('',(3.64246399155235E-16,0.,-1.));
#2386=DIRECTION('',(-1.,0.,-3.64246399155235E-16));
#2387=DIRECTION('',(3.64246399155235E-16,0.,-1.));
#2388=DIRECTION('',(-1.,0.,-3.64246399155235E-16));
#2389=DIRECTION('',(-3.64246399155235E-16,0.,1.));
#2390=DIRECTION('',(1.,0.,3.64246399155235E-16));
#2391=DIRECTION('',(3.64246399155235E-16,0.,-1.));
#2392=DIRECTION('',(-1.,0.,-3.64246399155235E-16));
#2393=DIRECTION('',(-3.64246399155235E-16,0.,1.));
#2394=DIRECTION('',(1.,0.,3.64246399155235E-16));
#2395=DIRECTION('',(3.64246399155235E-16,0.,-1.));
#2396=DIRECTION('',(-1.,0.,-3.64246399155235E-16));
#2397=DIRECTION('',(3.64246399155235E-16,0.,-1.));
#2398=DIRECTION('',(-1.,0.,-3.64246399155235E-16));
#2399=DIRECTION('',(-3.64246399155235E-16,0.,1.));
#2400=DIRECTION('',(1.,0.,3.64246399155235E-16));
#2401=DIRECTION('',(3.64246399155235E-16,0.,-1.));
#2402=DIRECTION('',(-1.,0.,-3.64246399155235E-16));
#2403=DIRECTION('',(3.64246399155235E-16,0.,-1.));
#2404=DIRECTION('',(-1.,0.,-3.64246399155235E-16));
#2405=DIRECTION('',(-3.64246399155235E-16,0.,1.));
#2406=DIRECTION('',(1.,0.,3.64246399155235E-16));
#2407=DIRECTION('',(3.64246399155235E-16,0.,-1.));
#2408=DIRECTION('',(-1.,0.,-3.64246399155235E-16));
#2409=DIRECTION('',(0.,1.,0.));
#2410=DIRECTION('',(0.,0.,1.));
#2411=DIRECTION('',(1.,0.,3.64246399155235E-16));
#2412=DIRECTION('',(1.,0.,3.64246399155235E-16));
#2413=DIRECTION('',(0.,-1.,0.));
#2414=DIRECTION('',(0.,0.,-1.));
#2415=DIRECTION('',(1.,0.,3.64246399155235E-16));
#2416=DIRECTION('',(1.,0.,3.64246399155235E-16));
#2417=DIRECTION('',(3.64246399155235E-16,0.,-1.));
#2418=DIRECTION('',(3.64246399155235E-16,0.,-1.));
#2419=DIRECTION('',(-1.,0.,-3.64246399155235E-16));
#2420=DIRECTION('',(1.,0.,3.64246399155235E-16));
#2421=DIRECTION('',(0.,1.,0.));
#2422=DIRECTION('',(1.,0.,3.64246399155235E-16));
#2423=DIRECTION('',(0.,1.,0.));
#2424=DIRECTION('',(1.,0.,3.64246399155235E-16));
#2425=DIRECTION('',(3.64246399155235E-16,0.,-1.));
#2426=DIRECTION('',(3.64246399155235E-16,0.,-1.));
#2427=DIRECTION('',(0.,1.,0.));
#2428=DIRECTION('',(-3.64246399155235E-16,-2.73184799366426E-16,1.));
#2429=DIRECTION('',(0.,1.,0.));
#2430=DIRECTION('',(3.64246399155235E-16,0.,-1.));
#2431=DIRECTION('',(0.,1.,0.));
#2432=DIRECTION('',(3.64246399155235E-16,0.,-1.));
#2433=DIRECTION('',(0.,1.,0.));
#2434=DIRECTION('',(3.64246399155235E-16,0.,-1.));
#2435=DIRECTION('',(0.,1.,0.));
#2436=DIRECTION('',(0.,-1.,0.));
#2437=DIRECTION('',(1.,0.,0.));
#2438=DIRECTION('',(3.64246399155235E-16,0.,-1.));
#2439=DIRECTION('',(1.,0.,3.64246399155235E-16));
#2440=DIRECTION('',(1.,0.,0.));
#2441=DIRECTION('',(1.,0.,3.64246399155235E-16));
#2442=DIRECTION('',(3.64246399155235E-16,0.,-1.));
#2443=DIRECTION('',(0.,1.,0.));
#2444=DIRECTION('',(0.,1.,0.));
#2445=DIRECTION('',(3.64246399155235E-16,0.,-1.));
#2446=DIRECTION('',(0.,1.,0.));
#2447=DIRECTION('',(3.64246399155235E-16,0.,-1.));
#2448=DIRECTION('',(3.64246399155235E-16,0.,-1.));
#2449=DIRECTION('',(0.,1.,0.));
#2450=DIRECTION('',(3.64246399155235E-16,0.,-1.));
#2451=DIRECTION('',(0.,1.,0.));
#2452=DIRECTION('',(-3.64246399155235E-16,-2.73184799366426E-16,1.));
#2453=DIRECTION('',(0.,-1.,0.));
#2454=DIRECTION('',(1.,0.,0.));
#2455=DIRECTION('',(1.,0.,0.));
#2456=DIRECTION('',(1.,0.,0.));
#2457=DIRECTION('',(0.,0.,-1.));
#2458=DIRECTION('',(-1.,0.,0.));
#2459=DIRECTION('',(1.,0.,3.64246399155235E-16));
#2460=DIRECTION('',(-1.,0.,0.));
#2461=DIRECTION('',(0.,0.,-1.));
#2462=DIRECTION('',(-1.,0.,0.));
#2463=DIRECTION('',(1.,0.,3.64246399155235E-16));
#2464=DIRECTION('',(-1.,0.,0.));
#2465=DIRECTION('',(0.,-1.,0.));
#2466=DIRECTION('',(1.,0.,0.));
#2467=DIRECTION('',(0.,0.,1.));
#2468=DIRECTION('',(1.,0.,0.));
#2469=DIRECTION('',(3.64246399155235E-16,0.,-1.));
#2470=DIRECTION('',(-1.,0.,-3.64246399155235E-16));
#2471=DIRECTION('',(0.,0.,1.));
#2472=DIRECTION('',(1.,0.,0.));
#2473=DIRECTION('',(1.,0.,0.));
#2474=DIRECTION('',(0.,-1.,0.));
#2475=DIRECTION('',(1.,0.,0.));
#2476=DIRECTION('',(0.,-1.,0.));
#2477=DIRECTION('',(0.,0.,-1.));
#2478=DIRECTION('',(3.64246399155235E-16,0.,-1.));
#2479=DIRECTION('',(-1.,0.,-3.64246399155235E-16));
#2480=DIRECTION('',(3.64246399155235E-16,0.,-1.));
#2481=DIRECTION('',(-1.,0.,-3.64246399155235E-16));
#2482=DIRECTION('',(1.,0.,3.64246399155235E-16));
#2483=DIRECTION('',(-9.95065794731661E-32,1.,2.73184799366426E-16));
#2484=DIRECTION('',(0.,-2.73184799366426E-16,1.));
#2485=DIRECTION('',(3.64246399155235E-16,0.,-1.));
#2486=DIRECTION('',(-1.,0.,-3.64246399155235E-16));
#2487=DIRECTION('',(1.,0.,3.64246399155235E-16));
#2488=DIRECTION('',(2.57561098865448E-16,0.707106781186548,-0.707106781186547));
#2489=DIRECTION('',(1.,0.,3.64246399155235E-16));
#2490=DIRECTION('',(-1.,2.46519032881566E-32,-3.64246399155235E-16));
#2491=DIRECTION('',(-1.,0.,-3.64246399155235E-16));
#2492=DIRECTION('',(-3.64246399155235E-16,0.,1.));
#2493=DIRECTION('',(3.64246399155235E-16,0.,-1.));
#2494=DIRECTION('',(-1.,0.,-3.64246399155235E-16));
#2495=DIRECTION('',(-3.64246399155235E-16,0.,1.));
#2496=DIRECTION('',(1.,0.,3.64246399155235E-16));
#2497=DIRECTION('',(0.,0.,-1.));
#2498=DIRECTION('',(-1.,0.,0.));
#2499=DIRECTION('',(1.,0.,3.64246399155235E-16));
#2500=DIRECTION('',(3.64246399155235E-16,0.,-1.));
#2501=DIRECTION('',(0.,1.,0.));
#2502=DIRECTION('',(0.,0.,-1.));
#2503=DIRECTION('',(-1.,0.,0.));
#2504=DIRECTION('',(0.,1.,0.));
#2505=DIRECTION('',(-1.,0.,0.));
#2506=DIRECTION('',(0.,1.,0.));
#2507=DIRECTION('',(1.,0.,0.));
#2508=DIRECTION('',(0.,0.,-1.));
#2509=DIRECTION('',(0.,1.,0.));
#2510=DIRECTION('',(0.,0.,-1.));
#2511=DIRECTION('',(1.,0.,3.64246399155235E-16));
#2512=DIRECTION('',(3.64246399155235E-16,0.,-1.));
#2513=DIRECTION('',(3.64246399155235E-16,0.,-1.));
#2514=DIRECTION('',(0.,1.,0.));
#2515=DIRECTION('',(0.,1.,0.));
#2516=DIRECTION('',(0.,0.,-1.));
#2517=DIRECTION('',(-1.,0.,0.));
#2518=DIRECTION('',(-1.,0.,0.));
#2519=DIRECTION('',(0.,0.,-1.));
#2520=DIRECTION('',(-1.,0.,0.));
#2521=DIRECTION('',(0.,1.,0.));
#2522=DIRECTION('',(1.,0.,0.));
#2523=DIRECTION('',(0.,0.,-1.));
#2524=DIRECTION('',(0.,1.,0.));
#2525=DIRECTION('',(0.,0.,-1.));
#2526=DIRECTION('',(-1.,0.,0.));
#2527=DIRECTION('',(0.,1.,0.));
#2528=DIRECTION('',(-1.,0.,0.));
#2529=DIRECTION('',(1.,0.,3.64246399155235E-16));
#2530=DIRECTION('',(3.64246399155235E-16,0.,-1.));
#2531=DIRECTION('',(0.,-1.,0.));
#2532=DIRECTION('',(-3.64246399155235E-16,0.,1.));
#2533=DIRECTION('',(1.,0.,3.64246399155235E-16));
#2534=DIRECTION('',(0.,-1.,0.));
#2535=DIRECTION('',(1.,0.,3.64246399155235E-16));
#2536=DIRECTION('',(3.64246399155235E-16,0.,-1.));
#2537=DIRECTION('',(0.,1.,0.));
#2538=DIRECTION('',(-3.64246399155235E-16,0.,1.));
#2539=DIRECTION('',(1.,0.,3.64246399155235E-16));
#2540=DIRECTION('',(0.,1.,0.));
#2541=DIRECTION('',(1.,0.,0.));
#2542=DIRECTION('',(0.,0.,-1.));
#2543=DIRECTION('',(0.,1.,0.));
#2544=DIRECTION('',(0.,0.,-1.));
#2545=DIRECTION('',(1.,0.,0.));
#2546=DIRECTION('',(0.,1.,0.));
#2547=DIRECTION('',(1.,0.,3.64246399155235E-16));
#2548=DIRECTION('',(3.64246399155235E-16,0.,-1.));
#2549=DIRECTION('',(0.,0.,-1.));
#2550=DIRECTION('',(-1.,0.,0.));
#2551=DIRECTION('',(0.,0.,1.));
#2552=DIRECTION('',(1.,0.,0.));
#2553=DIRECTION('',(0.,-1.,0.));
#2554=DIRECTION('',(0.,0.,-1.));
#2555=DIRECTION('',(1.,0.,0.));
#2556=DIRECTION('',(0.,0.,1.));
#2557=DIRECTION('',(1.,0.,0.));
#2558=DIRECTION('',(0.,0.,1.));
#2559=DIRECTION('',(-1.,0.,0.));
#2560=DIRECTION('',(0.,0.,1.));
#2561=DIRECTION('',(0.,-1.,0.));
#2562=DIRECTION('',(3.64246399155235E-16,0.,-1.));
#2563=DIRECTION('',(0.,1.,0.));
#2564=DIRECTION('',(3.64246399155235E-16,0.,-1.));
#2565=DIRECTION('',(0.,-1.,0.));
#2566=DIRECTION('',(3.64246399155235E-16,0.,-1.));
#2567=DIRECTION('',(0.,-1.,0.));
#2568=DIRECTION('',(0.,0.,1.));
#2569=DIRECTION('',(0.,-1.,0.));
#2570=DIRECTION('',(0.,0.,1.));
#2571=DIRECTION('',(0.,-1.,0.));
#2572=DIRECTION('',(0.,-1.,0.));
#2573=DIRECTION('',(0.,0.,-1.));
#2574=DIRECTION('',(0.,0.,1.));
#2575=DIRECTION('',(-1.,0.,0.));
#2576=DIRECTION('',(1.,0.,0.));
#2577=DIRECTION('',(-1.,0.,0.));
#2578=DIRECTION('',(0.,0.,1.));
#2579=DIRECTION('',(0.,-1.,0.));
#2580=DIRECTION('',(0.,0.,1.));
#2581=DIRECTION('',(0.,-1.,0.));
#2582=DIRECTION('',(0.,-1.,0.));
#2583=DIRECTION('',(3.64246399155235E-16,0.,-1.));
#2584=DIRECTION('',(0.,-1.,0.));
#2585=DIRECTION('',(3.64246399155235E-16,0.,-1.));
#2586=DIRECTION('',(0.,1.,0.));
#2587=DIRECTION('',(3.64246399155235E-16,0.,-1.));
#2588=DIRECTION('',(0.,-1.,0.));
#2589=DIRECTION('',(0.,0.,-1.));
#2590=DIRECTION('',(1.,0.,0.));
#2591=DIRECTION('',(1.,0.,0.));
#2592=DIRECTION('',(0.,0.,-1.));
#2593=DIRECTION('',(-1.,0.,0.));
#2594=DIRECTION('',(1.,0.,0.));
#2595=DIRECTION('',(0.,0.,1.));
#2596=DIRECTION('',(1.,0.,0.));
#2597=DIRECTION('',(-1.,0.,0.));
#2598=DIRECTION('',(-1.,0.,0.));
#2599=DIRECTION('',(0.,0.,-1.));
#2600=DIRECTION('',(-1.,0.,0.));
#2601=DIRECTION('',(1.,0.,0.));
#2602=DIRECTION('',(0.,1.,0.));
#2603=DIRECTION('',(-1.,0.,0.));
#2604=DIRECTION('',(0.,-1.,0.));
#2605=DIRECTION('',(1.,0.,0.));
#2606=DIRECTION('',(1.,0.,3.64246399155235E-16));
#2607=DIRECTION('',(0.,-1.,0.));
#2608=DIRECTION('',(1.,0.,0.));
#2609=DIRECTION('',(1.,0.,3.64246399155235E-16));
#2610=DIRECTION('',(0.,0.,-1.));
#2611=DIRECTION('',(1.,0.,0.));
#2612=DIRECTION('',(0.,0.,-1.));
#2613=DIRECTION('',(1.,0.,0.));
#2614=DIRECTION('',(-3.64246399155235E-16,0.,1.));
#2615=DIRECTION('',(1.,0.,3.64246399155235E-16));
#2616=DIRECTION('',(0.,0.,1.));
#2617=DIRECTION('',(1.,0.,0.));
#2618=DIRECTION('',(0.,0.,1.));
#2619=DIRECTION('',(1.,0.,0.));
#2620=DIRECTION('',(0.,1.,0.));
#2621=DIRECTION('',(1.,0.,0.));
#2622=DIRECTION('',(0.,1.,0.));
#2623=DIRECTION('',(1.,0.,0.));
#2624=DIRECTION('',(0.,0.,-1.));
#2625=DIRECTION('',(0.,1.,0.));
#2626=DIRECTION('',(0.,0.,-1.));
#2627=DIRECTION('',(0.,0.,1.));
#2628=DIRECTION('',(1.,0.,0.));
#2629=DIRECTION('',(0.,0.,1.));
#2630=DIRECTION('',(1.,0.,0.));
#2631=DIRECTION('',(0.,1.,0.));
#2632=DIRECTION('',(1.,0.,0.));
#2633=DIRECTION('',(1.,0.,0.));
#2634=DIRECTION('',(0.,0.,-1.));
#2635=DIRECTION('',(0.,0.,-1.));
#2636=DIRECTION('',(0.,-1.,0.));
#2637=DIRECTION('',(1.,0.,0.));
#2638=DIRECTION('',(0.,0.,1.));
#2639=DIRECTION('',(1.,0.,0.));
#2640=DIRECTION('',(0.,0.,1.));
#2641=DIRECTION('',(1.,0.,0.));
#2642=DIRECTION('',(-1.,0.,0.));
#2643=DIRECTION('',(0.,1.,0.));
#2644=DIRECTION('',(-1.,0.,0.));
#2645=CARTESIAN_POINT('',(0.,0.,0.));
#2646=CARTESIAN_POINT('',(0.0130656590286254,-0.0181144974253845,0.109524783681297));
#2647=CARTESIAN_POINT('',(0.0130656590286254,-0.0127,0.10284173861146));
#2648=CARTESIAN_POINT('',(0.0130656590286254,-0.0127,0.105865798890591));
#2649=CARTESIAN_POINT('',(0.0130656590286254,-0.0127,0.0996348932385445));
#2650=CARTESIAN_POINT('',(0.0130656590286254,-0.0181144974253845,0.0996348932385445));
#2651=CARTESIAN_POINT('',(0.0130656590286254,-0.0234676599502564,0.0996348932385445));
#2652=CARTESIAN_POINT('',(0.0130656590286254,-0.0234676599502564,0.10284173861146));
#2653=CARTESIAN_POINT('',(0.0130656590286254,-0.0234676599502564,0.105865798890591));
#2654=CARTESIAN_POINT('',(0.0130656590286254,-0.0181144974253845,0.105865798890591));
#2655=CARTESIAN_POINT('',(0.0130656590286254,-0.0234676599502564,0.10284173861146));
#2656=CARTESIAN_POINT('',(0.0130656590286254,-0.0234676599502564,0.108782701194286));
#2657=CARTESIAN_POINT('',(0.0130709416,-0.0234676599502564,0.108782701194286));
#2658=CARTESIAN_POINT('',(0.0156056590286255,-0.0234676599502564,0.108782701194286));
#2659=CARTESIAN_POINT('',(0.0130709416,-0.0234676599502564,0.0747994443519563));
#2660=CARTESIAN_POINT('',(0.0130709415999999,-0.0234676599502564,0.122084591458321));
#2661=CARTESIAN_POINT('',(-0.0329030584,-0.0234676599502564,0.122084591458321));
#2662=CARTESIAN_POINT('',(0.0159919415999999,-0.0234676599502564,0.122084591458321));
#2663=CARTESIAN_POINT('',(0.0159919415999999,-0.0234676599502564,0.122084591458321));
#2664=CARTESIAN_POINT('',(0.0159919415999999,-0.0234676599502564,0.134276591458321));
#2665=CARTESIAN_POINT('',(0.0159919415999999,-0.0234676599502564,0.134276591458321));
#2666=CARTESIAN_POINT('',(0.0130709415999999,-0.0234676599502564,0.134276591458321));
#2667=CARTESIAN_POINT('',(0.0130709416,-0.0234676599502564,0.0747994443519563));
#2668=CARTESIAN_POINT('',(0.0130709415999999,-0.0234676599502564,0.145288));
#2669=CARTESIAN_POINT('',(-0.0329030584,-0.0234676599502564,0.145288));
#2670=CARTESIAN_POINT('',(-0.0130709409713746,-0.0234676599502564,0.145288));
#2671=CARTESIAN_POINT('',(-0.0130709409713746,-0.0234676599502564,0.145288));
#2672=CARTESIAN_POINT('',(-0.0130709409713746,-0.0234650699751282,0.134276591458321));
#2673=CARTESIAN_POINT('',(-0.0130709409713746,-0.02346198,0.145288));
#2674=CARTESIAN_POINT('',(-0.0130709409713746,-0.0234645699751282,0.131736591458321));
#2675=CARTESIAN_POINT('',(-0.0329030584,-0.0234676599502564,0.131736591458321));
#2676=CARTESIAN_POINT('',(0.0130709415999999,-0.0234676599502564,0.131736591458321));
#2677=CARTESIAN_POINT('',(0.0130709415999999,-0.0234676599502564,0.122084591458321));
#2678=CARTESIAN_POINT('',(0.0130709415999999,-0.0234676599502564,0.125111401081085));
#2679=CARTESIAN_POINT('',(-0.0329030584,-0.0234676599502564,0.125111401081085));
#2680=CARTESIAN_POINT('',(-0.0130709409713746,-0.0234648199751282,0.125111401081085));
#2681=CARTESIAN_POINT('',(-0.0130709409713746,-0.0234676599502564,0.145288));
#2682=CARTESIAN_POINT('',(-0.0130709409713746,-0.0234648199751282,0.122084591458321));
#2683=CARTESIAN_POINT('',(-0.0130709409713746,-0.0234676599502564,0.145288));
#2684=CARTESIAN_POINT('',(-0.0130709409713746,-0.0234676599502564,0.108782701194286));
#2685=CARTESIAN_POINT('',(-0.0156109409713746,-0.0234676599502564,0.108782701194286));
#2686=CARTESIAN_POINT('',(-0.0156109409713746,-0.0234676599502564,0.108782701194286));
#2687=CARTESIAN_POINT('',(-0.0156109409713746,-0.0234676599502564,0.10284173861146));
#2688=CARTESIAN_POINT('',(-0.0156109409713746,-0.0234676599502564,0.0969007760286331));
#2689=CARTESIAN_POINT('',(-0.0156109409713746,-0.0234676599502564,0.0969007760286331));
#2690=CARTESIAN_POINT('',(-0.0130709409713746,-0.0234676599502564,0.0969007760286331));
#2691=CARTESIAN_POINT('',(-0.0130709409713746,-0.0234676599502564,0.145288));
#2692=CARTESIAN_POINT('',(-0.0130709409713745,-0.0234676599502564,0.00431088870391249));
#2693=CARTESIAN_POINT('',(-0.0329030584,-0.0234676599502564,0.00431088870391248));
#2694=CARTESIAN_POINT('',(0.0130709416,-0.0234676599502564,0.0043108887039125));
#2695=CARTESIAN_POINT('',(0.0130709416,-0.0234676599502564,0.0747994443519563));
#2696=CARTESIAN_POINT('',(0.0130709416,-0.0234676599502564,0.0969007760286331));
#2697=CARTESIAN_POINT('',(0.0130656590286254,-0.0234676599502564,0.0969007760286331));
#2698=CARTESIAN_POINT('',(0.0156056590286255,-0.0234676599502564,0.0969007760286331));
#2699=CARTESIAN_POINT('',(0.0156056590286255,-0.0234676599502564,0.10284173861146));
#2700=CARTESIAN_POINT('',(-0.0329030584,-0.0234676599502564,0.105865798890591));
#2701=CARTESIAN_POINT('',(-0.0130709409713746,-0.0234676599502564,0.105865798890591));
#2702=CARTESIAN_POINT('',(-0.0329030584,-0.0234676599502564,0.0996348932385445));
#2703=CARTESIAN_POINT('',(-0.0130709409713746,-0.0234676599502564,0.0996348932385445));
#2704=CARTESIAN_POINT('',(-0.0130709409713746,-0.0234676599502564,0.10284173861146));
#2705=CARTESIAN_POINT('',(0.0130656590286254,-0.0180838299751282,0.108782701194286));
#2706=CARTESIAN_POINT('',(0.0130709416,-0.0180838299751282,0.108782701194286));
#2707=CARTESIAN_POINT('',(0.0130709416,-0.0127,0.108782701194286));
#2708=CARTESIAN_POINT('',(0.0156056590286255,-0.0180838299751282,0.108782701194286));
#2709=CARTESIAN_POINT('',(0.0156056590286255,-0.0127,0.108782701194286));
#2710=CARTESIAN_POINT('',(0.0130656590286254,-0.0127,0.108782701194286));
#2711=CARTESIAN_POINT('',(0.0130656590286254,-0.0127,0.10284173861146));
#2712=CARTESIAN_POINT('',(0.0130656590286254,-0.0127,0.0969007760286331));
#2713=CARTESIAN_POINT('',(0.0130709416,-0.0127,0.0969007760286331));
#2714=CARTESIAN_POINT('',(0.0156056590286255,-0.0127,0.0969007760286331));
#2715=CARTESIAN_POINT('',(0.0130709415999999,-0.0127,0.145288));
#2716=CARTESIAN_POINT('',(0.0130709416,-0.0127,0.));
#2717=CARTESIAN_POINT('',(-0.0588009983650854,-0.0127,-4.01530660572765E-17));
#2718=CARTESIAN_POINT('',(-0.0130709409713745,-0.0127,0.));
#2719=CARTESIAN_POINT('',(-0.0130709409713746,-0.0127,0.145288));
#2720=CARTESIAN_POINT('',(-0.0130709409713745,-0.0127,0.0969007760286331));
#2721=CARTESIAN_POINT('',(-0.0156109409713746,-0.0127,0.0969007760286331));
#2722=CARTESIAN_POINT('',(-0.0156109409713746,-0.0127,0.0969007760286331));
#2723=CARTESIAN_POINT('',(-0.0156109409713746,-0.0127,0.10284173861146));
#2724=CARTESIAN_POINT('',(-0.0156109409713746,-0.0127,0.108782701194286));
#2725=CARTESIAN_POINT('',(-0.0156109409713746,-0.0127,0.108782701194286));
#2726=CARTESIAN_POINT('',(-0.0130709409713746,-0.0127,0.108782701194286));
#2727=CARTESIAN_POINT('',(-0.0130709409713746,-0.0127,0.145288));
#2728=CARTESIAN_POINT('',(-0.0130709409713746,-0.0127,0.122084591458321));
#2729=CARTESIAN_POINT('',(-0.0144075183197856,-0.0127,0.122084591458321));
#2730=CARTESIAN_POINT('',(-0.0157440956681967,-0.0127,0.122084591458321));
#2731=CARTESIAN_POINT('',(-0.0157440956681967,-0.0127,0.128180591458321));
#2732=CARTESIAN_POINT('',(-0.0157440956681967,-0.0127,0.134276591458321));
#2733=CARTESIAN_POINT('',(-0.0144075183197856,-0.0127,0.134276591458321));
#2734=CARTESIAN_POINT('',(-0.0130709409713746,-0.0127,0.134276591458321));
#2735=CARTESIAN_POINT('',(-0.0130709409713746,-0.0127,0.145288));
#2736=CARTESIAN_POINT('',(-0.0130709409713746,-0.0127,0.145288));
#2737=CARTESIAN_POINT('',(-0.0588009983650855,-0.0127,0.145288));
#2738=CARTESIAN_POINT('',(0.0130709415999999,-0.0127,0.145288));
#2739=CARTESIAN_POINT('',(0.0130709415999999,-0.0127,0.145288));
#2740=CARTESIAN_POINT('',(0.0130709415999999,-0.0127,0.134276591458321));
#2741=CARTESIAN_POINT('',(0.0159919415999999,-0.0127,0.134276591458321));
#2742=CARTESIAN_POINT('',(0.0159919415999999,-0.0127,0.134276591458321));
#2743=CARTESIAN_POINT('',(0.0159919415999999,-0.0127,0.122084591458321));
#2744=CARTESIAN_POINT('',(0.0159919415999999,-0.0127,0.122084591458321));
#2745=CARTESIAN_POINT('',(3.14312692192842E-10,-0.0127,0.122084591458321));
#2746=CARTESIAN_POINT('',(0.0130709415999999,-0.0127,0.122084591458321));
#2747=CARTESIAN_POINT('',(0.0130709415999999,-0.0127,0.145288));
#2748=CARTESIAN_POINT('',(0.0156056590286255,-0.0127,0.10284173861146));
#2749=CARTESIAN_POINT('',(3.14312700866459E-10,-0.0127,0.105865798890591));
#2750=CARTESIAN_POINT('',(-0.0130709409713746,-0.0127,0.105865798890591));
#2751=CARTESIAN_POINT('',(-0.0130709409713746,-0.0127,0.10284173861146));
#2752=CARTESIAN_POINT('',(-0.0130709409713746,-0.0127,0.0996348932385445));
#2753=CARTESIAN_POINT('',(3.14312700866459E-10,-0.0127,0.0996348932385445));
#2754=CARTESIAN_POINT('',(-0.0130709409713746,-0.0127,0.145288));
#2755=CARTESIAN_POINT('',(-0.0130709409713746,-0.0127,0.131736591458321));
#2756=CARTESIAN_POINT('',(-0.0130709409713746,-0.0127,0.125111401081085));
#2757=CARTESIAN_POINT('',(3.14312692192842E-10,-0.0127,0.125111401081085));
#2758=CARTESIAN_POINT('',(0.0130709415999999,-0.0127,0.125111401081085));
#2759=CARTESIAN_POINT('',(0.0130709415999999,-0.0127,0.122084591458321));
#2760=CARTESIAN_POINT('',(0.0130709415999999,-0.0127,0.131736591458321));
#2761=CARTESIAN_POINT('',(3.14312692192842E-10,-0.0127,0.131736591458321));
#2762=CARTESIAN_POINT('',(0.0130656590286254,-0.0180838299751282,0.0969007760286331));
#2763=CARTESIAN_POINT('',(0.0130709416,-0.0180838299751282,0.0969007760286331));
#2764=CARTESIAN_POINT('',(0.0156056590286255,-0.0180838299751282,0.0969007760286331));
#2765=CARTESIAN_POINT('',(0.0156056590286255,-0.0181144974253845,0.109524783681297));
#2766=CARTESIAN_POINT('',(0.0130709415999999,-0.0239759651780128,0.145288));
#2767=CARTESIAN_POINT('',(0.0130709416,-0.029359795153141,0.0043108887039125));
#2768=CARTESIAN_POINT('',(0.0130709416,-0.0238219303560257,0.0043108887039125));
#2769=CARTESIAN_POINT('',(0.0130709416,0.0465896078810245,0.0747224269409628));
#2770=CARTESIAN_POINT('',(0.0130709416,-0.0325431225812143,-0.00441030352127618));
#2771=CARTESIAN_POINT('',(0.0130709416,-0.0260034821134031,-0.0109499439890874));
#2772=CARTESIAN_POINT('',(0.0130709416,-0.0352519303560257,-0.0109499439890874));
#2773=CARTESIAN_POINT('',(0.0130709415999999,-0.0352519303560257,0.145288));
#2774=CARTESIAN_POINT('',(0.0130709416,-0.0352519303560257,-0.0127));
#2775=CARTESIAN_POINT('',(0.0130709416,-0.0239759651780128,-0.0127));
#2776=CARTESIAN_POINT('',(0.0130709416,-0.0127,-0.0127));
#2777=CARTESIAN_POINT('',(0.0130709415999999,-0.0127,0.145288));
#2778=CARTESIAN_POINT('',(-0.0130709409713746,-0.0181144974253845,0.109524783681297));
#2779=CARTESIAN_POINT('',(-0.0130709409713746,-0.0381,0.105865798890591));
#2780=CARTESIAN_POINT('',(-0.0130709409713745,-0.0381,0.0996348932385445));
#2781=CARTESIAN_POINT('',(-0.0156109409713746,-0.0180838299751282,0.108782701194286));
#2782=CARTESIAN_POINT('',(-0.0130709409713746,-0.0180838299751282,0.108782701194286));
#2783=CARTESIAN_POINT('',(-0.0156109409713746,-0.0180838299751282,0.108782701194286));
#2784=CARTESIAN_POINT('',(-0.0156109409713746,-0.0180838299751282,0.0969007760286331));
#2785=CARTESIAN_POINT('',(-0.0130709409713745,-0.0180838299751282,0.0969007760286331));
#2786=CARTESIAN_POINT('',(-0.0156109409713746,-0.0180838299751282,0.0969007760286331));
#2787=CARTESIAN_POINT('',(-0.0156109409713746,-0.0181144974253845,0.109524783681297));
#2788=CARTESIAN_POINT('',(-0.0130709409713746,-0.0239759651780128,0.145288));
#2789=CARTESIAN_POINT('',(-0.0130709409713746,-0.0127,0.145288));
#2790=CARTESIAN_POINT('',(-0.0130709409713745,-0.0127,-0.0127));
#2791=CARTESIAN_POINT('',(-0.0130709409713745,-0.0239759651780128,-0.0127));
#2792=CARTESIAN_POINT('',(-0.0130709409713745,-0.0352519303560257,-0.0127));
#2793=CARTESIAN_POINT('',(-0.0130709409713746,-0.0352519303560257,0.145288));
#2794=CARTESIAN_POINT('',(-0.0130709409713745,-0.0352519303560257,-0.0109499439890874));
#2795=CARTESIAN_POINT('',(-0.0130709409713745,-0.0260034821134031,-0.0109499439890874));
#2796=CARTESIAN_POINT('',(-0.0130709409713745,-0.0325431225812143,-0.00441030352127618));
#2797=CARTESIAN_POINT('',(-0.0130709409713745,-0.0238219303560257,0.00431088870391249));
#2798=CARTESIAN_POINT('',(-0.0130709409713745,-0.0238219303560257,0.00431088870391247));
#2799=CARTESIAN_POINT('',(-0.0130709409713745,-0.0239759651780128,0.00431088870391247));
#2800=CARTESIAN_POINT('',(2.11058022910511E-17,-0.0254,-0.05715));
#2801=CARTESIAN_POINT('',(0.0046294209899925,-0.0253999976387512,-0.0661559177812494));
#2802=CARTESIAN_POINT('',(0.00462942035729779,-0.024159548023059,-0.0648330011145827));
#2803=CARTESIAN_POINT('',(0.00400919500152202,-0.0230852874601023,-0.063510084447916));
#2804=CARTESIAN_POINT('',(0.00338896964574624,-0.0220110268971456,-0.0621871677812494));
#2805=CARTESIAN_POINT('',(0.00231470845009482,-0.0213908026372292,-0.0608642511145827));
#2806=CARTESIAN_POINT('',(0.0012404472544434,-0.0207705783773128,-0.0595413344479161));
#2807=CARTESIAN_POINT('',(-2.36124876999533E-9,-0.0207705790100075,-0.0582184177812494));
#2808=CARTESIAN_POINT('',(-0.00124045197694094,-0.0207705796427022,-0.0568955011145827));
#2809=CARTESIAN_POINT('',(-0.00231471253989765,-0.021390804998478,-0.0555725844479161));
#2810=CARTESIAN_POINT('',(-0.00338897310285437,-0.0220110303542538,-0.0542496677812494));
#2811=CARTESIAN_POINT('',(-0.00400919736277076,-0.0230852915499052,-0.0529267511145827));
#2812=CARTESIAN_POINT('',(-0.00462942162268716,-0.0241595527455566,-0.0516038344479161));
#2813=CARTESIAN_POINT('',(-0.00462942098999245,-0.0254000023612488,-0.0502809177812494));
#2814=CARTESIAN_POINT('',(-0.00462942035729775,-0.026640451976941,-0.0489580011145827));
#2815=CARTESIAN_POINT('',(-0.00400919500152198,-0.0277147125398976,-0.047635084447916));
#2816=CARTESIAN_POINT('',(-0.0033889696457462,-0.0287889731028544,-0.0463121677812494));
#2817=CARTESIAN_POINT('',(-0.00231470845009478,-0.0294091973627708,-0.0449892511145827));
#2818=CARTESIAN_POINT('',(0.0038894687569515,-0.0228893085631072,-0.0632636075698612));
#2819=CARTESIAN_POINT('',(-0.00457705385615111,-0.02470565376037,-0.0510363924301388));
#2820=CARTESIAN_POINT('',(2.33326618342212E-17,-0.0254,-0.0632636075698612));
#2821=CARTESIAN_POINT('',(0.00395561372886116,-0.0229948682508782,-0.0632636075698612));
#2822=CARTESIAN_POINT('',(0.00374528164292724,-0.0281211034742804,-0.069193412663985));
#2823=CARTESIAN_POINT('',(0.0044743991213822,-0.0271175582826309,-0.0678704959973183));
#2824=CARTESIAN_POINT('',(0.00460406078424271,-0.0258839039135893,-0.0665475793306516));
#2825=CARTESIAN_POINT('',(0.00473372244710323,-0.0246502495445477,-0.065224662663985));
#2826=CARTESIAN_POINT('',(0.00422918555651655,-0.0235170426900377,-0.0639017459973183));
#2827=CARTESIAN_POINT('',(0.00372464866592988,-0.0223838358355278,-0.0625788293306516));
#2828=CARTESIAN_POINT('',(0.00272110347428042,-0.0216547183570728,-0.061255912663985));
#2829=CARTESIAN_POINT('',(0.00171755828263096,-0.0209256008786179,-0.0599329959973183));
#2830=CARTESIAN_POINT('',(0.000483903913589331,-0.0207959392157573,-0.0586100793306516));
#2831=CARTESIAN_POINT('',(-0.0007497504554523,-0.0206662775528968,-0.0572871626639849));
#2832=CARTESIAN_POINT('',(-0.00188295730996227,-0.0211708144434835,-0.0559642459973183));
#2833=CARTESIAN_POINT('',(-0.00301616416447225,-0.0216753513340701,-0.0546413293306517));
#2834=CARTESIAN_POINT('',(-0.0037452816429272,-0.0226788965257196,-0.053318412663985));
#2835=CARTESIAN_POINT('',(-0.00447439912138216,-0.0236824417173691,-0.0519954959973183));
#2836=CARTESIAN_POINT('',(-0.00460406078424267,-0.0249160960864107,-0.0506725793306516));
#2837=CARTESIAN_POINT('',(-0.00473372244710319,-0.0261497504554524,-0.0493496626639849));
#2838=CARTESIAN_POINT('',(-0.00422918555651651,-0.0272829573099623,-0.0480267459973183));
#2839=CARTESIAN_POINT('',(-0.00455647334223942,-0.0245814101246302,-0.0510363924301388));
#2840=CARTESIAN_POINT('',(1.8878942747881E-17,-0.0254,-0.0510363924301388));
#2841=CARTESIAN_POINT('',(2.11058022910511E-17,-0.0254,-0.05715));
#2842=CARTESIAN_POINT('',(0.00374528164292724,-0.0281211034742804,-0.0661559177812494));
#2843=CARTESIAN_POINT('',(0.0044743991213822,-0.0271175582826309,-0.0648330011145827));
#2844=CARTESIAN_POINT('',(0.00460406078424271,-0.0258839039135893,-0.0635100844479161));
#2845=CARTESIAN_POINT('',(0.00473372244710323,-0.0246502495445477,-0.0621871677812494));
#2846=CARTESIAN_POINT('',(0.00422918555651655,-0.0235170426900377,-0.0608642511145827));
#2847=CARTESIAN_POINT('',(0.00372464866592988,-0.0223838358355278,-0.0595413344479161));
#2848=CARTESIAN_POINT('',(0.00272110347428042,-0.0216547183570728,-0.0582184177812494));
#2849=CARTESIAN_POINT('',(0.00171755828263096,-0.0209256008786179,-0.0568955011145827));
#2850=CARTESIAN_POINT('',(0.000483903913589329,-0.0207959392157573,-0.0555725844479161));
#2851=CARTESIAN_POINT('',(-0.000749750455452303,-0.0206662775528968,-0.0542496677812494));
#2852=CARTESIAN_POINT('',(-0.00188295730996228,-0.0211708144434835,-0.0529267511145827));
#2853=CARTESIAN_POINT('',(-0.00301616416447225,-0.0216753513340701,-0.0516038344479161));
#2854=CARTESIAN_POINT('',(-0.00374528164292721,-0.0226788965257196,-0.0502809177812494));
#2855=CARTESIAN_POINT('',(-0.00447439912138216,-0.0236824417173691,-0.0489580011145827));
#2856=CARTESIAN_POINT('',(-0.00460406078424267,-0.0249160960864107,-0.047635084447916));
#2857=CARTESIAN_POINT('',(-0.00473372244710319,-0.0261497504554524,-0.0463121677812494));
#2858=CARTESIAN_POINT('',(-0.00422918555651652,-0.0272829573099623,-0.0449892511145827));
#2859=CARTESIAN_POINT('',(0.00462239372312675,-0.0256549803345105,-0.0632636075698612));
#2860=CARTESIAN_POINT('',(-0.00329478787415592,-0.0221479373365651,-0.0510363924301388));
#2861=CARTESIAN_POINT('',(2.33326618342212E-17,-0.0254,-0.0632636075698612));
#2862=CARTESIAN_POINT('',(0.00461385970178573,-0.0257792589548399,-0.0632636075698612));
#2863=CARTESIAN_POINT('',(0.00143057200570484,-0.0298028402695399,-0.069193412663985));
#2864=CARTESIAN_POINT('',(0.00261030950033128,-0.0294195196558968,-0.0678704959973182));
#2865=CARTESIAN_POINT('',(0.0034403318336532,-0.0284976855193743,-0.0665475793306516));
#2866=CARTESIAN_POINT('',(0.00427035416697512,-0.0275758513828518,-0.065224662663985));
#2867=CARTESIAN_POINT('',(0.0045282575250791,-0.0263625084358867,-0.0639017459973183));
#2868=CARTESIAN_POINT('',(0.00478616088318309,-0.0251491654889216,-0.0625788293306516));
#2869=CARTESIAN_POINT('',(0.00440284026953991,-0.0239694279942952,-0.061255912663985));
#2870=CARTESIAN_POINT('',(0.00401951965589674,-0.0227896904996687,-0.0599329959973183));
#2871=CARTESIAN_POINT('',(0.00309768551937429,-0.0219596681663469,-0.0586100793306516));
#2872=CARTESIAN_POINT('',(0.00217585138285184,-0.0211296458330249,-0.0572871626639849));
#2873=CARTESIAN_POINT('',(0.000962508435886744,-0.0208717424749209,-0.0559642459973183));
#2874=CARTESIAN_POINT('',(-0.000250834511078352,-0.0206138391168169,-0.0546413293306517));
#2875=CARTESIAN_POINT('',(-0.0014305720057048,-0.0209971597304601,-0.053318412663985));
#2876=CARTESIAN_POINT('',(-0.00261030950033124,-0.0213804803441033,-0.0519954959973183));
#2877=CARTESIAN_POINT('',(-0.00344033183365316,-0.0223023144806257,-0.0506725793306516));
#2878=CARTESIAN_POINT('',(-0.00427035416697508,-0.0232241486171482,-0.049349662663985));
#2879=CARTESIAN_POINT('',(-0.00452825752507906,-0.0244374915641133,-0.0480267459973183));
#2880=CARTESIAN_POINT('',(-0.00320510931186996,-0.0220595190463718,-0.0510363924301388));
#2881=CARTESIAN_POINT('',(1.8878942747881E-17,-0.0254,-0.0510363924301388));
#2882=CARTESIAN_POINT('',(2.11058022910511E-17,-0.0254,-0.05715));
#2883=CARTESIAN_POINT('',(0.00143056751434274,-0.0209971582711281,-0.0661559177812494));
#2884=CARTESIAN_POINT('',(0.000250829628689466,-0.0206138388609418,-0.0648330011145827));
#2885=CARTESIAN_POINT('',(-0.000962513055186373,-0.0208717434567834,-0.0635100844479161));
#2886=CARTESIAN_POINT('',(-0.00217585573906222,-0.021129648052625,-0.0621871677812494));
#2887=CARTESIAN_POINT('',(-0.00309768902887389,-0.0219596713263145,-0.0608642511145827));
#2888=CARTESIAN_POINT('',(-0.00401952231868556,-0.022789694600004,-0.0595413344479161));
#2889=CARTESIAN_POINT('',(-0.00440284172887188,-0.0239694324856573,-0.0582184177812494));
#2890=CARTESIAN_POINT('',(-0.00478616113905821,-0.0251491703713106,-0.0568955011145827));
#2891=CARTESIAN_POINT('',(-0.0045282565432166,-0.0263625130551864,-0.055572584447916));
#2892=CARTESIAN_POINT('',(-0.004270351947375,-0.0275758557390623,-0.0542496677812494));
#2893=CARTESIAN_POINT('',(-0.00344032867368548,-0.0284976890288739,-0.0529267511145827));
#2894=CARTESIAN_POINT('',(-0.00261030539999597,-0.0294195223186856,-0.0516038344479161));
#2895=CARTESIAN_POINT('',(-0.0014305675143427,-0.0298028417288719,-0.0502809177812494));
#2896=CARTESIAN_POINT('',(-0.000250829628689427,-0.0301861611390583,-0.0489580011145827));
#2897=CARTESIAN_POINT('',(0.000962513055186418,-0.0299282565432166,-0.047635084447916));
#2898=CARTESIAN_POINT('',(0.00217585573906226,-0.029670351947375,-0.0463121677812494));
#2899=CARTESIAN_POINT('',(0.00309768902887392,-0.0288403286736855,-0.0449892511145827));
#2900=CARTESIAN_POINT('',(-0.00118589750647492,-0.0209250490721434,-0.0632636075698612));
#2901=CARTESIAN_POINT('',(-0.00207474994148518,-0.0295384721073,-0.0510363924301388));
#2902=CARTESIAN_POINT('',(2.33326618342212E-17,-0.0254,-0.0632636075698612));
#2903=CARTESIAN_POINT('',(-0.00106506435714969,-0.0208947612030306,-0.0632636075698612));
#2904=CARTESIAN_POINT('',(0.00374527886711282,-0.0226788927051388,-0.069193412663985));
#2905=CARTESIAN_POINT('',(0.00301616036493631,-0.0216753482572666,-0.0678704959973182));
#2906=CARTESIAN_POINT('',(0.0018829529957461,-0.0211708125226706,-0.0665475793306516));
#2907=CARTESIAN_POINT('',(0.00074974562655589,-0.0206662767880748,-0.065224662663985));
#2908=CARTESIAN_POINT('',(-0.00048390861021653,-0.0207959397093927,-0.0639017459973183));
#2909=CARTESIAN_POINT('',(-0.00171756284698895,-0.0209256026307107,-0.0625788293306516));
#2910=CARTESIAN_POINT('',(-0.00272110729486117,-0.0216547211328872,-0.061255912663985));
#2911=CARTESIAN_POINT('',(-0.0037246517427334,-0.0223838396350637,-0.0599329959973183));
#2912=CARTESIAN_POINT('',(-0.00422918747732932,-0.023517047004254,-0.0586100793306516));
#2913=CARTESIAN_POINT('',(-0.00473372321192524,-0.0246502543734442,-0.0572871626639849));
#2914=CARTESIAN_POINT('',(-0.00460406029060725,-0.0258839086102166,-0.0559642459973183));
#2915=CARTESIAN_POINT('',(-0.00447439736928926,-0.027117562846989,-0.0546413293306517));
#2916=CARTESIAN_POINT('',(-0.00374527886711277,-0.0281211072948612,-0.053318412663985));
#2917=CARTESIAN_POINT('',(-0.00301616036493627,-0.0291246517427334,-0.0519954959973183));
#2918=CARTESIAN_POINT('',(-0.00188295299574606,-0.0296291874773294,-0.0506725793306516));
#2919=CARTESIAN_POINT('',(-0.000749745626555847,-0.0301337232119253,-0.049349662663985));
#2920=CARTESIAN_POINT('',(0.000483908610216568,-0.0300040602906073,-0.0480267459973183));
#2921=CARTESIAN_POINT('',(-0.00218655293231072,-0.0294805054805491,-0.0510363924301388));
#2922=CARTESIAN_POINT('',(1.8878942747881E-17,-0.0254,-0.0510363924301388));
#2923=CARTESIAN_POINT('',(2.11058022910511E-17,-0.0254,-0.05715));
#2924=CARTESIAN_POINT('',(0.0046294209899925,-0.0253999976387512,-0.0691934126639849));
#2925=CARTESIAN_POINT('',(0.00462942035729779,-0.024159548023059,-0.0678704959973182));
#2926=CARTESIAN_POINT('',(0.00400919500152202,-0.0230852874601024,-0.0665475793306516));
#2927=CARTESIAN_POINT('',(0.00338896964574624,-0.0220110268971456,-0.065224662663985));
#2928=CARTESIAN_POINT('',(0.00231470845009482,-0.0213908026372292,-0.0639017459973183));
#2929=CARTESIAN_POINT('',(0.0012404472544434,-0.0207705783773128,-0.0625788293306516));
#2930=CARTESIAN_POINT('',(-2.36124876999533E-9,-0.0207705790100075,-0.061255912663985));
#2931=CARTESIAN_POINT('',(-0.00124045197694094,-0.0207705796427022,-0.0599329959973183));
#2932=CARTESIAN_POINT('',(-0.00231471253989765,-0.021390804998478,-0.0586100793306516));
#2933=CARTESIAN_POINT('',(-0.00338897310285436,-0.0220110303542538,-0.0572871626639849));
#2934=CARTESIAN_POINT('',(-0.00400919736277076,-0.0230852915499052,-0.0559642459973183));
#2935=CARTESIAN_POINT('',(-0.00462942162268716,-0.0241595527455566,-0.0546413293306517));
#2936=CARTESIAN_POINT('',(-0.00462942098999245,-0.0254000023612488,-0.053318412663985));
#2937=CARTESIAN_POINT('',(-0.00462942035729775,-0.026640451976941,-0.0519954959973183));
#2938=CARTESIAN_POINT('',(-0.00400919500152197,-0.0277147125398976,-0.0506725793306516));
#2939=CARTESIAN_POINT('',(-0.0033889696457462,-0.0287889731028544,-0.0493496626639849));
#2940=CARTESIAN_POINT('',(-0.00231470845009478,-0.0294091973627708,-0.0480267459973183));
#2941=CARTESIAN_POINT('',(-0.00416741942470516,-0.0274159747124353,-0.0510363924301388));
#2942=CARTESIAN_POINT('',(0.00178645775787734,-0.0211291561276595,-0.0632636075698612));
#2943=CARTESIAN_POINT('',(1.8878942747881E-17,-0.0254,-0.0510363924301388));
#2944=CARTESIAN_POINT('',(-0.00411104083343464,-0.0275285868477528,-0.0510363924301388));
#2945=CARTESIAN_POINT('',(0.00374527886711281,-0.0226788927051388,-0.0661559177812494));
#2946=CARTESIAN_POINT('',(0.00301616036493632,-0.0216753482572666,-0.0648330011145827));
#2947=CARTESIAN_POINT('',(0.0018829529957461,-0.0211708125226706,-0.063510084447916));
#2948=CARTESIAN_POINT('',(0.000749745626555884,-0.0206662767880748,-0.0621871677812494));
#2949=CARTESIAN_POINT('',(-0.000483908610216537,-0.0207959397093927,-0.0608642511145827));
#2950=CARTESIAN_POINT('',(-0.00171756284698896,-0.0209256026307107,-0.0595413344479161));
#2951=CARTESIAN_POINT('',(-0.00272110729486118,-0.0216547211328872,-0.0582184177812494));
#2952=CARTESIAN_POINT('',(-0.0037246517427334,-0.0223838396350637,-0.0568955011145827));
#2953=CARTESIAN_POINT('',(-0.00422918747732932,-0.0235170470042539,-0.0555725844479161));
#2954=CARTESIAN_POINT('',(-0.00473372321192524,-0.0246502543734442,-0.0542496677812494));
#2955=CARTESIAN_POINT('',(-0.00460406029060725,-0.0258839086102166,-0.0529267511145827));
#2956=CARTESIAN_POINT('',(-0.00447439736928926,-0.027117562846989,-0.0516038344479161));
#2957=CARTESIAN_POINT('',(-0.00374527886711277,-0.0281211072948612,-0.0502809177812494));
#2958=CARTESIAN_POINT('',(-0.00301616036493628,-0.0291246517427334,-0.0489580011145827));
#2959=CARTESIAN_POINT('',(-0.00188295299574605,-0.0296291874773294,-0.0476350844479161));
#2960=CARTESIAN_POINT('',(-0.000749745626555847,-0.0301337232119253,-0.0463121677812494));
#2961=CARTESIAN_POINT('',(0.000483908610216569,-0.0300040602906073,-0.0449892511145827));
#2962=CARTESIAN_POINT('',(0.00167089892380159,-0.0210826355853336,-0.0632636075698612));
#2963=CARTESIAN_POINT('',(2.33326618342212E-17,-0.0254,-0.0632636075698612));
#2964=CARTESIAN_POINT('',(2.11058022910511E-17,-0.0254,-0.05715));
#2965=CARTESIAN_POINT('',(-0.00374527886711276,-0.0281211072948612,-0.0661559177812494));
#2966=CARTESIAN_POINT('',(-0.00301616036493627,-0.0291246517427334,-0.0648330011145827));
#2967=CARTESIAN_POINT('',(-0.00188295299574605,-0.0296291874773294,-0.063510084447916));
#2968=CARTESIAN_POINT('',(-0.00074974562655584,-0.0301337232119253,-0.0621871677812494));
#2969=CARTESIAN_POINT('',(0.000483908610216579,-0.0300040602906073,-0.0608642511145827));
#2970=CARTESIAN_POINT('',(0.001717562846989,-0.0298743973692893,-0.0595413344479161));
#2971=CARTESIAN_POINT('',(0.00272110729486122,-0.0291452788671128,-0.0582184177812494));
#2972=CARTESIAN_POINT('',(0.00372465174273344,-0.0284161603649363,-0.0568955011145827));
#2973=CARTESIAN_POINT('',(0.00422918747732936,-0.0272829529957461,-0.055572584447916));
#2974=CARTESIAN_POINT('',(0.00473372321192528,-0.0261497456265558,-0.0542496677812494));
#2975=CARTESIAN_POINT('',(0.00460406029060729,-0.0249160913897834,-0.0529267511145827));
#2976=CARTESIAN_POINT('',(0.00447439736928931,-0.023682437153011,-0.0516038344479161));
#2977=CARTESIAN_POINT('',(0.00374527886711281,-0.0226788927051388,-0.0502809177812494));
#2978=CARTESIAN_POINT('',(0.00301616036493631,-0.0216753482572666,-0.0489580011145827));
#2979=CARTESIAN_POINT('',(0.00188295299574609,-0.0211708125226706,-0.047635084447916));
#2980=CARTESIAN_POINT('',(0.00074974562655588,-0.0206662767880748,-0.0463121677812494));
#2981=CARTESIAN_POINT('',(-0.000483908610216537,-0.0207959397093927,-0.0449892511145827));
#2982=CARTESIAN_POINT('',(-0.00167089892380152,-0.0297173644146664,-0.0632636075698612));
#2983=CARTESIAN_POINT('',(0.00411104083343482,-0.023271413152247,-0.0510363924301388));
#2984=CARTESIAN_POINT('',(2.33326618342212E-17,-0.0254,-0.0632636075698612));
#2985=CARTESIAN_POINT('',(-0.00178645775787728,-0.0296708438723405,-0.0632636075698612));
#2986=CARTESIAN_POINT('',(-0.00462942098999245,-0.0254000023612488,-0.069193412663985));
#2987=CARTESIAN_POINT('',(-0.00462942035729774,-0.026640451976941,-0.0678704959973183));
#2988=CARTESIAN_POINT('',(-0.00400919500152197,-0.0277147125398976,-0.0665475793306516));
#2989=CARTESIAN_POINT('',(-0.00338896964574619,-0.0287889731028544,-0.065224662663985));
#2990=CARTESIAN_POINT('',(-0.00231470845009477,-0.0294091973627708,-0.0639017459973183));
#2991=CARTESIAN_POINT('',(-0.00124044725444336,-0.0300294216226872,-0.0625788293306516));
#2992=CARTESIAN_POINT('',(2.36124881166159E-9,-0.0300294209899925,-0.061255912663985));
#2993=CARTESIAN_POINT('',(0.00124045197694099,-0.0300294203572978,-0.0599329959973183));
#2994=CARTESIAN_POINT('',(0.0023147125398977,-0.029409195001522,-0.0586100793306516));
#2995=CARTESIAN_POINT('',(0.00338897310285441,-0.0287889696457462,-0.0572871626639849));
#2996=CARTESIAN_POINT('',(0.0040091973627708,-0.0277147084500948,-0.0559642459973183));
#2997=CARTESIAN_POINT('',(0.0046294216226872,-0.0266404472544434,-0.0546413293306517));
#2998=CARTESIAN_POINT('',(0.00462942098999249,-0.0253999976387512,-0.053318412663985));
#2999=CARTESIAN_POINT('',(0.00462942035729778,-0.0241595480230591,-0.0519954959973183));
#3000=CARTESIAN_POINT('',(0.00400919500152201,-0.0230852874601024,-0.0506725793306516));
#3001=CARTESIAN_POINT('',(0.00338896964574624,-0.0220110268971456,-0.0493496626639849));
#3002=CARTESIAN_POINT('',(0.00231470845009482,-0.0213908026372292,-0.0480267459973183));
#3003=CARTESIAN_POINT('',(0.00416741942470519,-0.0233840252875647,-0.0510363924301388));
#3004=CARTESIAN_POINT('',(1.8878942747881E-17,-0.0254,-0.0510363924301388));
#3005=CARTESIAN_POINT('',(2.11058022910511E-17,-0.0254,-0.05715));
#3006=CARTESIAN_POINT('',(-0.00462942098999245,-0.0254000023612488,-0.0661559177812494));
#3007=CARTESIAN_POINT('',(-0.00462942035729774,-0.026640451976941,-0.0648330011145827));
#3008=CARTESIAN_POINT('',(-0.00400919500152196,-0.0277147125398977,-0.0635100844479161));
#3009=CARTESIAN_POINT('',(-0.00338896964574619,-0.0287889731028544,-0.0621871677812494));
#3010=CARTESIAN_POINT('',(-0.00231470845009477,-0.0294091973627708,-0.0608642511145827));
#3011=CARTESIAN_POINT('',(-0.00124044725444336,-0.0300294216226872,-0.0595413344479161));
#3012=CARTESIAN_POINT('',(2.36124881337986E-9,-0.0300294209899925,-0.0582184177812494));
#3013=CARTESIAN_POINT('',(0.00124045197694099,-0.0300294203572978,-0.0568955011145827));
#3014=CARTESIAN_POINT('',(0.0023147125398977,-0.029409195001522,-0.0555725844479161));
#3015=CARTESIAN_POINT('',(0.00338897310285441,-0.0287889696457462,-0.0542496677812494));
#3016=CARTESIAN_POINT('',(0.0040091973627708,-0.0277147084500948,-0.0529267511145827));
#3017=CARTESIAN_POINT('',(0.0046294216226872,-0.0266404472544434,-0.0516038344479161));
#3018=CARTESIAN_POINT('',(0.00462942098999249,-0.0253999976387512,-0.0502809177812494));
#3019=CARTESIAN_POINT('',(0.00462942035729778,-0.0241595480230591,-0.0489580011145827));
#3020=CARTESIAN_POINT('',(0.00400919500152201,-0.0230852874601024,-0.0476350844479161));
#3021=CARTESIAN_POINT('',(0.00338896964574623,-0.0220110268971456,-0.0463121677812494));
#3022=CARTESIAN_POINT('',(0.00231470845009482,-0.0213908026372292,-0.0449892511145827));
#3023=CARTESIAN_POINT('',(-0.00388946875695144,-0.0279106914368928,-0.0632636075698612));
#3024=CARTESIAN_POINT('',(0.00457705385615024,-0.0260943462396304,-0.0510363924301388));
#3025=CARTESIAN_POINT('',(2.33326618342212E-17,-0.0254,-0.0632636075698612));
#3026=CARTESIAN_POINT('',(-0.00395561372886111,-0.0278051317491218,-0.0632636075698612));
#3027=CARTESIAN_POINT('',(-0.0037452816429272,-0.0226788965257196,-0.069193412663985));
#3028=CARTESIAN_POINT('',(-0.00447439912138215,-0.0236824417173691,-0.0678704959973183));
#3029=CARTESIAN_POINT('',(-0.00460406078424266,-0.0249160960864107,-0.0665475793306516));
#3030=CARTESIAN_POINT('',(-0.00473372244710318,-0.0261497504554524,-0.065224662663985));
#3031=CARTESIAN_POINT('',(-0.00422918555651651,-0.0272829573099623,-0.0639017459973183));
#3032=CARTESIAN_POINT('',(-0.00372464866592983,-0.0284161641644723,-0.0625788293306516));
#3033=CARTESIAN_POINT('',(-0.00272110347428038,-0.0291452816429272,-0.061255912663985));
#3034=CARTESIAN_POINT('',(-0.00171755828263092,-0.0298743991213822,-0.0599329959973183));
#3035=CARTESIAN_POINT('',(-0.000483903913589287,-0.0300040607842427,-0.0586100793306516));
#3036=CARTESIAN_POINT('',(0.000749750455452342,-0.0301337224471032,-0.0572871626639849));
#3037=CARTESIAN_POINT('',(0.00188295730996232,-0.0296291855565165,-0.0559642459973183));
#3038=CARTESIAN_POINT('',(0.00301616416447229,-0.0291246486659299,-0.0546413293306517));
#3039=CARTESIAN_POINT('',(0.00374528164292724,-0.0281211034742804,-0.053318412663985));
#3040=CARTESIAN_POINT('',(0.00447439912138219,-0.0271175582826309,-0.0519954959973183));
#3041=CARTESIAN_POINT('',(0.00460406078424271,-0.0258839039135893,-0.0506725793306516));
#3042=CARTESIAN_POINT('',(0.00473372244710322,-0.0246502495445477,-0.0493496626639849));
#3043=CARTESIAN_POINT('',(0.00422918555651655,-0.0235170426900377,-0.0480267459973183));
#3044=CARTESIAN_POINT('',(0.00455647334223944,-0.0262185898753697,-0.0510363924301388));
#3045=CARTESIAN_POINT('',(1.8878942747881E-17,-0.0254,-0.0510363924301388));
#3046=CARTESIAN_POINT('',(2.11058022910511E-17,-0.0254,-0.05715));
#3047=CARTESIAN_POINT('',(0.00143057200570484,-0.0298028402695399,-0.0661559177812494));
#3048=CARTESIAN_POINT('',(0.00261030950033128,-0.0294195196558968,-0.0648330011145827));
#3049=CARTESIAN_POINT('',(0.0034403318336532,-0.0284976855193743,-0.0635100844479161));
#3050=CARTESIAN_POINT('',(0.00427035416697512,-0.0275758513828518,-0.0621871677812494));
#3051=CARTESIAN_POINT('',(0.00452825752507911,-0.0263625084358867,-0.0608642511145827));
#3052=CARTESIAN_POINT('',(0.0047861608831831,-0.0251491654889216,-0.0595413344479161));
#3053=CARTESIAN_POINT('',(0.00440284026953991,-0.0239694279942952,-0.0582184177812494));
#3054=CARTESIAN_POINT('',(0.00401951965589674,-0.0227896904996687,-0.0568955011145827));
#3055=CARTESIAN_POINT('',(0.00309768551937429,-0.0219596681663469,-0.055572584447916));
#3056=CARTESIAN_POINT('',(0.00217585138285183,-0.0211296458330249,-0.0542496677812494));
#3057=CARTESIAN_POINT('',(0.000962508435886736,-0.0208717424749209,-0.0529267511145827));
#3058=CARTESIAN_POINT('',(-0.000250834511078356,-0.0206138391168169,-0.0516038344479161));
#3059=CARTESIAN_POINT('',(-0.0014305720057048,-0.0209971597304601,-0.0502809177812494));
#3060=CARTESIAN_POINT('',(-0.00261030950033124,-0.0213804803441033,-0.0489580011145827));
#3061=CARTESIAN_POINT('',(-0.00344033183365316,-0.0223023144806257,-0.0476350844479161));
#3062=CARTESIAN_POINT('',(-0.00427035416697508,-0.0232241486171482,-0.0463121677812494));
#3063=CARTESIAN_POINT('',(-0.00452825752507907,-0.0244374915641133,-0.0449892511145827));
#3064=CARTESIAN_POINT('',(0.00358972139645178,-0.0283232582845936,-0.0632636075698612));
#3065=CARTESIAN_POINT('',(-0.000754024909954272,-0.0208323983166483,-0.0510363924301388));
#3066=CARTESIAN_POINT('',(2.33326618342212E-17,-0.0254,-0.0632636075698612));
#3067=CARTESIAN_POINT('',(0.00350976808795163,-0.0284187856285906,-0.0632636075698612));
#3068=CARTESIAN_POINT('',(-0.00143056751434269,-0.0298028417288719,-0.069193412663985));
#3069=CARTESIAN_POINT('',(-0.000250829628689416,-0.0301861611390583,-0.0678704959973182));
#3070=CARTESIAN_POINT('',(0.000962513055186419,-0.0299282565432166,-0.0665475793306516));
#3071=CARTESIAN_POINT('',(0.00217585573906227,-0.029670351947375,-0.065224662663985));
#3072=CARTESIAN_POINT('',(0.00309768902887394,-0.0288403286736855,-0.0639017459973183));
#3073=CARTESIAN_POINT('',(0.0040195223186856,-0.028010305399996,-0.0625788293306516));
#3074=CARTESIAN_POINT('',(0.00440284172887193,-0.0268305675143427,-0.0612559126639849));
#3075=CARTESIAN_POINT('',(0.00478616113905826,-0.0256508296286894,-0.0599329959973183));
#3076=CARTESIAN_POINT('',(0.00452825654321665,-0.0244374869448136,-0.0586100793306516));
#3077=CARTESIAN_POINT('',(0.00427035194737505,-0.0232241442609378,-0.0572871626639849));
#3078=CARTESIAN_POINT('',(0.00344032867368552,-0.0223023109711261,-0.0559642459973183));
#3079=CARTESIAN_POINT('',(0.00261030539999602,-0.0213804776813144,-0.0546413293306517));
#3080=CARTESIAN_POINT('',(0.00143056751434274,-0.0209971582711281,-0.053318412663985));
#3081=CARTESIAN_POINT('',(0.000250829628689463,-0.0206138388609417,-0.0519954959973183));
#3082=CARTESIAN_POINT('',(-0.000962513055186381,-0.0208717434567834,-0.0506725793306516));
#3083=CARTESIAN_POINT('',(-0.00217585573906222,-0.021129648052625,-0.049349662663985));
#3084=CARTESIAN_POINT('',(-0.00309768902887389,-0.0219596713263145,-0.0480267459973183));
#3085=CARTESIAN_POINT('',(-0.000629502462024701,-0.0208135781536255,-0.0510363924301388));
#3086=CARTESIAN_POINT('',(1.8878942747881E-17,-0.0254,-0.0510363924301388));
#3087=CARTESIAN_POINT('',(2.11058022910511E-17,-0.0254,-0.05715));
#3088=CARTESIAN_POINT('',(-0.00374527886711276,-0.0281211072948612,-0.069193412663985));
#3089=CARTESIAN_POINT('',(-0.00301616036493626,-0.0291246517427334,-0.0678704959973182));
#3090=CARTESIAN_POINT('',(-0.00188295299574605,-0.0296291874773294,-0.0665475793306516));
#3091=CARTESIAN_POINT('',(-0.000749745626555836,-0.0301337232119253,-0.065224662663985));
#3092=CARTESIAN_POINT('',(0.000483908610216579,-0.0300040602906073,-0.0639017459973183));
#3093=CARTESIAN_POINT('',(0.001717562846989,-0.0298743973692893,-0.0625788293306516));
#3094=CARTESIAN_POINT('',(0.00272110729486122,-0.0291452788671128,-0.0612559126639849));
#3095=CARTESIAN_POINT('',(0.00372465174273344,-0.0284161603649363,-0.0599329959973183));
#3096=CARTESIAN_POINT('',(0.00422918747732936,-0.0272829529957461,-0.0586100793306516));
#3097=CARTESIAN_POINT('',(0.00473372321192528,-0.0261497456265558,-0.0572871626639849));
#3098=CARTESIAN_POINT('',(0.00460406029060729,-0.0249160913897834,-0.0559642459973183));
#3099=CARTESIAN_POINT('',(0.0044743973692893,-0.023682437153011,-0.0546413293306517));
#3100=CARTESIAN_POINT('',(0.00374527886711281,-0.0226788927051388,-0.053318412663985));
#3101=CARTESIAN_POINT('',(0.00301616036493631,-0.0216753482572666,-0.0519954959973183));
#3102=CARTESIAN_POINT('',(0.00188295299574609,-0.0211708125226706,-0.0506725793306516));
#3103=CARTESIAN_POINT('',(0.000749745626555883,-0.0206662767880748,-0.0493496626639849));
#3104=CARTESIAN_POINT('',(-0.000483908610216534,-0.0207959397093927,-0.0480267459973183));
#3105=CARTESIAN_POINT('',(0.00218655293231076,-0.0213194945194508,-0.0510363924301388));
#3106=CARTESIAN_POINT('',(0.00106506435714975,-0.0299052387969693,-0.0632636075698612));
#3107=CARTESIAN_POINT('',(1.8878942747881E-17,-0.0254,-0.0510363924301388));
#3108=CARTESIAN_POINT('',(0.00207474994148525,-0.0212615278927001,-0.0510363924301388));
#3109=CARTESIAN_POINT('',(-0.00143056751434269,-0.0298028417288719,-0.0661559177812494));
#3110=CARTESIAN_POINT('',(-0.000250829628689416,-0.0301861611390583,-0.0648330011145827));
#3111=CARTESIAN_POINT('',(0.000962513055186422,-0.0299282565432166,-0.0635100844479161));
#3112=CARTESIAN_POINT('',(0.00217585573906227,-0.029670351947375,-0.0621871677812494));
#3113=CARTESIAN_POINT('',(0.00309768902887394,-0.0288403286736855,-0.0608642511145827));
#3114=CARTESIAN_POINT('',(0.00401952231868561,-0.028010305399996,-0.0595413344479161));
#3115=CARTESIAN_POINT('',(0.00440284172887193,-0.0268305675143427,-0.0582184177812494));
#3116=CARTESIAN_POINT('',(0.00478616113905826,-0.0256508296286894,-0.0568955011145827));
#3117=CARTESIAN_POINT('',(0.00452825654321665,-0.0244374869448136,-0.055572584447916));
#3118=CARTESIAN_POINT('',(0.00427035194737504,-0.0232241442609378,-0.0542496677812494));
#3119=CARTESIAN_POINT('',(0.00344032867368552,-0.0223023109711261,-0.0529267511145827));
#3120=CARTESIAN_POINT('',(0.00261030539999602,-0.0213804776813144,-0.0516038344479161));
#3121=CARTESIAN_POINT('',(0.00143056751434273,-0.0209971582711281,-0.0502809177812494));
#3122=CARTESIAN_POINT('',(0.000250829628689459,-0.0206138388609418,-0.0489580011145827));
#3123=CARTESIAN_POINT('',(-0.000962513055186384,-0.0208717434567834,-0.047635084447916));
#3124=CARTESIAN_POINT('',(-0.00217585573906223,-0.021129648052625,-0.0463121677812494));
#3125=CARTESIAN_POINT('',(-0.0030976890288739,-0.0219596713263145,-0.0449892511145827));
#3126=CARTESIAN_POINT('',(0.00118589750647497,-0.0298749509278566,-0.0632636075698612));
#3127=CARTESIAN_POINT('',(2.33326618342212E-17,-0.0254,-0.0632636075698612));
#3128=CARTESIAN_POINT('',(2.11058022910511E-17,-0.0254,-0.05715));
#3129=CARTESIAN_POINT('',(0.00143056751434274,-0.0209971582711281,-0.069193412663985));
#3130=CARTESIAN_POINT('',(0.000250829628689466,-0.0206138388609418,-0.0678704959973183));
#3131=CARTESIAN_POINT('',(-0.00096251305518637,-0.0208717434567834,-0.0665475793306516));
#3132=CARTESIAN_POINT('',(-0.00217585573906221,-0.021129648052625,-0.065224662663985));
#3133=CARTESIAN_POINT('',(-0.00309768902887389,-0.0219596713263145,-0.0639017459973183));
#3134=CARTESIAN_POINT('',(-0.00401952231868556,-0.022789694600004,-0.0625788293306516));
#3135=CARTESIAN_POINT('',(-0.00440284172887188,-0.0239694324856573,-0.061255912663985));
#3136=CARTESIAN_POINT('',(-0.00478616113905821,-0.0251491703713106,-0.0599329959973183));
#3137=CARTESIAN_POINT('',(-0.0045282565432166,-0.0263625130551864,-0.0586100793306516));
#3138=CARTESIAN_POINT('',(-0.004270351947375,-0.0275758557390623,-0.0572871626639849));
#3139=CARTESIAN_POINT('',(-0.00344032867368548,-0.0284976890288739,-0.0559642459973183));
#3140=CARTESIAN_POINT('',(-0.00261030539999598,-0.0294195223186856,-0.0546413293306517));
#3141=CARTESIAN_POINT('',(-0.0014305675143427,-0.0298028417288719,-0.053318412663985));
#3142=CARTESIAN_POINT('',(-0.000250829628689423,-0.0301861611390583,-0.0519954959973183));
#3143=CARTESIAN_POINT('',(0.000962513055186418,-0.0299282565432166,-0.0506725793306516));
#3144=CARTESIAN_POINT('',(0.00217585573906226,-0.029670351947375,-0.049349662663985));
#3145=CARTESIAN_POINT('',(0.00309768902887392,-0.0288403286736855,-0.0480267459973183));
#3146=CARTESIAN_POINT('',(0.00062950246202566,-0.0299864218463735,-0.0510363924301388));
#3147=CARTESIAN_POINT('',(-0.00350976808795158,-0.0223812143714094,-0.0632636075698612));
#3148=CARTESIAN_POINT('',(1.8878942747881E-17,-0.0254,-0.0510363924301388));
#3149=CARTESIAN_POINT('',(0.000754024909955026,-0.0299676016833524,-0.0510363924301388));
#3150=CARTESIAN_POINT('',(-0.00143057200570479,-0.0209971597304601,-0.0661559177812494));
#3151=CARTESIAN_POINT('',(-0.00261030950033124,-0.0213804803441033,-0.0648330011145827));
#3152=CARTESIAN_POINT('',(-0.00344033183365316,-0.0223023144806257,-0.063510084447916));
#3153=CARTESIAN_POINT('',(-0.00427035416697508,-0.0232241486171482,-0.0621871677812494));
#3154=CARTESIAN_POINT('',(-0.00452825752507906,-0.0244374915641133,-0.0608642511145827));
#3155=CARTESIAN_POINT('',(-0.00478616088318306,-0.0256508345110784,-0.0595413344479161));
#3156=CARTESIAN_POINT('',(-0.00440284026953988,-0.0268305720057048,-0.0582184177812494));
#3157=CARTESIAN_POINT('',(-0.00401951965589671,-0.0280103095003313,-0.0568955011145827));
#3158=CARTESIAN_POINT('',(-0.00309768551937425,-0.0288403318336532,-0.0555725844479161));
#3159=CARTESIAN_POINT('',(-0.00217585138285179,-0.0296703541669751,-0.0542496677812494));
#3160=CARTESIAN_POINT('',(-0.000962508435886699,-0.0299282575250791,-0.0529267511145827));
#3161=CARTESIAN_POINT('',(0.000250834511078393,-0.0301861608831831,-0.0516038344479161));
#3162=CARTESIAN_POINT('',(0.00143057200570484,-0.0298028402695399,-0.0502809177812494));
#3163=CARTESIAN_POINT('',(0.00261030950033128,-0.0294195196558968,-0.0489580011145827));
#3164=CARTESIAN_POINT('',(0.0034403318336532,-0.0284976855193743,-0.047635084447916));
#3165=CARTESIAN_POINT('',(0.00427035416697512,-0.0275758513828518,-0.0463121677812494));
#3166=CARTESIAN_POINT('',(0.0045282575250791,-0.0263625084358867,-0.0449892511145827));
#3167=CARTESIAN_POINT('',(-0.00358972139645172,-0.0224767417154064,-0.0632636075698612));
#3168=CARTESIAN_POINT('',(2.33326618342212E-17,-0.0254,-0.0632636075698612));
#3169=CARTESIAN_POINT('',(2.11058022910511E-17,-0.0254,-0.05715));
#3170=CARTESIAN_POINT('',(-0.00143057200570479,-0.0209971597304601,-0.069193412663985));
#3171=CARTESIAN_POINT('',(-0.00261030950033124,-0.0213804803441033,-0.0678704959973183));
#3172=CARTESIAN_POINT('',(-0.00344033183365316,-0.0223023144806257,-0.0665475793306516));
#3173=CARTESIAN_POINT('',(-0.00427035416697507,-0.0232241486171482,-0.065224662663985));
#3174=CARTESIAN_POINT('',(-0.00452825752507906,-0.0244374915641133,-0.0639017459973183));
#3175=CARTESIAN_POINT('',(-0.00478616088318306,-0.0256508345110784,-0.0625788293306516));
#3176=CARTESIAN_POINT('',(-0.00440284026953987,-0.0268305720057048,-0.061255912663985));
#3177=CARTESIAN_POINT('',(-0.00401951965589671,-0.0280103095003313,-0.0599329959973183));
#3178=CARTESIAN_POINT('',(-0.00309768551937425,-0.0288403318336532,-0.0586100793306516));
#3179=CARTESIAN_POINT('',(-0.00217585138285179,-0.0296703541669751,-0.0572871626639849));
#3180=CARTESIAN_POINT('',(-0.000962508435886703,-0.0299282575250791,-0.0559642459973183));
#3181=CARTESIAN_POINT('',(0.000250834511078392,-0.0301861608831831,-0.0546413293306517));
#3182=CARTESIAN_POINT('',(0.00143057200570484,-0.0298028402695399,-0.053318412663985));
#3183=CARTESIAN_POINT('',(0.00261030950033128,-0.0294195196558968,-0.0519954959973183));
#3184=CARTESIAN_POINT('',(0.0034403318336532,-0.0284976855193743,-0.0506725793306516));
#3185=CARTESIAN_POINT('',(0.00427035416697512,-0.0275758513828518,-0.0493496626639849));
#3186=CARTESIAN_POINT('',(0.0045282575250791,-0.0263625084358868,-0.0480267459973183));
#3187=CARTESIAN_POINT('',(0.00320510931186999,-0.0287404809536282,-0.0510363924301388));
#3188=CARTESIAN_POINT('',(-0.00461385970178569,-0.0250207410451601,-0.0632636075698612));
#3189=CARTESIAN_POINT('',(1.8878942747881E-17,-0.0254,-0.0510363924301388));
#3190=CARTESIAN_POINT('',(0.00329478787415596,-0.0286520626634349,-0.0510363924301388));
#3191=CARTESIAN_POINT('',(-0.0037452816429272,-0.0226788965257196,-0.0661559177812494));
#3192=CARTESIAN_POINT('',(-0.00447439912138215,-0.0236824417173691,-0.0648330011145827));
#3193=CARTESIAN_POINT('',(-0.00460406078424267,-0.0249160960864107,-0.0635100844479161));
#3194=CARTESIAN_POINT('',(-0.00473372244710318,-0.0261497504554524,-0.0621871677812494));
#3195=CARTESIAN_POINT('',(-0.00422918555651651,-0.0272829573099623,-0.0608642511145827));
#3196=CARTESIAN_POINT('',(-0.00372464866592983,-0.0284161641644723,-0.0595413344479161));
#3197=CARTESIAN_POINT('',(-0.00272110347428037,-0.0291452816429272,-0.0582184177812494));
#3198=CARTESIAN_POINT('',(-0.00171755828263092,-0.0298743991213822,-0.0568955011145827));
#3199=CARTESIAN_POINT('',(-0.000483903913589287,-0.0300040607842427,-0.0555725844479161));
#3200=CARTESIAN_POINT('',(0.000749750455452343,-0.0301337224471032,-0.0542496677812494));
#3201=CARTESIAN_POINT('',(0.00188295730996232,-0.0296291855565165,-0.0529267511145827));
#3202=CARTESIAN_POINT('',(0.00301616416447229,-0.0291246486659299,-0.0516038344479161));
#3203=CARTESIAN_POINT('',(0.00374528164292724,-0.0281211034742804,-0.0502809177812494));
#3204=CARTESIAN_POINT('',(0.00447439912138219,-0.0271175582826309,-0.0489580011145827));
#3205=CARTESIAN_POINT('',(0.00460406078424271,-0.0258839039135893,-0.0476350844479161));
#3206=CARTESIAN_POINT('',(0.00473372244710322,-0.0246502495445477,-0.0463121677812494));
#3207=CARTESIAN_POINT('',(0.00422918555651655,-0.0235170426900377,-0.0449892511145827));
#3208=CARTESIAN_POINT('',(-0.0046223937231267,-0.0251450196654895,-0.0632636075698612));
#3209=CARTESIAN_POINT('',(2.33326618342212E-17,-0.0254,-0.0632636075698612));
#3210=CARTESIAN_POINT('',(3.14312684953262E-10,-0.0352519303560257,0.145288));
#3211=CARTESIAN_POINT('',(-0.0130709409713745,-0.0352519303560257,-0.0109499439890874));
#3212=CARTESIAN_POINT('',(3.14312742499823E-10,-0.0352519303560257,-0.0127));
#3213=CARTESIAN_POINT('',(-0.0588009983650854,-0.0127,-0.00635));
#3214=CARTESIAN_POINT('',(-0.0588009983650854,-0.0127,-4.01530660572765E-17));
#3215=CARTESIAN_POINT('',(0.0514350016349146,-0.0127,0.));
#3216=CARTESIAN_POINT('',(-0.0588009983650854,-0.0127,-0.0127));
#3217=CARTESIAN_POINT('',(0.0514350016349146,-0.0127,-0.0127));
#3218=CARTESIAN_POINT('',(0.0514350016349146,-0.0127,-0.00635));
#3219=CARTESIAN_POINT('',(-0.0588009983650854,-0.0254,-0.0127));
#3220=CARTESIAN_POINT('',(-0.0588009983650854,-0.0127,-0.0127));
#3221=CARTESIAN_POINT('',(-0.0501649983650854,-0.0127,-0.0127));
#3222=CARTESIAN_POINT('',(-0.0501649983650854,-0.0127,-0.0127));
#3223=CARTESIAN_POINT('',(-0.0501649983650854,-0.0381,-0.0127));
#3224=CARTESIAN_POINT('',(-0.0588009983650854,-0.0381,-0.0127));
#3225=CARTESIAN_POINT('',(0.0514350016349146,-0.0381,-0.0127));
#3226=CARTESIAN_POINT('',(0.0514350016349146,-0.0254,-0.0127));
#3227=CARTESIAN_POINT('',(0.0514350016349146,-0.0127,-0.0381));
#3228=CARTESIAN_POINT('',(0.0514350016349146,-0.0381,-0.0381));
#3229=CARTESIAN_POINT('',(0.0514350016349146,-0.0381,-0.0508));
#3230=CARTESIAN_POINT('',(0.0514350016349146,-0.0381,-0.0635));
#3231=CARTESIAN_POINT('',(0.0514350016349146,-0.0254,-0.0635));
#3232=CARTESIAN_POINT('',(0.0514350016349146,-0.0127,-0.0635));
#3233=CARTESIAN_POINT('',(0.0514350016349146,-0.0127,-0.06985));
#3234=CARTESIAN_POINT('',(0.0514350016349146,-0.0127,-0.0762));
#3235=CARTESIAN_POINT('',(0.0514350016349146,-0.0127,-0.0762));
#3236=CARTESIAN_POINT('',(0.0514350016349146,0.,-0.0762));
#3237=CARTESIAN_POINT('',(0.0514350016349146,0.,-0.0381));
#3238=CARTESIAN_POINT('',(0.0514350016349146,0.,0.));
#3239=CARTESIAN_POINT('',(0.0514350016349146,-0.0127,0.));
#3240=CARTESIAN_POINT('',(0.0514350016349146,-0.0381,-0.0381));
#3241=CARTESIAN_POINT('',(0.0514350016349146,-0.0381,-0.0254));
#3242=CARTESIAN_POINT('',(0.0514350016349146,-0.0381,-0.0254));
#3243=CARTESIAN_POINT('',(0.0514350016349146,-0.0127,-0.0254));
#3244=CARTESIAN_POINT('',(0.0514350016349146,-0.0127,-0.0381));
#3245=CARTESIAN_POINT('',(0.0514350016349146,-0.0127,-0.0508));
#3246=CARTESIAN_POINT('',(0.0514350016349146,-0.0381,-0.0508));
#3247=CARTESIAN_POINT('',(0.000635001634914589,-0.0381,-0.0381));
#3248=CARTESIAN_POINT('',(-0.0501649983650854,-0.0381,-0.0381));
#3249=CARTESIAN_POINT('',(-0.0501649983650854,-0.0381,-0.0508));
#3250=CARTESIAN_POINT('',(-0.0501649983650854,-0.0381,-0.0635));
#3251=CARTESIAN_POINT('',(-0.0694689983650854,-0.0381,-0.0635));
#3252=CARTESIAN_POINT('',(0.000635001634914596,-0.0381,-0.0508));
#3253=CARTESIAN_POINT('',(-0.0501649983650854,-0.0127,-0.0381));
#3254=CARTESIAN_POINT('',(-0.0501649983650854,-0.0127,-0.0635));
#3255=CARTESIAN_POINT('',(-0.0501649983650854,-0.0127,-0.0635));
#3256=CARTESIAN_POINT('',(-0.0501649983650854,-0.0381,-0.0508));
#3257=CARTESIAN_POINT('',(-0.0501649983650854,-0.0127,-0.0508));
#3258=CARTESIAN_POINT('',(-0.0501649983650854,-0.0127,-0.0381));
#3259=CARTESIAN_POINT('',(-0.0501649983650854,-0.0127,-0.0254));
#3260=CARTESIAN_POINT('',(-0.0501649983650854,-0.0381,-0.0254));
#3261=CARTESIAN_POINT('',(-0.0501649983650854,-0.0381,-0.0254));
#3262=CARTESIAN_POINT('',(-0.0501649983650854,-0.0381,-0.0381));
#3263=CARTESIAN_POINT('',(-0.0501649983650854,-0.0127,-0.0381));
#3264=CARTESIAN_POINT('',(-0.0501649983650854,-0.0127,0.));
#3265=CARTESIAN_POINT('',(-0.0501649983650854,-0.0127,0.));
#3266=CARTESIAN_POINT('',(-0.0501649983650854,0.,0.));
#3267=CARTESIAN_POINT('',(-0.0501649983650854,0.,-0.0381));
#3268=CARTESIAN_POINT('',(-0.0501649983650854,0.,-0.0762));
#3269=CARTESIAN_POINT('',(-0.0501649983650854,-0.0127,-0.0762));
#3270=CARTESIAN_POINT('',(-0.0501649983650854,-0.0127,-0.0762));
#3271=CARTESIAN_POINT('',(-0.0501649983650854,-0.0127,-0.0381));
#3272=CARTESIAN_POINT('',(0.000635001634914591,-0.0127,-0.0381));
#3273=CARTESIAN_POINT('',(0.000635001634914575,-0.0127,-0.0254));
#3274=CARTESIAN_POINT('',(0.000635001634914596,-0.0127,-0.0508));
#3275=CARTESIAN_POINT('',(0.000635001634914595,-0.0127,0.));
#3276=CARTESIAN_POINT('',(-0.0588009983650854,-0.0127,-4.01530660572765E-17));
#3277=CARTESIAN_POINT('',(0.000635001634914595,0.,0.));
#3278=CARTESIAN_POINT('',(0.000635001634914595,-0.0127,-0.0762));
#3279=CARTESIAN_POINT('',(-0.0694689983650854,-0.0127,-0.0762));
#3280=CARTESIAN_POINT('',(0.000635001634914595,0.,-0.0762));
#3281=CARTESIAN_POINT('',(0.000635001634914591,0.,-0.0381));
#3282=CARTESIAN_POINT('',(0.000635001634914596,-0.0381,-0.0508));
#3283=CARTESIAN_POINT('',(1.87928376564154E-17,-0.0254,-0.0508));
#3284=CARTESIAN_POINT('',(-0.00763307160541905,-0.0254,-0.0508));
#3285=CARTESIAN_POINT('',(0.000635001634914575,-0.0381,-0.0254));
#3286=CARTESIAN_POINT('',(0.000635001634914575,-0.0381,-0.0254));
#3287=CARTESIAN_POINT('',(0.000635001634914589,-0.0381,-0.0381));
#3288=CARTESIAN_POINT('',(-0.0588009983650854,-0.0127,-0.00635));
#3289=CARTESIAN_POINT('',(-0.0694689983650854,-0.0254,-0.0635));
#3290=CARTESIAN_POINT('',(2.34187669256869E-17,-0.0254,-0.0635));
#3291=CARTESIAN_POINT('',(-0.00763307160541905,-0.0254,-0.0635));
#3292=CARTESIAN_POINT('',(-0.0694689983650854,-0.0127,-0.0635));
#3293=CARTESIAN_POINT('',(-0.0694689983650854,-0.0127,-0.06985));
#3294=CARTESIAN_POINT('',(-0.0329030584,-0.029359795153141,0.00431088870391248));
#3295=CARTESIAN_POINT('',(-0.0329030584,-0.0238219303560257,0.00431088870391248));
#3296=CARTESIAN_POINT('',(-0.0329030584,-0.0238219303560257,0.00431088870391248));
#3297=CARTESIAN_POINT('',(0.0130709416,-0.0325431225812143,-0.00441030352127617));
#3298=CARTESIAN_POINT('',(3.14312741862371E-10,-0.0260034821134031,-0.0109499439890874));
#3299=CARTESIAN_POINT('',(2.34187669256869E-17,-0.0254,-0.0635));
#3300=CARTESIAN_POINT('',(0.00388946875695151,-0.0228893085631072,-0.0632636075698612));
#3301=CARTESIAN_POINT('',(0.00425893618354718,-0.022306237834264,-0.0633129245670112));
#3302=CARTESIAN_POINT('',(0.00453156872916575,-0.0216655515279045,-0.0633604996079466));
#3303=CARTESIAN_POINT('',(0.00470728715243514,-0.0209978679829516,-0.0634064924239701));
#3304=CARTESIAN_POINT('',(0.00470728715243518,-0.0209978679829517,-0.0634064924239701));
#3305=CARTESIAN_POINT('',(0.00470728715243517,-0.0209978679829516,-0.0634064924239701));
#3306=CARTESIAN_POINT('',(0.0047763121135584,-0.0207712847916383,-0.0634226403861723));
#3307=CARTESIAN_POINT('',(0.00453468923268519,-0.020294885044547,-0.0634353942449887));
#3308=CARTESIAN_POINT('',(0.00404623122034775,-0.0201448374481902,-0.0634211194354977));
#3309=CARTESIAN_POINT('',(0.00381874910579981,-0.0202082301767164,-0.0634064924239702));
#3310=CARTESIAN_POINT('',(0.0038187491057997,-0.0202082301767165,-0.0634064924239702));
#3311=CARTESIAN_POINT('',(0.00381874910579972,-0.0202082301767165,-0.0634064924239701));
#3312=CARTESIAN_POINT('',(0.00309028246014251,-0.0203863840201581,-0.0633612276884116));
#3313=CARTESIAN_POINT('',(0.00239033549805192,-0.0206846876328336,-0.063314218546184));
#3314=CARTESIAN_POINT('',(0.00178645775787733,-0.0211291561276595,-0.0632636075698612));
#3315=CARTESIAN_POINT('',(0.0016708989238016,-0.0210826355853337,-0.0632636075698612));
#3316=CARTESIAN_POINT('',(0.00162708397532799,-0.0203937539522215,-0.0633129245670112));
#3317=CARTESIAN_POINT('',(0.00147106237572926,-0.0197151784527038,-0.0633604996079466));
#3318=CARTESIAN_POINT('',(0.00122076702545732,-0.0190717264202186,-0.06340649242397));
#3319=CARTESIAN_POINT('',(0.00122076702545738,-0.0190717264202186,-0.0634064924239701));
#3320=CARTESIAN_POINT('',(0.00122076702545737,-0.0190717264202186,-0.0634064924239701));
#3321=CARTESIAN_POINT('',(0.00114342713377076,-0.0188478449136181,-0.0634226403861723));
#3322=CARTESIAN_POINT('',(0.000667929371378355,-0.018604451788099,-0.0634353942449887));
#3323=CARTESIAN_POINT('',(0.000184562774078334,-0.0187701691486973,-0.0634211194354976));
#3324=CARTESIAN_POINT('',(3.77871884229719E-5,-0.0189551655754864,-0.0634064924239701));
#3325=CARTESIAN_POINT('',(3.77871884229341E-5,-0.0189551655754865,-0.0634064924239701));
#3326=CARTESIAN_POINT('',(3.77871884229347E-5,-0.0189551655754865,-0.0634064924239701));
#3327=CARTESIAN_POINT('',(-0.000446838505934864,-0.0195274770135482,-0.0633612276884116));
#3328=CARTESIAN_POINT('',(-0.000837769029190975,-0.02018022820739,-0.063314218546184));
#3329=CARTESIAN_POINT('',(-0.00106506435714971,-0.0208947612030306,-0.0632636075698612));
#3330=CARTESIAN_POINT('',(-0.00118589750647492,-0.0209250490721434,-0.0632636075698612));
#3331=CARTESIAN_POINT('',(-0.00162625900891621,-0.0203934859043856,-0.0633129245670112));
#3332=CARTESIAN_POINT('',(-0.00215133980566462,-0.0199362139885925,-0.0633604996079467));
#3333=CARTESIAN_POINT('',(-0.00273204461290005,-0.0195627702748541,-0.0634064924239701));
#3334=CARTESIAN_POINT('',(-0.00273204461290001,-0.0195627702748541,-0.0634064924239701));
#3335=CARTESIAN_POINT('',(-0.00273204461290003,-0.0195627702748541,-0.0634064924239701));
#3336=CARTESIAN_POINT('',(-0.00292620814745839,-0.0194271055790353,-0.0634226403861723));
#3337=CARTESIAN_POINT('',(-0.00345395680771066,-0.0195096869764086,-0.0634353942449887));
#3338=CARTESIAN_POINT('',(-0.00374760237883101,-0.0199278708947394,-0.0634211194354977));
#3339=CARTESIAN_POINT('',(-0.00375760815059212,-0.0201638086725552,-0.0634064924239702));
#3340=CARTESIAN_POINT('',(-0.00375760815059209,-0.0201638086725553,-0.0634064924239701));
#3341=CARTESIAN_POINT('',(-0.00375760815059208,-0.0201638086725553,-0.0634064924239701));
#3342=CARTESIAN_POINT('',(-0.00381328235022731,-0.0209116741880479,-0.0633612276884116));
#3343=CARTESIAN_POINT('',(-0.00374587426200492,-0.0216695441932054,-0.063314218546184));
#3344=CARTESIAN_POINT('',(-0.00350976808795162,-0.0223812143714094,-0.0632636075698611));
#3345=CARTESIAN_POINT('',(-0.00358972139645173,-0.0224767417154064,-0.0632636075698612));
#3346=CARTESIAN_POINT('',(-0.0042584263262651,-0.0223055360759189,-0.0633129245670112));
#3347=CARTESIAN_POINT('',(-0.0049520033026452,-0.0222442300735827,-0.0633604996079466));
#3348=CARTESIAN_POINT('',(-0.00564130806791066,-0.0222834374843541,-0.0634064924239701));
#3349=CARTESIAN_POINT('',(-0.00564130806791064,-0.0222834374843541,-0.0634064924239701));
#3350=CARTESIAN_POINT('',(-0.00564130806791064,-0.0222834374843541,-0.0634064924239701));
#3351=CARTESIAN_POINT('',(-0.00587813137451531,-0.0222878089020464,-0.0634226403861723));
#3352=CARTESIAN_POINT('',(-0.00625654888192826,-0.022664821535354,-0.0634353942449886));
#3353=CARTESIAN_POINT('',(-0.00624831079934684,-0.0231757399681634,-0.0634211194354977));
#3354=CARTESIAN_POINT('',(-0.00611772489248466,-0.0233724988851105,-0.0634064924239702));
#3355=CARTESIAN_POINT('',(-0.00611772489248453,-0.0233724988851105,-0.0634064924239702));
#3356=CARTESIAN_POINT('',(-0.00611772489248453,-0.0233724988851105,-0.0634064924239701));
#3357=CARTESIAN_POINT('',(-0.00572318194543299,-0.0240102592701298,-0.0633612276884116));
#3358=CARTESIAN_POINT('',(-0.00522318284431638,-0.0245837675036869,-0.063314218546184));
#3359=CARTESIAN_POINT('',(-0.00461385970178569,-0.0250207410451601,-0.0632636075698612));
#3360=CARTESIAN_POINT('',(-0.00462239372312671,-0.0251450196654895,-0.0632636075698612));
#3361=CARTESIAN_POINT('',(-0.00526401952556807,-0.0253995662894909,-0.0633129245670112));
#3362=CARTESIAN_POINT('',(-0.00586116985041704,-0.0257576430097895,-0.0633604996079466));
#3363=CARTESIAN_POINT('',(-0.00639578358198839,-0.026194525646767,-0.0634064924239701));
#3364=CARTESIAN_POINT('',(-0.0063957835819884,-0.026194525646767,-0.0634064924239702));
#3365=CARTESIAN_POINT('',(-0.0063957835819884,-0.0261945256467669,-0.0634064924239701));
#3366=CARTESIAN_POINT('',(-0.00658480820684454,-0.0263372634449909,-0.0634226403861723));
#3367=CARTESIAN_POINT('',(-0.00666935193552439,-0.0268647013024974,-0.0634353942449886));
#3368=CARTESIAN_POINT('',(-0.00636237686678524,-0.0272732007739311,-0.0634211194354976));
#3369=CARTESIAN_POINT('',(-0.00614107865926935,-0.0273556256113253,-0.0634064924239701));
#3370=CARTESIAN_POINT('',(-0.0061410786592692,-0.0273556256113252,-0.0634064924239702));
#3371=CARTESIAN_POINT('',(-0.0061410786592692,-0.0273556256113252,-0.0634064924239702));
#3372=CARTESIAN_POINT('',(-0.00544702056128303,-0.0276396780754721,-0.0633612276884116));
#3373=CARTESIAN_POINT('',(-0.00470541310955436,-0.0278097638850379,-0.063314218546184));
#3374=CARTESIAN_POINT('',(-0.00395561372886112,-0.0278051317491219,-0.0632636075698612));
#3375=CARTESIAN_POINT('',(-0.00388946875695146,-0.0279106914368928,-0.0632636075698612));
#3376=CARTESIAN_POINT('',(-0.00425893618354713,-0.028493762165736,-0.0633129245670112));
#3377=CARTESIAN_POINT('',(-0.0045315687291657,-0.0291344484720955,-0.0633604996079466));
#3378=CARTESIAN_POINT('',(-0.00470728715243509,-0.0298021320170484,-0.0634064924239701));
#3379=CARTESIAN_POINT('',(-0.00470728715243513,-0.0298021320170483,-0.0634064924239701));
#3380=CARTESIAN_POINT('',(-0.00470728715243512,-0.0298021320170484,-0.0634064924239701));
#3381=CARTESIAN_POINT('',(-0.00477631211355836,-0.0300287152083617,-0.0634226403861723));
#3382=CARTESIAN_POINT('',(-0.00453468923268512,-0.0305051149554531,-0.0634353942449887));
#3383=CARTESIAN_POINT('',(-0.00404623122034767,-0.0306551625518098,-0.0634211194354977));
#3384=CARTESIAN_POINT('',(-0.00381874910579973,-0.0305917698232836,-0.0634064924239702));
#3385=CARTESIAN_POINT('',(-0.00381874910579963,-0.0305917698232836,-0.0634064924239701));
#3386=CARTESIAN_POINT('',(-0.00381874910579962,-0.0305917698232835,-0.0634064924239701));
#3387=CARTESIAN_POINT('',(-0.00309028246014242,-0.030413615979842,-0.0633612276884116));
#3388=CARTESIAN_POINT('',(-0.00239033549805186,-0.0301153123671663,-0.063314218546184));
#3389=CARTESIAN_POINT('',(-0.00178645775787727,-0.0296708438723405,-0.0632636075698612));
#3390=CARTESIAN_POINT('',(-0.00167089892380153,-0.0297173644146664,-0.0632636075698612));
#3391=CARTESIAN_POINT('',(-0.00162708397532793,-0.0304062460477785,-0.0633129245670112));
#3392=CARTESIAN_POINT('',(-0.00147106237572923,-0.0310848215472962,-0.0633604996079466));
#3393=CARTESIAN_POINT('',(-0.00122076702545729,-0.0317282735797814,-0.0634064924239701));
#3394=CARTESIAN_POINT('',(-0.00122076702545734,-0.0317282735797814,-0.0634064924239701));
#3395=CARTESIAN_POINT('',(-0.00122076702545732,-0.0317282735797814,-0.0634064924239701));
#3396=CARTESIAN_POINT('',(-0.00114342713377072,-0.0319521550863819,-0.0634226403861723));
#3397=CARTESIAN_POINT('',(-0.000667929371378323,-0.0321955482119011,-0.0634353942449887));
#3398=CARTESIAN_POINT('',(-0.000184562774078287,-0.0320298308513027,-0.0634211194354976));
#3399=CARTESIAN_POINT('',(-3.77871884229221E-5,-0.0318448344245136,-0.0634064924239701));
#3400=CARTESIAN_POINT('',(-3.77871884228868E-5,-0.0318448344245135,-0.0634064924239701));
#3401=CARTESIAN_POINT('',(-3.77871884228862E-5,-0.0318448344245135,-0.0634064924239701));
#3402=CARTESIAN_POINT('',(0.000446838505934911,-0.0312725229864518,-0.0633612276884116));
#3403=CARTESIAN_POINT('',(0.000837769029191034,-0.03061977179261,-0.063314218546184));
#3404=CARTESIAN_POINT('',(0.00106506435714977,-0.0299052387969693,-0.0632636075698612));
#3405=CARTESIAN_POINT('',(0.00118589750647497,-0.0298749509278567,-0.0632636075698612));
#3406=CARTESIAN_POINT('',(0.00162625900891625,-0.0304065140956144,-0.0633129245670112));
#3407=CARTESIAN_POINT('',(0.00215133980566465,-0.0308637860114075,-0.0633604996079466));
#3408=CARTESIAN_POINT('',(0.00273204461290008,-0.0312372297251459,-0.0634064924239701));
#3409=CARTESIAN_POINT('',(0.00273204461290005,-0.0312372297251459,-0.0634064924239702));
#3410=CARTESIAN_POINT('',(0.00273204461290004,-0.0312372297251459,-0.0634064924239702));
#3411=CARTESIAN_POINT('',(0.00292620814745842,-0.0313728944209647,-0.0634226403861723));
#3412=CARTESIAN_POINT('',(0.00345395680771069,-0.0312903130235914,-0.0634353942449886));
#3413=CARTESIAN_POINT('',(0.00374760237883105,-0.0308721291052606,-0.0634211194354977));
#3414=CARTESIAN_POINT('',(0.00375760815059215,-0.0306361913274448,-0.0634064924239702));
#3415=CARTESIAN_POINT('',(0.00375760815059212,-0.0306361913274447,-0.0634064924239701));
#3416=CARTESIAN_POINT('',(0.00375760815059212,-0.0306361913274447,-0.0634064924239701));
#3417=CARTESIAN_POINT('',(0.00381328235022735,-0.0298883258119521,-0.0633612276884116));
#3418=CARTESIAN_POINT('',(0.00374587426200497,-0.0291304558067947,-0.063314218546184));
#3419=CARTESIAN_POINT('',(0.00350976808795167,-0.0284187856285906,-0.0632636075698611));
#3420=CARTESIAN_POINT('',(0.00358972139645178,-0.0283232582845936,-0.0632636075698612));
#3421=CARTESIAN_POINT('',(0.00425842632626515,-0.028494463924081,-0.0633129245670112));
#3422=CARTESIAN_POINT('',(0.00495200330264524,-0.0285557699264173,-0.0633604996079466));
#3423=CARTESIAN_POINT('',(0.00564130806791071,-0.0285165625156459,-0.0634064924239701));
#3424=CARTESIAN_POINT('',(0.00564130806791069,-0.0285165625156459,-0.0634064924239701));
#3425=CARTESIAN_POINT('',(0.00564130806791069,-0.0285165625156459,-0.0634064924239701));
#3426=CARTESIAN_POINT('',(0.00587813137451535,-0.0285121910979536,-0.0634226403861723));
#3427=CARTESIAN_POINT('',(0.00625654888192831,-0.028135178464646,-0.0634353942449886));
#3428=CARTESIAN_POINT('',(0.00624831079934689,-0.0276242600318366,-0.0634211194354977));
#3429=CARTESIAN_POINT('',(0.00611772489248467,-0.0274275011148895,-0.0634064924239702));
#3430=CARTESIAN_POINT('',(0.00611772489248457,-0.0274275011148895,-0.0634064924239702));
#3431=CARTESIAN_POINT('',(0.00611772489248456,-0.0274275011148895,-0.0634064924239702));
#3432=CARTESIAN_POINT('',(0.00572318194543301,-0.0267897407298702,-0.0633612276884116));
#3433=CARTESIAN_POINT('',(0.00522318284431642,-0.0262162324963131,-0.0633142185461841));
#3434=CARTESIAN_POINT('',(0.00461385970178574,-0.0257792589548399,-0.0632636075698612));
#3435=CARTESIAN_POINT('',(0.00462239372312676,-0.0256549803345105,-0.0632636075698612));
#3436=CARTESIAN_POINT('',(0.00526401952556811,-0.0254004337105091,-0.0633129245670112));
#3437=CARTESIAN_POINT('',(0.00586116985041709,-0.0250423569902105,-0.0633604996079466));
#3438=CARTESIAN_POINT('',(0.00639578358198844,-0.024605474353233,-0.0634064924239701));
#3439=CARTESIAN_POINT('',(0.00639578358198844,-0.024605474353233,-0.0634064924239701));
#3440=CARTESIAN_POINT('',(0.00639578358198844,-0.024605474353233,-0.0634064924239701));
#3441=CARTESIAN_POINT('',(0.00658480820684457,-0.0244627365550091,-0.0634226403861723));
#3442=CARTESIAN_POINT('',(0.00666935193552447,-0.0239352986975026,-0.0634353942449887));
#3443=CARTESIAN_POINT('',(0.00636237686678525,-0.0235267992260688,-0.0634211194354977));
#3444=CARTESIAN_POINT('',(0.00614107865926935,-0.0234443743886747,-0.0634064924239702));
#3445=CARTESIAN_POINT('',(0.00614107865926924,-0.0234443743886747,-0.0634064924239701));
#3446=CARTESIAN_POINT('',(0.00614107865926923,-0.0234443743886747,-0.0634064924239701));
#3447=CARTESIAN_POINT('',(0.00544702056128306,-0.0231603219245279,-0.0633612276884116));
#3448=CARTESIAN_POINT('',(0.0047054131095544,-0.0229902361149621,-0.063314218546184));
#3449=CARTESIAN_POINT('',(0.00395561372886117,-0.0229948682508781,-0.0632636075698611));
#3450=CARTESIAN_POINT('',(1.87928376564154E-17,-0.0254,-0.0508));
#3451=CARTESIAN_POINT('',(-0.00457705385615111,-0.02470565376037,-0.0510363924301388));
#3452=CARTESIAN_POINT('',(-0.00527099086532428,-0.0249895325947346,-0.0509857471260379));
#3453=CARTESIAN_POINT('',(-0.00589049007274936,-0.0254315546914904,-0.0509386938194));
#3454=CARTESIAN_POINT('',(-0.00642039038812638,-0.0259620550640793,-0.0508935075760299));
#3455=CARTESIAN_POINT('',(-0.00642039038812638,-0.0259620550640793,-0.0508935075760299));
#3456=CARTESIAN_POINT('',(-0.00604085087154114,-0.0231537944486749,-0.05089350757603));
#3457=CARTESIAN_POINT('',(-0.00562129066634021,-0.0237017230344041,-0.0509394866258594));
#3458=CARTESIAN_POINT('',(-0.00512251168553267,-0.02418686328091,-0.0509870555770216));
#3459=CARTESIAN_POINT('',(-0.00455647334223981,-0.0245814101246307,-0.0510363924301387));
#3460=CARTESIAN_POINT('',(-0.00604085087154119,-0.0231537944486751,-0.0508935075760299));
#3461=CARTESIAN_POINT('',(-0.00552457261215792,-0.0220809013145136,-0.0508935075760299));
#3462=CARTESIAN_POINT('',(-0.00575884910230265,-0.0221105051094323,-0.0508789025207211));
#3463=CARTESIAN_POINT('',(-0.00615262313000994,-0.0224379218530464,-0.0508645928337055));
#3464=CARTESIAN_POINT('',(-0.00619187364665818,-0.022971495203753,-0.0508773667183512));
#3465=CARTESIAN_POINT('',(-0.00604085087154128,-0.0231537944486751,-0.0508935075760299));
#3466=CARTESIAN_POINT('',(-0.00552457261215792,-0.0220809013145136,-0.0508935075760299));
#3467=CARTESIAN_POINT('',(-0.00329478787415591,-0.0221479373365651,-0.0510363924301388));
#3468=CARTESIAN_POINT('',(-0.00402305449988032,-0.0219697141978973,-0.0509857471260379));
#3469=CARTESIAN_POINT('',(-0.00478405395634965,-0.0219631850881306,-0.0509386938194));
#3470=CARTESIAN_POINT('',(-0.00552457261215793,-0.0220809013145136,-0.0508935075760299));
#3471=CARTESIAN_POINT('',(-0.00356686451887515,-0.0200320584825287,-0.05089350757603));
#3472=CARTESIAN_POINT('',(-0.00354949752470524,-0.0207219533211538,-0.0509394866258594));
#3473=CARTESIAN_POINT('',(-0.00343113513498441,-0.0214076149543048,-0.0509870555770217));
#3474=CARTESIAN_POINT('',(-0.00320510931186994,-0.0220595190463718,-0.0510363924301388));
#3475=CARTESIAN_POINT('',(-0.00356686451887525,-0.0200320584825288,-0.0508935075760299));
#3476=CARTESIAN_POINT('',(-0.00251855587166193,-0.0194675304507886,-0.0508935075760299));
#3477=CARTESIAN_POINT('',(-0.00272549020763661,-0.0193537761581099,-0.0508789025207211));
#3478=CARTESIAN_POINT('',(-0.00323651082124532,-0.0193872073017145,-0.0508645928337055));
#3479=CARTESIAN_POINT('',(-0.00358189170281331,-0.019795806335351,-0.0508773667183512));
#3480=CARTESIAN_POINT('',(-0.00356686451887533,-0.0200320584825287,-0.0508935075760299));
#3481=CARTESIAN_POINT('',(-0.00251855587166193,-0.0194675304507886,-0.0508935075760299));
#3482=CARTESIAN_POINT('',(-0.000754024909954281,-0.0208323983166484,-0.0510363924301388));
#3483=CARTESIAN_POINT('',(-0.00123844805407527,-0.0202601483863375,-0.0509857471260379));
#3484=CARTESIAN_POINT('',(-0.00185027183263775,-0.0198075619680627,-0.0509386938194));
#3485=CARTESIAN_POINT('',(-0.00251855587166194,-0.0194675304507886,-0.0508935075760299));
#3486=CARTESIAN_POINT('',(0.00026954284673512,-0.0189606937264347,-0.05089350757603));
#3487=CARTESIAN_POINT('',(-0.000121916971616498,-0.0195290384382634,-0.0509394866258594));
#3488=CARTESIAN_POINT('',(-0.000429181582866325,-0.020153322018977,-0.0509870555770216));
#3489=CARTESIAN_POINT('',(-0.000629502462025235,-0.0208135781536253,-0.0510363924301388));
#3490=CARTESIAN_POINT('',(0.000269542846734996,-0.0189606937264347,-0.0508935075760299));
#3491=CARTESIAN_POINT('',(0.00144946360924332,-0.0191201613176386,-0.0508935075760299));
#3492=CARTESIAN_POINT('',(0.00134891331034162,-0.0189064992107996,-0.0508789025207211));
#3493=CARTESIAN_POINT('',(0.000915838616278211,-0.0186331751938204,-0.0508645928337055));
#3494=CARTESIAN_POINT('',(0.000396251127484992,-0.0187607289673081,-0.0508773667183512));
#3495=CARTESIAN_POINT('',(0.000269542846734933,-0.0189606937264347,-0.0508935075760299));
#3496=CARTESIAN_POINT('',(0.00144946360924333,-0.0191201613176386,-0.0508935075760299));
#3497=CARTESIAN_POINT('',(0.00207474994148525,-0.0212615278927001,-0.0510363924301388));
#3498=CARTESIAN_POINT('',(0.00201920345508489,-0.0205138311940654,-0.0509857471260379));
#3499=CARTESIAN_POINT('',(0.00179025124271497,-0.0197880600962172,-0.0509386938194));
#3500=CARTESIAN_POINT('',(0.0014494636092433,-0.0191201613176386,-0.0508935075760299));
#3501=CARTESIAN_POINT('',(0.00400299400631699,-0.0203489251028723,-0.05089350757603));
#3502=CARTESIAN_POINT('',(0.00335223172082391,-0.0205786313253128,-0.0509394866258594));
#3503=CARTESIAN_POINT('',(0.0027367047465606,-0.0209030817443756,-0.0509870555770217));
#3504=CARTESIAN_POINT('',(0.00218655293231077,-0.0213194945194509,-0.0510363924301388));
#3505=CARTESIAN_POINT('',(0.00400299400631689,-0.0203489251028723,-0.0508935075760299));
#3506=CARTESIAN_POINT('',(0.00486383725687373,-0.0211714771172843,-0.0508935075760299));
#3507=CARTESIAN_POINT('',(0.00490807779164651,-0.0209395188589895,-0.0508789025207211));
#3508=CARTESIAN_POINT('',(0.00471836883059314,-0.020463840165971,-0.0508645928337054));
#3509=CARTESIAN_POINT('',(0.00422303949516452,-0.0202616274732309,-0.0508773667183512));
#3510=CARTESIAN_POINT('',(0.00400299400631687,-0.0203489251028721,-0.0508935075760299));
#3511=CARTESIAN_POINT('',(0.00486383725687373,-0.0211714771172843,-0.0508935075760299));
#3512=CARTESIAN_POINT('',(0.00411104083343484,-0.0232714131522471,-0.0510363924301388));
#3513=CARTESIAN_POINT('',(0.00450558787460424,-0.0226338644108908,-0.0509857471260379));
#3514=CARTESIAN_POINT('',(0.00474695919175251,-0.0219121285247948,-0.0509386938194));
#3515=CARTESIAN_POINT('',(0.00486383725687372,-0.0211714771172843,-0.0508935075760299));
#3516=CARTESIAN_POINT('',(0.00620743751224787,-0.0236664954102913,-0.05089350757603));
#3517=CARTESIAN_POINT('',(0.00554594183407538,-0.0234698231737983,-0.0509394866258594));
#3518=CARTESIAN_POINT('',(0.00485726287997494,-0.023370511398792,-0.0509870555770217));
#3519=CARTESIAN_POINT('',(0.0041674194247052,-0.0233840252875648,-0.0510363924301388));
#3520=CARTESIAN_POINT('',(0.00620743751224784,-0.0236664954102912,-0.0508935075760299));
#3521=CARTESIAN_POINT('',(0.00642039038812642,-0.0248379449359207,-0.0508935075760299));
#3522=CARTESIAN_POINT('',(0.00659252337597094,-0.0246762906968676,-0.0508789025207211));
#3523=CARTESIAN_POINT('',(0.00671864252307961,-0.0241799504208187,-0.0508645928337055));
#3524=CARTESIAN_POINT('',(0.00643677031152439,-0.0237252096375208,-0.0508773667183512));
#3525=CARTESIAN_POINT('',(0.00620743751224787,-0.0236664954102911,-0.0508935075760299));
#3526=CARTESIAN_POINT('',(0.00642039038812642,-0.0248379449359207,-0.0508935075760299));
#3527=CARTESIAN_POINT('',(0.00457705385615024,-0.0260943462396304,-0.0510363924301388));
#3528=CARTESIAN_POINT('',(0.00527099086532378,-0.0258104674052659,-0.0509857471260379));
#3529=CARTESIAN_POINT('',(0.00589049007274915,-0.0253684453085099,-0.0509386938194));
#3530=CARTESIAN_POINT('',(0.00642039038812642,-0.0248379449359207,-0.0508935075760299));
#3531=CARTESIAN_POINT('',(0.00604085087154118,-0.0276462055513251,-0.05089350757603));
#3532=CARTESIAN_POINT('',(0.00562129066634024,-0.0270982769655958,-0.0509394866258594));
#3533=CARTESIAN_POINT('',(0.00512251168553267,-0.02661313671909,-0.0509870555770216));
#3534=CARTESIAN_POINT('',(0.0045564733422398,-0.0262185898753693,-0.0510363924301387));
#3535=CARTESIAN_POINT('',(0.00604085087154122,-0.027646205551325,-0.0508935075760299));
#3536=CARTESIAN_POINT('',(0.00552457261215796,-0.0287190986854864,-0.0508935075760299));
#3537=CARTESIAN_POINT('',(0.00575884910230269,-0.0286894948905677,-0.0508789025207211));
#3538=CARTESIAN_POINT('',(0.00615262313000999,-0.0283620781469536,-0.0508645928337055));
#3539=CARTESIAN_POINT('',(0.00619187364665822,-0.027828504796247,-0.0508773667183512));
#3540=CARTESIAN_POINT('',(0.0060408508715413,-0.0276462055513249,-0.0508935075760299));
#3541=CARTESIAN_POINT('',(0.00552457261215796,-0.0287190986854864,-0.0508935075760299));
#3542=CARTESIAN_POINT('',(0.00329478787415595,-0.0286520626634349,-0.0510363924301388));
#3543=CARTESIAN_POINT('',(0.00402305449988036,-0.0288302858021027,-0.0509857471260379));
#3544=CARTESIAN_POINT('',(0.00478405395634969,-0.0288368149118694,-0.0509386938194));
#3545=CARTESIAN_POINT('',(0.00552457261215797,-0.0287190986854864,-0.0508935075760299));
#3546=CARTESIAN_POINT('',(0.00356686451887517,-0.0307679415174714,-0.05089350757603));
#3547=CARTESIAN_POINT('',(0.00354949752470526,-0.0300780466788463,-0.0509394866258594));
#3548=CARTESIAN_POINT('',(0.00343113513498446,-0.0293923850456952,-0.0509870555770217));
#3549=CARTESIAN_POINT('',(0.00320510931186998,-0.0287404809536282,-0.0510363924301388));
#3550=CARTESIAN_POINT('',(0.00356686451887527,-0.0307679415174713,-0.0508935075760299));
#3551=CARTESIAN_POINT('',(0.00251855587166195,-0.0313324695492114,-0.0508935075760299));
#3552=CARTESIAN_POINT('',(0.00272549020763664,-0.0314462238418901,-0.0508789025207211));
#3553=CARTESIAN_POINT('',(0.00323651082124532,-0.0314127926982855,-0.0508645928337055));
#3554=CARTESIAN_POINT('',(0.00358189170281334,-0.031004193664649,-0.0508773667183512));
#3555=CARTESIAN_POINT('',(0.00356686451887537,-0.0307679415174713,-0.0508935075760299));
#3556=CARTESIAN_POINT('',(0.00251855587166195,-0.0313324695492114,-0.0508935075760299));
#3557=CARTESIAN_POINT('',(0.000754024909955007,-0.0299676016833524,-0.0510363924301388));
#3558=CARTESIAN_POINT('',(0.00123844805407588,-0.0305398516136629,-0.0509857471260379));
#3559=CARTESIAN_POINT('',(0.0018502718326381,-0.0309924380319374,-0.0509386938194));
#3560=CARTESIAN_POINT('',(0.00251855587166198,-0.0313324695492114,-0.0508935075760299));
#3561=CARTESIAN_POINT('',(-0.000269542846735075,-0.0318393062735653,-0.05089350757603));
#3562=CARTESIAN_POINT('',(0.000121916971616788,-0.0312709615617363,-0.0509394866258594));
#3563=CARTESIAN_POINT('',(0.000429181582866754,-0.0306466779810222,-0.0509870555770217));
#3564=CARTESIAN_POINT('',(0.000629502462025651,-0.0299864218463735,-0.0510363924301388));
#3565=CARTESIAN_POINT('',(-0.000269542846734948,-0.0318393062735653,-0.0508935075760299));
#3566=CARTESIAN_POINT('',(-0.00144946360924328,-0.0316798386823614,-0.0508935075760299));
#3567=CARTESIAN_POINT('',(-0.00134891331034158,-0.0318935007892005,-0.0508789025207211));
#3568=CARTESIAN_POINT('',(-0.00091583861627817,-0.0321668248061796,-0.0508645928337055));
#3569=CARTESIAN_POINT('',(-0.000396251127484939,-0.0320392710326919,-0.0508773667183512));
#3570=CARTESIAN_POINT('',(-0.000269542846734886,-0.0318393062735653,-0.0508935075760299));
#3571=CARTESIAN_POINT('',(-0.00144946360924328,-0.0316798386823614,-0.0508935075760299));
#3572=CARTESIAN_POINT('',(-0.00207474994148519,-0.0295384721073,-0.0510363924301388));
#3573=CARTESIAN_POINT('',(-0.00201920345508484,-0.0302861688059346,-0.0509857471260379));
#3574=CARTESIAN_POINT('',(-0.00179025124271492,-0.0310119399037829,-0.0509386938194));
#3575=CARTESIAN_POINT('',(-0.00144946360924326,-0.0316798386823614,-0.0508935075760299));
#3576=CARTESIAN_POINT('',(-0.00400299400631695,-0.0304510748971277,-0.05089350757603));
#3577=CARTESIAN_POINT('',(-0.00335223172082388,-0.0302213686746872,-0.0509394866258594));
#3578=CARTESIAN_POINT('',(-0.00273670474656056,-0.0298969182556244,-0.0509870555770217));
#3579=CARTESIAN_POINT('',(-0.00218655293231073,-0.0294805054805491,-0.0510363924301388));
#3580=CARTESIAN_POINT('',(-0.00400299400631685,-0.0304510748971277,-0.0508935075760299));
#3581=CARTESIAN_POINT('',(-0.00486383725687369,-0.0296285228827157,-0.0508935075760299));
#3582=CARTESIAN_POINT('',(-0.00490807779164647,-0.0298604811410105,-0.0508789025207211));
#3583=CARTESIAN_POINT('',(-0.00471836883059311,-0.030336159834029,-0.0508645928337055));
#3584=CARTESIAN_POINT('',(-0.00422303949516449,-0.0305383725267691,-0.0508773667183512));
#3585=CARTESIAN_POINT('',(-0.00400299400631683,-0.0304510748971279,-0.0508935075760299));
#3586=CARTESIAN_POINT('',(-0.00486383725687369,-0.0296285228827157,-0.0508935075760299));
#3587=CARTESIAN_POINT('',(-0.00411104083343465,-0.0275285868477528,-0.0510363924301388));
#3588=CARTESIAN_POINT('',(-0.00450558787460414,-0.028166135589109,-0.0509857471260379));
#3589=CARTESIAN_POINT('',(-0.00474695919175246,-0.0288878714752051,-0.0509386938194));
#3590=CARTESIAN_POINT('',(-0.00486383725687369,-0.0296285228827157,-0.0508935075760299));
#3591=CARTESIAN_POINT('',(-0.00620743751224784,-0.0271335045897087,-0.05089350757603));
#3592=CARTESIAN_POINT('',(-0.00554594183407534,-0.0273301768262017,-0.0509394866258594));
#3593=CARTESIAN_POINT('',(-0.00485726287997491,-0.027429488601208,-0.0509870555770217));
#3594=CARTESIAN_POINT('',(-0.00416741942470516,-0.0274159747124353,-0.0510363924301388));
#3595=CARTESIAN_POINT('',(-0.00620743751224781,-0.0271335045897088,-0.0508935075760299));
#3596=CARTESIAN_POINT('',(-0.00642039038812638,-0.0259620550640793,-0.0508935075760299));
#3597=CARTESIAN_POINT('',(-0.00659252337597089,-0.0261237093031324,-0.0508789025207211));
#3598=CARTESIAN_POINT('',(-0.00671864252307956,-0.0266200495791813,-0.0508645928337055));
#3599=CARTESIAN_POINT('',(-0.00643677031152437,-0.0270747903624792,-0.0508773667183512));
#3600=CARTESIAN_POINT('',(-0.00620743751224786,-0.0271335045897089,-0.0508935075760299));
#3601=CARTESIAN_POINT('',(-0.00461777733442597,-0.0250718671119043,-0.0633425837839871));
#3602=CARTESIAN_POINT('',(-0.00469978642856061,-0.0262259718964306,-0.0620981861322008));
#3603=CARTESIAN_POINT('',(-0.00422918555651651,-0.0272829573099623,-0.0608642511145827));
#3604=CARTESIAN_POINT('',(-0.00372464866592984,-0.0284161641644723,-0.0595413344479161));
#3605=CARTESIAN_POINT('',(-0.00272110347428038,-0.0291452816429272,-0.0582184177812494));
#3606=CARTESIAN_POINT('',(-0.00171755828263092,-0.0298743991213822,-0.0568955011145828));
#3607=CARTESIAN_POINT('',(-0.000483903913589287,-0.0300040607842427,-0.055572584447916));
#3608=CARTESIAN_POINT('',(0.000749750455452344,-0.0301337224471032,-0.0542496677812494));
#3609=CARTESIAN_POINT('',(0.00188295730996232,-0.0296291855565165,-0.0529267511145827));
#3610=CARTESIAN_POINT('',(0.00301616416447229,-0.0291246486659298,-0.051603834447916));
#3611=CARTESIAN_POINT('',(0.00374528164292724,-0.0281211034742804,-0.0502809177812494));
#3612=CARTESIAN_POINT('',(0.00388586282244488,-0.0279276098728922,-0.0500258461489006));
#3613=CARTESIAN_POINT('',(0.00400575573635339,-0.0277206593208096,-0.0497650893282915));
#3614=CARTESIAN_POINT('',(-0.00642873524151494,-0.0249431829408762,-0.0643907771753548));
#3615=CARTESIAN_POINT('',(-0.00654290591615048,-0.0265498940409054,-0.0631463795235686));
#3616=CARTESIAN_POINT('',(-0.00588774907516484,-0.0280213983785183,-0.0619124445059505));
#3617=CARTESIAN_POINT('',(-0.00518534749660062,-0.0295990159884458,-0.0605895278392839));
#3618=CARTESIAN_POINT('',(-0.00378824108094194,-0.0306140721268186,-0.0592666111726172));
#3619=CARTESIAN_POINT('',(-0.00239113466528326,-0.0316291282651914,-0.0579436945059505));
#3620=CARTESIAN_POINT('',(-0.000673676948346232,-0.0318096394594602,-0.0566207778392838));
#3621=CARTESIAN_POINT('',(0.0010437807685908,-0.0319901506537291,-0.0552978611726172));
#3622=CARTESIAN_POINT('',(0.00262139837851831,-0.0312877490751648,-0.0539749445059505));
#3623=CARTESIAN_POINT('',(0.00419901598844583,-0.0305853474966006,-0.0526520278392839));
#3624=CARTESIAN_POINT('',(0.00521407212681863,-0.029188241080942,-0.0513291111726172));
#3625=CARTESIAN_POINT('',(0.00540978515445234,-0.0289188649191729,-0.0510740395402684));
#3626=CARTESIAN_POINT('',(0.00557669658067149,-0.028630754382204,-0.0508132827196593));
#3627=CARTESIAN_POINT('',(-0.00521407212681859,-0.0216117589190581,-0.0672041111726172));
#3628=CARTESIAN_POINT('',(-0.00622912826519139,-0.0230088653347167,-0.0658811945059506));
#3629=CARTESIAN_POINT('',(-0.00640963945946023,-0.0247263230516538,-0.0645582778392838));
#3630=CARTESIAN_POINT('',(-0.00659015065372908,-0.0264437807685908,-0.0632353611726172));
#3631=CARTESIAN_POINT('',(-0.00588774907516484,-0.0280213983785183,-0.0619124445059505));
#3632=CARTESIAN_POINT('',(-0.00518534749660062,-0.0295990159884458,-0.0605895278392839));
#3633=CARTESIAN_POINT('',(-0.00378824108094194,-0.0306140721268186,-0.0592666111726172));
#3634=CARTESIAN_POINT('',(-0.00239113466528327,-0.0316291282651914,-0.0579436945059505));
#3635=CARTESIAN_POINT('',(-0.000673676948346233,-0.0318096394594602,-0.0566207778392838));
#3636=CARTESIAN_POINT('',(0.0010437807685908,-0.0319901506537291,-0.0552978611726172));
#3637=CARTESIAN_POINT('',(0.00262139837851831,-0.0312877490751648,-0.0539749445059505));
#3638=CARTESIAN_POINT('',(0.00419901598844583,-0.0305853474966006,-0.0526520278392839));
#3639=CARTESIAN_POINT('',(0.00521407212681863,-0.029188241080942,-0.0513291111726172));
#3640=CARTESIAN_POINT('',(0.00622912826519143,-0.0277911346652833,-0.0500061945059505));
#3641=CARTESIAN_POINT('',(0.00640963945946027,-0.0260736769483462,-0.0486832778392838));
#3642=CARTESIAN_POINT('',(0.00659015065372912,-0.0243562192314092,-0.0473603611726172));
#3643=CARTESIAN_POINT('',(0.00588774907516488,-0.0227786016214817,-0.0460374445059505));
#3644=CARTESIAN_POINT('',(-0.00640771512756088,-0.0260917409016606,-0.0634884856376736));
#3645=CARTESIAN_POINT('',(-0.00629915289835756,-0.0270973715311029,-0.0626872903933196));
#3646=CARTESIAN_POINT('',(-0.00588774907516484,-0.0280213983785183,-0.0619124445059505));
#3647=CARTESIAN_POINT('',(-0.00518534749660061,-0.0295990159884458,-0.0605895278392839));
#3648=CARTESIAN_POINT('',(-0.00378824108094193,-0.0306140721268186,-0.0592666111726172));
#3649=CARTESIAN_POINT('',(-0.00239113466528326,-0.0316291282651914,-0.0579436945059505));
#3650=CARTESIAN_POINT('',(-0.000673676948346231,-0.0318096394594602,-0.0566207778392839));
#3651=CARTESIAN_POINT('',(0.0010437807685908,-0.0319901506537291,-0.0552978611726172));
#3652=CARTESIAN_POINT('',(0.00262139837851831,-0.0312877490751648,-0.0539749445059505));
#3653=CARTESIAN_POINT('',(0.00419901598844583,-0.0305853474966006,-0.0526520278392839));
#3654=CARTESIAN_POINT('',(0.00521407212681863,-0.029188241080942,-0.0513291111726172));
#3655=CARTESIAN_POINT('',(0.00576412572575669,-0.0284311564400231,-0.0506122295676631));
#3656=CARTESIAN_POINT('',(0.00607614633693107,-0.0275488983975987,-0.049870321385689));
#3657=CARTESIAN_POINT('',(-0.00683180272087226,-0.0261375230140579,-0.0637170700918102));
#3658=CARTESIAN_POINT('',(-0.00671605541967512,-0.0272097102030398,-0.0629158748474562));
#3659=CARTESIAN_POINT('',(-0.00627742328595617,-0.0281948927532408,-0.0621410289600871));
#3660=CARTESIAN_POINT('',(-0.00552853402979369,-0.0298769232532611,-0.0608181122934205));
#3661=CARTESIAN_POINT('',(-0.00403896165932562,-0.0309591597681377,-0.0594951956267538));
#3662=CARTESIAN_POINT('',(-0.00254938928885754,-0.0320413962830142,-0.0581722789600872));
#3663=CARTESIAN_POINT('',(-0.000718263517818501,-0.0322338544125665,-0.0568493622934205));
#3664=CARTESIAN_POINT('',(0.00111286225322054,-0.0324263125421186,-0.0555264456267538));
#3665=CARTESIAN_POINT('',(0.00279489275324082,-0.0316774232859562,-0.0542035289600871));
#3666=CARTESIAN_POINT('',(0.00447692325326111,-0.0309285340297937,-0.0528806122934205));
#3667=CARTESIAN_POINT('',(0.00555915976813768,-0.0294389616593256,-0.0515576956267538));
#3668=CARTESIAN_POINT('',(0.00614561806084288,-0.0286317702023407,-0.0508408140217998));
#3669=CARTESIAN_POINT('',(0.0064782894137282,-0.0276911208796483,-0.0500989058398257));
#3670=CARTESIAN_POINT('',(-0.00683180272087226,-0.0261375230140579,-0.064201009283537));
#3671=CARTESIAN_POINT('',(-0.00671605541967512,-0.0272097102030398,-0.063399814039183));
#3672=CARTESIAN_POINT('',(-0.00627742328595617,-0.0281948927532408,-0.0626249681518139));
#3673=CARTESIAN_POINT('',(-0.0055285340297937,-0.0298769232532611,-0.0613020514851472));
#3674=CARTESIAN_POINT('',(-0.00403896165932562,-0.0309591597681377,-0.0599791348184805));
#3675=CARTESIAN_POINT('',(-0.00254938928885754,-0.0320413962830143,-0.0586562181518139));
#3676=CARTESIAN_POINT('',(-0.000718263517818501,-0.0322338544125665,-0.0573333014851472));
#3677=CARTESIAN_POINT('',(0.00111286225322054,-0.0324263125421186,-0.0560103848184806));
#3678=CARTESIAN_POINT('',(0.00279489275324083,-0.0316774232859562,-0.0546874681518139));
#3679=CARTESIAN_POINT('',(0.00447692325326112,-0.0309285340297937,-0.0533645514851472));
#3680=CARTESIAN_POINT('',(0.00555915976813769,-0.0294389616593256,-0.0520416348184805));
#3681=CARTESIAN_POINT('',(0.00614561806084289,-0.0286317702023407,-0.0513247532135265));
#3682=CARTESIAN_POINT('',(0.00647828941372821,-0.0276911208796483,-0.0505828450315524));
#3683=CARTESIAN_POINT('',(-0.0064077151275609,-0.0260917409016606,-0.0644295937376736));
#3684=CARTESIAN_POINT('',(-0.00629915289835757,-0.0270973715311029,-0.0636283984933196));
#3685=CARTESIAN_POINT('',(-0.00588774907516485,-0.0280213983785183,-0.0628535526059505));
#3686=CARTESIAN_POINT('',(-0.00518534749660062,-0.0295990159884458,-0.0615306359392839));
#3687=CARTESIAN_POINT('',(-0.00378824108094194,-0.0306140721268186,-0.0602077192726172));
#3688=CARTESIAN_POINT('',(-0.00239113466528327,-0.0316291282651914,-0.0588848026059505));
#3689=CARTESIAN_POINT('',(-0.000673676948346231,-0.0318096394594602,-0.0575618859392839));
#3690=CARTESIAN_POINT('',(0.00104378076859081,-0.0319901506537291,-0.0562389692726172));
#3691=CARTESIAN_POINT('',(0.00262139837851832,-0.0312877490751648,-0.0549160526059505));
#3692=CARTESIAN_POINT('',(0.00419901598844584,-0.0305853474966006,-0.0535931359392838));
#3693=CARTESIAN_POINT('',(0.00521407212681864,-0.029188241080942,-0.0522702192726172));
#3694=CARTESIAN_POINT('',(0.00576412572575671,-0.0284311564400231,-0.0515533376676632));
#3695=CARTESIAN_POINT('',(0.00607614633693109,-0.0275488983975987,-0.0508114294856891));
#3696=CARTESIAN_POINT('',(-0.00521407212681859,-0.0216117589190581,-0.0681452192726172));
#3697=CARTESIAN_POINT('',(-0.0062291282651914,-0.0230088653347167,-0.0668223026059505));
#3698=CARTESIAN_POINT('',(-0.00640963945946024,-0.0247263230516538,-0.0654993859392838));
#3699=CARTESIAN_POINT('',(-0.00659015065372908,-0.0264437807685908,-0.0641764692726172));
#3700=CARTESIAN_POINT('',(-0.00588774907516485,-0.0280213983785183,-0.0628535526059505));
#3701=CARTESIAN_POINT('',(-0.00518534749660062,-0.0295990159884458,-0.0615306359392839));
#3702=CARTESIAN_POINT('',(-0.00378824108094194,-0.0306140721268186,-0.0602077192726172));
#3703=CARTESIAN_POINT('',(-0.00239113466528327,-0.0316291282651914,-0.0588848026059505));
#3704=CARTESIAN_POINT('',(-0.000673676948346234,-0.0318096394594602,-0.0575618859392838));
#3705=CARTESIAN_POINT('',(0.0010437807685908,-0.0319901506537291,-0.0562389692726172));
#3706=CARTESIAN_POINT('',(0.00262139837851831,-0.0312877490751648,-0.0549160526059505));
#3707=CARTESIAN_POINT('',(0.00419901598844583,-0.0305853474966006,-0.0535931359392838));
#3708=CARTESIAN_POINT('',(0.00521407212681863,-0.029188241080942,-0.0522702192726172));
#3709=CARTESIAN_POINT('',(0.00622912826519144,-0.0277911346652833,-0.0509473026059505));
#3710=CARTESIAN_POINT('',(0.00640963945946028,-0.0260736769483462,-0.0496243859392838));
#3711=CARTESIAN_POINT('',(0.00659015065372912,-0.0243562192314092,-0.0483014692726172));
#3712=CARTESIAN_POINT('',(0.00588774907516489,-0.0227786016214817,-0.0469785526059505));
#3713=CARTESIAN_POINT('',(-0.00617147553579056,-0.0272574736450732,-0.0634871476181805));
#3714=CARTESIAN_POINT('',(-0.00605380876160138,-0.0276484227280979,-0.0631663126189582));
#3715=CARTESIAN_POINT('',(-0.00588774907516484,-0.0280213983785183,-0.0628535526059505));
#3716=CARTESIAN_POINT('',(-0.00518534749660062,-0.0295990159884458,-0.0615306359392839));
#3717=CARTESIAN_POINT('',(-0.00378824108094194,-0.0306140721268186,-0.0602077192726172));
#3718=CARTESIAN_POINT('',(-0.00239113466528327,-0.0316291282651914,-0.0588848026059505));
#3719=CARTESIAN_POINT('',(-0.000673676948346234,-0.0318096394594602,-0.0575618859392838));
#3720=CARTESIAN_POINT('',(0.0010437807685908,-0.0319901506537291,-0.0562389692726172));
#3721=CARTESIAN_POINT('',(0.00262139837851831,-0.0312877490751648,-0.0549160526059505));
#3722=CARTESIAN_POINT('',(0.00419901598844583,-0.0305853474966006,-0.0535931359392838));
#3723=CARTESIAN_POINT('',(0.00521407212681863,-0.029188241080942,-0.0522702192726172));
#3724=CARTESIAN_POINT('',(0.0061139214657749,-0.0279497033911967,-0.0510974509468154));
#3725=CARTESIAN_POINT('',(0.00636067641939608,-0.0264388041772836,-0.0499086436452213));
#3726=CARTESIAN_POINT('',(-0.00443298701509792,-0.0267342281763483,-0.0645353410095483));
#3727=CARTESIAN_POINT('',(-0.00434846666351197,-0.0270150479249744,-0.064214506010326));
#3728=CARTESIAN_POINT('',(-0.00422918555651652,-0.0272829573099623,-0.0639017459973183));
#3729=CARTESIAN_POINT('',(-0.00372464866592984,-0.0284161641644723,-0.0625788293306516));
#3730=CARTESIAN_POINT('',(-0.00272110347428039,-0.0291452816429273,-0.061255912663985));
#3731=CARTESIAN_POINT('',(-0.00171755828263093,-0.0298743991213822,-0.0599329959973182));
#3732=CARTESIAN_POINT('',(-0.00048390391358929,-0.0300040607842427,-0.0586100793306516));
#3733=CARTESIAN_POINT('',(0.000749750455452346,-0.0301337224471032,-0.057287162663985));
#3734=CARTESIAN_POINT('',(0.00188295730996232,-0.0296291855565166,-0.0559642459973183));
#3735=CARTESIAN_POINT('',(0.0030161641644723,-0.0291246486659299,-0.0546413293306516));
#3736=CARTESIAN_POINT('',(0.00374528164292726,-0.0281211034742804,-0.053318412663985));
#3737=CARTESIAN_POINT('',(0.00439164577610803,-0.0272314586130946,-0.0521456443381833));
#3738=CARTESIAN_POINT('',(0.00456889050453158,-0.0261461757569031,-0.050956837036589));
#3739=CARTESIAN_POINT('',(-0.00354298866737523,-0.0224202735015711,-0.0633425837839871));
#3740=CARTESIAN_POINT('',(-0.00428770119016825,-0.0233057601494562,-0.0620981861322008));
#3741=CARTESIAN_POINT('',(-0.00452825752507909,-0.0244374915641133,-0.0608642511145827));
#3742=CARTESIAN_POINT('',(-0.00478616088318307,-0.0256508345110784,-0.0595413344479161));
#3743=CARTESIAN_POINT('',(-0.0044028402695399,-0.0268305720057048,-0.0582184177812494));
#3744=CARTESIAN_POINT('',(-0.00401951965589672,-0.0280103095003313,-0.0568955011145828));
#3745=CARTESIAN_POINT('',(-0.00309768551937426,-0.0288403318336532,-0.055572584447916));
#3746=CARTESIAN_POINT('',(-0.00217585138285181,-0.0296703541669751,-0.0542496677812494));
#3747=CARTESIAN_POINT('',(-0.000962508435886703,-0.0299282575250791,-0.0529267511145827));
#3748=CARTESIAN_POINT('',(0.000250834511078394,-0.0301861608831831,-0.051603834447916));
#3749=CARTESIAN_POINT('',(0.00143057200570484,-0.0298028402695399,-0.0502809177812494));
#3750=CARTESIAN_POINT('',(0.00165803725433284,-0.0297289322017844,-0.0500258461489006));
#3751=CARTESIAN_POINT('',(0.00187667514165787,-0.0296319769748041,-0.0497650893282915));
#3752=CARTESIAN_POINT('',(-0.00493244573237408,-0.021251711469993,-0.0643907771753549));
#3753=CARTESIAN_POINT('',(-0.00596921283770531,-0.0224844602161725,-0.0631463795235686));
#3754=CARTESIAN_POINT('',(-0.00630410836770019,-0.0240600237616677,-0.0619124445059505));
#3755=CARTESIAN_POINT('',(-0.00666315391863823,-0.0257492045077912,-0.0605895278392839));
#3756=CARTESIAN_POINT('',(-0.00612950611380458,-0.0273916007209868,-0.0592666111726172));
#3757=CARTESIAN_POINT('',(-0.00559585830897093,-0.0290339969341824,-0.0579436945059505));
#3758=CARTESIAN_POINT('',(-0.00431250764671339,-0.0301895298754723,-0.0566207778392838));
#3759=CARTESIAN_POINT('',(-0.00302915698445585,-0.0313450628167622,-0.0552978611726172));
#3760=CARTESIAN_POINT('',(-0.00133997623833231,-0.0317041083677002,-0.0539749445059505));
#3761=CARTESIAN_POINT('',(0.000349204507791253,-0.0320631539186383,-0.0526520278392839));
#3762=CARTESIAN_POINT('',(0.00199160072098682,-0.0315295061138046,-0.0513291111726172));
#3763=CARTESIAN_POINT('',(0.00230827122157009,-0.0314266134523785,-0.0510740395402684));
#3764=CARTESIAN_POINT('',(0.00261265252659712,-0.0312916352064829,-0.0508132827196593));
#3765=CARTESIAN_POINT('',(-0.00199160072098678,-0.0192704938861954,-0.0672041111726172));
#3766=CARTESIAN_POINT('',(-0.00363399693418235,-0.0198041416910291,-0.0658811945059506));
#3767=CARTESIAN_POINT('',(-0.00478952987547225,-0.0210874923532866,-0.0645582778392838));
#3768=CARTESIAN_POINT('',(-0.00594506281676215,-0.0223708430155441,-0.0632353611726172));
#3769=CARTESIAN_POINT('',(-0.00630410836770019,-0.0240600237616677,-0.0619124445059505));
#3770=CARTESIAN_POINT('',(-0.00666315391863823,-0.0257492045077912,-0.0605895278392839));
#3771=CARTESIAN_POINT('',(-0.00612950611380458,-0.0273916007209868,-0.0592666111726172));
#3772=CARTESIAN_POINT('',(-0.00559585830897093,-0.0290339969341824,-0.0579436945059505));
#3773=CARTESIAN_POINT('',(-0.00431250764671339,-0.0301895298754723,-0.0566207778392838));
#3774=CARTESIAN_POINT('',(-0.00302915698445586,-0.0313450628167622,-0.0552978611726172));
#3775=CARTESIAN_POINT('',(-0.0013399762383323,-0.0317041083677002,-0.0539749445059505));
#3776=CARTESIAN_POINT('',(0.00034920450779125,-0.0320631539186383,-0.0526520278392839));
#3777=CARTESIAN_POINT('',(0.00199160072098682,-0.0315295061138046,-0.0513291111726172));
#3778=CARTESIAN_POINT('',(0.0036339969341824,-0.030995858308971,-0.0500061945059505));
#3779=CARTESIAN_POINT('',(0.00478952987547229,-0.0297125076467134,-0.0486832778392838));
#3780=CARTESIAN_POINT('',(0.00594506281676219,-0.0284291569844559,-0.0473603611726172));
#3781=CARTESIAN_POINT('',(0.00630410836770023,-0.0267399762383324,-0.0460374445059505));
#3782=CARTESIAN_POINT('',(-0.00559054553371377,-0.022193269692276,-0.0634884856376735));
#3783=CARTESIAN_POINT('',(-0.00609381169858082,-0.0230706532388405,-0.0626872903933196));
#3784=CARTESIAN_POINT('',(-0.00630410836770019,-0.0240600237616677,-0.0619124445059505));
#3785=CARTESIAN_POINT('',(-0.00666315391863823,-0.0257492045077912,-0.0605895278392839));
#3786=CARTESIAN_POINT('',(-0.00612950611380457,-0.0273916007209868,-0.0592666111726172));
#3787=CARTESIAN_POINT('',(-0.00559585830897092,-0.0290339969341824,-0.0579436945059505));
#3788=CARTESIAN_POINT('',(-0.00431250764671339,-0.0301895298754722,-0.0566207778392839));
#3789=CARTESIAN_POINT('',(-0.00302915698445586,-0.0313450628167622,-0.0552978611726172));
#3790=CARTESIAN_POINT('',(-0.0013399762383323,-0.0317041083677002,-0.0539749445059505));
#3791=CARTESIAN_POINT('',(0.000349204507791253,-0.0320631539186383,-0.0526520278392839));
#3792=CARTESIAN_POINT('',(0.00199160072098682,-0.0315295061138046,-0.0513291111726172));
#3793=CARTESIAN_POINT('',(0.00288160661701409,-0.0312403251665472,-0.0506122295676632));
#3794=CARTESIAN_POINT('',(0.00365261486010287,-0.0307099645304615,-0.0498703213856891));
#3795=CARTESIAN_POINT('',(-0.00596054965429221,-0.0219810357662152,-0.0637170700918102));
#3796=CARTESIAN_POINT('',(-0.00649712393795117,-0.022916487979889,-0.0629158748474562));
#3797=CARTESIAN_POINT('',(-0.0067213388613176,-0.0239713389049448,-0.0621410289600871));
#3798=CARTESIAN_POINT('',(-0.00710414744799541,-0.0257723162248908,-0.0608181122934205));
#3799=CARTESIAN_POINT('',(-0.00653518074887222,-0.0275234126289425,-0.0594951956267538));
#3800=CARTESIAN_POINT('',(-0.00596621404974903,-0.0292745090329943,-0.0581722789600872));
#3801=CARTESIAN_POINT('',(-0.0045979262323751,-0.030506519653817,-0.0568493622934205));
#3802=CARTESIAN_POINT('',(-0.00322963841500116,-0.0317385302746398,-0.0555264456267538));
#3803=CARTESIAN_POINT('',(-0.00142866109505519,-0.0321213388613176,-0.0542035289600871));
#3804=CARTESIAN_POINT('',(0.000372316224890795,-0.0325041474479954,-0.0528806122934205));
#3805=CARTESIAN_POINT('',(0.00212341262894253,-0.0319351807488722,-0.0515576956267538));
#3806=CARTESIAN_POINT('',(0.00307232258842538,-0.0316268606779939,-0.0508408140217998));
#3807=CARTESIAN_POINT('',(0.00389435916590879,-0.0310613987052746,-0.0500989058398257));
#3808=CARTESIAN_POINT('',(-0.00596054965429221,-0.0219810357662152,-0.0642010092835369));
#3809=CARTESIAN_POINT('',(-0.00649712393795117,-0.022916487979889,-0.0633998140391829));
#3810=CARTESIAN_POINT('',(-0.00672133886131761,-0.0239713389049448,-0.0626249681518139));
#3811=CARTESIAN_POINT('',(-0.00710414744799542,-0.0257723162248907,-0.0613020514851472));
#3812=CARTESIAN_POINT('',(-0.00653518074887222,-0.0275234126289426,-0.0599791348184805));
#3813=CARTESIAN_POINT('',(-0.00596621404974904,-0.0292745090329943,-0.0586562181518139));
#3814=CARTESIAN_POINT('',(-0.0045979262323751,-0.030506519653817,-0.0573333014851472));
#3815=CARTESIAN_POINT('',(-0.00322963841500117,-0.0317385302746399,-0.0560103848184806));
#3816=CARTESIAN_POINT('',(-0.00142866109505519,-0.0321213388613176,-0.0546874681518139));
#3817=CARTESIAN_POINT('',(0.000372316224890799,-0.0325041474479954,-0.0533645514851472));
#3818=CARTESIAN_POINT('',(0.00212341262894253,-0.0319351807488722,-0.0520416348184805));
#3819=CARTESIAN_POINT('',(0.00307232258842539,-0.0316268606779939,-0.0513247532135265));
#3820=CARTESIAN_POINT('',(0.0038943591659088,-0.0310613987052746,-0.0505828450315524));
#3821=CARTESIAN_POINT('',(-0.00559054553371378,-0.022193269692276,-0.0644295937376736));
#3822=CARTESIAN_POINT('',(-0.00609381169858083,-0.0230706532388405,-0.0636283984933196));
#3823=CARTESIAN_POINT('',(-0.0063041083677002,-0.0240600237616677,-0.0628535526059505));
#3824=CARTESIAN_POINT('',(-0.00666315391863825,-0.0257492045077912,-0.0615306359392839));
#3825=CARTESIAN_POINT('',(-0.00612950611380458,-0.0273916007209868,-0.0602077192726172));
#3826=CARTESIAN_POINT('',(-0.00559585830897093,-0.0290339969341824,-0.0588848026059505));
#3827=CARTESIAN_POINT('',(-0.00431250764671339,-0.0301895298754723,-0.0575618859392839));
#3828=CARTESIAN_POINT('',(-0.00302915698445586,-0.0313450628167622,-0.0562389692726172));
#3829=CARTESIAN_POINT('',(-0.0013399762383323,-0.0317041083677002,-0.0549160526059505));
#3830=CARTESIAN_POINT('',(0.000349204507791253,-0.0320631539186383,-0.0535931359392838));
#3831=CARTESIAN_POINT('',(0.00199160072098683,-0.0315295061138046,-0.0522702192726172));
#3832=CARTESIAN_POINT('',(0.0028816066170141,-0.0312403251665472,-0.0515533376676632));
#3833=CARTESIAN_POINT('',(0.00365261486010287,-0.0307099645304615,-0.0508114294856891));
#3834=CARTESIAN_POINT('',(-0.00199160072098678,-0.0192704938861954,-0.0681452192726172));
#3835=CARTESIAN_POINT('',(-0.00363399693418235,-0.0198041416910291,-0.0668223026059505));
#3836=CARTESIAN_POINT('',(-0.00478952987547225,-0.0210874923532866,-0.0654993859392838));
#3837=CARTESIAN_POINT('',(-0.00594506281676216,-0.0223708430155441,-0.0641764692726172));
#3838=CARTESIAN_POINT('',(-0.00630410836770019,-0.0240600237616677,-0.0628535526059505));
#3839=CARTESIAN_POINT('',(-0.00666315391863823,-0.0257492045077912,-0.0615306359392839));
#3840=CARTESIAN_POINT('',(-0.00612950611380458,-0.0273916007209868,-0.0602077192726172));
#3841=CARTESIAN_POINT('',(-0.00559585830897093,-0.0290339969341824,-0.0588848026059505));
#3842=CARTESIAN_POINT('',(-0.00431250764671339,-0.0301895298754722,-0.0575618859392838));
#3843=CARTESIAN_POINT('',(-0.00302915698445586,-0.0313450628167622,-0.0562389692726172));
#3844=CARTESIAN_POINT('',(-0.00133997623833231,-0.0317041083677002,-0.0549160526059505));
#3845=CARTESIAN_POINT('',(0.000349204507791248,-0.0320631539186383,-0.0535931359392838));
#3846=CARTESIAN_POINT('',(0.00199160072098682,-0.0315295061138046,-0.0522702192726172));
#3847=CARTESIAN_POINT('',(0.0036339969341824,-0.030995858308971,-0.0509473026059505));
#3848=CARTESIAN_POINT('',(0.00478952987547229,-0.0297125076467134,-0.0496243859392838));
#3849=CARTESIAN_POINT('',(0.0059450628167622,-0.0284291569844559,-0.0483014692726172));
#3850=CARTESIAN_POINT('',(0.00630410836770023,-0.0267399762383324,-0.0469785526059505));
#3851=CARTESIAN_POINT('',(-0.00608462420391974,-0.0232752254406463,-0.0634871476181805));
#3852=CARTESIAN_POINT('',(-0.00621922388932661,-0.0236606726873018,-0.0631663126189582));
#3853=CARTESIAN_POINT('',(-0.00630410836770019,-0.0240600237616677,-0.0628535526059505));
#3854=CARTESIAN_POINT('',(-0.00666315391863823,-0.0257492045077912,-0.0615306359392839));
#3855=CARTESIAN_POINT('',(-0.00612950611380458,-0.0273916007209868,-0.0602077192726172));
#3856=CARTESIAN_POINT('',(-0.00559585830897093,-0.0290339969341824,-0.0588848026059505));
#3857=CARTESIAN_POINT('',(-0.00431250764671339,-0.0301895298754722,-0.0575618859392838));
#3858=CARTESIAN_POINT('',(-0.00302915698445586,-0.0313450628167622,-0.0562389692726172));
#3859=CARTESIAN_POINT('',(-0.00133997623833231,-0.0317041083677002,-0.0549160526059505));
#3860=CARTESIAN_POINT('',(0.000349204507791252,-0.0320631539186383,-0.0535931359392838));
#3861=CARTESIAN_POINT('',(0.00199160072098682,-0.0315295061138046,-0.0522702192726172));
#3862=CARTESIAN_POINT('',(0.00344758831702053,-0.0310564262453503,-0.0510974509468151));
#3863=CARTESIAN_POINT('',(0.0045353015435848,-0.0299791220271751,-0.0499086436452207));
#3864=CARTESIAN_POINT('',(-0.00437060147630824,-0.0238737688779611,-0.0645353410095484));
#3865=CARTESIAN_POINT('',(-0.00446728478229957,-0.0241506366431365,-0.064214506010326));
#3866=CARTESIAN_POINT('',(-0.00452825752507903,-0.0244374915641133,-0.0639017459973183));
#3867=CARTESIAN_POINT('',(-0.00478616088318302,-0.0256508345110784,-0.0625788293306517));
#3868=CARTESIAN_POINT('',(-0.00440284026953984,-0.0268305720057048,-0.061255912663985));
#3869=CARTESIAN_POINT('',(-0.00401951965589667,-0.0280103095003313,-0.0599329959973183));
#3870=CARTESIAN_POINT('',(-0.00309768551937423,-0.0288403318336532,-0.0586100793306516));
#3871=CARTESIAN_POINT('',(-0.00217585138285178,-0.0296703541669751,-0.057287162663985));
#3872=CARTESIAN_POINT('',(-0.000962508435886696,-0.029928257525079,-0.0559642459973183));
#3873=CARTESIAN_POINT('',(0.00025083451107839,-0.030186160883183,-0.0546413293306516));
#3874=CARTESIAN_POINT('',(0.00143057200570483,-0.0298028402695399,-0.053318412663985));
#3875=CARTESIAN_POINT('',(0.00247641170318557,-0.0294630257629766,-0.052145644338183));
#3876=CARTESIAN_POINT('',(0.00325771895807885,-0.0286891953260276,-0.0509568370365885));
#3877=CARTESIAN_POINT('',(0.00111489875114288,-0.0298931658635408,-0.063342583783987));
#3878=CARTESIAN_POINT('',(0.00223785983073499,-0.029614523155205,-0.0620981861322008));
#3879=CARTESIAN_POINT('',(0.00309768902887392,-0.0288403286736855,-0.0608642511145827));
#3880=CARTESIAN_POINT('',(0.00401952231868559,-0.028010305399996,-0.059541334447916));
#3881=CARTESIAN_POINT('',(0.00440284172887191,-0.0268305675143427,-0.0582184177812494));
#3882=CARTESIAN_POINT('',(0.00478616113905824,-0.0256508296286894,-0.0568955011145828));
#3883=CARTESIAN_POINT('',(0.00452825654321663,-0.0244374869448136,-0.055572584447916));
#3884=CARTESIAN_POINT('',(0.00427035194737502,-0.0232241442609378,-0.0542496677812494));
#3885=CARTESIAN_POINT('',(0.00344032867368551,-0.0223023109711261,-0.0529267511145827));
#3886=CARTESIAN_POINT('',(0.002610305399996,-0.0213804776813144,-0.051603834447916));
#3887=CARTESIAN_POINT('',(0.00143056751434273,-0.0209971582711281,-0.0502809177812494));
#3888=CARTESIAN_POINT('',(0.00120310219032083,-0.0209232504354112,-0.0500258461489006));
#3889=CARTESIAN_POINT('',(0.00096923157130896,-0.0208731767359697,-0.0497650893282915));
#3890=CARTESIAN_POINT('',(0.00155212960113076,-0.0316552547775687,-0.0643907771753548));
#3891=CARTESIAN_POINT('',(0.00311548334133895,-0.0312673365066908,-0.0631463795235686));
#3892=CARTESIAN_POINT('',(0.00431251253253672,-0.0301895254762573,-0.0619124445059505));
#3893=CARTESIAN_POINT('',(0.00559586201602813,-0.0290339912258149,-0.0605895278392838));
#3894=CARTESIAN_POINT('',(0.00612950814544418,-0.0273915944682432,-0.0592666111726172));
#3895=CARTESIAN_POINT('',(0.00666315427486024,-0.0257491977106715,-0.0579436945059505));
#3896=CARTESIAN_POINT('',(0.00630410700077989,-0.0240600173308131,-0.0566207778392838));
#3897=CARTESIAN_POINT('',(0.00594505972669955,-0.0223708369509547,-0.0552978611726172));
#3898=CARTESIAN_POINT('',(0.00478952547625725,-0.0210874874674633,-0.0539749445059505));
#3899=CARTESIAN_POINT('',(0.00363399122581494,-0.0198041379839719,-0.0526520278392839));
#3900=CARTESIAN_POINT('',(0.00199159446824318,-0.0192704918545559,-0.0513291111726172));
#3901=CARTESIAN_POINT('',(0.00167492386269871,-0.0191675995161671,-0.0510740395402684));
#3902=CARTESIAN_POINT('',(0.00134933599184409,-0.0190978883687991,-0.0508132827196593));
#3903=CARTESIAN_POINT('',(-0.00199159446824314,-0.0315295081454441,-0.0672041111726172));
#3904=CARTESIAN_POINT('',(-0.000349197710671397,-0.0320631542748602,-0.0658811945059506));
#3905=CARTESIAN_POINT('',(0.00133998266918696,-0.0317041070007799,-0.0645582778392838));
#3906=CARTESIAN_POINT('',(0.00302916304904531,-0.0313450597266995,-0.0632353611726172));
#3907=CARTESIAN_POINT('',(0.00431251253253672,-0.0301895254762573,-0.0619124445059505));
#3908=CARTESIAN_POINT('',(0.00559586201602813,-0.0290339912258149,-0.0605895278392838));
#3909=CARTESIAN_POINT('',(0.00612950814544418,-0.0273915944682432,-0.0592666111726172));
#3910=CARTESIAN_POINT('',(0.00666315427486023,-0.0257491977106715,-0.0579436945059505));
#3911=CARTESIAN_POINT('',(0.00630410700077989,-0.0240600173308131,-0.0566207778392838));
#3912=CARTESIAN_POINT('',(0.00594505972669955,-0.0223708369509547,-0.0552978611726172));
#3913=CARTESIAN_POINT('',(0.00478952547625725,-0.0210874874674633,-0.0539749445059505));
#3914=CARTESIAN_POINT('',(0.00363399122581494,-0.0198041379839719,-0.0526520278392839));
#3915=CARTESIAN_POINT('',(0.00199159446824318,-0.0192704918545559,-0.0513291111726172));
#3916=CARTESIAN_POINT('',(0.000349197710671436,-0.0187368457251398,-0.0500061945059505));
#3917=CARTESIAN_POINT('',(-0.00133998266918691,-0.0190958929992201,-0.0486832778392838));
#3918=CARTESIAN_POINT('',(-0.00302916304904527,-0.0194549402733005,-0.0473603611726172));
#3919=CARTESIAN_POINT('',(-0.00431251253253668,-0.0206104745237428,-0.0460374445059505));
#3920=CARTESIAN_POINT('',(0.00263797756164193,-0.0312803395323125,-0.0634884856376736));
#3921=CARTESIAN_POINT('',(0.00356084155098797,-0.0308663337622435,-0.0626872903933196));
#3922=CARTESIAN_POINT('',(0.00431251253253671,-0.0301895254762572,-0.0619124445059505));
#3923=CARTESIAN_POINT('',(0.00559586201602813,-0.0290339912258149,-0.0605895278392839));
#3924=CARTESIAN_POINT('',(0.00612950814544418,-0.0273915944682432,-0.0592666111726172));
#3925=CARTESIAN_POINT('',(0.00666315427486023,-0.0257491977106715,-0.0579436945059505));
#3926=CARTESIAN_POINT('',(0.00630410700077988,-0.0240600173308131,-0.0566207778392838));
#3927=CARTESIAN_POINT('',(0.00594505972669955,-0.0223708369509547,-0.0552978611726172));
#3928=CARTESIAN_POINT('',(0.00478952547625725,-0.0210874874674633,-0.0539749445059505));
#3929=CARTESIAN_POINT('',(0.00363399122581494,-0.0198041379839719,-0.0526520278392839));
#3930=CARTESIAN_POINT('',(0.00199159446824318,-0.0192704918545559,-0.0513291111726172));
#3931=CARTESIAN_POINT('',(0.00110158827722131,-0.0189813118151984,-0.0506122295676631));
#3932=CARTESIAN_POINT('',(0.000166091345471705,-0.0189571953082557,-0.049870321385689));
#3933=CARTESIAN_POINT('',(0.00281256921140398,-0.031669523350642,-0.0637170700918102));
#3934=CARTESIAN_POINT('',(0.00379651194105047,-0.0312281170630484,-0.0629158748474562));
#3935=CARTESIAN_POINT('',(0.00459793144156129,-0.0305065149634448,-0.0621410289600871));
#3936=CARTESIAN_POINT('',(0.00596621800215375,-0.0292745029468248,-0.0608181122934205));
#3937=CARTESIAN_POINT('',(0.00653518291497365,-0.0275234059623679,-0.0594951956267538));
#3938=CARTESIAN_POINT('',(0.00710414782779358,-0.025772308977911,-0.0581722789600872));
#3939=CARTESIAN_POINT('',(0.00672133740392918,-0.0239713320484712,-0.0568493622934205));
#3940=CARTESIAN_POINT('',(0.0063385269800648,-0.0221703551190312,-0.0555264456267538));
#3941=CARTESIAN_POINT('',(0.00510651496344479,-0.0208020685584387,-0.0542035289600871));
#3942=CARTESIAN_POINT('',(0.00387450294682479,-0.0194337819978463,-0.0528806122934205));
#3943=CARTESIAN_POINT('',(0.00212340596236793,-0.0188648170850264,-0.0515576956267538));
#3944=CARTESIAN_POINT('',(0.00117449568836657,-0.0185564979821364,-0.0508408140217998));
#3945=CARTESIAN_POINT('',(0.00017708391888808,-0.0185307853506493,-0.0500989058398257));
#3946=CARTESIAN_POINT('',(0.00281256921140399,-0.031669523350642,-0.0642010092835369));
#3947=CARTESIAN_POINT('',(0.00379651194105047,-0.0312281170630484,-0.0633998140391829));
#3948=CARTESIAN_POINT('',(0.00459793144156129,-0.0305065149634448,-0.0626249681518139));
#3949=CARTESIAN_POINT('',(0.00596621800215376,-0.0292745029468248,-0.0613020514851472));
#3950=CARTESIAN_POINT('',(0.00653518291497366,-0.0275234059623679,-0.0599791348184805));
#3951=CARTESIAN_POINT('',(0.00710414782779359,-0.025772308977911,-0.0586562181518139));
#3952=CARTESIAN_POINT('',(0.00672133740392919,-0.0239713320484712,-0.0573333014851472));
#3953=CARTESIAN_POINT('',(0.0063385269800648,-0.0221703551190312,-0.0560103848184806));
#3954=CARTESIAN_POINT('',(0.0051065149634448,-0.0208020685584387,-0.0546874681518139));
#3955=CARTESIAN_POINT('',(0.00387450294682479,-0.0194337819978463,-0.0533645514851472));
#3956=CARTESIAN_POINT('',(0.00212340596236793,-0.0188648170850263,-0.0520416348184805));
#3957=CARTESIAN_POINT('',(0.00117449568836657,-0.0185564979821364,-0.0513247532135265));
#3958=CARTESIAN_POINT('',(0.000177083918888079,-0.0185307853506493,-0.0505828450315524));
#3959=CARTESIAN_POINT('',(0.00263797756164194,-0.0312803395323125,-0.0644295937376736));
#3960=CARTESIAN_POINT('',(0.00356084155098798,-0.0308663337622435,-0.0636283984933196));
#3961=CARTESIAN_POINT('',(0.00431251253253673,-0.0301895254762573,-0.0628535526059505));
#3962=CARTESIAN_POINT('',(0.00559586201602814,-0.0290339912258149,-0.0615306359392839));
#3963=CARTESIAN_POINT('',(0.00612950814544419,-0.0273915944682432,-0.0602077192726172));
#3964=CARTESIAN_POINT('',(0.00666315427486025,-0.0257491977106715,-0.0588848026059505));
#3965=CARTESIAN_POINT('',(0.0063041070007799,-0.0240600173308131,-0.0575618859392839));
#3966=CARTESIAN_POINT('',(0.00594505972669956,-0.0223708369509547,-0.0562389692726172));
#3967=CARTESIAN_POINT('',(0.00478952547625725,-0.0210874874674633,-0.0549160526059505));
#3968=CARTESIAN_POINT('',(0.00363399122581494,-0.0198041379839719,-0.0535931359392838));
#3969=CARTESIAN_POINT('',(0.00199159446824318,-0.0192704918545559,-0.0522702192726172));
#3970=CARTESIAN_POINT('',(0.00110158827722131,-0.0189813118151984,-0.0515533376676632));
#3971=CARTESIAN_POINT('',(0.000166091345471704,-0.0189571953082557,-0.0508114294856891));
#3972=CARTESIAN_POINT('',(-0.00199159446824315,-0.0315295081454441,-0.0681452192726172));
#3973=CARTESIAN_POINT('',(-0.000349197710671397,-0.0320631542748602,-0.0668223026059505));
#3974=CARTESIAN_POINT('',(0.00133998266918696,-0.0317041070007799,-0.0654993859392838));
#3975=CARTESIAN_POINT('',(0.00302916304904532,-0.0313450597266995,-0.0641764692726172));
#3976=CARTESIAN_POINT('',(0.00431251253253672,-0.0301895254762573,-0.0628535526059505));
#3977=CARTESIAN_POINT('',(0.00559586201602813,-0.0290339912258149,-0.0615306359392839));
#3978=CARTESIAN_POINT('',(0.00612950814544418,-0.0273915944682432,-0.0602077192726172));
#3979=CARTESIAN_POINT('',(0.00666315427486024,-0.0257491977106715,-0.0588848026059505));
#3980=CARTESIAN_POINT('',(0.00630410700077989,-0.0240600173308131,-0.0575618859392838));
#3981=CARTESIAN_POINT('',(0.00594505972669956,-0.0223708369509547,-0.0562389692726172));
#3982=CARTESIAN_POINT('',(0.00478952547625726,-0.0210874874674633,-0.0549160526059505));
#3983=CARTESIAN_POINT('',(0.00363399122581495,-0.0198041379839719,-0.0535931359392838));
#3984=CARTESIAN_POINT('',(0.00199159446824319,-0.0192704918545559,-0.0522702192726172));
#3985=CARTESIAN_POINT('',(0.00034919771067144,-0.0187368457251398,-0.0509473026059505));
#3986=CARTESIAN_POINT('',(-0.00133998266918691,-0.0190958929992201,-0.0496243859392838));
#3987=CARTESIAN_POINT('',(-0.00302916304904527,-0.0194549402733004,-0.0483014692726172));
#3988=CARTESIAN_POINT('',(-0.00431251253253669,-0.0206104745237428,-0.0469785526059505));
#3989=CARTESIAN_POINT('',(0.00367365323492194,-0.0306954311005386,-0.0634871476181805));
#3990=CARTESIAN_POINT('',(0.00400910687497444,-0.0304627134376046,-0.0631663126189581));
#3991=CARTESIAN_POINT('',(0.00431251253253671,-0.0301895254762573,-0.0628535526059505));
#3992=CARTESIAN_POINT('',(0.00559586201602813,-0.0290339912258149,-0.0615306359392839));
#3993=CARTESIAN_POINT('',(0.00612950814544418,-0.0273915944682432,-0.0602077192726172));
#3994=CARTESIAN_POINT('',(0.00666315427486023,-0.0257491977106715,-0.0588848026059505));
#3995=CARTESIAN_POINT('',(0.00630410700077988,-0.0240600173308131,-0.0575618859392838));
#3996=CARTESIAN_POINT('',(0.00594505972669955,-0.0223708369509547,-0.0562389692726172));
#3997=CARTESIAN_POINT('',(0.00478952547625725,-0.0210874874674633,-0.0549160526059505));
#3998=CARTESIAN_POINT('',(0.00363399122581494,-0.0198041379839719,-0.0535931359392838));
#3999=CARTESIAN_POINT('',(0.00199159446824319,-0.0192704918545559,-0.0522702192726172));
#4000=CARTESIAN_POINT('',(0.000535606389619238,-0.0187974134713628,-0.0510974509468154));
#4001=CARTESIAN_POINT('',(-0.00097759562735313,-0.0190296290986801,-0.0499086436452213));
#4002=CARTESIAN_POINT('',(0.00263879472484945,-0.0292037220064952,-0.0645353410095482));
#4003=CARTESIAN_POINT('',(0.00287975195167407,-0.0290365603006782,-0.0642145060103259));
#4004=CARTESIAN_POINT('',(0.00309768902887396,-0.0288403286736855,-0.0639017459973183));
#4005=CARTESIAN_POINT('',(0.00401952231868564,-0.028010305399996,-0.0625788293306516));
#4006=CARTESIAN_POINT('',(0.00440284172887196,-0.0268305675143428,-0.061255912663985));
#4007=CARTESIAN_POINT('',(0.0047861611390583,-0.0256508296286894,-0.0599329959973182));
#4008=CARTESIAN_POINT('',(0.00452825654321668,-0.0244374869448136,-0.0586100793306516));
#4009=CARTESIAN_POINT('',(0.00427035194737508,-0.0232241442609377,-0.057287162663985));
#4010=CARTESIAN_POINT('',(0.00344032867368555,-0.022302310971126,-0.0559642459973183));
#4011=CARTESIAN_POINT('',(0.00261030539999604,-0.0213804776813144,-0.0546413293306516));
#4012=CARTESIAN_POINT('',(0.00143056751434275,-0.0209971582711281,-0.053318412663985));
#4013=CARTESIAN_POINT('',(0.000384727470216158,-0.0206573448314318,-0.0521456443381833));
#4014=CARTESIAN_POINT('',(-0.00070220949543435,-0.0208241459237525,-0.050956837036589));
#4015=CARTESIAN_POINT('',(0.00354298866737526,-0.0283797264984288,-0.063342583783987));
#4016=CARTESIAN_POINT('',(0.00428770119016825,-0.0274942398505438,-0.0620981861322008));
#4017=CARTESIAN_POINT('',(0.00452825752507908,-0.0263625084358867,-0.0608642511145827));
#4018=CARTESIAN_POINT('',(0.00478616088318308,-0.0251491654889216,-0.059541334447916));
#4019=CARTESIAN_POINT('',(0.0044028402695399,-0.0239694279942952,-0.0582184177812494));
#4020=CARTESIAN_POINT('',(0.00401951965589672,-0.0227896904996688,-0.0568955011145828));
#4021=CARTESIAN_POINT('',(0.00309768551937427,-0.0219596681663468,-0.055572584447916));
#4022=CARTESIAN_POINT('',(0.00217585138285182,-0.0211296458330249,-0.0542496677812494));
#4023=CARTESIAN_POINT('',(0.000962508435886732,-0.0208717424749209,-0.0529267511145827));
#4024=CARTESIAN_POINT('',(-0.000250834511078354,-0.020613839116817,-0.051603834447916));
#4025=CARTESIAN_POINT('',(-0.00143057200570479,-0.0209971597304601,-0.0502809177812494));
#4026=CARTESIAN_POINT('',(-0.00165803725433279,-0.0210710677982156,-0.0500258461489006));
#4027=CARTESIAN_POINT('',(-0.00187667514165782,-0.0211680230251959,-0.0497650893282915));
#4028=CARTESIAN_POINT('',(0.00493244573237415,-0.029548288530007,-0.0643907771753548));
#4029=CARTESIAN_POINT('',(0.00596921283770535,-0.0283155397838275,-0.0631463795235685));
#4030=CARTESIAN_POINT('',(0.00630410836770024,-0.0267399762383324,-0.0619124445059505));
#4031=CARTESIAN_POINT('',(0.00666315391863828,-0.0250507954922088,-0.0605895278392839));
#4032=CARTESIAN_POINT('',(0.00612950611380462,-0.0234083992790132,-0.0592666111726172));
#4033=CARTESIAN_POINT('',(0.00559585830897097,-0.0217660030658176,-0.0579436945059505));
#4034=CARTESIAN_POINT('',(0.00431250764671343,-0.0206104701245277,-0.0566207778392838));
#4035=CARTESIAN_POINT('',(0.00302915698445589,-0.0194549371832378,-0.0552978611726172));
#4036=CARTESIAN_POINT('',(0.00133997623833235,-0.0190958916322998,-0.0539749445059505));
#4037=CARTESIAN_POINT('',(-0.000349204507791215,-0.0187368460813618,-0.0526520278392839));
#4038=CARTESIAN_POINT('',(-0.00199160072098679,-0.0192704938861954,-0.0513291111726172));
#4039=CARTESIAN_POINT('',(-0.00230827122157006,-0.0193733865476215,-0.0510740395402684));
#4040=CARTESIAN_POINT('',(-0.00261265252659709,-0.0195083647935171,-0.0508132827196593));
#4041=CARTESIAN_POINT('',(0.00199160072098683,-0.0315295061138046,-0.0672041111726172));
#4042=CARTESIAN_POINT('',(0.0036339969341824,-0.030995858308971,-0.0658811945059506));
#4043=CARTESIAN_POINT('',(0.00478952987547229,-0.0297125076467134,-0.0645582778392838));
#4044=CARTESIAN_POINT('',(0.0059450628167622,-0.0284291569844559,-0.0632353611726172));
#4045=CARTESIAN_POINT('',(0.00630410836770023,-0.0267399762383324,-0.0619124445059505));
#4046=CARTESIAN_POINT('',(0.00666315391863827,-0.0250507954922088,-0.0605895278392839));
#4047=CARTESIAN_POINT('',(0.00612950611380462,-0.0234083992790132,-0.0592666111726172));
#4048=CARTESIAN_POINT('',(0.00559585830897097,-0.0217660030658176,-0.0579436945059505));
#4049=CARTESIAN_POINT('',(0.00431250764671344,-0.0206104701245277,-0.0566207778392838));
#4050=CARTESIAN_POINT('',(0.0030291569844559,-0.0194549371832378,-0.0552978611726172));
#4051=CARTESIAN_POINT('',(0.00133997623833234,-0.0190958916322998,-0.0539749445059505));
#4052=CARTESIAN_POINT('',(-0.000349204507791212,-0.0187368460813618,-0.0526520278392839));
#4053=CARTESIAN_POINT('',(-0.00199160072098679,-0.0192704938861954,-0.0513291111726172));
#4054=CARTESIAN_POINT('',(-0.00363399693418236,-0.0198041416910291,-0.0500061945059505));
#4055=CARTESIAN_POINT('',(-0.00478952987547226,-0.0210874923532866,-0.0486832778392838));
#4056=CARTESIAN_POINT('',(-0.00594506281676216,-0.0223708430155441,-0.0473603611726172));
#4057=CARTESIAN_POINT('',(-0.00630410836770019,-0.0240600237616677,-0.0460374445059505));
#4058=CARTESIAN_POINT('',(0.00559054553371383,-0.028606730307724,-0.0634884856376735));
#4059=CARTESIAN_POINT('',(0.00609381169858087,-0.0277293467611595,-0.0626872903933196));
#4060=CARTESIAN_POINT('',(0.00630410836770023,-0.0267399762383324,-0.0619124445059505));
#4061=CARTESIAN_POINT('',(0.00666315391863828,-0.0250507954922088,-0.0605895278392839));
#4062=CARTESIAN_POINT('',(0.00612950611380462,-0.0234083992790132,-0.0592666111726172));
#4063=CARTESIAN_POINT('',(0.00559585830897096,-0.0217660030658176,-0.0579436945059505));
#4064=CARTESIAN_POINT('',(0.00431250764671343,-0.0206104701245277,-0.0566207778392839));
#4065=CARTESIAN_POINT('',(0.0030291569844559,-0.0194549371832378,-0.0552978611726172));
#4066=CARTESIAN_POINT('',(0.00133997623833234,-0.0190958916322998,-0.0539749445059505));
#4067=CARTESIAN_POINT('',(-0.000349204507791215,-0.0187368460813618,-0.0526520278392839));
#4068=CARTESIAN_POINT('',(-0.00199160072098679,-0.0192704938861954,-0.0513291111726172));
#4069=CARTESIAN_POINT('',(-0.00288160661701406,-0.0195596748334529,-0.0506122295676631));
#4070=CARTESIAN_POINT('',(-0.00365261486010284,-0.0200900354695385,-0.049870321385689));
#4071=CARTESIAN_POINT('',(0.00596054965429227,-0.0288189642337848,-0.0637170700918102));
#4072=CARTESIAN_POINT('',(0.00649712393795121,-0.027883512020111,-0.0629158748474562));
#4073=CARTESIAN_POINT('',(0.00672133886131766,-0.0268286610950552,-0.0621410289600871));
#4074=CARTESIAN_POINT('',(0.00710414744799546,-0.0250276837751093,-0.0608181122934205));
#4075=CARTESIAN_POINT('',(0.00653518074887226,-0.0232765873710575,-0.0594951956267538));
#4076=CARTESIAN_POINT('',(0.00596621404974907,-0.0215254909670057,-0.0581722789600872));
#4077=CARTESIAN_POINT('',(0.00459792623237514,-0.020293480346183,-0.0568493622934205));
#4078=CARTESIAN_POINT('',(0.0032296384150012,-0.0190614697253602,-0.0555264456267538));
#4079=CARTESIAN_POINT('',(0.00142866109505523,-0.0186786611386824,-0.0542035289600871));
#4080=CARTESIAN_POINT('',(-0.000372316224890757,-0.0182958525520046,-0.0528806122934205));
#4081=CARTESIAN_POINT('',(-0.00212341262894249,-0.0188648192511278,-0.0515576956267538));
#4082=CARTESIAN_POINT('',(-0.00307232258842536,-0.0191731393220061,-0.0508408140217998));
#4083=CARTESIAN_POINT('',(-0.00389435916590878,-0.0197386012947254,-0.0500989058398257));
#4084=CARTESIAN_POINT('',(0.00596054965429227,-0.0288189642337848,-0.0642010092835369));
#4085=CARTESIAN_POINT('',(0.00649712393795122,-0.027883512020111,-0.0633998140391829));
#4086=CARTESIAN_POINT('',(0.00672133886131766,-0.0268286610950552,-0.0626249681518139));
#4087=CARTESIAN_POINT('',(0.00710414744799547,-0.0250276837751093,-0.0613020514851472));
#4088=CARTESIAN_POINT('',(0.00653518074887228,-0.0232765873710575,-0.0599791348184805));
#4089=CARTESIAN_POINT('',(0.00596621404974908,-0.0215254909670057,-0.0586562181518139));
#4090=CARTESIAN_POINT('',(0.00459792623237515,-0.020293480346183,-0.0573333014851472));
#4091=CARTESIAN_POINT('',(0.00322963841500121,-0.0190614697253602,-0.0560103848184806));
#4092=CARTESIAN_POINT('',(0.00142866109505523,-0.0186786611386824,-0.0546874681518139));
#4093=CARTESIAN_POINT('',(-0.000372316224890762,-0.0182958525520046,-0.0533645514851472));
#4094=CARTESIAN_POINT('',(-0.00212341262894249,-0.0188648192511278,-0.0520416348184805));
#4095=CARTESIAN_POINT('',(-0.00307232258842536,-0.0191731393220061,-0.0513247532135265));
#4096=CARTESIAN_POINT('',(-0.00389435916590878,-0.0197386012947254,-0.0505828450315524));
#4097=CARTESIAN_POINT('',(0.00559054553371384,-0.028606730307724,-0.0644295937376735));
#4098=CARTESIAN_POINT('',(0.00609381169858088,-0.0277293467611595,-0.0636283984933196));
#4099=CARTESIAN_POINT('',(0.00630410836770024,-0.0267399762383324,-0.0628535526059505));
#4100=CARTESIAN_POINT('',(0.00666315391863829,-0.0250507954922088,-0.0615306359392839));
#4101=CARTESIAN_POINT('',(0.00612950611380463,-0.0234083992790132,-0.0602077192726172));
#4102=CARTESIAN_POINT('',(0.00559585830897097,-0.0217660030658176,-0.0588848026059505));
#4103=CARTESIAN_POINT('',(0.00431250764671344,-0.0206104701245277,-0.0575618859392839));
#4104=CARTESIAN_POINT('',(0.0030291569844559,-0.0194549371832378,-0.0562389692726172));
#4105=CARTESIAN_POINT('',(0.00133997623833234,-0.0190958916322998,-0.0549160526059505));
#4106=CARTESIAN_POINT('',(-0.000349204507791214,-0.0187368460813618,-0.0535931359392838));
#4107=CARTESIAN_POINT('',(-0.00199160072098679,-0.0192704938861954,-0.0522702192726172));
#4108=CARTESIAN_POINT('',(-0.00288160661701407,-0.0195596748334529,-0.0515533376676632));
#4109=CARTESIAN_POINT('',(-0.00365261486010285,-0.0200900354695385,-0.0508114294856891));
#4110=CARTESIAN_POINT('',(0.00199160072098683,-0.0315295061138046,-0.0681452192726172));
#4111=CARTESIAN_POINT('',(0.0036339969341824,-0.030995858308971,-0.0668223026059505));
#4112=CARTESIAN_POINT('',(0.0047895298754723,-0.0297125076467134,-0.0654993859392838));
#4113=CARTESIAN_POINT('',(0.0059450628167622,-0.0284291569844559,-0.0641764692726172));
#4114=CARTESIAN_POINT('',(0.00630410836770024,-0.0267399762383324,-0.0628535526059505));
#4115=CARTESIAN_POINT('',(0.00666315391863828,-0.0250507954922088,-0.0615306359392839));
#4116=CARTESIAN_POINT('',(0.00612950611380462,-0.0234083992790132,-0.0602077192726172));
#4117=CARTESIAN_POINT('',(0.00559585830897097,-0.0217660030658176,-0.0588848026059505));
#4118=CARTESIAN_POINT('',(0.00431250764671344,-0.0206104701245277,-0.0575618859392838));
#4119=CARTESIAN_POINT('',(0.0030291569844559,-0.0194549371832378,-0.0562389692726172));
#4120=CARTESIAN_POINT('',(0.00133997623833235,-0.0190958916322998,-0.0549160526059505));
#4121=CARTESIAN_POINT('',(-0.000349204507791208,-0.0187368460813618,-0.0535931359392838));
#4122=CARTESIAN_POINT('',(-0.00199160072098678,-0.0192704938861954,-0.0522702192726172));
#4123=CARTESIAN_POINT('',(-0.00363399693418235,-0.0198041416910291,-0.0509473026059506));
#4124=CARTESIAN_POINT('',(-0.00478952987547225,-0.0210874923532866,-0.0496243859392839));
#4125=CARTESIAN_POINT('',(-0.00594506281676216,-0.0223708430155441,-0.0483014692726172));
#4126=CARTESIAN_POINT('',(-0.0063041083677002,-0.0240600237616676,-0.0469785526059505));
#4127=CARTESIAN_POINT('',(0.00608462420391979,-0.0275247745593537,-0.0634871476181805));
#4128=CARTESIAN_POINT('',(0.00621922388932665,-0.0271393273126982,-0.0631663126189581));
#4129=CARTESIAN_POINT('',(0.00630410836770023,-0.0267399762383324,-0.0628535526059505));
#4130=CARTESIAN_POINT('',(0.00666315391863827,-0.0250507954922088,-0.0615306359392839));
#4131=CARTESIAN_POINT('',(0.00612950611380462,-0.0234083992790132,-0.0602077192726172));
#4132=CARTESIAN_POINT('',(0.00559585830897097,-0.0217660030658176,-0.0588848026059505));
#4133=CARTESIAN_POINT('',(0.00431250764671343,-0.0206104701245277,-0.0575618859392838));
#4134=CARTESIAN_POINT('',(0.0030291569844559,-0.0194549371832378,-0.0562389692726172));
#4135=CARTESIAN_POINT('',(0.00133997623833235,-0.0190958916322998,-0.0549160526059505));
#4136=CARTESIAN_POINT('',(-0.000349204507791212,-0.0187368460813618,-0.0535931359392838));
#4137=CARTESIAN_POINT('',(-0.00199160072098678,-0.0192704938861954,-0.0522702192726172));
#4138=CARTESIAN_POINT('',(-0.00344758831702047,-0.0197435737546497,-0.0510974509468152));
#4139=CARTESIAN_POINT('',(-0.00453530154358473,-0.0208208779728248,-0.0499086436452208));
#4140=CARTESIAN_POINT('',(0.00437060147630832,-0.0269262311220389,-0.0645353410095483));
#4141=CARTESIAN_POINT('',(0.00446728478229965,-0.0266493633568635,-0.0642145060103259));
#4142=CARTESIAN_POINT('',(0.0045282575250791,-0.0263625084358867,-0.0639017459973183));
#4143=CARTESIAN_POINT('',(0.00478616088318309,-0.0251491654889216,-0.0625788293306516));
#4144=CARTESIAN_POINT('',(0.00440284026953991,-0.0239694279942952,-0.061255912663985));
#4145=CARTESIAN_POINT('',(0.00401951965589674,-0.0227896904996688,-0.0599329959973183));
#4146=CARTESIAN_POINT('',(0.00309768551937429,-0.0219596681663468,-0.0586100793306516));
#4147=CARTESIAN_POINT('',(0.00217585138285184,-0.0211296458330249,-0.057287162663985));
#4148=CARTESIAN_POINT('',(0.000962508435886743,-0.0208717424749209,-0.0559642459973183));
#4149=CARTESIAN_POINT('',(-0.000250834511078351,-0.0206138391168169,-0.0546413293306516));
#4150=CARTESIAN_POINT('',(-0.0014305720057048,-0.0209971597304601,-0.053318412663985));
#4151=CARTESIAN_POINT('',(-0.00247641170318553,-0.0213369742370234,-0.052145644338183));
#4152=CARTESIAN_POINT('',(-0.00325771895807882,-0.0221108046739724,-0.0509568370365885));
#4153=CARTESIAN_POINT('',(-0.00392873201220486,-0.0278487963326632,-0.0633425837839871));
#4154=CARTESIAN_POINT('',(-0.00331671299110831,-0.0288306904527207,-0.0620981861322008));
#4155=CARTESIAN_POINT('',(-0.00231470845009477,-0.0294091973627708,-0.0608642511145827));
#4156=CARTESIAN_POINT('',(-0.00124044725444335,-0.0300294216226872,-0.059541334447916));
#4157=CARTESIAN_POINT('',(2.36124881337985E-9,-0.0300294209899924,-0.0582184177812494));
#4158=CARTESIAN_POINT('',(0.00124045197694098,-0.0300294203572977,-0.0568955011145828));
#4159=CARTESIAN_POINT('',(0.00231471253989769,-0.029409195001522,-0.055572584447916));
#4160=CARTESIAN_POINT('',(0.0033889731028544,-0.0287889696457462,-0.0542496677812494));
#4161=CARTESIAN_POINT('',(0.00400919736277079,-0.0277147084500948,-0.0529267511145827));
#4162=CARTESIAN_POINT('',(0.00462942162268718,-0.0266404472544434,-0.051603834447916));
#4163=CARTESIAN_POINT('',(0.00462942098999248,-0.0253999976387512,-0.0502809177812494));
#4164=CARTESIAN_POINT('',(0.00462942086800258,-0.025160826482855,-0.0500258461489006));
#4165=CARTESIAN_POINT('',(0.00460477379039177,-0.0249229286825751,-0.0497650893282915));
#4166=CARTESIAN_POINT('',(-0.00546946639307134,-0.0288091430017038,-0.0643907771753549));
#4167=CARTESIAN_POINT('',(-0.00461743131981894,-0.0301761074254734,-0.0631463795235686));
#4168=CARTESIAN_POINT('',(-0.00322246975314728,-0.0309814879128288,-0.0619124445059505));
#4169=CARTESIAN_POINT('',(-0.00172691457434073,-0.0318449460808183,-0.0605895278392839));
#4170=CARTESIAN_POINT('',(3.2872618863089E-9,-0.0318449451999991,-0.0592666111726172));
#4171=CARTESIAN_POINT('',(0.00172692114886451,-0.03184494431918,-0.0579436945059505));
#4172=CARTESIAN_POINT('',(0.00322247544685189,-0.030981484625567,-0.0566207778392838));
#4173=CARTESIAN_POINT('',(0.00471802974483928,-0.0301180249319539,-0.0552978611726172));
#4174=CARTESIAN_POINT('',(0.00558148791282881,-0.0286224697531473,-0.0539749445059505));
#4175=CARTESIAN_POINT('',(0.00644494608081835,-0.0271269145743408,-0.0526520278392839));
#4176=CARTESIAN_POINT('',(0.00644494519999918,-0.0253999967127382,-0.0513291111726172));
#4177=CARTESIAN_POINT('',(0.00644494503016839,-0.0250670295886628,-0.0510740395402684));
#4178=CARTESIAN_POINT('',(0.00641063208587467,-0.0247358351932258,-0.0508132827196593));
#4179=CARTESIAN_POINT('',(-0.00644494519999914,-0.0254000032872619,-0.0672041111726172));
#4180=CARTESIAN_POINT('',(-0.00644494431917998,-0.0271269211488645,-0.0658811945059506));
#4181=CARTESIAN_POINT('',(-0.0055814846255669,-0.0286224754468518,-0.0645582778392838));
#4182=CARTESIAN_POINT('',(-0.00471802493195382,-0.0301180297448393,-0.0632353611726172));
#4183=CARTESIAN_POINT('',(-0.00322246975314728,-0.0309814879128288,-0.0619124445059505));
#4184=CARTESIAN_POINT('',(-0.00172691457434074,-0.0318449460808183,-0.0605895278392839));
#4185=CARTESIAN_POINT('',(3.2872618863089E-9,-0.0318449451999991,-0.0592666111726172));
#4186=CARTESIAN_POINT('',(0.0017269211488645,-0.03184494431918,-0.0579436945059505));
#4187=CARTESIAN_POINT('',(0.00322247544685188,-0.030981484625567,-0.0566207778392838));
#4188=CARTESIAN_POINT('',(0.00471802974483927,-0.0301180249319539,-0.0552978611726172));
#4189=CARTESIAN_POINT('',(0.00558148791282881,-0.0286224697531473,-0.0539749445059505));
#4190=CARTESIAN_POINT('',(0.00644494608081835,-0.0271269145743408,-0.0526520278392839));
#4191=CARTESIAN_POINT('',(0.00644494519999918,-0.0253999967127382,-0.0513291111726172));
#4192=CARTESIAN_POINT('',(0.00644494431918002,-0.0236730788511355,-0.0500061945059505));
#4193=CARTESIAN_POINT('',(0.00558148462556694,-0.0221775245531481,-0.0486832778392838));
#4194=CARTESIAN_POINT('',(0.00471802493195386,-0.0206819702551608,-0.0473603611726172));
#4195=CARTESIAN_POINT('',(0.00322246975314732,-0.0198185120871712,-0.0460374445059505));
#4196=CARTESIAN_POINT('',(-0.00477735533290658,-0.0297259905980194,-0.0634884856376736));
#4197=CARTESIAN_POINT('',(-0.0040984317912941,-0.0304757515900204,-0.0626872903933196));
#4198=CARTESIAN_POINT('',(-0.00322246975314727,-0.0309814879128288,-0.0619124445059505));
#4199=CARTESIAN_POINT('',(-0.00172691457434073,-0.0318449460808183,-0.0605895278392839));
#4200=CARTESIAN_POINT('',(3.28726188977835E-9,-0.0318449451999991,-0.0592666111726172));
#4201=CARTESIAN_POINT('',(0.00172692114886451,-0.03184494431918,-0.0579436945059505));
#4202=CARTESIAN_POINT('',(0.00322247544685188,-0.0309814846255669,-0.0566207778392839));
#4203=CARTESIAN_POINT('',(0.00471802974483927,-0.0301180249319539,-0.0552978611726172));
#4204=CARTESIAN_POINT('',(0.00558148791282881,-0.0286224697531473,-0.0539749445059505));
#4205=CARTESIAN_POINT('',(0.00644494608081835,-0.0271269145743408,-0.0526520278392839));
#4206=CARTESIAN_POINT('',(0.00644494519999918,-0.0253999967127382,-0.0513291111726172));
#4207=CARTESIAN_POINT('',(0.0064449447226879,-0.0244641889786283,-0.0506122295676631));
#4208=CARTESIAN_POINT('',(0.00617879643366978,-0.0235670261152234,-0.049870321385689));
#4209=CARTESIAN_POINT('',(-0.00509353935251309,-0.0300123015380158,-0.0637170700918102));
#4210=CARTESIAN_POINT('',(-0.00436968200141109,-0.030811684638417,-0.0629158748474562));
#4211=CARTESIAN_POINT('',(-0.00343574537712951,-0.0313508925647096,-0.0621410289600871));
#4212=CARTESIAN_POINT('',(-0.00184120852017119,-0.0322714977639104,-0.0608181122934205));
#4213=CARTESIAN_POINT('',(3.50482570711144E-9,-0.0322714968247952,-0.0594951956267538));
#4214=CARTESIAN_POINT('',(0.00184121552982261,-0.03227149588568,-0.0581722789600872));
#4215=CARTESIAN_POINT('',(0.0034357514476657,-0.0313508890598839,-0.0568493622934205));
#4216=CARTESIAN_POINT('',(0.0050302873655088,-0.0304302822340878,-0.0555264456267538));
#4217=CARTESIAN_POINT('',(0.00595089256470962,-0.0288357453771295,-0.0542035289600871));
#4218=CARTESIAN_POINT('',(0.00687149776391045,-0.0272412085201712,-0.0528806122934205));
#4219=CARTESIAN_POINT('',(0.00687149682479523,-0.0253999964951743,-0.0515576956267538));
#4220=CARTESIAN_POINT('',(0.00687149631589362,-0.0244022533532224,-0.0508408140217998));
#4221=CARTESIAN_POINT('',(0.00658773329446205,-0.0234457127503308,-0.0500989058398256));
#4222=CARTESIAN_POINT('',(-0.00509353935251309,-0.0300123015380158,-0.0642010092835369));
#4223=CARTESIAN_POINT('',(-0.00436968200141109,-0.030811684638417,-0.0633998140391829));
#4224=CARTESIAN_POINT('',(-0.00343574537712951,-0.0313508925647096,-0.0626249681518139));
#4225=CARTESIAN_POINT('',(-0.0018412085201712,-0.0322714977639104,-0.0613020514851472));
#4226=CARTESIAN_POINT('',(3.50482571246365E-9,-0.0322714968247952,-0.0599791348184805));
#4227=CARTESIAN_POINT('',(0.00184121552982261,-0.03227149588568,-0.0586562181518139));
#4228=CARTESIAN_POINT('',(0.00343575144766571,-0.0313508890598839,-0.0573333014851472));
#4229=CARTESIAN_POINT('',(0.00503028736550882,-0.0304302822340878,-0.0560103848184806));
#4230=CARTESIAN_POINT('',(0.00595089256470963,-0.0288357453771295,-0.0546874681518139));
#4231=CARTESIAN_POINT('',(0.00687149776391045,-0.0272412085201712,-0.0533645514851472));
#4232=CARTESIAN_POINT('',(0.00687149682479524,-0.0253999964951743,-0.0520416348184805));
#4233=CARTESIAN_POINT('',(0.00687149631589363,-0.0244022533532224,-0.0513247532135265));
#4234=CARTESIAN_POINT('',(0.00658773329446205,-0.0234457127503308,-0.0505828450315524));
#4235=CARTESIAN_POINT('',(-0.00477735533290659,-0.0297259905980194,-0.0644295937376736));
#4236=CARTESIAN_POINT('',(-0.0040984317912941,-0.0304757515900204,-0.0636283984933196));
#4237=CARTESIAN_POINT('',(-0.00322246975314728,-0.0309814879128288,-0.0628535526059505));
#4238=CARTESIAN_POINT('',(-0.00172691457434073,-0.0318449460808184,-0.0615306359392839));
#4239=CARTESIAN_POINT('',(3.2872618863089E-9,-0.0318449451999992,-0.0602077192726172));
#4240=CARTESIAN_POINT('',(0.00172692114886451,-0.0318449443191801,-0.0588848026059505));
#4241=CARTESIAN_POINT('',(0.00322247544685189,-0.030981484625567,-0.0575618859392839));
#4242=CARTESIAN_POINT('',(0.00471802974483928,-0.0301180249319539,-0.0562389692726172));
#4243=CARTESIAN_POINT('',(0.00558148791282882,-0.0286224697531473,-0.0549160526059505));
#4244=CARTESIAN_POINT('',(0.00644494608081835,-0.0271269145743408,-0.0535931359392838));
#4245=CARTESIAN_POINT('',(0.0064449451999992,-0.0253999967127382,-0.0522702192726172));
#4246=CARTESIAN_POINT('',(0.00644494472268791,-0.0244641889786283,-0.0515533376676632));
#4247=CARTESIAN_POINT('',(0.00617879643366979,-0.0235670261152234,-0.0508114294856891));
#4248=CARTESIAN_POINT('',(-0.00644494519999915,-0.0254000032872619,-0.0681452192726172));
#4249=CARTESIAN_POINT('',(-0.00644494431917998,-0.0271269211488645,-0.0668223026059505));
#4250=CARTESIAN_POINT('',(-0.0055814846255669,-0.0286224754468518,-0.0654993859392838));
#4251=CARTESIAN_POINT('',(-0.00471802493195382,-0.0301180297448393,-0.0641764692726172));
#4252=CARTESIAN_POINT('',(-0.00322246975314728,-0.0309814879128288,-0.0628535526059505));
#4253=CARTESIAN_POINT('',(-0.00172691457434074,-0.0318449460808184,-0.0615306359392839));
#4254=CARTESIAN_POINT('',(3.28726188283946E-9,-0.0318449451999991,-0.0602077192726172));
#4255=CARTESIAN_POINT('',(0.00172692114886451,-0.0318449443191801,-0.0588848026059505));
#4256=CARTESIAN_POINT('',(0.00322247544685188,-0.030981484625567,-0.0575618859392838));
#4257=CARTESIAN_POINT('',(0.00471802974483928,-0.0301180249319539,-0.0562389692726172));
#4258=CARTESIAN_POINT('',(0.00558148791282881,-0.0286224697531473,-0.0549160526059505));
#4259=CARTESIAN_POINT('',(0.00644494608081835,-0.0271269145743408,-0.0535931359392838));
#4260=CARTESIAN_POINT('',(0.00644494519999919,-0.0253999967127382,-0.0522702192726172));
#4261=CARTESIAN_POINT('',(0.00644494431918002,-0.0236730788511355,-0.0509473026059505));
#4262=CARTESIAN_POINT('',(0.00558148462556695,-0.0221775245531481,-0.0496243859392838));
#4263=CARTESIAN_POINT('',(0.00471802493195387,-0.0206819702551608,-0.0483014692726172));
#4264=CARTESIAN_POINT('',(0.00322246975314732,-0.0198185120871712,-0.0469785526059505));
#4265=CARTESIAN_POINT('',(-0.00390103297372778,-0.0305302300502893,-0.0634871476181805));
#4266=CARTESIAN_POINT('',(-0.0035760444483363,-0.0307773517078384,-0.0631663126189581));
#4267=CARTESIAN_POINT('',(-0.00322246975314727,-0.0309814879128288,-0.0628535526059505));
#4268=CARTESIAN_POINT('',(-0.00172691457434074,-0.0318449460808183,-0.0615306359392839));
#4269=CARTESIAN_POINT('',(3.2872618863089E-9,-0.0318449451999991,-0.0602077192726172));
#4270=CARTESIAN_POINT('',(0.0017269211488645,-0.03184494431918,-0.0588848026059505));
#4271=CARTESIAN_POINT('',(0.00322247544685188,-0.0309814846255669,-0.0575618859392838));
#4272=CARTESIAN_POINT('',(0.00471802974483927,-0.0301180249319539,-0.0562389692726172));
#4273=CARTESIAN_POINT('',(0.00558148791282881,-0.0286224697531473,-0.0549160526059505));
#4274=CARTESIAN_POINT('',(0.00644494608081835,-0.0271269145743408,-0.0535931359392838));
#4275=CARTESIAN_POINT('',(0.00644494519999918,-0.0253999967127382,-0.0522702192726172));
#4276=CARTESIAN_POINT('',(0.0064449444191512,-0.0238690805028363,-0.0510974509468151));
#4277=CARTESIAN_POINT('',(0.00575648909443825,-0.022501698439324,-0.0499086436452207));
#4278=CARTESIAN_POINT('',(-0.00280212218580701,-0.0290850576601183,-0.0645353410095483));
#4279=CARTESIAN_POINT('',(-0.00256868207820854,-0.0292625657929321,-0.0642145060103259));
#4280=CARTESIAN_POINT('',(-0.00231470845009477,-0.0294091973627708,-0.0639017459973183));
#4281=CARTESIAN_POINT('',(-0.00124044725444336,-0.0300294216226872,-0.0625788293306516));
#4282=CARTESIAN_POINT('',(2.36124881166158E-9,-0.0300294209899925,-0.061255912663985));
#4283=CARTESIAN_POINT('',(0.00124045197694099,-0.0300294203572978,-0.0599329959973183));
#4284=CARTESIAN_POINT('',(0.00231471253989769,-0.029409195001522,-0.0586100793306516));
#4285=CARTESIAN_POINT('',(0.00338897310285441,-0.0287889696457462,-0.057287162663985));
#4286=CARTESIAN_POINT('',(0.0040091973627708,-0.0277147084500948,-0.0559642459973183));
#4287=CARTESIAN_POINT('',(0.0046294216226872,-0.0266404472544434,-0.0546413293306516));
#4288=CARTESIAN_POINT('',(0.00462942098999249,-0.0253999976387512,-0.053318412663985));
#4289=CARTESIAN_POINT('',(0.00462942042910734,-0.0243003365219988,-0.052145644338183));
#4290=CARTESIAN_POINT('',(0.00413490116912999,-0.0233181424102221,-0.0509568370365885));
#4291=CARTESIAN_POINT('',(-0.00173904459401126,-0.029690368585871,-0.0633425837839871));
#4292=CARTESIAN_POINT('',(-0.000666767921980958,-0.0301250018609513,-0.0620981861322008));
#4293=CARTESIAN_POINT('',(0.000483908610216581,-0.0300040602906073,-0.0608642511145827));
#4294=CARTESIAN_POINT('',(0.00171756284698901,-0.0298743973692893,-0.0595413344479161));
#4295=CARTESIAN_POINT('',(0.00272110729486123,-0.0291452788671128,-0.0582184177812494));
#4296=CARTESIAN_POINT('',(0.00372465174273345,-0.0284161603649363,-0.0568955011145828));
#4297=CARTESIAN_POINT('',(0.00422918747732938,-0.0272829529957461,-0.055572584447916));
#4298=CARTESIAN_POINT('',(0.00473372321192531,-0.0261497456265559,-0.0542496677812494));
#4299=CARTESIAN_POINT('',(0.0046040602906073,-0.0249160913897835,-0.0529267511145827));
#4300=CARTESIAN_POINT('',(0.00447439736928932,-0.023682437153011,-0.051603834447916));
#4301=CARTESIAN_POINT('',(0.00374527886711282,-0.0226788927051388,-0.0502809177812494));
#4302=CARTESIAN_POINT('',(0.00360469749021138,-0.0224853992471583,-0.0500258461489006));
#4303=CARTESIAN_POINT('',(0.00344492476700523,-0.0223074230725393,-0.0497650893282915));
#4304=CARTESIAN_POINT('',(-0.00242104728279975,-0.0313729263083895,-0.0643907771753548));
#4305=CARTESIAN_POINT('',(-0.00092825490003483,-0.0319780101074313,-0.0631463795235686));
#4306=CARTESIAN_POINT('',(0.000673683486854072,-0.0318096387722354,-0.0619124445059505));
#4307=CARTESIAN_POINT('',(0.00239114101964976,-0.0316291258259787,-0.0605895278392838));
#4308=CARTESIAN_POINT('',(0.00378824639984341,-0.0306140682624105,-0.0592666111726172));
#4309=CARTESIAN_POINT('',(0.00518535178003706,-0.0295990106988424,-0.0579436945059505));
#4310=CARTESIAN_POINT('',(0.0058877517492646,-0.028021392372392,-0.0566207778392838));
#4311=CARTESIAN_POINT('',(0.00659015171849214,-0.0264437740459416,-0.0552978611726172));
#4312=CARTESIAN_POINT('',(0.00640963877223542,-0.024726316513146,-0.0539749445059505));
#4313=CARTESIAN_POINT('',(0.00622912582597869,-0.0230088589803502,-0.0526520278392839));
#4314=CARTESIAN_POINT('',(0.00521406826241054,-0.0216117536001566,-0.0513291111726172));
#4315=CARTESIAN_POINT('',(0.00501835495998485,-0.0213423776380356,-0.0510740395402684));
#4316=CARTESIAN_POINT('',(0.00479592402364439,-0.0210946043863039,-0.0508132827196593));
#4317=CARTESIAN_POINT('',(-0.0052140682624105,-0.0291882463998434,-0.0672041111726172));
#4318=CARTESIAN_POINT('',(-0.00419901069884236,-0.030585351780037,-0.0658811945059506));
#4319=CARTESIAN_POINT('',(-0.00262139237239198,-0.0312877517492646,-0.0645582778392838));
#4320=CARTESIAN_POINT('',(-0.00104377404594161,-0.0319901517184921,-0.0632353611726172));
#4321=CARTESIAN_POINT('',(0.000673683486854072,-0.0318096387722354,-0.0619124445059505));
#4322=CARTESIAN_POINT('',(0.00239114101964976,-0.0316291258259787,-0.0605895278392838));
#4323=CARTESIAN_POINT('',(0.00378824639984341,-0.0306140682624105,-0.0592666111726172));
#4324=CARTESIAN_POINT('',(0.00518535178003705,-0.0295990106988424,-0.0579436945059505));
#4325=CARTESIAN_POINT('',(0.0058877517492646,-0.028021392372392,-0.0566207778392838));
#4326=CARTESIAN_POINT('',(0.00659015171849214,-0.0264437740459416,-0.0552978611726172));
#4327=CARTESIAN_POINT('',(0.00640963877223541,-0.024726316513146,-0.0539749445059505));
#4328=CARTESIAN_POINT('',(0.00622912582597869,-0.0230088589803503,-0.0526520278392839));
#4329=CARTESIAN_POINT('',(0.00521406826241054,-0.0216117536001566,-0.0513291111726172));
#4330=CARTESIAN_POINT('',(0.0041990106988424,-0.020214648219963,-0.0500061945059505));
#4331=CARTESIAN_POINT('',(0.00262139237239202,-0.0195122482507354,-0.0486832778392838));
#4332=CARTESIAN_POINT('',(0.00104377404594165,-0.0188098482815079,-0.0473603611726172));
#4333=CARTESIAN_POINT('',(-0.000673683486854034,-0.0189903612277646,-0.0460374445059505));
#4334=CARTESIAN_POINT('',(-0.00132220817741753,-0.0317078589209472,-0.0634884856376735));
#4335=CARTESIAN_POINT('',(-0.000332249040529404,-0.0319153670600015,-0.0626872903933196));
#4336=CARTESIAN_POINT('',(0.000673683486854072,-0.0318096387722354,-0.0619124445059505));
#4337=CARTESIAN_POINT('',(0.00239114101964976,-0.0316291258259787,-0.0605895278392839));
#4338=CARTESIAN_POINT('',(0.00378824639984341,-0.0306140682624105,-0.0592666111726172));
#4339=CARTESIAN_POINT('',(0.00518535178003705,-0.0295990106988424,-0.0579436945059505));
#4340=CARTESIAN_POINT('',(0.00588775174926459,-0.028021392372392,-0.0566207778392838));
#4341=CARTESIAN_POINT('',(0.00659015171849214,-0.0264437740459416,-0.0552978611726172));
#4342=CARTESIAN_POINT('',(0.00640963877223541,-0.024726316513146,-0.0539749445059505));
#4343=CARTESIAN_POINT('',(0.00622912582597868,-0.0230088589803503,-0.0526520278392839));
#4344=CARTESIAN_POINT('',(0.00521406826241054,-0.0216117536001566,-0.0513291111726172));
#4345=CARTESIAN_POINT('',(0.0046640138911666,-0.0208546695203508,-0.0506122295676631));
#4346=CARTESIAN_POINT('',(0.00392135630231328,-0.0202852875563419,-0.049870321385689));
#4347=CARTESIAN_POINT('',(-0.00140971707452905,-0.0321253376408151,-0.0637170700918102));
#4348=CARTESIAN_POINT('',(-0.000354238578636692,-0.0323465794783145,-0.0629158748474562));
#4349=CARTESIAN_POINT('',(0.000718270489070304,-0.0322338536798584,-0.0621410289600871));
#4350=CARTESIAN_POINT('',(0.00254939606378081,-0.0320413936823649,-0.0608181122934205));
#4351=CARTESIAN_POINT('',(0.00403896733025275,-0.0309591556479679,-0.0594951956267538));
#4352=CARTESIAN_POINT('',(0.00552853859672467,-0.0298769176135711,-0.0581722789600872));
#4353=CARTESIAN_POINT('',(0.00627742613703827,-0.0281948863496056,-0.0568493622934205));
#4354=CARTESIAN_POINT('',(0.00702631367735187,-0.0265128550856402,-0.0555264456267538));
#4355=CARTESIAN_POINT('',(0.00683385367985838,-0.0246817295109297,-0.0542035289600871));
#4356=CARTESIAN_POINT('',(0.00664139368236488,-0.0228506039362192,-0.0528806122934205));
#4357=CARTESIAN_POINT('',(0.00555915564796798,-0.0213610326697473,-0.0515576956267538));
#4358=CARTESIAN_POINT('',(0.00497269653184268,-0.020553841811012,-0.0508408140217998));
#4359=CARTESIAN_POINT('',(0.00418088696553072,-0.0199467759266065,-0.0500989058398257));
#4360=CARTESIAN_POINT('',(-0.00140971707452905,-0.0321253376408151,-0.0642010092835369));
#4361=CARTESIAN_POINT('',(-0.000354238578636692,-0.0323465794783145,-0.0633998140391829));
#4362=CARTESIAN_POINT('',(0.000718270489070308,-0.0322338536798584,-0.0626249681518139));
#4363=CARTESIAN_POINT('',(0.00254939606378081,-0.0320413936823649,-0.0613020514851472));
#4364=CARTESIAN_POINT('',(0.00403896733025276,-0.030959155647968,-0.0599791348184805));
#4365=CARTESIAN_POINT('',(0.00552853859672468,-0.0298769176135711,-0.0586562181518139));
#4366=CARTESIAN_POINT('',(0.00627742613703828,-0.0281948863496056,-0.0573333014851472));
#4367=CARTESIAN_POINT('',(0.00702631367735189,-0.0265128550856403,-0.0560103848184806));
#4368=CARTESIAN_POINT('',(0.00683385367985839,-0.0246817295109297,-0.0546874681518139));
#4369=CARTESIAN_POINT('',(0.00664139368236489,-0.0228506039362192,-0.0533645514851472));
#4370=CARTESIAN_POINT('',(0.00555915564796799,-0.0213610326697473,-0.0520416348184805));
#4371=CARTESIAN_POINT('',(0.00497269653184268,-0.020553841811012,-0.0513247532135265));
#4372=CARTESIAN_POINT('',(0.00418088696553073,-0.0199467759266065,-0.0505828450315524));
#4373=CARTESIAN_POINT('',(-0.00132220817741754,-0.0317078589209472,-0.0644295937376735));
#4374=CARTESIAN_POINT('',(-0.000332249040529404,-0.0319153670600015,-0.0636283984933196));
#4375=CARTESIAN_POINT('',(0.000673683486854079,-0.0318096387722354,-0.0628535526059505));
#4376=CARTESIAN_POINT('',(0.00239114101964977,-0.0316291258259787,-0.0615306359392839));
#4377=CARTESIAN_POINT('',(0.00378824639984342,-0.0306140682624105,-0.0602077192726172));
#4378=CARTESIAN_POINT('',(0.00518535178003706,-0.0295990106988424,-0.0588848026059505));
#4379=CARTESIAN_POINT('',(0.0058877517492646,-0.028021392372392,-0.0575618859392839));
#4380=CARTESIAN_POINT('',(0.00659015171849216,-0.0264437740459416,-0.0562389692726172));
#4381=CARTESIAN_POINT('',(0.00640963877223542,-0.024726316513146,-0.0549160526059505));
#4382=CARTESIAN_POINT('',(0.00622912582597869,-0.0230088589803502,-0.0535931359392838));
#4383=CARTESIAN_POINT('',(0.00521406826241055,-0.0216117536001566,-0.0522702192726172));
#4384=CARTESIAN_POINT('',(0.0046640138911666,-0.0208546695203508,-0.0515533376676632));
#4385=CARTESIAN_POINT('',(0.00392135630231328,-0.0202852875563419,-0.0508114294856891));
#4386=CARTESIAN_POINT('',(-0.0052140682624105,-0.0291882463998434,-0.0681452192726172));
#4387=CARTESIAN_POINT('',(-0.00419901069884236,-0.030585351780037,-0.0668223026059505));
#4388=CARTESIAN_POINT('',(-0.00262139237239199,-0.0312877517492646,-0.0654993859392838));
#4389=CARTESIAN_POINT('',(-0.00104377404594161,-0.0319901517184921,-0.0641764692726172));
#4390=CARTESIAN_POINT('',(0.000673683486854076,-0.0318096387722354,-0.0628535526059505));
#4391=CARTESIAN_POINT('',(0.00239114101964976,-0.0316291258259787,-0.0615306359392839));
#4392=CARTESIAN_POINT('',(0.00378824639984341,-0.0306140682624105,-0.0602077192726172));
#4393=CARTESIAN_POINT('',(0.00518535178003706,-0.0295990106988424,-0.0588848026059505));
#4394=CARTESIAN_POINT('',(0.0058877517492646,-0.028021392372392,-0.0575618859392838));
#4395=CARTESIAN_POINT('',(0.00659015171849215,-0.0264437740459416,-0.0562389692726172));
#4396=CARTESIAN_POINT('',(0.00640963877223542,-0.024726316513146,-0.0549160526059505));
#4397=CARTESIAN_POINT('',(0.00622912582597869,-0.0230088589803503,-0.0535931359392838));
#4398=CARTESIAN_POINT('',(0.00521406826241055,-0.0216117536001566,-0.0522702192726172));
#4399=CARTESIAN_POINT('',(0.00419901069884241,-0.020214648219963,-0.0509473026059505));
#4400=CARTESIAN_POINT('',(0.00262139237239203,-0.0195122482507354,-0.0496243859392838));
#4401=CARTESIAN_POINT('',(0.00104377404594165,-0.0188098482815079,-0.0483014692726172));
#4402=CARTESIAN_POINT('',(-0.000673683486854031,-0.0189903612277646,-0.0469785526059505));
#4403=CARTESIAN_POINT('',(-0.000140528406935094,-0.031843412946401,-0.0634871476181805));
#4404=CARTESIAN_POINT('',(0.000267647298912868,-0.0318523151046468,-0.0631663126189581));
#4405=CARTESIAN_POINT('',(0.000673683486854072,-0.0318096387722354,-0.0628535526059505));
#4406=CARTESIAN_POINT('',(0.00239114101964976,-0.0316291258259787,-0.0615306359392839));
#4407=CARTESIAN_POINT('',(0.00378824639984341,-0.0306140682624105,-0.0602077192726172));
#4408=CARTESIAN_POINT('',(0.00518535178003705,-0.0295990106988424,-0.0588848026059505));
#4409=CARTESIAN_POINT('',(0.00588775174926459,-0.028021392372392,-0.0575618859392838));
#4410=CARTESIAN_POINT('',(0.00659015171849214,-0.0264437740459416,-0.0562389692726172));
#4411=CARTESIAN_POINT('',(0.00640963877223541,-0.024726316513146,-0.0549160526059505));
#4412=CARTESIAN_POINT('',(0.00622912582597868,-0.0230088589803503,-0.0535931359392838));
#4413=CARTESIAN_POINT('',(0.00521406826241054,-0.0216117536001566,-0.0522702192726172));
#4414=CARTESIAN_POINT('',(0.00431421766001549,-0.0203732168283529,-0.0510974509468151));
#4415=CARTESIAN_POINT('',(0.00295351859127302,-0.0196716453878965,-0.0499086436452207));
#4416=CARTESIAN_POINT('',(-0.00010094192216802,-0.0300283203682262,-0.0645353410095483));
#4417=CARTESIAN_POINT('',(0.000192251754677795,-0.0300347148117724,-0.0642145060103259));
#4418=CARTESIAN_POINT('',(0.000483908610216578,-0.0300040602906073,-0.0639017459973183));
#4419=CARTESIAN_POINT('',(0.00171756284698899,-0.0298743973692893,-0.0625788293306516));
#4420=CARTESIAN_POINT('',(0.00272110729486121,-0.0291452788671128,-0.061255912663985));
#4421=CARTESIAN_POINT('',(0.00372465174273343,-0.0284161603649363,-0.0599329959973183));
#4422=CARTESIAN_POINT('',(0.00422918747732935,-0.0272829529957461,-0.0586100793306516));
#4423=CARTESIAN_POINT('',(0.00473372321192528,-0.0261497456265559,-0.057287162663985));
#4424=CARTESIAN_POINT('',(0.00460406029060728,-0.0249160913897835,-0.0559642459973183));
#4425=CARTESIAN_POINT('',(0.0044743973692893,-0.023682437153011,-0.0546413293306516));
#4426=CARTESIAN_POINT('',(0.0037452788671128,-0.0226788927051388,-0.053318412663985));
#4427=CARTESIAN_POINT('',(0.00309891382640065,-0.0217892485033128,-0.052145644338183));
#4428=CARTESIAN_POINT('',(0.00212152012724237,-0.0212853079030997,-0.0509568370365886));
#4429=CARTESIAN_POINT('',(0.00173904459401131,-0.0211096314141291,-0.063342583783987));
#4430=CARTESIAN_POINT('',(0.000666767921981001,-0.0206749981390487,-0.0620981861322008));
#4431=CARTESIAN_POINT('',(-0.000483908610216533,-0.0207959397093928,-0.0608642511145827));
#4432=CARTESIAN_POINT('',(-0.00171756284698895,-0.0209256026307107,-0.059541334447916));
#4433=CARTESIAN_POINT('',(-0.00272110729486116,-0.0216547211328872,-0.0582184177812494));
#4434=CARTESIAN_POINT('',(-0.00372465174273336,-0.0223838396350637,-0.0568955011145827));
#4435=CARTESIAN_POINT('',(-0.00422918747732929,-0.023517047004254,-0.055572584447916));
#4436=CARTESIAN_POINT('',(-0.00473372321192521,-0.0246502543734442,-0.0542496677812494));
#4437=CARTESIAN_POINT('',(-0.00460406029060722,-0.0258839086102165,-0.0529267511145827));
#4438=CARTESIAN_POINT('',(-0.00447439736928923,-0.027117562846989,-0.0516038344479161));
#4439=CARTESIAN_POINT('',(-0.00374527886711274,-0.0281211072948612,-0.0502809177812494));
#4440=CARTESIAN_POINT('',(-0.0036046974902113,-0.0283146007528416,-0.0500258461489006));
#4441=CARTESIAN_POINT('',(-0.00344492476700516,-0.0284925769274607,-0.0497650893282915));
#4442=CARTESIAN_POINT('',(0.00242104728279983,-0.0194270736916105,-0.0643907771753549));
#4443=CARTESIAN_POINT('',(0.000928254900034886,-0.0188219898925687,-0.0631463795235686));
#4444=CARTESIAN_POINT('',(-0.000673683486854027,-0.0189903612277646,-0.0619124445059505));
#4445=CARTESIAN_POINT('',(-0.00239114101964972,-0.0191708741740213,-0.0605895278392839));
#4446=CARTESIAN_POINT('',(-0.00378824639984336,-0.0201859317375894,-0.0592666111726172));
#4447=CARTESIAN_POINT('',(-0.00518535178003701,-0.0212009893011576,-0.0579436945059505));
#4448=CARTESIAN_POINT('',(-0.00588775174926455,-0.022778607627608,-0.0566207778392838));
#4449=CARTESIAN_POINT('',(-0.0065901517184921,-0.0243562259540584,-0.0552978611726172));
#4450=CARTESIAN_POINT('',(-0.00640963877223539,-0.0260736834868541,-0.0539749445059505));
#4451=CARTESIAN_POINT('',(-0.00622912582597865,-0.0277911410196498,-0.0526520278392839));
#4452=CARTESIAN_POINT('',(-0.00521406826241051,-0.0291882463998434,-0.0513291111726172));
#4453=CARTESIAN_POINT('',(-0.00501835495998482,-0.0294576223619644,-0.0510740395402684));
#4454=CARTESIAN_POINT('',(-0.00479592402364436,-0.0297053956136961,-0.0508132827196593));
#4455=CARTESIAN_POINT('',(0.00521406826241055,-0.0216117536001566,-0.0672041111726172));
#4456=CARTESIAN_POINT('',(0.00419901069884241,-0.020214648219963,-0.0658811945059506));
#4457=CARTESIAN_POINT('',(0.00262139237239203,-0.0195122482507354,-0.0645582778392838));
#4458=CARTESIAN_POINT('',(0.00104377404594166,-0.0188098482815079,-0.0632353611726172));
#4459=CARTESIAN_POINT('',(-0.000673683486854027,-0.0189903612277646,-0.0619124445059505));
#4460=CARTESIAN_POINT('',(-0.00239114101964971,-0.0191708741740213,-0.0605895278392839));
#4461=CARTESIAN_POINT('',(-0.00378824639984336,-0.0201859317375894,-0.0592666111726172));
#4462=CARTESIAN_POINT('',(-0.00518535178003701,-0.0212009893011576,-0.0579436945059505));
#4463=CARTESIAN_POINT('',(-0.00588775174926455,-0.022778607627608,-0.0566207778392838));
#4464=CARTESIAN_POINT('',(-0.0065901517184921,-0.0243562259540584,-0.0552978611726172));
#4465=CARTESIAN_POINT('',(-0.00640963877223538,-0.0260736834868541,-0.0539749445059505));
#4466=CARTESIAN_POINT('',(-0.00622912582597865,-0.0277911410196498,-0.0526520278392839));
#4467=CARTESIAN_POINT('',(-0.00521406826241051,-0.0291882463998434,-0.0513291111726172));
#4468=CARTESIAN_POINT('',(-0.00419901069884237,-0.030585351780037,-0.0500061945059505));
#4469=CARTESIAN_POINT('',(-0.00262139237239199,-0.0312877517492646,-0.0486832778392838));
#4470=CARTESIAN_POINT('',(-0.00104377404594162,-0.0319901517184921,-0.0473603611726172));
#4471=CARTESIAN_POINT('',(0.000673683486854065,-0.0318096387722354,-0.0460374445059505));
#4472=CARTESIAN_POINT('',(0.00132220817741758,-0.0190921410790528,-0.0634884856376735));
#4473=CARTESIAN_POINT('',(0.000332249040529447,-0.0188846329399985,-0.0626872903933196));
#4474=CARTESIAN_POINT('',(-0.000673683486854027,-0.0189903612277646,-0.0619124445059505));
#4475=CARTESIAN_POINT('',(-0.00239114101964972,-0.0191708741740213,-0.0605895278392839));
#4476=CARTESIAN_POINT('',(-0.00378824639984336,-0.0201859317375895,-0.0592666111726172));
#4477=CARTESIAN_POINT('',(-0.00518535178003701,-0.0212009893011576,-0.0579436945059505));
#4478=CARTESIAN_POINT('',(-0.00588775174926455,-0.022778607627608,-0.0566207778392839));
#4479=CARTESIAN_POINT('',(-0.0065901517184921,-0.0243562259540584,-0.0552978611726172));
#4480=CARTESIAN_POINT('',(-0.00640963877223538,-0.0260736834868541,-0.0539749445059505));
#4481=CARTESIAN_POINT('',(-0.00622912582597865,-0.0277911410196498,-0.0526520278392839));
#4482=CARTESIAN_POINT('',(-0.0052140682624105,-0.0291882463998434,-0.0513291111726172));
#4483=CARTESIAN_POINT('',(-0.00466401389116655,-0.0299453304796493,-0.0506122295676631));
#4484=CARTESIAN_POINT('',(-0.00392135630231323,-0.0305147124436581,-0.049870321385689));
#4485=CARTESIAN_POINT('',(0.0014097170745291,-0.0186746623591849,-0.0637170700918102));
#4486=CARTESIAN_POINT('',(0.000354238578636738,-0.0184534205216855,-0.0629158748474562));
#4487=CARTESIAN_POINT('',(-0.000718270489070254,-0.0185661463201416,-0.0621410289600871));
#4488=CARTESIAN_POINT('',(-0.00254939606378077,-0.0187586063176351,-0.0608181122934205));
#4489=CARTESIAN_POINT('',(-0.0040389673302527,-0.019840844352032,-0.0594951956267538));
#4490=CARTESIAN_POINT('',(-0.00552853859672463,-0.0209230823864289,-0.0581722789600872));
#4491=CARTESIAN_POINT('',(-0.00627742613703823,-0.0226051136503944,-0.0568493622934205));
#4492=CARTESIAN_POINT('',(-0.00702631367735183,-0.0242871449143597,-0.0555264456267538));
#4493=CARTESIAN_POINT('',(-0.00683385367985834,-0.0261182704890703,-0.0542035289600871));
#4494=CARTESIAN_POINT('',(-0.00664139368236485,-0.0279493960637808,-0.0528806122934205));
#4495=CARTESIAN_POINT('',(-0.00555915564796794,-0.0294389673302527,-0.0515576956267538));
#4496=CARTESIAN_POINT('',(-0.00497269653184264,-0.030246158188988,-0.0508408140217998));
#4497=CARTESIAN_POINT('',(-0.00418088696553069,-0.0308532240733935,-0.0500989058398257));
#4498=CARTESIAN_POINT('',(0.0014097170745291,-0.0186746623591849,-0.0642010092835369));
#4499=CARTESIAN_POINT('',(0.000354238578636738,-0.0184534205216855,-0.0633998140391829));
#4500=CARTESIAN_POINT('',(-0.00071827048907026,-0.0185661463201416,-0.0626249681518139));
#4501=CARTESIAN_POINT('',(-0.00254939606378076,-0.0187586063176351,-0.0613020514851472));
#4502=CARTESIAN_POINT('',(-0.00403896733025271,-0.019840844352032,-0.0599791348184805));
#4503=CARTESIAN_POINT('',(-0.00552853859672463,-0.0209230823864289,-0.0586562181518139));
#4504=CARTESIAN_POINT('',(-0.00627742613703824,-0.0226051136503943,-0.0573333014851472));
#4505=CARTESIAN_POINT('',(-0.00702631367735185,-0.0242871449143597,-0.0560103848184806));
#4506=CARTESIAN_POINT('',(-0.00683385367985835,-0.0261182704890703,-0.0546874681518139));
#4507=CARTESIAN_POINT('',(-0.00664139368236485,-0.0279493960637808,-0.0533645514851472));
#4508=CARTESIAN_POINT('',(-0.00555915564796795,-0.0294389673302527,-0.0520416348184805));
#4509=CARTESIAN_POINT('',(-0.00497269653184265,-0.030246158188988,-0.0513247532135265));
#4510=CARTESIAN_POINT('',(-0.00418088696553069,-0.0308532240733935,-0.0505828450315524));
#4511=CARTESIAN_POINT('',(0.00132220817741759,-0.0190921410790528,-0.0644295937376735));
#4512=CARTESIAN_POINT('',(0.000332249040529452,-0.0188846329399985,-0.0636283984933196));
#4513=CARTESIAN_POINT('',(-0.000673683486854027,-0.0189903612277646,-0.0628535526059505));
#4514=CARTESIAN_POINT('',(-0.00239114101964972,-0.0191708741740213,-0.0615306359392839));
#4515=CARTESIAN_POINT('',(-0.00378824639984337,-0.0201859317375894,-0.0602077192726172));
#4516=CARTESIAN_POINT('',(-0.00518535178003702,-0.0212009893011576,-0.0588848026059505));
#4517=CARTESIAN_POINT('',(-0.00588775174926456,-0.022778607627608,-0.0575618859392839));
#4518=CARTESIAN_POINT('',(-0.00659015171849212,-0.0243562259540584,-0.0562389692726172));
#4519=CARTESIAN_POINT('',(-0.00640963877223538,-0.0260736834868541,-0.0549160526059505));
#4520=CARTESIAN_POINT('',(-0.00622912582597866,-0.0277911410196498,-0.0535931359392838));
#4521=CARTESIAN_POINT('',(-0.00521406826241051,-0.0291882463998434,-0.0522702192726172));
#4522=CARTESIAN_POINT('',(-0.00466401389116656,-0.0299453304796493,-0.0515533376676632));
#4523=CARTESIAN_POINT('',(-0.00392135630231324,-0.0305147124436581,-0.0508114294856891));
#4524=CARTESIAN_POINT('',(0.00521406826241055,-0.0216117536001566,-0.0681452192726172));
#4525=CARTESIAN_POINT('',(0.00419901069884241,-0.020214648219963,-0.0668223026059505));
#4526=CARTESIAN_POINT('',(0.00262139237239203,-0.0195122482507354,-0.0654993859392838));
#4527=CARTESIAN_POINT('',(0.00104377404594166,-0.0188098482815079,-0.0641764692726172));
#4528=CARTESIAN_POINT('',(-0.000673683486854027,-0.0189903612277646,-0.0628535526059505));
#4529=CARTESIAN_POINT('',(-0.00239114101964971,-0.0191708741740213,-0.0615306359392839));
#4530=CARTESIAN_POINT('',(-0.00378824639984336,-0.0201859317375894,-0.0602077192726172));
#4531=CARTESIAN_POINT('',(-0.00518535178003701,-0.0212009893011576,-0.0588848026059505));
#4532=CARTESIAN_POINT('',(-0.00588775174926455,-0.022778607627608,-0.0575618859392839));
#4533=CARTESIAN_POINT('',(-0.00659015171849211,-0.0243562259540584,-0.0562389692726172));
#4534=CARTESIAN_POINT('',(-0.00640963877223538,-0.0260736834868541,-0.0549160526059505));
#4535=CARTESIAN_POINT('',(-0.00622912582597866,-0.0277911410196498,-0.0535931359392838));
#4536=CARTESIAN_POINT('',(-0.00521406826241051,-0.0291882463998434,-0.0522702192726172));
#4537=CARTESIAN_POINT('',(-0.00419901069884237,-0.030585351780037,-0.0509473026059506));
#4538=CARTESIAN_POINT('',(-0.002621392372392,-0.0312877517492646,-0.0496243859392839));
#4539=CARTESIAN_POINT('',(-0.00104377404594163,-0.0319901517184921,-0.0483014692726172));
#4540=CARTESIAN_POINT('',(0.000673683486854062,-0.0318096387722354,-0.0469785526059505));
#4541=CARTESIAN_POINT('',(0.000140528406935142,-0.0189565870535991,-0.0634871476181805));
#4542=CARTESIAN_POINT('',(-0.00026764729891282,-0.0189476848953532,-0.0631663126189581));
#4543=CARTESIAN_POINT('',(-0.000673683486854024,-0.0189903612277646,-0.0628535526059505));
#4544=CARTESIAN_POINT('',(-0.00239114101964971,-0.0191708741740213,-0.0615306359392839));
#4545=CARTESIAN_POINT('',(-0.00378824639984336,-0.0201859317375894,-0.0602077192726172));
#4546=CARTESIAN_POINT('',(-0.00518535178003701,-0.0212009893011576,-0.0588848026059505));
#4547=CARTESIAN_POINT('',(-0.00588775174926455,-0.022778607627608,-0.0575618859392838));
#4548=CARTESIAN_POINT('',(-0.0065901517184921,-0.0243562259540584,-0.0562389692726172));
#4549=CARTESIAN_POINT('',(-0.00640963877223537,-0.0260736834868541,-0.0549160526059505));
#4550=CARTESIAN_POINT('',(-0.00622912582597865,-0.0277911410196498,-0.0535931359392838));
#4551=CARTESIAN_POINT('',(-0.00521406826241051,-0.0291882463998434,-0.0522702192726172));
#4552=CARTESIAN_POINT('',(-0.00431421766001545,-0.0304267831716471,-0.0510974509468151));
#4553=CARTESIAN_POINT('',(-0.00295351859127297,-0.0311283546121035,-0.0499086436452207));
#4554=CARTESIAN_POINT('',(0.000100941922168071,-0.0207716796317738,-0.0645353410095483));
#4555=CARTESIAN_POINT('',(-0.000192251754677745,-0.0207652851882276,-0.0642145060103259));
#4556=CARTESIAN_POINT('',(-0.00048390861021653,-0.0207959397093927,-0.0639017459973183));
#4557=CARTESIAN_POINT('',(-0.00171756284698895,-0.0209256026307107,-0.0625788293306516));
#4558=CARTESIAN_POINT('',(-0.00272110729486117,-0.0216547211328872,-0.061255912663985));
#4559=CARTESIAN_POINT('',(-0.00372465174273339,-0.0223838396350637,-0.0599329959973183));
#4560=CARTESIAN_POINT('',(-0.00422918747732931,-0.0235170470042539,-0.0586100793306516));
#4561=CARTESIAN_POINT('',(-0.00473372321192524,-0.0246502543734441,-0.057287162663985));
#4562=CARTESIAN_POINT('',(-0.00460406029060724,-0.0258839086102165,-0.0559642459973183));
#4563=CARTESIAN_POINT('',(-0.00447439736928926,-0.027117562846989,-0.0546413293306516));
#4564=CARTESIAN_POINT('',(-0.00374527886711276,-0.0281211072948612,-0.053318412663985));
#4565=CARTESIAN_POINT('',(-0.00309891382640061,-0.0290107514966872,-0.052145644338183));
#4566=CARTESIAN_POINT('',(-0.00212152012724233,-0.0295146920969003,-0.0509568370365885));
#4567=CARTESIAN_POINT('',(-0.00111489875114284,-0.0209068341364592,-0.063342583783987));
#4568=CARTESIAN_POINT('',(-0.00223785983073495,-0.0211854768447951,-0.0620981861322008));
#4569=CARTESIAN_POINT('',(-0.00309768902887388,-0.0219596713263145,-0.0608642511145827));
#4570=CARTESIAN_POINT('',(-0.00401952231868554,-0.022789694600004,-0.059541334447916));
#4571=CARTESIAN_POINT('',(-0.00440284172887187,-0.0239694324856573,-0.0582184177812494));
#4572=CARTESIAN_POINT('',(-0.0047861611390582,-0.0251491703713106,-0.0568955011145828));
#4573=CARTESIAN_POINT('',(-0.00452825654321659,-0.0263625130551864,-0.055572584447916));
#4574=CARTESIAN_POINT('',(-0.00427035194737498,-0.0275758557390622,-0.0542496677812494));
#4575=CARTESIAN_POINT('',(-0.00344032867368547,-0.0284976890288739,-0.0529267511145827));
#4576=CARTESIAN_POINT('',(-0.00261030539999596,-0.0294195223186856,-0.0516038344479161));
#4577=CARTESIAN_POINT('',(-0.00143056751434269,-0.0298028417288719,-0.0502809177812494));
#4578=CARTESIAN_POINT('',(-0.00120310219032079,-0.0298767495645888,-0.0500258461489006));
#4579=CARTESIAN_POINT('',(-0.000969231571308925,-0.0299268232640303,-0.0497650893282915));
#4580=CARTESIAN_POINT('',(-0.00155212960113071,-0.0191447452224313,-0.0643907771753548));
#4581=CARTESIAN_POINT('',(-0.00311548334133891,-0.0195326634933092,-0.0631463795235685));
#4582=CARTESIAN_POINT('',(-0.00431251253253667,-0.0206104745237428,-0.0619124445059505));
#4583=CARTESIAN_POINT('',(-0.00559586201602809,-0.0217660087741851,-0.0605895278392839));
#4584=CARTESIAN_POINT('',(-0.00612950814544414,-0.0234084055317569,-0.0592666111726172));
#4585=CARTESIAN_POINT('',(-0.0066631542748602,-0.0250508022893286,-0.0579436945059505));
#4586=CARTESIAN_POINT('',(-0.00630410700077985,-0.026739982669187,-0.0566207778392838));
#4587=CARTESIAN_POINT('',(-0.00594505972669951,-0.0284291630490453,-0.0552978611726172));
#4588=CARTESIAN_POINT('',(-0.00478952547625721,-0.0297125125325367,-0.0539749445059505));
#4589=CARTESIAN_POINT('',(-0.0036339912258149,-0.0309958620160281,-0.0526520278392839));
#4590=CARTESIAN_POINT('',(-0.00199159446824315,-0.0315295081454441,-0.0513291111726172));
#4591=CARTESIAN_POINT('',(-0.00167492386269867,-0.0316324004838329,-0.0510740395402684));
#4592=CARTESIAN_POINT('',(-0.00134933599184405,-0.0317021116312009,-0.0508132827196593));
#4593=CARTESIAN_POINT('',(0.00199159446824319,-0.0192704918545559,-0.0672041111726172));
#4594=CARTESIAN_POINT('',(0.000349197710671447,-0.0187368457251398,-0.0658811945059506));
#4595=CARTESIAN_POINT('',(-0.00133998266918691,-0.0190958929992201,-0.0645582778392838));
#4596=CARTESIAN_POINT('',(-0.00302916304904526,-0.0194549402733005,-0.0632353611726172));
#4597=CARTESIAN_POINT('',(-0.00431251253253667,-0.0206104745237428,-0.0619124445059505));
#4598=CARTESIAN_POINT('',(-0.00559586201602809,-0.0217660087741851,-0.0605895278392839));
#4599=CARTESIAN_POINT('',(-0.00612950814544414,-0.0234084055317569,-0.0592666111726172));
#4600=CARTESIAN_POINT('',(-0.00666315427486019,-0.0250508022893286,-0.0579436945059505));
#4601=CARTESIAN_POINT('',(-0.00630410700077985,-0.026739982669187,-0.0566207778392838));
#4602=CARTESIAN_POINT('',(-0.00594505972669951,-0.0284291630490453,-0.0552978611726172));
#4603=CARTESIAN_POINT('',(-0.00478952547625721,-0.0297125125325367,-0.0539749445059505));
#4604=CARTESIAN_POINT('',(-0.0036339912258149,-0.0309958620160281,-0.0526520278392839));
#4605=CARTESIAN_POINT('',(-0.00199159446824315,-0.0315295081454441,-0.0513291111726172));
#4606=CARTESIAN_POINT('',(-0.000349197710671397,-0.0320631542748602,-0.0500061945059505));
#4607=CARTESIAN_POINT('',(0.00133998266918695,-0.0317041070007799,-0.0486832778392838));
#4608=CARTESIAN_POINT('',(0.0030291630490453,-0.0313450597266995,-0.0473603611726172));
#4609=CARTESIAN_POINT('',(0.00431251253253671,-0.0301895254762573,-0.0460374445059505));
#4610=CARTESIAN_POINT('',(-0.00263797756164193,-0.0195196604676876,-0.0634884856376736));
#4611=CARTESIAN_POINT('',(-0.00356084155098794,-0.0199336662377566,-0.0626872903933196));
#4612=CARTESIAN_POINT('',(-0.00431251253253667,-0.0206104745237428,-0.0619124445059505));
#4613=CARTESIAN_POINT('',(-0.00559586201602809,-0.0217660087741851,-0.0605895278392839));
#4614=CARTESIAN_POINT('',(-0.00612950814544413,-0.0234084055317569,-0.0592666111726172));
#4615=CARTESIAN_POINT('',(-0.00666315427486019,-0.0250508022893286,-0.0579436945059505));
#4616=CARTESIAN_POINT('',(-0.00630410700077984,-0.026739982669187,-0.0566207778392839));
#4617=CARTESIAN_POINT('',(-0.00594505972669951,-0.0284291630490453,-0.0552978611726172));
#4618=CARTESIAN_POINT('',(-0.00478952547625721,-0.0297125125325367,-0.0539749445059505));
#4619=CARTESIAN_POINT('',(-0.0036339912258149,-0.0309958620160281,-0.0526520278392839));
#4620=CARTESIAN_POINT('',(-0.00199159446824315,-0.0315295081454441,-0.0513291111726172));
#4621=CARTESIAN_POINT('',(-0.00110158827722127,-0.0318186881848016,-0.0506122295676631));
#4622=CARTESIAN_POINT('',(-0.000166091345471659,-0.0318428046917443,-0.049870321385689));
#4623=CARTESIAN_POINT('',(-0.00281256921140398,-0.019130476649358,-0.0637170700918102));
#4624=CARTESIAN_POINT('',(-0.00379651194105043,-0.0195718829369516,-0.0629158748474562));
#4625=CARTESIAN_POINT('',(-0.00459793144156123,-0.0202934850365552,-0.0621410289600871));
#4626=CARTESIAN_POINT('',(-0.00596621800215371,-0.0215254970531752,-0.0608181122934205));
#4627=CARTESIAN_POINT('',(-0.00653518291497361,-0.0232765940376321,-0.0594951956267538));
#4628=CARTESIAN_POINT('',(-0.00710414782779354,-0.025027691022089,-0.0581722789600872));
#4629=CARTESIAN_POINT('',(-0.00672133740392914,-0.0268286679515289,-0.0568493622934205));
#4630=CARTESIAN_POINT('',(-0.00633852698006475,-0.0286296448809688,-0.0555264456267538));
#4631=CARTESIAN_POINT('',(-0.00510651496344474,-0.0299979314415613,-0.0542035289600871));
#4632=CARTESIAN_POINT('',(-0.00387450294682476,-0.0313662180021537,-0.0528806122934205));
#4633=CARTESIAN_POINT('',(-0.00212340596236789,-0.0319351829149737,-0.0515576956267538));
#4634=CARTESIAN_POINT('',(-0.00117449568836653,-0.0322435020178637,-0.0508408140217998));
#4635=CARTESIAN_POINT('',(-0.000177083918888033,-0.0322692146493507,-0.0500989058398257));
#4636=CARTESIAN_POINT('',(-0.00281256921140398,-0.019130476649358,-0.0642010092835369));
#4637=CARTESIAN_POINT('',(-0.00379651194105044,-0.0195718829369516,-0.0633998140391829));
#4638=CARTESIAN_POINT('',(-0.00459793144156124,-0.0202934850365552,-0.0626249681518139));
#4639=CARTESIAN_POINT('',(-0.00596621800215371,-0.0215254970531752,-0.0613020514851472));
#4640=CARTESIAN_POINT('',(-0.00653518291497362,-0.0232765940376321,-0.0599791348184805));
#4641=CARTESIAN_POINT('',(-0.00710414782779354,-0.025027691022089,-0.0586562181518139));
#4642=CARTESIAN_POINT('',(-0.00672133740392914,-0.0268286679515289,-0.0573333014851472));
#4643=CARTESIAN_POINT('',(-0.00633852698006476,-0.0286296448809688,-0.0560103848184806));
#4644=CARTESIAN_POINT('',(-0.00510651496344475,-0.0299979314415613,-0.0546874681518139));
#4645=CARTESIAN_POINT('',(-0.00387450294682475,-0.0313662180021537,-0.0533645514851472));
#4646=CARTESIAN_POINT('',(-0.00212340596236789,-0.0319351829149737,-0.0520416348184805));
#4647=CARTESIAN_POINT('',(-0.00117449568836653,-0.0322435020178637,-0.0513247532135265));
#4648=CARTESIAN_POINT('',(-0.000177083918888032,-0.0322692146493507,-0.0505828450315524));
#4649=CARTESIAN_POINT('',(-0.00263797756164193,-0.0195196604676875,-0.0644295937376736));
#4650=CARTESIAN_POINT('',(-0.00356084155098795,-0.0199336662377565,-0.0636283984933196));
#4651=CARTESIAN_POINT('',(-0.00431251253253668,-0.0206104745237428,-0.0628535526059505));
#4652=CARTESIAN_POINT('',(-0.0055958620160281,-0.0217660087741851,-0.0615306359392839));
#4653=CARTESIAN_POINT('',(-0.00612950814544415,-0.0234084055317569,-0.0602077192726172));
#4654=CARTESIAN_POINT('',(-0.0066631542748602,-0.0250508022893286,-0.0588848026059505));
#4655=CARTESIAN_POINT('',(-0.00630410700077986,-0.026739982669187,-0.0575618859392839));
#4656=CARTESIAN_POINT('',(-0.00594505972669952,-0.0284291630490453,-0.0562389692726172));
#4657=CARTESIAN_POINT('',(-0.00478952547625721,-0.0297125125325367,-0.0549160526059505));
#4658=CARTESIAN_POINT('',(-0.0036339912258149,-0.0309958620160281,-0.0535931359392838));
#4659=CARTESIAN_POINT('',(-0.00199159446824315,-0.0315295081454441,-0.0522702192726172));
#4660=CARTESIAN_POINT('',(-0.00110158827722127,-0.0318186881848016,-0.0515533376676632));
#4661=CARTESIAN_POINT('',(-0.000166091345471657,-0.0318428046917443,-0.0508114294856891));
#4662=CARTESIAN_POINT('',(0.00199159446824319,-0.0192704918545559,-0.0681452192726172));
#4663=CARTESIAN_POINT('',(0.000349197710671447,-0.0187368457251398,-0.0668223026059505));
#4664=CARTESIAN_POINT('',(-0.00133998266918691,-0.0190958929992201,-0.0654993859392838));
#4665=CARTESIAN_POINT('',(-0.00302916304904526,-0.0194549402733004,-0.0641764692726172));
#4666=CARTESIAN_POINT('',(-0.00431251253253667,-0.0206104745237428,-0.0628535526059505));
#4667=CARTESIAN_POINT('',(-0.00559586201602809,-0.0217660087741851,-0.0615306359392839));
#4668=CARTESIAN_POINT('',(-0.00612950814544414,-0.0234084055317569,-0.0602077192726172));
#4669=CARTESIAN_POINT('',(-0.0066631542748602,-0.0250508022893286,-0.0588848026059505));
#4670=CARTESIAN_POINT('',(-0.00630410700077985,-0.026739982669187,-0.0575618859392839));
#4671=CARTESIAN_POINT('',(-0.00594505972669952,-0.0284291630490453,-0.0562389692726172));
#4672=CARTESIAN_POINT('',(-0.00478952547625721,-0.0297125125325367,-0.0549160526059505));
#4673=CARTESIAN_POINT('',(-0.0036339912258149,-0.0309958620160281,-0.0535931359392838));
#4674=CARTESIAN_POINT('',(-0.00199159446824315,-0.0315295081454441,-0.0522702192726172));
#4675=CARTESIAN_POINT('',(-0.000349197710671401,-0.0320631542748602,-0.0509473026059506));
#4676=CARTESIAN_POINT('',(0.00133998266918695,-0.0317041070007799,-0.0496243859392839));
#4677=CARTESIAN_POINT('',(0.0030291630490453,-0.0313450597266995,-0.0483014692726172));
#4678=CARTESIAN_POINT('',(0.00431251253253671,-0.0301895254762573,-0.0469785526059505));
#4679=CARTESIAN_POINT('',(-0.00367365323492191,-0.0201045688994615,-0.0634871476181805));
#4680=CARTESIAN_POINT('',(-0.0040091068749744,-0.0203372865623955,-0.0631663126189581));
#4681=CARTESIAN_POINT('',(-0.00431251253253667,-0.0206104745237428,-0.0628535526059505));
#4682=CARTESIAN_POINT('',(-0.00559586201602809,-0.0217660087741851,-0.0615306359392839));
#4683=CARTESIAN_POINT('',(-0.00612950814544414,-0.0234084055317569,-0.0602077192726172));
#4684=CARTESIAN_POINT('',(-0.00666315427486019,-0.0250508022893286,-0.0588848026059505));
#4685=CARTESIAN_POINT('',(-0.00630410700077984,-0.026739982669187,-0.0575618859392838));
#4686=CARTESIAN_POINT('',(-0.00594505972669951,-0.0284291630490453,-0.0562389692726172));
#4687=CARTESIAN_POINT('',(-0.00478952547625721,-0.0297125125325367,-0.0549160526059505));
#4688=CARTESIAN_POINT('',(-0.0036339912258149,-0.0309958620160281,-0.0535931359392838));
#4689=CARTESIAN_POINT('',(-0.00199159446824315,-0.0315295081454441,-0.0522702192726172));
#4690=CARTESIAN_POINT('',(-0.000535606389618857,-0.0320025865286373,-0.0510974509468151));
#4691=CARTESIAN_POINT('',(0.000977595627353842,-0.0317703709013198,-0.0499086436452207));
#4692=CARTESIAN_POINT('',(-0.00263879472484939,-0.0215962779935049,-0.0645353410095483));
#4693=CARTESIAN_POINT('',(-0.00287975195167399,-0.0217634396993218,-0.0642145060103259));
#4694=CARTESIAN_POINT('',(-0.00309768902887388,-0.0219596713263145,-0.0639017459973183));
#4695=CARTESIAN_POINT('',(-0.00401952231868556,-0.022789694600004,-0.0625788293306516));
#4696=CARTESIAN_POINT('',(-0.00440284172887188,-0.0239694324856573,-0.061255912663985));
#4697=CARTESIAN_POINT('',(-0.00478616113905821,-0.0251491703713106,-0.0599329959973183));
#4698=CARTESIAN_POINT('',(-0.0045282565432166,-0.0263625130551864,-0.0586100793306516));
#4699=CARTESIAN_POINT('',(-0.004270351947375,-0.0275758557390622,-0.057287162663985));
#4700=CARTESIAN_POINT('',(-0.00344032867368548,-0.0284976890288739,-0.0559642459973183));
#4701=CARTESIAN_POINT('',(-0.00261030539999597,-0.0294195223186856,-0.0546413293306516));
#4702=CARTESIAN_POINT('',(-0.0014305675143427,-0.0298028417288719,-0.053318412663985));
#4703=CARTESIAN_POINT('',(-0.00038472747021587,-0.0301426551685683,-0.052145644338183));
#4704=CARTESIAN_POINT('',(0.000702209495434865,-0.0299758540762473,-0.0509568370365885));
#4705=CARTESIAN_POINT('',(0.00461777733442602,-0.0257281328880957,-0.0633425837839871));
#4706=CARTESIAN_POINT('',(0.00469978642856067,-0.0245740281035694,-0.0620981861322008));
#4707=CARTESIAN_POINT('',(0.00422918555651656,-0.0235170426900377,-0.0608642511145827));
#4708=CARTESIAN_POINT('',(0.00372464866592988,-0.0223838358355277,-0.0595413344479161));
#4709=CARTESIAN_POINT('',(0.00272110347428042,-0.0216547183570727,-0.0582184177812494));
#4710=CARTESIAN_POINT('',(0.00171755828263096,-0.0209256008786178,-0.0568955011145828));
#4711=CARTESIAN_POINT('',(0.000483903913589329,-0.0207959392157573,-0.055572584447916));
#4712=CARTESIAN_POINT('',(-0.000749750455452305,-0.0206662775528968,-0.0542496677812494));
#4713=CARTESIAN_POINT('',(-0.00188295730996228,-0.0211708144434835,-0.0529267511145827));
#4714=CARTESIAN_POINT('',(-0.00301616416447225,-0.0216753513340701,-0.051603834447916));
#4715=CARTESIAN_POINT('',(-0.00374528164292721,-0.0226788965257196,-0.0502809177812494));
#4716=CARTESIAN_POINT('',(-0.00388586282244485,-0.0228723901271078,-0.0500258461489006));
#4717=CARTESIAN_POINT('',(-0.00400575573635335,-0.0230793406791904,-0.0497650893282915));
#4718=CARTESIAN_POINT('',(0.00642873524151499,-0.0258568170591238,-0.0643907771753548));
#4719=CARTESIAN_POINT('',(0.00654290591615053,-0.0242501059590946,-0.0631463795235686));
#4720=CARTESIAN_POINT('',(0.00588774907516489,-0.0227786016214817,-0.0619124445059505));
#4721=CARTESIAN_POINT('',(0.00518534749660066,-0.0212009840115542,-0.0605895278392838));
#4722=CARTESIAN_POINT('',(0.00378824108094199,-0.0201859278731814,-0.0592666111726172));
#4723=CARTESIAN_POINT('',(0.00239113466528331,-0.0191708717348086,-0.0579436945059505));
#4724=CARTESIAN_POINT('',(0.000673676948346274,-0.0189903605405397,-0.0566207778392838));
#4725=CARTESIAN_POINT('',(-0.00104378076859076,-0.0188098493462709,-0.0552978611726172));
#4726=CARTESIAN_POINT('',(-0.00262139837851827,-0.0195122509248352,-0.0539749445059505));
#4727=CARTESIAN_POINT('',(-0.00419901598844579,-0.0202146525033994,-0.0526520278392839));
#4728=CARTESIAN_POINT('',(-0.0052140721268186,-0.0216117589190581,-0.0513291111726172));
#4729=CARTESIAN_POINT('',(-0.0054097851544523,-0.0218811350808272,-0.0510740395402684));
#4730=CARTESIAN_POINT('',(-0.00557669658067145,-0.022169245617796,-0.0508132827196593));
#4731=CARTESIAN_POINT('',(0.00521407212681864,-0.029188241080942,-0.0672041111726172));
#4732=CARTESIAN_POINT('',(0.00622912826519144,-0.0277911346652833,-0.0658811945059506));
#4733=CARTESIAN_POINT('',(0.00640963945946028,-0.0260736769483462,-0.0645582778392838));
#4734=CARTESIAN_POINT('',(0.00659015065372912,-0.0243562192314092,-0.0632353611726172));
#4735=CARTESIAN_POINT('',(0.00588774907516489,-0.0227786016214817,-0.0619124445059505));
#4736=CARTESIAN_POINT('',(0.00518534749660066,-0.0212009840115542,-0.0605895278392838));
#4737=CARTESIAN_POINT('',(0.00378824108094199,-0.0201859278731814,-0.0592666111726172));
#4738=CARTESIAN_POINT('',(0.00239113466528331,-0.0191708717348086,-0.0579436945059505));
#4739=CARTESIAN_POINT('',(0.000673676948346276,-0.0189903605405397,-0.0566207778392838));
#4740=CARTESIAN_POINT('',(-0.00104378076859076,-0.0188098493462709,-0.0552978611726172));
#4741=CARTESIAN_POINT('',(-0.00262139837851827,-0.0195122509248352,-0.0539749445059505));
#4742=CARTESIAN_POINT('',(-0.00419901598844579,-0.0202146525033994,-0.0526520278392839));
#4743=CARTESIAN_POINT('',(-0.00521407212681859,-0.0216117589190581,-0.0513291111726172));
#4744=CARTESIAN_POINT('',(-0.0062291282651914,-0.0230088653347167,-0.0500061945059505));
#4745=CARTESIAN_POINT('',(-0.00640963945946024,-0.0247263230516538,-0.0486832778392838));
#4746=CARTESIAN_POINT('',(-0.00659015065372909,-0.0264437807685908,-0.0473603611726172));
#4747=CARTESIAN_POINT('',(-0.00588774907516485,-0.0280213983785183,-0.0460374445059505));
#4748=CARTESIAN_POINT('',(0.00640771512756092,-0.0247082590983394,-0.0634884856376736));
#4749=CARTESIAN_POINT('',(0.00629915289835759,-0.0237026284688971,-0.0626872903933196));
#4750=CARTESIAN_POINT('',(0.00588774907516488,-0.0227786016214817,-0.0619124445059505));
#4751=CARTESIAN_POINT('',(0.00518534749660066,-0.0212009840115542,-0.0605895278392839));
#4752=CARTESIAN_POINT('',(0.00378824108094198,-0.0201859278731814,-0.0592666111726172));
#4753=CARTESIAN_POINT('',(0.0023911346652833,-0.0191708717348086,-0.0579436945059505));
#4754=CARTESIAN_POINT('',(0.000673676948346274,-0.0189903605405397,-0.0566207778392839));
#4755=CARTESIAN_POINT('',(-0.00104378076859076,-0.0188098493462709,-0.0552978611726172));
#4756=CARTESIAN_POINT('',(-0.00262139837851827,-0.0195122509248352,-0.0539749445059505));
#4757=CARTESIAN_POINT('',(-0.00419901598844579,-0.0202146525033994,-0.0526520278392839));
#4758=CARTESIAN_POINT('',(-0.00521407212681859,-0.0216117589190581,-0.0513291111726172));
#4759=CARTESIAN_POINT('',(-0.00576412572575665,-0.022368843559977,-0.0506122295676632));
#4760=CARTESIAN_POINT('',(-0.00607614633693104,-0.0232511016024013,-0.0498703213856891));
#4761=CARTESIAN_POINT('',(0.0068318027208723,-0.024662476985942,-0.0637170700918102));
#4762=CARTESIAN_POINT('',(0.00671605541967516,-0.0235902897969602,-0.0629158748474562));
#4763=CARTESIAN_POINT('',(0.00627742328595621,-0.0226051072467592,-0.0621410289600871));
#4764=CARTESIAN_POINT('',(0.00552853402979374,-0.0209230767467389,-0.0608181122934205));
#4765=CARTESIAN_POINT('',(0.00403896165932566,-0.0198408402318623,-0.0594951956267538));
#4766=CARTESIAN_POINT('',(0.00254938928885759,-0.0187586037169858,-0.0581722789600872));
#4767=CARTESIAN_POINT('',(0.000718263517818545,-0.0185661455874336,-0.0568493622934205));
#4768=CARTESIAN_POINT('',(-0.0011128622532205,-0.0183736874578813,-0.0555264456267538));
#4769=CARTESIAN_POINT('',(-0.00279489275324079,-0.0191225767140438,-0.0542035289600871));
#4770=CARTESIAN_POINT('',(-0.00447692325326107,-0.0198714659702063,-0.0528806122934205));
#4771=CARTESIAN_POINT('',(-0.00555915976813764,-0.0213610383406744,-0.0515576956267538));
#4772=CARTESIAN_POINT('',(-0.00614561806084284,-0.0221682297976593,-0.0508408140217998));
#4773=CARTESIAN_POINT('',(-0.00647828941372815,-0.0231088791203517,-0.0500989058398257));
#4774=CARTESIAN_POINT('',(0.0068318027208723,-0.024662476985942,-0.0642010092835369));
#4775=CARTESIAN_POINT('',(0.00671605541967516,-0.0235902897969602,-0.0633998140391829));
#4776=CARTESIAN_POINT('',(0.00627742328595621,-0.0226051072467592,-0.0626249681518139));
#4777=CARTESIAN_POINT('',(0.00552853402979375,-0.0209230767467389,-0.0613020514851472));
#4778=CARTESIAN_POINT('',(0.00403896165932566,-0.0198408402318623,-0.0599791348184805));
#4779=CARTESIAN_POINT('',(0.00254938928885759,-0.0187586037169858,-0.0586562181518139));
#4780=CARTESIAN_POINT('',(0.000718263517818545,-0.0185661455874335,-0.0573333014851472));
#4781=CARTESIAN_POINT('',(-0.0011128622532205,-0.0183736874578813,-0.0560103848184806));
#4782=CARTESIAN_POINT('',(-0.00279489275324079,-0.0191225767140438,-0.0546874681518139));
#4783=CARTESIAN_POINT('',(-0.00447692325326108,-0.0198714659702063,-0.0533645514851472));
#4784=CARTESIAN_POINT('',(-0.00555915976813765,-0.0213610383406744,-0.0520416348184805));
#4785=CARTESIAN_POINT('',(-0.00614561806084285,-0.0221682297976593,-0.0513247532135265));
#4786=CARTESIAN_POINT('',(-0.00647828941372816,-0.0231088791203517,-0.0505828450315524));
#4787=CARTESIAN_POINT('',(0.00640771512756094,-0.0247082590983394,-0.0644295937376736));
#4788=CARTESIAN_POINT('',(0.00629915289835761,-0.0237026284688971,-0.0636283984933196));
#4789=CARTESIAN_POINT('',(0.0058877490751649,-0.0227786016214817,-0.0628535526059505));
#4790=CARTESIAN_POINT('',(0.00518534749660067,-0.0212009840115542,-0.0615306359392839));
#4791=CARTESIAN_POINT('',(0.00378824108094199,-0.0201859278731814,-0.0602077192726172));
#4792=CARTESIAN_POINT('',(0.00239113466528331,-0.0191708717348086,-0.0588848026059505));
#4793=CARTESIAN_POINT('',(0.000673676948346275,-0.0189903605405397,-0.0575618859392839));
#4794=CARTESIAN_POINT('',(-0.00104378076859076,-0.0188098493462709,-0.0562389692726172));
#4795=CARTESIAN_POINT('',(-0.00262139837851828,-0.0195122509248352,-0.0549160526059505));
#4796=CARTESIAN_POINT('',(-0.0041990159884458,-0.0202146525033994,-0.0535931359392838));
#4797=CARTESIAN_POINT('',(-0.0052140721268186,-0.0216117589190581,-0.0522702192726172));
#4798=CARTESIAN_POINT('',(-0.00576412572575666,-0.022368843559977,-0.0515533376676632));
#4799=CARTESIAN_POINT('',(-0.00607614633693105,-0.0232511016024013,-0.0508114294856891));
#4800=CARTESIAN_POINT('',(0.00521407212681864,-0.029188241080942,-0.0681452192726172));
#4801=CARTESIAN_POINT('',(0.00622912826519144,-0.0277911346652833,-0.0668223026059505));
#4802=CARTESIAN_POINT('',(0.00640963945946028,-0.0260736769483462,-0.0654993859392838));
#4803=CARTESIAN_POINT('',(0.00659015065372913,-0.0243562192314092,-0.0641764692726172));
#4804=CARTESIAN_POINT('',(0.00588774907516489,-0.0227786016214817,-0.0628535526059505));
#4805=CARTESIAN_POINT('',(0.00518534749660067,-0.0212009840115542,-0.0615306359392839));
#4806=CARTESIAN_POINT('',(0.00378824108094199,-0.0201859278731814,-0.0602077192726172));
#4807=CARTESIAN_POINT('',(0.00239113466528332,-0.0191708717348086,-0.0588848026059505));
#4808=CARTESIAN_POINT('',(0.000673676948346278,-0.0189903605405397,-0.0575618859392838));
#4809=CARTESIAN_POINT('',(-0.00104378076859076,-0.0188098493462709,-0.0562389692726172));
#4810=CARTESIAN_POINT('',(-0.00262139837851827,-0.0195122509248352,-0.0549160526059505));
#4811=CARTESIAN_POINT('',(-0.00419901598844579,-0.0202146525033994,-0.0535931359392838));
#4812=CARTESIAN_POINT('',(-0.0052140721268186,-0.0216117589190581,-0.0522702192726172));
#4813=CARTESIAN_POINT('',(-0.0062291282651914,-0.0230088653347167,-0.0509473026059506));
#4814=CARTESIAN_POINT('',(-0.00640963945946024,-0.0247263230516538,-0.0496243859392839));
#4815=CARTESIAN_POINT('',(-0.00659015065372909,-0.0264437807685908,-0.0483014692726172));
#4816=CARTESIAN_POINT('',(-0.00588774907516486,-0.0280213983785183,-0.0469785526059505));
#4817=CARTESIAN_POINT('',(0.00617147553579058,-0.0235425263549268,-0.0634871476181805));
#4818=CARTESIAN_POINT('',(0.00605380876160141,-0.0231515772719021,-0.0631663126189581));
#4819=CARTESIAN_POINT('',(0.00588774907516489,-0.0227786016214817,-0.0628535526059505));
#4820=CARTESIAN_POINT('',(0.00518534749660066,-0.0212009840115542,-0.0615306359392839));
#4821=CARTESIAN_POINT('',(0.00378824108094199,-0.0201859278731814,-0.0602077192726172));
#4822=CARTESIAN_POINT('',(0.00239113466528331,-0.0191708717348086,-0.0588848026059505));
#4823=CARTESIAN_POINT('',(0.000673676948346278,-0.0189903605405397,-0.0575618859392838));
#4824=CARTESIAN_POINT('',(-0.00104378076859076,-0.0188098493462709,-0.0562389692726172));
#4825=CARTESIAN_POINT('',(-0.00262139837851827,-0.0195122509248352,-0.0549160526059505));
#4826=CARTESIAN_POINT('',(-0.00419901598844579,-0.0202146525033994,-0.0535931359392838));
#4827=CARTESIAN_POINT('',(-0.00521407212681859,-0.0216117589190581,-0.0522702192726172));
#4828=CARTESIAN_POINT('',(-0.00611392146577486,-0.0228502966088033,-0.0510974509468154));
#4829=CARTESIAN_POINT('',(-0.00636067641939604,-0.0243611958227164,-0.0499086436452213));
#4830=CARTESIAN_POINT('',(0.00443298701509796,-0.0240657718236516,-0.0645353410095482));
#4831=CARTESIAN_POINT('',(0.00434846666351201,-0.0237849520750256,-0.0642145060103259));
#4832=CARTESIAN_POINT('',(0.00422918555651658,-0.0235170426900377,-0.0639017459973183));
#4833=CARTESIAN_POINT('',(0.0037246486659299,-0.0223838358355277,-0.0625788293306516));
#4834=CARTESIAN_POINT('',(0.00272110347428044,-0.0216547183570728,-0.061255912663985));
#4835=CARTESIAN_POINT('',(0.00171755828263097,-0.0209256008786178,-0.0599329959973182));
#4836=CARTESIAN_POINT('',(0.000483903913589334,-0.0207959392157573,-0.0586100793306516));
#4837=CARTESIAN_POINT('',(-0.000749750455452305,-0.0206662775528968,-0.057287162663985));
#4838=CARTESIAN_POINT('',(-0.00188295730996228,-0.0211708144434834,-0.0559642459973183));
#4839=CARTESIAN_POINT('',(-0.00301616416447226,-0.0216753513340701,-0.0546413293306516));
#4840=CARTESIAN_POINT('',(-0.00374528164292722,-0.0226788965257196,-0.053318412663985));
#4841=CARTESIAN_POINT('',(-0.00439164577610799,-0.0235685413869054,-0.0521456443381833));
#4842=CARTESIAN_POINT('',(-0.00456889050453154,-0.0246538242430968,-0.0509568370365891));
#4843=CARTESIAN_POINT('',(0.0039287320122049,-0.0229512036673368,-0.063342583783987));
#4844=CARTESIAN_POINT('',(0.00331671299110834,-0.0219693095472793,-0.0620981861322008));
#4845=CARTESIAN_POINT('',(0.0023147084500948,-0.0213908026372292,-0.0608642511145827));
#4846=CARTESIAN_POINT('',(0.00124044725444339,-0.0207705783773129,-0.059541334447916));
#4847=CARTESIAN_POINT('',(-2.36124876999531E-9,-0.0207705790100076,-0.0582184177812494));
#4848=CARTESIAN_POINT('',(-0.00124045197694093,-0.0207705796427023,-0.0568955011145828));
#4849=CARTESIAN_POINT('',(-0.00231471253989763,-0.0213908049984781,-0.055572584447916));
#4850=CARTESIAN_POINT('',(-0.00338897310285434,-0.0220110303542538,-0.0542496677812494));
#4851=CARTESIAN_POINT('',(-0.00400919736277073,-0.0230852915499052,-0.0529267511145827));
#4852=CARTESIAN_POINT('',(-0.00462942162268713,-0.0241595527455566,-0.051603834447916));
#4853=CARTESIAN_POINT('',(-0.00462942098999242,-0.0254000023612488,-0.0502809177812494));
#4854=CARTESIAN_POINT('',(-0.00462942086800252,-0.025639173517145,-0.0500258461489006));
#4855=CARTESIAN_POINT('',(-0.00460477379039172,-0.0258770713174249,-0.0497650893282915));
#4856=CARTESIAN_POINT('',(0.00546946639307139,-0.0219908569982962,-0.0643907771753549));
#4857=CARTESIAN_POINT('',(0.004617431319819,-0.0206238925745266,-0.0631463795235686));
#4858=CARTESIAN_POINT('',(0.00322246975314732,-0.0198185120871712,-0.0619124445059505));
#4859=CARTESIAN_POINT('',(0.00172691457434078,-0.0189550539191817,-0.0605895278392838));
#4860=CARTESIAN_POINT('',(-3.28726184120609E-9,-0.0189550548000008,-0.0592666111726172));
#4861=CARTESIAN_POINT('',(-0.00172692114886446,-0.01895505568082,-0.0579436945059505));
#4862=CARTESIAN_POINT('',(-0.00322247544685184,-0.0198185153744331,-0.0566207778392838));
#4863=CARTESIAN_POINT('',(-0.00471802974483924,-0.0206819750680462,-0.0552978611726172));
#4864=CARTESIAN_POINT('',(-0.00558148791282877,-0.0221775302468527,-0.0539749445059505));
#4865=CARTESIAN_POINT('',(-0.00644494608081831,-0.0236730854256592,-0.0526520278392839));
#4866=CARTESIAN_POINT('',(-0.00644494519999915,-0.0254000032872619,-0.0513291111726172));
#4867=CARTESIAN_POINT('',(-0.00644494503016836,-0.0257329704113372,-0.0510740395402684));
#4868=CARTESIAN_POINT('',(-0.00641063208587464,-0.0260641648067742,-0.0508132827196593));
#4869=CARTESIAN_POINT('',(0.00644494519999919,-0.0253999967127382,-0.0672041111726172));
#4870=CARTESIAN_POINT('',(0.00644494431918004,-0.0236730788511355,-0.0658811945059506));
#4871=CARTESIAN_POINT('',(0.00558148462556695,-0.0221775245531481,-0.0645582778392838));
#4872=CARTESIAN_POINT('',(0.00471802493195387,-0.0206819702551608,-0.0632353611726172));
#4873=CARTESIAN_POINT('',(0.00322246975314732,-0.0198185120871712,-0.0619124445059505));
#4874=CARTESIAN_POINT('',(0.00172691457434078,-0.0189550539191817,-0.0605895278392838));
#4875=CARTESIAN_POINT('',(-3.28726184120609E-9,-0.0189550548000008,-0.0592666111726172));
#4876=CARTESIAN_POINT('',(-0.00172692114886446,-0.01895505568082,-0.0579436945059505));
#4877=CARTESIAN_POINT('',(-0.00322247544685184,-0.0198185153744331,-0.0566207778392838));
#4878=CARTESIAN_POINT('',(-0.00471802974483923,-0.0206819750680462,-0.0552978611726172));
#4879=CARTESIAN_POINT('',(-0.00558148791282877,-0.0221775302468527,-0.0539749445059505));
#4880=CARTESIAN_POINT('',(-0.0064449460808183,-0.0236730854256592,-0.0526520278392839));
#4881=CARTESIAN_POINT('',(-0.00644494519999915,-0.0254000032872619,-0.0513291111726172));
#4882=CARTESIAN_POINT('',(-0.00644494431917998,-0.0271269211488645,-0.0500061945059505));
#4883=CARTESIAN_POINT('',(-0.00558148462556691,-0.0286224754468518,-0.0486832778392838));
#4884=CARTESIAN_POINT('',(-0.00471802493195383,-0.0301180297448393,-0.0473603611726172));
#4885=CARTESIAN_POINT('',(-0.00322246975314728,-0.0309814879128288,-0.0460374445059505));
#4886=CARTESIAN_POINT('',(0.00477735533290662,-0.0210740094019807,-0.0634884856376735));
#4887=CARTESIAN_POINT('',(0.00409843179129414,-0.0203242484099796,-0.0626872903933196));
#4888=CARTESIAN_POINT('',(0.00322246975314732,-0.0198185120871712,-0.0619124445059505));
#4889=CARTESIAN_POINT('',(0.00172691457434077,-0.0189550539191817,-0.0605895278392839));
#4890=CARTESIAN_POINT('',(-3.28726184294081E-9,-0.0189550548000008,-0.0592666111726172));
#4891=CARTESIAN_POINT('',(-0.00172692114886446,-0.01895505568082,-0.0579436945059505));
#4892=CARTESIAN_POINT('',(-0.00322247544685184,-0.0198185153744331,-0.0566207778392839));
#4893=CARTESIAN_POINT('',(-0.00471802974483923,-0.0206819750680462,-0.0552978611726172));
#4894=CARTESIAN_POINT('',(-0.00558148791282877,-0.0221775302468527,-0.0539749445059505));
#4895=CARTESIAN_POINT('',(-0.0064449460808183,-0.0236730854256592,-0.0526520278392839));
#4896=CARTESIAN_POINT('',(-0.00644494519999914,-0.0254000032872619,-0.0513291111726172));
#4897=CARTESIAN_POINT('',(-0.00644494472268786,-0.0263358110213717,-0.0506122295676631));
#4898=CARTESIAN_POINT('',(-0.00617879643366975,-0.0272329738847765,-0.049870321385689));
#4899=CARTESIAN_POINT('',(0.00509353935251313,-0.0207876984619842,-0.0637170700918101));
#4900=CARTESIAN_POINT('',(0.00436968200141113,-0.019988315361583,-0.0629158748474562));
#4901=CARTESIAN_POINT('',(0.00343574537712955,-0.0194491074352904,-0.0621410289600871));
#4902=CARTESIAN_POINT('',(0.00184120852017124,-0.0185285022360896,-0.0608181122934205));
#4903=CARTESIAN_POINT('',(-3.50482565894159E-9,-0.0185285031752048,-0.0594951956267538));
#4904=CARTESIAN_POINT('',(-0.00184121552982256,-0.01852850411432,-0.0581722789600871));
#4905=CARTESIAN_POINT('',(-0.00343575144766566,-0.0194491109401161,-0.0568493622934205));
#4906=CARTESIAN_POINT('',(-0.00503028736550876,-0.0203697177659122,-0.0555264456267538));
#4907=CARTESIAN_POINT('',(-0.00595089256470958,-0.0219642546228705,-0.0542035289600871));
#4908=CARTESIAN_POINT('',(-0.0068714977639104,-0.0235587914798288,-0.0528806122934205));
#4909=CARTESIAN_POINT('',(-0.00687149682479519,-0.0254000035048257,-0.0515576956267538));
#4910=CARTESIAN_POINT('',(-0.00687149631589358,-0.0263977466467775,-0.0508408140217998));
#4911=CARTESIAN_POINT('',(-0.00658773329446202,-0.0273542872496691,-0.0500989058398257));
#4912=CARTESIAN_POINT('',(0.00509353935251313,-0.0207876984619842,-0.0642010092835369));
#4913=CARTESIAN_POINT('',(0.00436968200141114,-0.019988315361583,-0.0633998140391829));
#4914=CARTESIAN_POINT('',(0.00343574537712955,-0.0194491074352904,-0.0626249681518139));
#4915=CARTESIAN_POINT('',(0.00184120852017125,-0.0185285022360896,-0.0613020514851472));
#4916=CARTESIAN_POINT('',(-3.50482566161769E-9,-0.0185285031752048,-0.0599791348184805));
#4917=CARTESIAN_POINT('',(-0.00184121552982256,-0.01852850411432,-0.0586562181518139));
#4918=CARTESIAN_POINT('',(-0.00343575144766567,-0.0194491109401161,-0.0573333014851472));
#4919=CARTESIAN_POINT('',(-0.00503028736550877,-0.0203697177659121,-0.0560103848184806));
#4920=CARTESIAN_POINT('',(-0.00595089256470958,-0.0219642546228705,-0.0546874681518139));
#4921=CARTESIAN_POINT('',(-0.00687149776391041,-0.0235587914798288,-0.0533645514851472));
#4922=CARTESIAN_POINT('',(-0.0068714968247952,-0.0254000035048257,-0.0520416348184805));
#4923=CARTESIAN_POINT('',(-0.00687149631589359,-0.0263977466467775,-0.0513247532135265));
#4924=CARTESIAN_POINT('',(-0.00658773329446202,-0.0273542872496691,-0.0505828450315524));
#4925=CARTESIAN_POINT('',(0.00477735533290663,-0.0210740094019806,-0.0644295937376735));
#4926=CARTESIAN_POINT('',(0.00409843179129414,-0.0203242484099796,-0.0636283984933196));
#4927=CARTESIAN_POINT('',(0.00322246975314732,-0.0198185120871712,-0.0628535526059505));
#4928=CARTESIAN_POINT('',(0.00172691457434078,-0.0189550539191817,-0.0615306359392839));
#4929=CARTESIAN_POINT('',(-3.28726184120609E-9,-0.0189550548000008,-0.0602077192726172));
#4930=CARTESIAN_POINT('',(-0.00172692114886447,-0.01895505568082,-0.0588848026059505));
#4931=CARTESIAN_POINT('',(-0.00322247544685185,-0.0198185153744331,-0.0575618859392839));
#4932=CARTESIAN_POINT('',(-0.00471802974483924,-0.0206819750680462,-0.0562389692726172));
#4933=CARTESIAN_POINT('',(-0.00558148791282878,-0.0221775302468527,-0.0549160526059505));
#4934=CARTESIAN_POINT('',(-0.00644494608081831,-0.0236730854256592,-0.0535931359392838));
#4935=CARTESIAN_POINT('',(-0.00644494519999916,-0.0254000032872619,-0.0522702192726172));
#4936=CARTESIAN_POINT('',(-0.00644494472268787,-0.0263358110213717,-0.0515533376676632));
#4937=CARTESIAN_POINT('',(-0.00617879643366976,-0.0272329738847766,-0.0508114294856891));
#4938=CARTESIAN_POINT('',(0.0064449451999992,-0.0253999967127382,-0.0681452192726172));
#4939=CARTESIAN_POINT('',(0.00644494431918004,-0.0236730788511355,-0.0668223026059505));
#4940=CARTESIAN_POINT('',(0.00558148462556695,-0.0221775245531481,-0.0654993859392838));
#4941=CARTESIAN_POINT('',(0.00471802493195387,-0.0206819702551607,-0.0641764692726172));
#4942=CARTESIAN_POINT('',(0.00322246975314733,-0.0198185120871712,-0.0628535526059505));
#4943=CARTESIAN_POINT('',(0.00172691457434078,-0.0189550539191817,-0.0615306359392839));
#4944=CARTESIAN_POINT('',(-3.28726183773665E-9,-0.0189550548000008,-0.0602077192726172));
#4945=CARTESIAN_POINT('',(-0.00172692114886446,-0.01895505568082,-0.0588848026059505));
#4946=CARTESIAN_POINT('',(-0.00322247544685184,-0.0198185153744331,-0.0575618859392838));
#4947=CARTESIAN_POINT('',(-0.00471802974483924,-0.0206819750680462,-0.0562389692726172));
#4948=CARTESIAN_POINT('',(-0.00558148791282877,-0.0221775302468527,-0.0549160526059505));
#4949=CARTESIAN_POINT('',(-0.00644494608081831,-0.0236730854256592,-0.0535931359392838));
#4950=CARTESIAN_POINT('',(-0.00644494519999915,-0.0254000032872619,-0.0522702192726172));
#4951=CARTESIAN_POINT('',(-0.00644494431917999,-0.0271269211488645,-0.0509473026059505));
#4952=CARTESIAN_POINT('',(-0.00558148462556691,-0.0286224754468518,-0.0496243859392838));
#4953=CARTESIAN_POINT('',(-0.00471802493195383,-0.0301180297448393,-0.0483014692726172));
#4954=CARTESIAN_POINT('',(-0.00322246975314729,-0.0309814879128288,-0.0469785526059505));
#4955=CARTESIAN_POINT('',(0.00390103297372789,-0.0202697699497107,-0.0634871476181805));
#4956=CARTESIAN_POINT('',(0.00357604444833638,-0.0200226482921617,-0.0631663126189582));
#4957=CARTESIAN_POINT('',(0.00322246975314732,-0.0198185120871712,-0.0628535526059505));
#4958=CARTESIAN_POINT('',(0.00172691457434078,-0.0189550539191817,-0.0615306359392839));
#4959=CARTESIAN_POINT('',(-3.28726184120609E-9,-0.0189550548000008,-0.0602077192726172));
#4960=CARTESIAN_POINT('',(-0.00172692114886446,-0.01895505568082,-0.0588848026059505));
#4961=CARTESIAN_POINT('',(-0.00322247544685184,-0.0198185153744331,-0.0575618859392838));
#4962=CARTESIAN_POINT('',(-0.00471802974483923,-0.0206819750680462,-0.0562389692726172));
#4963=CARTESIAN_POINT('',(-0.00558148791282877,-0.0221775302468527,-0.0549160526059505));
#4964=CARTESIAN_POINT('',(-0.0064449460808183,-0.0236730854256592,-0.0535931359392838));
#4965=CARTESIAN_POINT('',(-0.00644494519999914,-0.0254000032872619,-0.0522702192726172));
#4966=CARTESIAN_POINT('',(-0.00644494441915116,-0.0269309194971637,-0.0510974509468151));
#4967=CARTESIAN_POINT('',(-0.00575648909443822,-0.028298301560676,-0.0499086436452207));
#4968=CARTESIAN_POINT('',(0.00280212218580711,-0.0217149423398818,-0.0645353410095483));
#4969=CARTESIAN_POINT('',(0.00256868207820862,-0.0215374342070679,-0.0642145060103259));
#4970=CARTESIAN_POINT('',(0.00231470845009482,-0.0213908026372292,-0.0639017459973183));
#4971=CARTESIAN_POINT('',(0.0012404472544434,-0.0207705783773128,-0.0625788293306516));
#4972=CARTESIAN_POINT('',(-2.36124876999532E-9,-0.0207705790100075,-0.061255912663985));
#4973=CARTESIAN_POINT('',(-0.00124045197694094,-0.0207705796427022,-0.0599329959973183));
#4974=CARTESIAN_POINT('',(-0.00231471253989765,-0.021390804998478,-0.0586100793306516));
#4975=CARTESIAN_POINT('',(-0.00338897310285436,-0.0220110303542538,-0.057287162663985));
#4976=CARTESIAN_POINT('',(-0.00400919736277075,-0.0230852915499052,-0.0559642459973183));
#4977=CARTESIAN_POINT('',(-0.00462942162268715,-0.0241595527455566,-0.0546413293306516));
#4978=CARTESIAN_POINT('',(-0.00462942098999245,-0.0254000023612488,-0.053318412663985));
#4979=CARTESIAN_POINT('',(-0.0046294204291073,-0.0264996634780012,-0.052145644338183));
#4980=CARTESIAN_POINT('',(-0.00413490116912995,-0.027481857589778,-0.0509568370365885));
#4981=CARTESIAN_POINT('',(3.14312700866459E-10,-0.0381,0.0996348932385445));
#4982=CARTESIAN_POINT('',(-0.0130709409713746,-0.0239759651780128,0.145288));
#4983=CARTESIAN_POINT('',(-0.0130709409713746,-0.02346198,0.122084591458321));
#4984=CARTESIAN_POINT('',(-0.0144075183197856,-0.02346198,0.134276591458321));
#4985=CARTESIAN_POINT('',(-0.0157440956681967,-0.02346198,0.134276591458321));
#4986=CARTESIAN_POINT('',(-0.0157440956681967,-0.02346198,0.134276591458321));
#4987=CARTESIAN_POINT('',(-0.0144075183197856,-0.02346198,0.134276591458321));
#4988=CARTESIAN_POINT('',(-0.0130709409713746,-0.02346198,0.134276591458321));
#4989=CARTESIAN_POINT('',(-0.0157440956681967,-0.02346198,0.128180591458321));
#4990=CARTESIAN_POINT('',(-0.0157440956681967,-0.02346198,0.122084591458321));
#4991=CARTESIAN_POINT('',(-0.0157440956681967,-0.02346198,0.122084591458321));
#4992=CARTESIAN_POINT('',(-0.0157440956681967,-0.02346198,0.128180591458321));
#4993=CARTESIAN_POINT('',(-0.0130709409713746,-0.02346198,0.145288));
#4994=CARTESIAN_POINT('',(-0.0130709409713746,-0.02346198,0.145288));
#4995=CARTESIAN_POINT('',(-0.0130709409713746,-0.0381,0.125111401081085));
#4996=CARTESIAN_POINT('',(-0.0130709409713746,-0.0381,0.131736591458321));
#4997=CARTESIAN_POINT('',(-0.0144075183197856,-0.02346198,0.122084591458321));
#4998=CARTESIAN_POINT('',(-0.0144075183197856,-0.02346198,0.122084591458321));
#4999=CARTESIAN_POINT('',(3.14312692192842E-10,-0.0381,0.125111401081085));
#5000=CARTESIAN_POINT('',(0.0130709415999999,-0.0381,0.125111401081085));
#5001=CARTESIAN_POINT('',(0.0130709415999999,-0.0180838299751282,0.122084591458321));
#5002=CARTESIAN_POINT('',(0.0130709415999999,-0.0180838299751282,0.131736591458321));
#5003=CARTESIAN_POINT('',(3.14312692192842E-10,-0.0381,0.131736591458321));
#5004=CARTESIAN_POINT('',(0.000123922965901635,-0.02346198,0.13368629572916));
#5005=CARTESIAN_POINT('',(-0.0130709409713746,-0.0239759651780128,0.145288));
#5006=CARTESIAN_POINT('',(-0.0130709409713746,-0.0239759651780128,0.145288));
#5007=CARTESIAN_POINT('',(3.14312686109745E-10,-0.0239759651780128,0.145288));
#5008=CARTESIAN_POINT('',(0.0130709415999999,-0.0239759651780128,0.145288));
#5009=CARTESIAN_POINT('',(0.0130709415999999,-0.0239759651780128,0.145288));
#5010=CARTESIAN_POINT('',(0.0130709415999999,-0.0180838299751282,0.134276591458321));
#5011=CARTESIAN_POINT('',(0.0159919415999999,-0.0180838299751282,0.134276591458321));
#5012=CARTESIAN_POINT('',(0.0159919415999999,-0.0180838299751282,0.134276591458321));
#5013=CARTESIAN_POINT('',(0.0159919415999999,-0.0381,0.122084591458321));
#5014=CARTESIAN_POINT('',(0.0159919415999999,-0.0381,0.122084591458321));
#5015=CARTESIAN_POINT('',(0.00146050031431269,-0.0180838299751282,0.122084591458321));
#5016=CARTESIAN_POINT('',(0.0130709415999999,-0.0180838299751282,0.122084591458321));
#5017=CARTESIAN_POINT('',(0.0130709415999999,-0.0239759651780128,0.145288));
#5018=CARTESIAN_POINT('',(3.14312700866459E-10,-0.0381,0.105865798890591));
#5019=CARTESIAN_POINT('',(0.,0.,0.));
#5020=CARTESIAN_POINT('',(3.14312690458119E-10,-0.134686377477646,0.0997050584));
#5021=CARTESIAN_POINT('',(3.14312690458119E-10,-0.134686377477646,0.1251050584));
#5022=CARTESIAN_POINT('',(-0.0130709409713746,-0.134686377477646,0.1251050584));
#5023=CARTESIAN_POINT('',(0.0130709415999999,-0.134686377477646,0.1251050584));
#5024=CARTESIAN_POINT('',(-0.0130709409713746,-0.134686377477646,0.0997050584));
#5025=CARTESIAN_POINT('',(-0.0130709409713746,-0.134686377477646,0.0997050584));
#5026=CARTESIAN_POINT('',(3.14312690458119E-10,-0.134686377477646,0.0997050584));
#5027=CARTESIAN_POINT('',(0.0130709415999999,-0.134686377477646,0.0997050584));
#5028=CARTESIAN_POINT('',(0.0130709415999999,-0.134686377477646,0.0997050584));
#5029=CARTESIAN_POINT('',(-0.0130709409713746,-0.104620659950256,0.0997050584));
#5030=CARTESIAN_POINT('',(-0.0130709409713746,-0.0760456599502564,0.1251050584));
#5031=CARTESIAN_POINT('',(-0.0130709409713746,-0.240637659950257,0.1251050584));
#5032=CARTESIAN_POINT('',(-0.0130709409713746,-0.240637659950257,0.138176));
#5033=CARTESIAN_POINT('',(-0.0130709409713746,-0.240637659950257,0.138176));
#5034=CARTESIAN_POINT('',(-0.0130709409713746,-0.240637659950257,0.138176));
#5035=CARTESIAN_POINT('',(-0.0130709409713746,-0.126337659950256,0.138176));
#5036=CARTESIAN_POINT('',(-0.0130709409713746,-0.126337659950256,0.138176));
#5037=CARTESIAN_POINT('',(-0.0130709409713746,-0.126337659950256,0.1316405292));
#5038=CARTESIAN_POINT('',(-0.0130709409713746,-0.0760456599502564,0.1316405292));
#5039=CARTESIAN_POINT('',(-0.0130709409713746,-0.0760456599502564,0.1316405292));
#5040=CARTESIAN_POINT('',(-0.0130709409713746,-0.0760456599502564,0.138176));
#5041=CARTESIAN_POINT('',(-0.0130709409713746,-0.0760456599502564,0.1251050584));
#5042=CARTESIAN_POINT('',(-0.0130709409713746,-0.0760456599502564,0.1251050584));
#5043=CARTESIAN_POINT('',(-0.0130709409713746,-0.126655202937126,0.1251050584));
#5044=CARTESIAN_POINT('',(-0.0130709409713746,-0.126655202937126,0.0997050584));
#5045=CARTESIAN_POINT('',(-0.0130709409713746,-0.126655202937126,0.105871711262452));
#5046=CARTESIAN_POINT('',(-0.0130709409713746,-0.0761092029371261,0.105871711262452));
#5047=CARTESIAN_POINT('',(-0.0130709409713746,-0.0761092029371261,0.105871711262452));
#5048=CARTESIAN_POINT('',(-0.0130709409713746,-0.0761092029371261,0.0997050584));
#5049=CARTESIAN_POINT('',(-0.0130709409713746,-0.0761092029371261,0.0997050584));
#5050=CARTESIAN_POINT('',(-0.0130709409713746,-0.104620659950256,0.0997050584));
#5051=CARTESIAN_POINT('',(3.14312690458119E-10,-0.126655202937126,0.0997050584));
#5052=CARTESIAN_POINT('',(0.0130709415999999,-0.126655202937126,0.0997050584));
#5053=CARTESIAN_POINT('',(0.0130709415999999,-0.126655202937126,0.105871711262452));
#5054=CARTESIAN_POINT('',(0.0130709415999999,-0.126655202937126,0.1251050584));
#5055=CARTESIAN_POINT('',(3.14312690458119E-10,-0.126655202937126,0.105871711262452));
#5056=CARTESIAN_POINT('',(3.14312690458119E-10,-0.126655202937126,0.1251050584));
#5057=CARTESIAN_POINT('',(0.0130709415999999,-0.104620659950256,0.0997050584));
#5058=CARTESIAN_POINT('',(0.0130709415999999,-0.104620659950256,0.0997050584));
#5059=CARTESIAN_POINT('',(0.0130709415999999,-0.0761092029371261,0.0997050584));
#5060=CARTESIAN_POINT('',(0.0130709415999999,-0.0761092029371261,0.0997050584));
#5061=CARTESIAN_POINT('',(0.0130709415999999,-0.0761092029371261,0.105871711262452));
#5062=CARTESIAN_POINT('',(0.0130709415999999,-0.0761092029371261,0.105871711262452));
#5063=CARTESIAN_POINT('',(0.0130709415999999,-0.0760456599502564,0.1251050584));
#5064=CARTESIAN_POINT('',(0.0130709415999999,-0.0760456599502564,0.1251050584));
#5065=CARTESIAN_POINT('',(0.0130709416,-0.0760456599502564,0.0676874443519563));
#5066=CARTESIAN_POINT('',(0.0130709415999999,-0.0760456599502564,0.1316405292));
#5067=CARTESIAN_POINT('',(0.0130709415999999,-0.0760456599502564,0.1316405292));
#5068=CARTESIAN_POINT('',(0.0130709415999999,-0.126337659950256,0.1316405292));
#5069=CARTESIAN_POINT('',(0.0130709416,-0.126337659950256,0.0676874443519563));
#5070=CARTESIAN_POINT('',(0.0130709415999999,-0.126337659950256,0.138176));
#5071=CARTESIAN_POINT('',(0.0130709415999999,-0.240637659950257,0.138176));
#5072=CARTESIAN_POINT('',(0.0130709415999999,-0.240637659950257,0.138176));
#5073=CARTESIAN_POINT('',(0.0130709416,-0.240637659950257,0.0676874443519563));
#5074=CARTESIAN_POINT('',(0.0130709415999999,-0.240637659950257,0.1251050584));
#5075=CARTESIAN_POINT('',(0.0130709415999999,-0.0760456599502564,0.1251050584));
#5076=CARTESIAN_POINT('',(3.14312690458119E-10,-0.186916659950256,0.0997050584));
#5077=CARTESIAN_POINT('',(3.14312690458119E-10,-0.0761092029371261,0.0997050584));
#5078=CARTESIAN_POINT('',(3.14312686988671E-10,-0.0760456599502564,0.1251050584));
#5079=CARTESIAN_POINT('',(3.14312686988671E-10,-0.0760456599502564,0.1251050584));
#5080=CARTESIAN_POINT('',(3.14312688723395E-10,-0.0760456599502564,0.1316405292));
#5081=CARTESIAN_POINT('',(3.14312688723395E-10,-0.126337659950256,0.1316405292));
#5082=CARTESIAN_POINT('',(3.14312688723395E-10,-0.0760456599502564,0.1316405292));
#5083=CARTESIAN_POINT('',(3.14312686988671E-10,-0.0760456599502564,0.1251050584));
#5084=CARTESIAN_POINT('',(3.14312686988671E-10,-0.240637659950257,0.1251050584));
#5085=CARTESIAN_POINT('',(3.14312686988671E-10,-0.0760456599502564,0.1316405292));
#5086=CARTESIAN_POINT('',(3.143127112748E-10,-0.126337659950256,0.0676874443519563));
#5087=CARTESIAN_POINT('',(-0.0329030584,-0.126337659950256,0.138176));
#5088=CARTESIAN_POINT('',(3.143127112748E-10,-0.240637659950257,0.0676874443519563));
#5089=CARTESIAN_POINT('',(-0.0329030584,-0.240637659950257,0.138176));
#5090=CARTESIAN_POINT('',(-0.0116281202062964,-0.240637659950257,0.131609384108067));
#5091=CARTESIAN_POINT('',(-0.0116281202062964,-0.240637659950257,0.136842038619995));
#5092=CARTESIAN_POINT('',(-0.0116281202062964,-0.240637659950257,0.126376729596138));
#5093=CARTESIAN_POINT('',(0.000105710234493017,-0.240637659950257,0.136842038619995));
#5094=CARTESIAN_POINT('',(0.0118395406752825,-0.240637659950257,0.136842038619995));
#5095=CARTESIAN_POINT('',(0.0118395406752825,-0.240637659950257,0.131609384108067));
#5096=CARTESIAN_POINT('',(0.0118395406752825,-0.240637659950257,0.126376729596138));
#5097=CARTESIAN_POINT('',(0.000105710234493017,-0.240637659950257,0.126376729596138));
#5098=CARTESIAN_POINT('',(-0.0329030584,-0.240637659950257,0.138176));
#5099=CARTESIAN_POINT('',(0.000105710234493017,-0.260703659950256,0.136842038619995));
#5100=CARTESIAN_POINT('',(0.,-0.250670659950257,0.136842038619995));
#5101=CARTESIAN_POINT('',(0.00694043248523882,-0.250670659950257,0.136842038619995));
#5102=CARTESIAN_POINT('',(-0.0116281202062964,-0.260703659950256,0.136842038619995));
#5103=CARTESIAN_POINT('',(-0.0116281202062964,-0.260703659950256,0.136842038619995));
#5104=CARTESIAN_POINT('',(0.000105710234493017,-0.260703659950256,0.136842038619995));
#5105=CARTESIAN_POINT('',(0.0118395406752825,-0.260703659950256,0.136842038619995));
#5106=CARTESIAN_POINT('',(0.0118395406752825,-0.260703659950256,0.136842038619995));
#5107=CARTESIAN_POINT('',(-0.0116281202062964,-0.260703659950256,0.131609384108067));
#5108=CARTESIAN_POINT('',(-0.0116281202062964,-0.260703659950256,0.126376729596138));
#5109=CARTESIAN_POINT('',(-0.0116281202062964,-0.260703659950256,0.126376729596138));
#5110=CARTESIAN_POINT('',(-0.0116281202062964,-0.260703659950256,0.131609384108067));
#5111=CARTESIAN_POINT('',(0.000105710234493017,-0.260703659950256,0.126376729596138));
#5112=CARTESIAN_POINT('',(0.,-0.250670659950257,0.126376729596138));
#5113=CARTESIAN_POINT('',(0.00694043248523882,-0.250670659950257,0.126376729596138));
#5114=CARTESIAN_POINT('',(0.0118395406752825,-0.260703659950256,0.126376729596138));
#5115=CARTESIAN_POINT('',(0.0118395406752825,-0.260703659950256,0.126376729596138));
#5116=CARTESIAN_POINT('',(0.000105710234493017,-0.260703659950256,0.126376729596138));
#5117=CARTESIAN_POINT('',(0.0118395406752825,-0.260703659950256,0.131609384108067));
#5118=CARTESIAN_POINT('',(0.0118395406752825,-0.260703659950256,0.131609384108067));
#5119=CARTESIAN_POINT('',(3.14312686988671E-10,-0.260703659950256,0.1316405292));
#5120=CARTESIAN_POINT('',(0.,-0.250670659950257,0.111442038619995));
#5121=CARTESIAN_POINT('',(3.14312690458119E-10,-0.0761092029371261,0.105871711262452));
#5122=CARTESIAN_POINT('',(3.14312690458119E-10,-0.0761092029371261,0.105871711262452));
#5123=CARTESIAN_POINT('',(3.14312690458119E-10,-0.0761092029371261,0.1124050584));
#5124=MECHANICAL_DESIGN_GEOMETRIC_PRESENTATION_REPRESENTATION('',(#2113),
#5126);
#5125=MECHANICAL_DESIGN_GEOMETRIC_PRESENTATION_REPRESENTATION('',(#2114),
#5127);
#5126=(
GEOMETRIC_REPRESENTATION_CONTEXT(3)
GLOBAL_UNCERTAINTY_ASSIGNED_CONTEXT((#5128))
GLOBAL_UNIT_ASSIGNED_CONTEXT((#5134,#5132,#5130))
REPRESENTATION_CONTEXT('Base/Clamp','TOP_LEVEL_ASSEMBLY_PART')
);
#5127=(
GEOMETRIC_REPRESENTATION_CONTEXT(3)
GLOBAL_UNCERTAINTY_ASSIGNED_CONTEXT((#5129))
GLOBAL_UNIT_ASSIGNED_CONTEXT((#5135,#5133,#5131))
REPRESENTATION_CONTEXT('Top Extension/Pen hole',
'TOP_LEVEL_ASSEMBLY_PART')
);
#5128=UNCERTAINTY_MEASURE_WITH_UNIT(LENGTH_MEASURE(2.61799502563505E-5),
#5134,'DISTANCE_ACCURACY_VALUE','Maximum Tolerance applied to model');
#5129=UNCERTAINTY_MEASURE_WITH_UNIT(LENGTH_MEASURE(1.E-8),#5135,
'DISTANCE_ACCURACY_VALUE','Maximum Tolerance applied to model');
#5130=(
NAMED_UNIT(*)
SI_UNIT($,.STERADIAN.)
SOLID_ANGLE_UNIT()
);
#5131=(
NAMED_UNIT(*)
SI_UNIT($,.STERADIAN.)
SOLID_ANGLE_UNIT()
);
#5132=(
NAMED_UNIT(*)
PLANE_ANGLE_UNIT()
SI_UNIT($,.RADIAN.)
);
#5133=(
NAMED_UNIT(*)
PLANE_ANGLE_UNIT()
SI_UNIT($,.RADIAN.)
);
#5134=(
LENGTH_UNIT()
NAMED_UNIT(*)
SI_UNIT($,.METRE.)
);
#5135=(
LENGTH_UNIT()
NAMED_UNIT(*)
SI_UNIT($,.METRE.)
);
#5136=PRODUCT_DEFINITION_SHAPE('','',#5138);
#5137=PRODUCT_DEFINITION_SHAPE('','',#5139);
#5138=PRODUCT_DEFINITION('','',#5142,#5140);
#5139=PRODUCT_DEFINITION('','',#5143,#5141);
#5140=PRODUCT_DEFINITION_CONTEXT('',#5154,'design');
#5141=PRODUCT_DEFINITION_CONTEXT('',#5155,'design');
#5142=PRODUCT_DEFINITION_FORMATION_WITH_SPECIFIED_SOURCE('','',#5146,
 .NOT_KNOWN.);
#5143=PRODUCT_DEFINITION_FORMATION_WITH_SPECIFIED_SOURCE('','',#5147,
 .NOT_KNOWN.);
#5144=PRODUCT_RELATED_PRODUCT_CATEGORY('','',(#5146));
#5145=PRODUCT_RELATED_PRODUCT_CATEGORY('','',(#5147));
#5146=PRODUCT('Base/Clamp','Base/Clamp','Base/Clamp',(#5150));
#5147=PRODUCT('Top Extension/Pen hole','Top Extension/Pen hole',
'Top Extension/Pen hole',(#5151));
#5148=PRODUCT_CATEGORY('','');
#5149=PRODUCT_CATEGORY('','');
#5150=PRODUCT_CONTEXT('',#5154,'mechanical');
#5151=PRODUCT_CONTEXT('',#5155,'mechanical');
#5152=APPLICATION_PROTOCOL_DEFINITION('international standard',
'ap242_managed_model_based_3d_engineering',2020,#5154);
#5153=APPLICATION_PROTOCOL_DEFINITION('international standard',
'ap242_managed_model_based_3d_engineering',2020,#5155);
#5154=APPLICATION_CONTEXT('managed model based 3d engineering');
#5155=APPLICATION_CONTEXT('managed model based 3d engineering');
ENDSEC;
END-ISO-10303-21;
