ISO-10303-21;
HEADER;
/* Generated by software containing ST-Developer
 * from STEP Tools, Inc. (www.steptools.com) 
 */
/* OPTION: using custom renumber hook */

FILE_DESCRIPTION(
/* description */ ('STEP AP242 Edition 2',
'CAx-IF Rec.Pracs.---Representation and Presentation of Product Manufa
cturing Information (PMI)---4.0---2014-10-13',
'CAx-IF Rec.Pracs.---3D Tessellated Geometry---0.4---2014-09-14','2;1',
'CAx-IF Rec.Pracs.---User Defined Attributes---1.5---2016-08-15'),
/* implementation_level */ '2;1');

FILE_NAME(
/* name */ 'Main',
/* time_stamp */ '2026-09-26T15:25:27Z',
/* author */ (''),
/* organization */ (''),
/* preprocessor_version */ 'ST-DEVELOPER v20',
/* originating_system */ 'ONSHAPE BY PTC INC, 1.221',
/* authorisation */ '  ');

FILE_SCHEMA (('AP242_MANAGED_MODEL_BASED_3D_ENGINEERING_MIM_LF { 1 0 10303 442 3 1 4 }'));
ENDSEC;

DATA;
#10=(
BOUNDED_SURFACE()
B_SPLINE_SURFACE(1,2,((#3706,#3707,#3708,#3709,#3710,#3711,#3712,#3713,
#3714,#3715,#3716,#3717,#3718),(#3719,#3720,#3721,#3722,#3723,#3724,#3725,
#3726,#3727,#3728,#3729,#3730,#3731)),.UNSPECIFIED.,.F.,.F.,.F.)
B_SPLINE_SURFACE_WITH_KNOTS((2,2),(3,2,2,2,2,2,3),(0.0094819957260786,1.),
(0.133139884633532,0.25,0.375,0.5,0.625,0.75,0.774782893492728),
 .PIECEWISE_BEZIER_KNOTS.)
GEOMETRIC_REPRESENTATION_ITEM()
RATIONAL_B_SPLINE_SURFACE(((0.995851225184022,0.968144705032987,1.,0.965925826289068,
1.,0.965925826289068,1.,0.965925826289068,1.,0.965925826289068,1.,0.993244347056554,
0.989167488151048),(0.995851225184022,0.968144705032987,1.,0.965925826289068,
1.,0.965925826289068,1.,0.965925826289068,1.,0.965925826289068,1.,0.993244347056554,
0.989167488151048)))
REPRESENTATION_ITEM('')
SURFACE()
);
#11=(
BOUNDED_SURFACE()
B_SPLINE_SURFACE(3,2,((#3749,#3750,#3751,#3752,#3753,#3754,#3755,#3756,
#3757,#3758,#3759,#3760,#3761),(#3762,#3763,#3764,#3765,#3766,#3767,#3768,
#3769,#3770,#3771,#3772,#3773,#3774),(#3775,#3776,#3777,#3778,#3779,#3780,
#3781,#3782,#3783,#3784,#3785,#3786,#3787),(#3788,#3789,#3790,#3791,#3792,
#3793,#3794,#3795,#3796,#3797,#3798,#3799,#3800)),.UNSPECIFIED.,.F.,.F.,
 .F.)
B_SPLINE_SURFACE_WITH_KNOTS((4,4),(3,2,2,2,2,2,3),(0.,1.),(0.175737888327354,
0.25,0.375,0.5,0.625,0.75,0.818810953101626),.PIECEWISE_BEZIER_KNOTS.)
GEOMETRIC_REPRESENTATION_ITEM()
RATIONAL_B_SPLINE_SURFACE(((0.983566313969428,0.979756639253805,1.,0.965925826289068,
1.,0.965925826289068,1.,0.965925826289068,1.,0.965925826289068,1.,0.981242589046403,
0.98313662329978),(0.637574748224728,0.635105212248218,0.648227515694022,
0.626139698720058,0.648227515694022,0.626139698720058,0.648227515694022,
0.626139698720058,0.648227515694022,0.626139698720058,0.648227515694022,
0.63606844579072,0.637296210909426),(0.637574748224728,0.635105212248218,
0.648227515694022,0.626139698720058,0.648227515694022,0.626139698720058,
0.648227515694022,0.626139698720058,0.648227515694022,0.626139698720058,
0.648227515694022,0.63606844579072,0.637296210909426),(0.983566313969428,
0.979756639253805,1.,0.965925826289068,1.,0.965925826289068,1.,0.965925826289068,
1.,0.965925826289068,1.,0.981242589046403,0.98313662329978)))
REPRESENTATION_ITEM('')
SURFACE()
);
#12=(
BOUNDED_SURFACE()
B_SPLINE_SURFACE(1,2,((#3818,#3819,#3820,#3821,#3822,#3823,#3824,#3825,
#3826,#3827,#3828,#3829,#3830),(#3831,#3832,#3833,#3834,#3835,#3836,#3837,
#3838,#3839,#3840,#3841,#3842,#3843)),.UNSPECIFIED.,.F.,.F.,.F.)
B_SPLINE_SURFACE_WITH_KNOTS((2,2),(3,2,2,2,2,2,3),(0.,0.990518004273911),
(0.21965843193652,0.25,0.375,0.5,0.625,0.75,0.861242970601891),
 .PIECEWISE_BEZIER_KNOTS.)
GEOMETRIC_REPRESENTATION_ITEM()
RATIONAL_B_SPLINE_SURFACE(((0.987473416716215,0.991729089113143,1.,0.965925826289068,
1.,0.965925826289068,1.,0.965925826289068,1.,0.965925826289068,1.,0.969675901564728,
0.993325287781677),(0.987473416716215,0.991729089113143,1.,0.965925826289068,
1.,0.965925826289068,1.,0.965925826289068,1.,0.965925826289068,1.,0.969675901564728,
0.993325287781677)))
REPRESENTATION_ITEM('')
SURFACE()
);
#13=(
BOUNDED_SURFACE()
B_SPLINE_SURFACE(1,2,((#3844,#3845,#3846,#3847,#3848,#3849,#3850,#3851,
#3852,#3853,#3854,#3855,#3856),(#3857,#3858,#3859,#3860,#3861,#3862,#3863,
#3864,#3865,#3866,#3867,#3868,#3869)),.UNSPECIFIED.,.F.,.F.,.F.)
B_SPLINE_SURFACE_WITH_KNOTS((2,2),(3,2,2,2,2,2,3),(0.00948199572608902,
1.),(0.133139884633531,0.25,0.375,0.5,0.625,0.75,0.774782893492728),
 .PIECEWISE_BEZIER_KNOTS.)
GEOMETRIC_REPRESENTATION_ITEM()
RATIONAL_B_SPLINE_SURFACE(((0.995851225184023,0.968144705032987,1.,0.965925826289068,
1.,0.965925826289068,1.,0.965925826289068,1.,0.965925826289068,1.,0.993244347056554,
0.989167488151048),(0.995851225184023,0.968144705032987,1.,0.965925826289068,
1.,0.965925826289068,1.,0.965925826289068,1.,0.965925826289068,1.,0.993244347056554,
0.989167488151048)))
REPRESENTATION_ITEM('')
SURFACE()
);
#14=(
BOUNDED_SURFACE()
B_SPLINE_SURFACE(3,2,((#3887,#3888,#3889,#3890,#3891,#3892,#3893,#3894,
#3895,#3896,#3897,#3898,#3899),(#3900,#3901,#3902,#3903,#3904,#3905,#3906,
#3907,#3908,#3909,#3910,#3911,#3912),(#3913,#3914,#3915,#3916,#3917,#3918,
#3919,#3920,#3921,#3922,#3923,#3924,#3925),(#3926,#3927,#3928,#3929,#3930,
#3931,#3932,#3933,#3934,#3935,#3936,#3937,#3938)),.UNSPECIFIED.,.F.,.F.,
 .F.)
B_SPLINE_SURFACE_WITH_KNOTS((4,4),(3,2,2,2,2,2,3),(0.,1.),(0.175737888327356,
0.25,0.375,0.5,0.625,0.75,0.818810953101626),.PIECEWISE_BEZIER_KNOTS.)
GEOMETRIC_REPRESENTATION_ITEM()
RATIONAL_B_SPLINE_SURFACE(((0.983566313969427,0.979756639253805,1.,0.965925826289068,
1.,0.965925826289068,1.,0.965925826289068,1.,0.965925826289068,1.,0.981242589046403,
0.98313662329978),(0.637574748224728,0.635105212248218,0.648227515694022,
0.626139698720058,0.648227515694022,0.626139698720058,0.648227515694022,
0.626139698720058,0.648227515694022,0.626139698720058,0.648227515694022,
0.63606844579072,0.637296210909426),(0.637574748224728,0.635105212248218,
0.648227515694022,0.626139698720058,0.648227515694022,0.626139698720058,
0.648227515694022,0.626139698720058,0.648227515694022,0.626139698720058,
0.648227515694022,0.63606844579072,0.637296210909426),(0.983566313969427,
0.979756639253805,1.,0.965925826289068,1.,0.965925826289068,1.,0.965925826289068,
1.,0.965925826289068,1.,0.981242589046403,0.98313662329978)))
REPRESENTATION_ITEM('')
SURFACE()
);
#15=(
BOUNDED_SURFACE()
B_SPLINE_SURFACE(1,2,((#3956,#3957,#3958,#3959,#3960,#3961,#3962,#3963,
#3964,#3965,#3966,#3967,#3968),(#3969,#3970,#3971,#3972,#3973,#3974,#3975,
#3976,#3977,#3978,#3979,#3980,#3981)),.UNSPECIFIED.,.F.,.F.,.F.)
B_SPLINE_SURFACE_WITH_KNOTS((2,2),(3,2,2,2,2,2,3),(0.,0.990518004273938),
(0.21965843193652,0.25,0.375,0.5,0.625,0.75,0.861242970601917),
 .PIECEWISE_BEZIER_KNOTS.)
GEOMETRIC_REPRESENTATION_ITEM()
RATIONAL_B_SPLINE_SURFACE(((0.987473416716215,0.991729089113143,1.,0.965925826289068,
1.,0.965925826289068,1.,0.965925826289068,1.,0.965925826289068,1.,0.969675901564721,
0.993325287781688),(0.987473416716215,0.991729089113143,1.,0.965925826289068,
1.,0.965925826289068,1.,0.965925826289068,1.,0.965925826289068,1.,0.969675901564721,
0.993325287781688)))
REPRESENTATION_ITEM('')
SURFACE()
);
#16=(
BOUNDED_SURFACE()
B_SPLINE_SURFACE(1,2,((#3982,#3983,#3984,#3985,#3986,#3987,#3988,#3989,
#3990,#3991,#3992,#3993,#3994),(#3995,#3996,#3997,#3998,#3999,#4000,#4001,
#4002,#4003,#4004,#4005,#4006,#4007)),.UNSPECIFIED.,.F.,.F.,.F.)
B_SPLINE_SURFACE_WITH_KNOTS((2,2),(3,2,2,2,2,2,3),(0.00948199572606645,
1.),(0.133139884633532,0.25,0.375,0.5,0.625,0.75,0.774782893492728),
 .PIECEWISE_BEZIER_KNOTS.)
GEOMETRIC_REPRESENTATION_ITEM()
RATIONAL_B_SPLINE_SURFACE(((0.995851225184022,0.968144705032987,1.,0.965925826289068,
1.,0.965925826289068,1.,0.965925826289068,1.,0.965925826289068,1.,0.993244347056554,
0.989167488151048),(0.995851225184022,0.968144705032987,1.,0.965925826289068,
1.,0.965925826289068,1.,0.965925826289068,1.,0.965925826289068,1.,0.993244347056554,
0.989167488151048)))
REPRESENTATION_ITEM('')
SURFACE()
);
#17=(
BOUNDED_SURFACE()
B_SPLINE_SURFACE(3,2,((#4025,#4026,#4027,#4028,#4029,#4030,#4031,#4032,
#4033,#4034,#4035,#4036,#4037),(#4038,#4039,#4040,#4041,#4042,#4043,#4044,
#4045,#4046,#4047,#4048,#4049,#4050),(#4051,#4052,#4053,#4054,#4055,#4056,
#4057,#4058,#4059,#4060,#4061,#4062,#4063),(#4064,#4065,#4066,#4067,#4068,
#4069,#4070,#4071,#4072,#4073,#4074,#4075,#4076)),.UNSPECIFIED.,.F.,.F.,
 .F.)
B_SPLINE_SURFACE_WITH_KNOTS((4,4),(3,2,2,2,2,2,3),(0.,1.),(0.175737888327354,
0.25,0.375,0.5,0.625,0.75,0.818810953101626),.PIECEWISE_BEZIER_KNOTS.)
GEOMETRIC_REPRESENTATION_ITEM()
RATIONAL_B_SPLINE_SURFACE(((0.983566313969428,0.979756639253805,1.,0.965925826289068,
1.,0.965925826289068,1.,0.965925826289068,1.,0.965925826289068,1.,0.981242589046403,
0.98313662329978),(0.637574748224728,0.635105212248218,0.648227515694022,
0.626139698720058,0.648227515694022,0.626139698720058,0.648227515694022,
0.626139698720058,0.648227515694022,0.626139698720058,0.648227515694022,
0.63606844579072,0.637296210909426),(0.637574748224728,0.635105212248218,
0.648227515694022,0.626139698720058,0.648227515694022,0.626139698720058,
0.648227515694022,0.626139698720058,0.648227515694022,0.626139698720058,
0.648227515694022,0.63606844579072,0.637296210909426),(0.983566313969428,
0.979756639253805,1.,0.965925826289068,1.,0.965925826289068,1.,0.965925826289068,
1.,0.965925826289068,1.,0.981242589046403,0.98313662329978)))
REPRESENTATION_ITEM('')
SURFACE()
);
#18=(
BOUNDED_SURFACE()
B_SPLINE_SURFACE(1,2,((#4094,#4095,#4096,#4097,#4098,#4099,#4100,#4101,
#4102,#4103,#4104,#4105,#4106),(#4107,#4108,#4109,#4110,#4111,#4112,#4113,
#4114,#4115,#4116,#4117,#4118,#4119)),.UNSPECIFIED.,.F.,.F.,.F.)
B_SPLINE_SURFACE_WITH_KNOTS((2,2),(3,2,2,2,2,2,3),(0.,0.990518004273899),
(0.219658431936523,0.25,0.375,0.5,0.625,0.75,0.86124297060189),
 .PIECEWISE_BEZIER_KNOTS.)
GEOMETRIC_REPRESENTATION_ITEM()
RATIONAL_B_SPLINE_SURFACE(((0.987473416716216,0.991729089113144,1.,0.965925826289068,
1.,0.965925826289068,1.,0.965925826289068,1.,0.965925826289068,1.,0.969675901564729,
0.993325287781677),(0.987473416716216,0.991729089113144,1.,0.965925826289068,
1.,0.965925826289068,1.,0.965925826289068,1.,0.965925826289068,1.,0.969675901564729,
0.993325287781677)))
REPRESENTATION_ITEM('')
SURFACE()
);
#19=(
BOUNDED_SURFACE()
B_SPLINE_SURFACE(1,2,((#4120,#4121,#4122,#4123,#4124,#4125,#4126,#4127,
#4128,#4129,#4130,#4131,#4132),(#4133,#4134,#4135,#4136,#4137,#4138,#4139,
#4140,#4141,#4142,#4143,#4144,#4145)),.UNSPECIFIED.,.F.,.F.,.F.)
B_SPLINE_SURFACE_WITH_KNOTS((2,2),(3,2,2,2,2,2,3),(0.00948199572606496,
1.),(0.133139884633532,0.25,0.375,0.5,0.625,0.75,0.774782893492728),
 .PIECEWISE_BEZIER_KNOTS.)
GEOMETRIC_REPRESENTATION_ITEM()
RATIONAL_B_SPLINE_SURFACE(((0.995851225184022,0.968144705032987,1.,0.965925826289068,
1.,0.965925826289068,1.,0.965925826289068,1.,0.965925826289068,1.,0.993244347056554,
0.989167488151048),(0.995851225184022,0.968144705032987,1.,0.965925826289068,
1.,0.965925826289068,1.,0.965925826289068,1.,0.965925826289068,1.,0.993244347056554,
0.989167488151048)))
REPRESENTATION_ITEM('')
SURFACE()
);
#20=(
BOUNDED_SURFACE()
B_SPLINE_SURFACE(3,2,((#4163,#4164,#4165,#4166,#4167,#4168,#4169,#4170,
#4171,#4172,#4173,#4174,#4175),(#4176,#4177,#4178,#4179,#4180,#4181,#4182,
#4183,#4184,#4185,#4186,#4187,#4188),(#4189,#4190,#4191,#4192,#4193,#4194,
#4195,#4196,#4197,#4198,#4199,#4200,#4201),(#4202,#4203,#4204,#4205,#4206,
#4207,#4208,#4209,#4210,#4211,#4212,#4213,#4214)),.UNSPECIFIED.,.F.,.F.,
 .F.)
B_SPLINE_SURFACE_WITH_KNOTS((4,4),(3,2,2,2,2,2,3),(0.,1.),(0.175737888327356,
0.25,0.375,0.5,0.625,0.75,0.818810953101626),.PIECEWISE_BEZIER_KNOTS.)
GEOMETRIC_REPRESENTATION_ITEM()
RATIONAL_B_SPLINE_SURFACE(((0.983566313969427,0.979756639253806,1.,0.965925826289068,
1.,0.965925826289068,1.,0.965925826289068,1.,0.965925826289068,1.,0.981242589046403,
0.98313662329978),(0.637574748224728,0.635105212248219,0.648227515694022,
0.626139698720058,0.648227515694022,0.626139698720058,0.648227515694022,
0.626139698720058,0.648227515694022,0.626139698720058,0.648227515694022,
0.63606844579072,0.637296210909426),(0.637574748224728,0.635105212248219,
0.648227515694022,0.626139698720058,0.648227515694022,0.626139698720058,
0.648227515694022,0.626139698720058,0.648227515694022,0.626139698720058,
0.648227515694022,0.63606844579072,0.637296210909426),(0.983566313969427,
0.979756639253806,1.,0.965925826289068,1.,0.965925826289068,1.,0.965925826289068,
1.,0.965925826289068,1.,0.981242589046403,0.98313662329978)))
REPRESENTATION_ITEM('')
SURFACE()
);
#21=(
BOUNDED_SURFACE()
B_SPLINE_SURFACE(1,2,((#4232,#4233,#4234,#4235,#4236,#4237,#4238,#4239,
#4240,#4241,#4242,#4243,#4244),(#4245,#4246,#4247,#4248,#4249,#4250,#4251,
#4252,#4253,#4254,#4255,#4256,#4257)),.UNSPECIFIED.,.F.,.F.,.F.)
B_SPLINE_SURFACE_WITH_KNOTS((2,2),(3,2,2,2,2,2,3),(0.,0.990518004273925),
(0.219658431936521,0.25,0.375,0.5,0.625,0.75,0.861242970601915),
 .PIECEWISE_BEZIER_KNOTS.)
GEOMETRIC_REPRESENTATION_ITEM()
RATIONAL_B_SPLINE_SURFACE(((0.987473416716216,0.991729089113144,1.,0.965925826289068,
1.,0.965925826289068,1.,0.965925826289068,1.,0.965925826289068,1.,0.969675901564722,
0.993325287781687),(0.987473416716216,0.991729089113144,1.,0.965925826289068,
1.,0.965925826289068,1.,0.965925826289068,1.,0.965925826289068,1.,0.969675901564722,
0.993325287781687)))
REPRESENTATION_ITEM('')
SURFACE()
);
#22=(
BOUNDED_SURFACE()
B_SPLINE_SURFACE(1,2,((#4258,#4259,#4260,#4261,#4262,#4263,#4264,#4265,
#4266,#4267,#4268,#4269,#4270),(#4271,#4272,#4273,#4274,#4275,#4276,#4277,
#4278,#4279,#4280,#4281,#4282,#4283)),.UNSPECIFIED.,.F.,.F.,.F.)
B_SPLINE_SURFACE_WITH_KNOTS((2,2),(3,2,2,2,2,2,3),(0.00948199572606863,
1.),(0.133139884633531,0.25,0.375,0.5,0.625,0.75,0.774782893492728),
 .PIECEWISE_BEZIER_KNOTS.)
GEOMETRIC_REPRESENTATION_ITEM()
RATIONAL_B_SPLINE_SURFACE(((0.995851225184022,0.968144705032987,1.,0.965925826289068,
1.,0.965925826289068,1.,0.965925826289068,1.,0.965925826289068,1.,0.993244347056554,
0.989167488151048),(0.995851225184023,0.968144705032987,1.,0.965925826289068,
1.,0.965925826289068,1.,0.965925826289068,1.,0.965925826289068,1.,0.993244347056554,
0.989167488151048)))
REPRESENTATION_ITEM('')
SURFACE()
);
#23=(
BOUNDED_SURFACE()
B_SPLINE_SURFACE(3,2,((#4301,#4302,#4303,#4304,#4305,#4306,#4307,#4308,
#4309,#4310,#4311,#4312,#4313),(#4314,#4315,#4316,#4317,#4318,#4319,#4320,
#4321,#4322,#4323,#4324,#4325,#4326),(#4327,#4328,#4329,#4330,#4331,#4332,
#4333,#4334,#4335,#4336,#4337,#4338,#4339),(#4340,#4341,#4342,#4343,#4344,
#4345,#4346,#4347,#4348,#4349,#4350,#4351,#4352)),.UNSPECIFIED.,.F.,.F.,
 .F.)
B_SPLINE_SURFACE_WITH_KNOTS((4,4),(3,2,2,2,2,2,3),(0.,1.),(0.175737888327356,
0.25,0.375,0.5,0.625,0.75,0.818810953101627),.PIECEWISE_BEZIER_KNOTS.)
GEOMETRIC_REPRESENTATION_ITEM()
RATIONAL_B_SPLINE_SURFACE(((0.983566313969427,0.979756639253806,1.,0.965925826289068,
1.,0.965925826289068,1.,0.965925826289068,1.,0.965925826289068,1.,0.981242589046403,
0.98313662329978),(0.637574748224728,0.635105212248219,0.648227515694022,
0.626139698720058,0.648227515694022,0.626139698720058,0.648227515694022,
0.626139698720058,0.648227515694022,0.626139698720058,0.648227515694022,
0.63606844579072,0.637296210909426),(0.637574748224728,0.635105212248219,
0.648227515694022,0.626139698720058,0.648227515694022,0.626139698720058,
0.648227515694022,0.626139698720058,0.648227515694022,0.626139698720058,
0.648227515694022,0.63606844579072,0.637296210909426),(0.983566313969427,
0.979756639253806,1.,0.965925826289068,1.,0.965925826289068,1.,0.965925826289068,
1.,0.965925826289068,1.,0.981242589046403,0.98313662329978)))
REPRESENTATION_ITEM('')
SURFACE()
);
#24=(
BOUNDED_SURFACE()
B_SPLINE_SURFACE(1,2,((#4370,#4371,#4372,#4373,#4374,#4375,#4376,#4377,
#4378,#4379,#4380,#4381,#4382),(#4383,#4384,#4385,#4386,#4387,#4388,#4389,
#4390,#4391,#4392,#4393,#4394,#4395)),.UNSPECIFIED.,.F.,.F.,.F.)
B_SPLINE_SURFACE_WITH_KNOTS((2,2),(3,2,2,2,2,2,3),(0.,0.990518004273924),
(0.219658431936523,0.25,0.375,0.5,0.625,0.75,0.861242970601916),
 .PIECEWISE_BEZIER_KNOTS.)
GEOMETRIC_REPRESENTATION_ITEM()
RATIONAL_B_SPLINE_SURFACE(((0.987473416716216,0.991729089113144,1.,0.965925826289068,
1.,0.965925826289068,1.,0.965925826289068,1.,0.965925826289068,1.,0.969675901564722,
0.993325287781688),(0.987473416716216,0.991729089113144,1.,0.965925826289068,
1.,0.965925826289068,1.,0.965925826289068,1.,0.965925826289068,1.,0.969675901564722,
0.993325287781688)))
REPRESENTATION_ITEM('')
SURFACE()
);
#25=(
BOUNDED_SURFACE()
B_SPLINE_SURFACE(1,2,((#4396,#4397,#4398,#4399,#4400,#4401,#4402,#4403,
#4404,#4405,#4406,#4407,#4408),(#4409,#4410,#4411,#4412,#4413,#4414,#4415,
#4416,#4417,#4418,#4419,#4420,#4421)),.UNSPECIFIED.,.F.,.F.,.F.)
B_SPLINE_SURFACE_WITH_KNOTS((2,2),(3,2,2,2,2,2,3),(0.00948199572608613,
1.),(0.133139884633532,0.25,0.375,0.5,0.625,0.75,0.774782893492727),
 .PIECEWISE_BEZIER_KNOTS.)
GEOMETRIC_REPRESENTATION_ITEM()
RATIONAL_B_SPLINE_SURFACE(((0.995851225184022,0.968144705032987,1.,0.965925826289068,
1.,0.965925826289068,1.,0.965925826289068,1.,0.965925826289068,1.,0.993244347056554,
0.989167488151049),(0.995851225184022,0.968144705032987,1.,0.965925826289068,
1.,0.965925826289068,1.,0.965925826289068,1.,0.965925826289068,1.,0.993244347056554,
0.989167488151049)))
REPRESENTATION_ITEM('')
SURFACE()
);
#26=(
BOUNDED_SURFACE()
B_SPLINE_SURFACE(3,2,((#4439,#4440,#4441,#4442,#4443,#4444,#4445,#4446,
#4447,#4448,#4449,#4450,#4451),(#4452,#4453,#4454,#4455,#4456,#4457,#4458,
#4459,#4460,#4461,#4462,#4463,#4464),(#4465,#4466,#4467,#4468,#4469,#4470,
#4471,#4472,#4473,#4474,#4475,#4476,#4477),(#4478,#4479,#4480,#4481,#4482,
#4483,#4484,#4485,#4486,#4487,#4488,#4489,#4490)),.UNSPECIFIED.,.F.,.F.,
 .F.)
B_SPLINE_SURFACE_WITH_KNOTS((4,4),(3,2,2,2,2,2,3),(0.,1.),(0.175737888327356,
0.25,0.375,0.5,0.625,0.75,0.818810953101626),.PIECEWISE_BEZIER_KNOTS.)
GEOMETRIC_REPRESENTATION_ITEM()
RATIONAL_B_SPLINE_SURFACE(((0.983566313969427,0.979756639253806,1.,0.965925826289068,
1.,0.965925826289068,1.,0.965925826289068,1.,0.965925826289068,1.,0.981242589046403,
0.98313662329978),(0.637574748224728,0.635105212248218,0.648227515694022,
0.626139698720058,0.648227515694022,0.626139698720058,0.648227515694022,
0.626139698720058,0.648227515694022,0.626139698720058,0.648227515694022,
0.63606844579072,0.637296210909426),(0.637574748224728,0.635105212248218,
0.648227515694022,0.626139698720058,0.648227515694022,0.626139698720058,
0.648227515694022,0.626139698720058,0.648227515694022,0.626139698720058,
0.648227515694022,0.63606844579072,0.637296210909426),(0.983566313969427,
0.979756639253806,1.,0.965925826289068,1.,0.965925826289068,1.,0.965925826289068,
1.,0.965925826289068,1.,0.981242589046403,0.98313662329978)))
REPRESENTATION_ITEM('')
SURFACE()
);
#27=(
BOUNDED_SURFACE()
B_SPLINE_SURFACE(1,2,((#4508,#4509,#4510,#4511,#4512,#4513,#4514,#4515,
#4516,#4517,#4518,#4519,#4520),(#4521,#4522,#4523,#4524,#4525,#4526,#4527,
#4528,#4529,#4530,#4531,#4532,#4533)),.UNSPECIFIED.,.F.,.F.,.F.)
B_SPLINE_SURFACE_WITH_KNOTS((2,2),(3,2,2,2,2,2,3),(0.,0.990518004273927),
(0.219658431936523,0.25,0.375,0.5,0.625,0.75,0.861242970601916),
 .PIECEWISE_BEZIER_KNOTS.)
GEOMETRIC_REPRESENTATION_ITEM()
RATIONAL_B_SPLINE_SURFACE(((0.987473416716216,0.991729089113144,1.,0.965925826289068,
1.,0.965925826289068,1.,0.965925826289068,1.,0.965925826289068,1.,0.969675901564722,
0.993325287781687),(0.987473416716216,0.991729089113144,1.,0.965925826289068,
1.,0.965925826289068,1.,0.965925826289068,1.,0.965925826289068,1.,0.969675901564722,
0.993325287781687)))
REPRESENTATION_ITEM('')
SURFACE()
);
#28=(
BOUNDED_SURFACE()
B_SPLINE_SURFACE(1,2,((#4534,#4535,#4536,#4537,#4538,#4539,#4540,#4541,
#4542,#4543,#4544,#4545,#4546),(#4547,#4548,#4549,#4550,#4551,#4552,#4553,
#4554,#4555,#4556,#4557,#4558,#4559)),.UNSPECIFIED.,.F.,.F.,.F.)
B_SPLINE_SURFACE_WITH_KNOTS((2,2),(3,2,2,2,2,2,3),(0.00948199572605711,
1.),(0.133139884633531,0.25,0.375,0.5,0.625,0.75,0.774782893492727),
 .PIECEWISE_BEZIER_KNOTS.)
GEOMETRIC_REPRESENTATION_ITEM()
RATIONAL_B_SPLINE_SURFACE(((0.995851225184022,0.968144705032987,1.,0.965925826289068,
1.,0.965925826289068,1.,0.965925826289068,1.,0.965925826289068,1.,0.993244347056554,
0.989167488151049),(0.995851225184022,0.968144705032987,1.,0.965925826289068,
1.,0.965925826289068,1.,0.965925826289068,1.,0.965925826289068,1.,0.993244347056554,
0.989167488151049)))
REPRESENTATION_ITEM('')
SURFACE()
);
#29=(
BOUNDED_SURFACE()
B_SPLINE_SURFACE(3,2,((#4577,#4578,#4579,#4580,#4581,#4582,#4583,#4584,
#4585,#4586,#4587,#4588,#4589),(#4590,#4591,#4592,#4593,#4594,#4595,#4596,
#4597,#4598,#4599,#4600,#4601,#4602),(#4603,#4604,#4605,#4606,#4607,#4608,
#4609,#4610,#4611,#4612,#4613,#4614,#4615),(#4616,#4617,#4618,#4619,#4620,
#4621,#4622,#4623,#4624,#4625,#4626,#4627,#4628)),.UNSPECIFIED.,.F.,.F.,
 .F.)
B_SPLINE_SURFACE_WITH_KNOTS((4,4),(3,2,2,2,2,2,3),(0.,1.),(0.175737888327356,
0.25,0.375,0.5,0.625,0.75,0.818810953101626),.PIECEWISE_BEZIER_KNOTS.)
GEOMETRIC_REPRESENTATION_ITEM()
RATIONAL_B_SPLINE_SURFACE(((0.983566313969427,0.979756639253806,1.,0.965925826289068,
1.,0.965925826289068,1.,0.965925826289068,1.,0.965925826289068,1.,0.981242589046403,
0.98313662329978),(0.637574748224728,0.635105212248218,0.648227515694022,
0.626139698720058,0.648227515694022,0.626139698720058,0.648227515694022,
0.626139698720058,0.648227515694022,0.626139698720058,0.648227515694022,
0.63606844579072,0.637296210909426),(0.637574748224728,0.635105212248218,
0.648227515694022,0.626139698720058,0.648227515694022,0.626139698720058,
0.648227515694022,0.626139698720058,0.648227515694022,0.626139698720058,
0.648227515694022,0.63606844579072,0.637296210909426),(0.983566313969427,
0.979756639253806,1.,0.965925826289068,1.,0.965925826289068,1.,0.965925826289068,
1.,0.965925826289068,1.,0.981242589046403,0.98313662329978)))
REPRESENTATION_ITEM('')
SURFACE()
);
#30=(
BOUNDED_SURFACE()
B_SPLINE_SURFACE(1,2,((#4646,#4647,#4648,#4649,#4650,#4651,#4652,#4653,
#4654,#4655,#4656,#4657,#4658),(#4659,#4660,#4661,#4662,#4663,#4664,#4665,
#4666,#4667,#4668,#4669,#4670,#4671)),.UNSPECIFIED.,.F.,.F.,.F.)
B_SPLINE_SURFACE_WITH_KNOTS((2,2),(3,2,2,2,2,2,3),(0.,0.990518004273926),
(0.219658431936523,0.25,0.375,0.5,0.625,0.75,0.861242970601916),
 .PIECEWISE_BEZIER_KNOTS.)
GEOMETRIC_REPRESENTATION_ITEM()
RATIONAL_B_SPLINE_SURFACE(((0.987473416716216,0.991729089113144,1.,0.965925826289068,
1.,0.965925826289068,1.,0.965925826289068,1.,0.965925826289068,1.,0.969675901564722,
0.993325287781688),(0.987473416716216,0.991729089113144,1.,0.965925826289068,
1.,0.965925826289068,1.,0.965925826289068,1.,0.965925826289068,1.,0.969675901564722,
0.993325287781688)))
REPRESENTATION_ITEM('')
SURFACE()
);
#31=(
BOUNDED_SURFACE()
B_SPLINE_SURFACE(1,2,((#4672,#4673,#4674,#4675,#4676,#4677,#4678,#4679,
#4680,#4681,#4682,#4683,#4684),(#4685,#4686,#4687,#4688,#4689,#4690,#4691,
#4692,#4693,#4694,#4695,#4696,#4697)),.UNSPECIFIED.,.F.,.F.,.F.)
B_SPLINE_SURFACE_WITH_KNOTS((2,2),(3,2,2,2,2,2,3),(0.00948199572606788,
1.),(0.133139884633532,0.25,0.375,0.5,0.625,0.75,0.774782893492728),
 .PIECEWISE_BEZIER_KNOTS.)
GEOMETRIC_REPRESENTATION_ITEM()
RATIONAL_B_SPLINE_SURFACE(((0.995851225184022,0.968144705032987,1.,0.965925826289068,
1.,0.965925826289068,1.,0.965925826289068,1.,0.965925826289068,1.,0.993244347056554,
0.989167488151048),(0.995851225184022,0.968144705032987,1.,0.965925826289068,
1.,0.965925826289068,1.,0.965925826289068,1.,0.965925826289068,1.,0.993244347056554,
0.989167488151048)))
REPRESENTATION_ITEM('')
SURFACE()
);
#32=(
BOUNDED_SURFACE()
B_SPLINE_SURFACE(3,2,((#4715,#4716,#4717,#4718,#4719,#4720,#4721,#4722,
#4723,#4724,#4725,#4726,#4727),(#4728,#4729,#4730,#4731,#4732,#4733,#4734,
#4735,#4736,#4737,#4738,#4739,#4740),(#4741,#4742,#4743,#4744,#4745,#4746,
#4747,#4748,#4749,#4750,#4751,#4752,#4753),(#4754,#4755,#4756,#4757,#4758,
#4759,#4760,#4761,#4762,#4763,#4764,#4765,#4766)),.UNSPECIFIED.,.F.,.F.,
 .F.)
B_SPLINE_SURFACE_WITH_KNOTS((4,4),(3,2,2,2,2,2,3),(0.,1.),(0.175737888327356,
0.25,0.375,0.5,0.625,0.75,0.818810953101627),.PIECEWISE_BEZIER_KNOTS.)
GEOMETRIC_REPRESENTATION_ITEM()
RATIONAL_B_SPLINE_SURFACE(((0.983566313969427,0.979756639253806,1.,0.965925826289068,
1.,0.965925826289068,1.,0.965925826289068,1.,0.965925826289068,1.,0.981242589046403,
0.98313662329978),(0.637574748224728,0.635105212248218,0.648227515694022,
0.626139698720058,0.648227515694022,0.626139698720058,0.648227515694022,
0.626139698720058,0.648227515694022,0.626139698720058,0.648227515694022,
0.63606844579072,0.637296210909426),(0.637574748224728,0.635105212248218,
0.648227515694022,0.626139698720058,0.648227515694022,0.626139698720058,
0.648227515694022,0.626139698720058,0.648227515694022,0.626139698720058,
0.648227515694022,0.63606844579072,0.637296210909426),(0.983566313969427,
0.979756639253806,1.,0.965925826289068,1.,0.965925826289068,1.,0.965925826289068,
1.,0.965925826289068,1.,0.981242589046403,0.98313662329978)))
REPRESENTATION_ITEM('')
SURFACE()
);
#33=(
BOUNDED_SURFACE()
B_SPLINE_SURFACE(1,2,((#4784,#4785,#4786,#4787,#4788,#4789,#4790,#4791,
#4792,#4793,#4794,#4795,#4796),(#4797,#4798,#4799,#4800,#4801,#4802,#4803,
#4804,#4805,#4806,#4807,#4808,#4809)),.UNSPECIFIED.,.F.,.F.,.F.)
B_SPLINE_SURFACE_WITH_KNOTS((2,2),(3,2,2,2,2,2,3),(0.,0.990518004273923),
(0.219658431936523,0.25,0.375,0.5,0.625,0.75,0.861242970601916),
 .PIECEWISE_BEZIER_KNOTS.)
GEOMETRIC_REPRESENTATION_ITEM()
RATIONAL_B_SPLINE_SURFACE(((0.987473416716216,0.991729089113144,1.,0.965925826289068,
1.,0.965925826289068,1.,0.965925826289068,1.,0.965925826289068,1.,0.969675901564722,
0.993325287781688),(0.987473416716216,0.991729089113144,1.,0.965925826289068,
1.,0.965925826289068,1.,0.965925826289068,1.,0.965925826289068,1.,0.969675901564722,
0.993325287781688)))
REPRESENTATION_ITEM('')
SURFACE()
);
#34=(
BOUNDED_SURFACE()
B_SPLINE_SURFACE(1,2,((#4810,#4811,#4812,#4813,#4814,#4815,#4816,#4817,
#4818,#4819,#4820,#4821,#4822),(#4823,#4824,#4825,#4826,#4827,#4828,#4829,
#4830,#4831,#4832,#4833,#4834,#4835)),.UNSPECIFIED.,.F.,.F.,.F.)
B_SPLINE_SURFACE_WITH_KNOTS((2,2),(3,2,2,2,2,2,3),(0.00948199572608112,
1.),(0.133139884633532,0.25,0.375,0.5,0.625,0.75,0.774782893492727),
 .PIECEWISE_BEZIER_KNOTS.)
GEOMETRIC_REPRESENTATION_ITEM()
RATIONAL_B_SPLINE_SURFACE(((0.995851225184022,0.968144705032987,1.,0.965925826289068,
1.,0.965925826289068,1.,0.965925826289068,1.,0.965925826289068,1.,0.993244347056554,
0.989167488151048),(0.995851225184022,0.968144705032987,1.,0.965925826289068,
1.,0.965925826289068,1.,0.965925826289068,1.,0.965925826289068,1.,0.993244347056554,
0.989167488151048)))
REPRESENTATION_ITEM('')
SURFACE()
);
#35=(
BOUNDED_SURFACE()
B_SPLINE_SURFACE(3,2,((#4853,#4854,#4855,#4856,#4857,#4858,#4859,#4860,
#4861,#4862,#4863,#4864,#4865),(#4866,#4867,#4868,#4869,#4870,#4871,#4872,
#4873,#4874,#4875,#4876,#4877,#4878),(#4879,#4880,#4881,#4882,#4883,#4884,
#4885,#4886,#4887,#4888,#4889,#4890,#4891),(#4892,#4893,#4894,#4895,#4896,
#4897,#4898,#4899,#4900,#4901,#4902,#4903,#4904)),.UNSPECIFIED.,.F.,.F.,
 .F.)
B_SPLINE_SURFACE_WITH_KNOTS((4,4),(3,2,2,2,2,2,3),(0.,1.),(0.175737888327356,
0.25,0.375,0.5,0.625,0.75,0.818810953101626),.PIECEWISE_BEZIER_KNOTS.)
GEOMETRIC_REPRESENTATION_ITEM()
RATIONAL_B_SPLINE_SURFACE(((0.983566313969427,0.979756639253806,1.,0.965925826289068,
1.,0.965925826289068,1.,0.965925826289068,1.,0.965925826289068,1.,0.981242589046403,
0.98313662329978),(0.637574748224728,0.635105212248218,0.648227515694022,
0.626139698720058,0.648227515694022,0.626139698720058,0.648227515694022,
0.626139698720058,0.648227515694022,0.626139698720058,0.648227515694022,
0.63606844579072,0.637296210909426),(0.637574748224728,0.635105212248218,
0.648227515694022,0.626139698720058,0.648227515694022,0.626139698720058,
0.648227515694022,0.626139698720058,0.648227515694022,0.626139698720058,
0.648227515694022,0.63606844579072,0.637296210909426),(0.983566313969427,
0.979756639253806,1.,0.965925826289068,1.,0.965925826289068,1.,0.965925826289068,
1.,0.965925826289068,1.,0.981242589046403,0.98313662329978)))
REPRESENTATION_ITEM('')
SURFACE()
);
#36=(
BOUNDED_SURFACE()
B_SPLINE_SURFACE(1,2,((#4922,#4923,#4924,#4925,#4926,#4927,#4928,#4929,
#4930,#4931,#4932,#4933,#4934),(#4935,#4936,#4937,#4938,#4939,#4940,#4941,
#4942,#4943,#4944,#4945,#4946,#4947)),.UNSPECIFIED.,.F.,.F.,.F.)
B_SPLINE_SURFACE_WITH_KNOTS((2,2),(3,2,2,2,2,2,3),(0.,0.990518004273907),
(0.219658431936523,0.25,0.375,0.5,0.625,0.75,0.86124297060189),
 .PIECEWISE_BEZIER_KNOTS.)
GEOMETRIC_REPRESENTATION_ITEM()
RATIONAL_B_SPLINE_SURFACE(((0.987473416716216,0.991729089113144,1.,0.965925826289068,
1.,0.965925826289068,1.,0.965925826289068,1.,0.965925826289068,1.,0.969675901564729,
0.993325287781677),(0.987473416716216,0.991729089113144,1.,0.965925826289068,
1.,0.965925826289068,1.,0.965925826289068,1.,0.965925826289068,1.,0.969675901564729,
0.993325287781677)))
REPRESENTATION_ITEM('')
SURFACE()
);
#37=(
BOUNDED_SURFACE()
B_SPLINE_SURFACE(1,2,((#4948,#4949,#4950,#4951,#4952,#4953,#4954,#4955,
#4956,#4957,#4958,#4959,#4960),(#4961,#4962,#4963,#4964,#4965,#4966,#4967,
#4968,#4969,#4970,#4971,#4972,#4973)),.UNSPECIFIED.,.F.,.F.,.F.)
B_SPLINE_SURFACE_WITH_KNOTS((2,2),(3,2,2,2,2,2,3),(0.0094819957260604,1.),
(0.133139884633531,0.25,0.375,0.5,0.625,0.75,0.774782893492728),
 .PIECEWISE_BEZIER_KNOTS.)
GEOMETRIC_REPRESENTATION_ITEM()
RATIONAL_B_SPLINE_SURFACE(((0.995851225184022,0.968144705032987,1.,0.965925826289068,
1.,0.965925826289068,1.,0.965925826289068,1.,0.965925826289068,1.,0.993244347056554,
0.989167488151048),(0.995851225184022,0.968144705032987,1.,0.965925826289068,
1.,0.965925826289068,1.,0.965925826289068,1.,0.965925826289068,1.,0.993244347056554,
0.989167488151048)))
REPRESENTATION_ITEM('')
SURFACE()
);
#38=(
BOUNDED_SURFACE()
B_SPLINE_SURFACE(3,2,((#4991,#4992,#4993,#4994,#4995,#4996,#4997,#4998,
#4999,#5000,#5001,#5002,#5003),(#5004,#5005,#5006,#5007,#5008,#5009,#5010,
#5011,#5012,#5013,#5014,#5015,#5016),(#5017,#5018,#5019,#5020,#5021,#5022,
#5023,#5024,#5025,#5026,#5027,#5028,#5029),(#5030,#5031,#5032,#5033,#5034,
#5035,#5036,#5037,#5038,#5039,#5040,#5041,#5042)),.UNSPECIFIED.,.F.,.F.,
 .F.)
B_SPLINE_SURFACE_WITH_KNOTS((4,4),(3,2,2,2,2,2,3),(0.,1.),(0.175737888327356,
0.25,0.375,0.5,0.625,0.75,0.818810953101626),.PIECEWISE_BEZIER_KNOTS.)
GEOMETRIC_REPRESENTATION_ITEM()
RATIONAL_B_SPLINE_SURFACE(((0.983566313969427,0.979756639253806,1.,0.965925826289068,
1.,0.965925826289068,1.,0.965925826289068,1.,0.965925826289068,1.,0.981242589046403,
0.98313662329978),(0.637574748224728,0.635105212248219,0.648227515694022,
0.626139698720058,0.648227515694022,0.626139698720058,0.648227515694022,
0.626139698720058,0.648227515694022,0.626139698720058,0.648227515694022,
0.63606844579072,0.637296210909426),(0.637574748224728,0.635105212248219,
0.648227515694022,0.626139698720058,0.648227515694022,0.626139698720058,
0.648227515694022,0.626139698720058,0.648227515694022,0.626139698720058,
0.648227515694022,0.63606844579072,0.637296210909426),(0.983566313969427,
0.979756639253806,1.,0.965925826289068,1.,0.965925826289068,1.,0.965925826289068,
1.,0.965925826289068,1.,0.981242589046403,0.98313662329978)))
REPRESENTATION_ITEM('')
SURFACE()
);
#39=(
BOUNDED_SURFACE()
B_SPLINE_SURFACE(1,2,((#5060,#5061,#5062,#5063,#5064,#5065,#5066,#5067,
#5068,#5069,#5070,#5071,#5072),(#5073,#5074,#5075,#5076,#5077,#5078,#5079,
#5080,#5081,#5082,#5083,#5084,#5085)),.UNSPECIFIED.,.F.,.F.,.F.)
B_SPLINE_SURFACE_WITH_KNOTS((2,2),(3,2,2,2,2,2,3),(0.,0.990518004273925),
(0.21965843193652,0.25,0.375,0.5,0.625,0.75,0.861242970601916),
 .PIECEWISE_BEZIER_KNOTS.)
GEOMETRIC_REPRESENTATION_ITEM()
RATIONAL_B_SPLINE_SURFACE(((0.987473416716215,0.991729089113143,1.,0.965925826289068,
1.,0.965925826289068,1.,0.965925826289068,1.,0.965925826289068,1.,0.969675901564722,
0.993325287781688),(0.987473416716215,0.991729089113143,1.,0.965925826289068,
1.,0.965925826289068,1.,0.965925826289068,1.,0.965925826289068,1.,0.969675901564722,
0.993325287781688)))
REPRESENTATION_ITEM('')
SURFACE()
);
#40=B_SPLINE_CURVE_WITH_KNOTS('',3,(#3405,#3406,#3407,#3408),
 .UNSPECIFIED.,.F.,.F.,(4,4),(0.,0.00207424947951049),.UNSPECIFIED.);
#41=B_SPLINE_CURVE_WITH_KNOTS('',3,(#3410,#3411,#3412,#3413,#3414),
 .UNSPECIFIED.,.F.,.F.,(4,1,4),(3.46944695195361E-18,0.000698004593670036,
0.00139600918734007),.UNSPECIFIED.);
#42=B_SPLINE_CURVE_WITH_KNOTS('',3,(#3416,#3417,#3418,#3419),
 .UNSPECIFIED.,.F.,.F.,(4,4),(8.94056015336375E-18,0.0022458009677421),
 .UNSPECIFIED.);
#43=B_SPLINE_CURVE_WITH_KNOTS('',3,(#3420,#3421,#3422,#3423),
 .UNSPECIFIED.,.F.,.F.,(4,4),(6.969320381212E-18,0.0020742494795105),
 .UNSPECIFIED.);
#44=B_SPLINE_CURVE_WITH_KNOTS('',3,(#3425,#3426,#3427,#3428,#3429),
 .UNSPECIFIED.,.F.,.F.,(4,1,4),(3.87895961444886E-18,0.000698004593670053,
0.0013960091873401),.UNSPECIFIED.);
#45=B_SPLINE_CURVE_WITH_KNOTS('',3,(#3431,#3432,#3433,#3434),
 .UNSPECIFIED.,.F.,.F.,(4,4),(6.97955148537543E-19,0.00224580096774207),
 .UNSPECIFIED.);
#46=B_SPLINE_CURVE_WITH_KNOTS('',3,(#3435,#3436,#3437,#3438),
 .UNSPECIFIED.,.F.,.F.,(4,4),(4.33680868994202E-19,0.00207424947951046),
 .UNSPECIFIED.);
#47=B_SPLINE_CURVE_WITH_KNOTS('',3,(#3440,#3441,#3442,#3443,#3444),
 .UNSPECIFIED.,.F.,.F.,(4,1,4),(7.37257477290143E-18,0.000698004593670061,
0.00139600918734011),.UNSPECIFIED.);
#48=B_SPLINE_CURVE_WITH_KNOTS('',3,(#3446,#3447,#3448,#3449),
 .UNSPECIFIED.,.F.,.F.,(4,4),(1.73472347597681E-17,0.00224580096774206),
 .UNSPECIFIED.);
#49=B_SPLINE_CURVE_WITH_KNOTS('',3,(#3450,#3451,#3452,#3453),
 .UNSPECIFIED.,.F.,.F.,(4,4),(1.30104260698261E-18,0.00207424947951047),
 .UNSPECIFIED.);
#50=B_SPLINE_CURVE_WITH_KNOTS('',3,(#3455,#3456,#3457,#3458,#3459),
 .UNSPECIFIED.,.F.,.F.,(4,1,4),(2.60208521396521E-18,0.000698004593670046,
0.00139600918734009),.UNSPECIFIED.);
#51=B_SPLINE_CURVE_WITH_KNOTS('',3,(#3461,#3462,#3463,#3464),
 .UNSPECIFIED.,.F.,.F.,(4,4),(3.87895961444886E-18,0.00224580096774212),
 .UNSPECIFIED.);
#52=B_SPLINE_CURVE_WITH_KNOTS('',3,(#3465,#3466,#3467,#3468),
 .UNSPECIFIED.,.F.,.F.,(4,4),(8.67361737988404E-19,0.00207424947951047),
 .UNSPECIFIED.);
#53=B_SPLINE_CURVE_WITH_KNOTS('',3,(#3470,#3471,#3472,#3473,#3474),
 .UNSPECIFIED.,.F.,.F.,(4,1,4),(4.9065389333868E-18,0.000698004593670083,
0.00139600918734016),.UNSPECIFIED.);
#54=B_SPLINE_CURVE_WITH_KNOTS('',3,(#3476,#3477,#3478,#3479),
 .UNSPECIFIED.,.F.,.F.,(4,4),(8.67361737988404E-19,0.00224580096774211),
 .UNSPECIFIED.);
#55=B_SPLINE_CURVE_WITH_KNOTS('',3,(#3480,#3481,#3482,#3483),
 .UNSPECIFIED.,.F.,.F.,(4,4),(3.70537096895902E-18,0.00207424947951049),
 .UNSPECIFIED.);
#56=B_SPLINE_CURVE_WITH_KNOTS('',3,(#3485,#3486,#3487,#3488,#3489),
 .UNSPECIFIED.,.F.,.F.,(4,1,4),(6.9928938926747E-18,0.000698004593670056,
0.0013960091873401),.UNSPECIFIED.);
#57=B_SPLINE_CURVE_WITH_KNOTS('',3,(#3491,#3492,#3493,#3494),
 .UNSPECIFIED.,.F.,.F.,(4,4),(6.2546344413855E-18,0.00224580096774208),
 .UNSPECIFIED.);
#58=B_SPLINE_CURVE_WITH_KNOTS('',3,(#3495,#3496,#3497,#3498),
 .UNSPECIFIED.,.F.,.F.,(4,4),(3.49644694633735E-18,0.00207424947951048),
 .UNSPECIFIED.);
#59=B_SPLINE_CURVE_WITH_KNOTS('',3,(#3500,#3501,#3502,#3503,#3504),
 .UNSPECIFIED.,.F.,.F.,(4,1,4),(2.16840434497101E-19,0.000698004593670049,
0.0013960091873401),.UNSPECIFIED.);
#60=B_SPLINE_CURVE_WITH_KNOTS('',3,(#3506,#3507,#3508,#3509),
 .UNSPECIFIED.,.F.,.F.,(4,4),(7.54434324792945E-18,0.00224580096774208),
 .UNSPECIFIED.);
#61=B_SPLINE_CURVE_WITH_KNOTS('',3,(#3510,#3511,#3512,#3513),
 .UNSPECIFIED.,.F.,.F.,(4,4),(0.,0.00207424947951046),.UNSPECIFIED.);
#62=B_SPLINE_CURVE_WITH_KNOTS('',3,(#3515,#3516,#3517,#3518,#3519),
 .UNSPECIFIED.,.F.,.F.,(4,1,4),(7.37257477290143E-18,0.000698004593670077,
0.00139600918734015),.UNSPECIFIED.);
#63=B_SPLINE_CURVE_WITH_KNOTS('',3,(#3521,#3522,#3523,#3524),
 .UNSPECIFIED.,.F.,.F.,(4,4),(3.46944695195361E-18,0.00224580096774207),
 .UNSPECIFIED.);
#64=B_SPLINE_CURVE_WITH_KNOTS('',3,(#3525,#3526,#3527,#3528),
 .UNSPECIFIED.,.F.,.F.,(4,4),(1.30104260698261E-18,0.00207424947951048),
 .UNSPECIFIED.);
#65=B_SPLINE_CURVE_WITH_KNOTS('',3,(#3530,#3531,#3532,#3533,#3534),
 .UNSPECIFIED.,.F.,.F.,(4,1,4),(2.60208521396521E-18,0.000698004593670038,
0.00139600918734007),.UNSPECIFIED.);
#66=B_SPLINE_CURVE_WITH_KNOTS('',3,(#3536,#3537,#3538,#3539),
 .UNSPECIFIED.,.F.,.F.,(4,4),(8.67361737988404E-19,0.00224580096774211),
 .UNSPECIFIED.);
#67=B_SPLINE_CURVE_WITH_KNOTS('',3,(#3540,#3541,#3542,#3543),
 .UNSPECIFIED.,.F.,.F.,(4,4),(8.67361737988404E-19,0.00207424947951046),
 .UNSPECIFIED.);
#68=B_SPLINE_CURVE_WITH_KNOTS('',3,(#3545,#3546,#3547,#3548,#3549),
 .UNSPECIFIED.,.F.,.F.,(4,1,4),(9.81307786677359E-18,0.000698004593670084,
0.00139600918734016),.UNSPECIFIED.);
#69=B_SPLINE_CURVE_WITH_KNOTS('',3,(#3551,#3552,#3553,#3554),
 .UNSPECIFIED.,.F.,.F.,(4,4),(6.9928938926747E-18,0.00224580096774208),
 .UNSPECIFIED.);
#70=B_SPLINE_CURVE_WITH_KNOTS('',3,(#3556,#3557,#3558,#3559),
 .UNSPECIFIED.,.F.,.F.,(4,4),(1.73472347597681E-18,0.00224641702814745),
 .UNSPECIFIED.);
#71=B_SPLINE_CURVE_WITH_KNOTS('',3,(#3561,#3562,#3563,#3564),
 .UNSPECIFIED.,.F.,.F.,(4,4),(4.87654805316991E-17,0.00207338409159574),
 .UNSPECIFIED.);
#72=B_SPLINE_CURVE_WITH_KNOTS('',3,(#3566,#3567,#3568,#3569,#3570),
 .UNSPECIFIED.,.F.,.F.,(4,1,4),(2.60208521396521E-18,0.000701592982198037,
0.00140318596439607),.UNSPECIFIED.);
#73=B_SPLINE_CURVE_WITH_KNOTS('',3,(#3572,#3573,#3574,#3575),
 .UNSPECIFIED.,.F.,.F.,(4,4),(8.67361737988403E-19,0.00224641702814795),
 .UNSPECIFIED.);
#74=B_SPLINE_CURVE_WITH_KNOTS('',3,(#3576,#3577,#3578,#3579),
 .UNSPECIFIED.,.F.,.F.,(4,4),(5.6050630877642E-17,0.00207338409159701),
 .UNSPECIFIED.);
#75=B_SPLINE_CURVE_WITH_KNOTS('',3,(#3581,#3582,#3583,#3584,#3585),
 .UNSPECIFIED.,.F.,.F.,(4,1,4),(6.2546344413855E-18,0.000701592982198032,
0.00140318596439606),.UNSPECIFIED.);
#76=B_SPLINE_CURVE_WITH_KNOTS('',3,(#3587,#3588,#3589,#3590),
 .UNSPECIFIED.,.F.,.F.,(4,4),(1.0842021724855E-19,0.00224641702814846),
 .UNSPECIFIED.);
#77=B_SPLINE_CURVE_WITH_KNOTS('',3,(#3591,#3592,#3593,#3594),
 .UNSPECIFIED.,.F.,.F.,(4,4),(6.24267238458818E-17,0.00207338409159574),
 .UNSPECIFIED.);
#78=B_SPLINE_CURVE_WITH_KNOTS('',3,(#3596,#3597,#3598,#3599,#3600),
 .UNSPECIFIED.,.F.,.F.,(4,1,4),(1.0842021724855E-18,0.000701592982198036,
0.00140318596439607),.UNSPECIFIED.);
#79=B_SPLINE_CURVE_WITH_KNOTS('',3,(#3602,#3603,#3604,#3605),
 .UNSPECIFIED.,.F.,.F.,(4,4),(0.,0.00224641702814795),.UNSPECIFIED.);
#80=B_SPLINE_CURVE_WITH_KNOTS('',3,(#3606,#3607,#3608,#3609),
 .UNSPECIFIED.,.F.,.F.,(4,4),(5.80808631841484E-17,0.00207338409159702),
 .UNSPECIFIED.);
#81=B_SPLINE_CURVE_WITH_KNOTS('',3,(#3611,#3612,#3613,#3614,#3615),
 .UNSPECIFIED.,.F.,.F.,(4,1,4),(0.,0.00070159298219804,0.00140318596439608),
 .UNSPECIFIED.);
#82=B_SPLINE_CURVE_WITH_KNOTS('',3,(#3617,#3618,#3619,#3620),
 .UNSPECIFIED.,.F.,.F.,(4,4),(0.,0.00224641702814757),.UNSPECIFIED.);
#83=B_SPLINE_CURVE_WITH_KNOTS('',3,(#3621,#3622,#3623,#3624),
 .UNSPECIFIED.,.F.,.F.,(4,4),(5.84745924968432E-17,0.00207338409159702),
 .UNSPECIFIED.);
#84=B_SPLINE_CURVE_WITH_KNOTS('',3,(#3626,#3627,#3628,#3629,#3630),
 .UNSPECIFIED.,.F.,.F.,(4,1,4),(0.,0.000701592982198043,0.00140318596439609),
 .UNSPECIFIED.);
#85=B_SPLINE_CURVE_WITH_KNOTS('',3,(#3632,#3633,#3634,#3635),
 .UNSPECIFIED.,.F.,.F.,(4,4),(8.67361737988404E-19,0.00224641702814847),
 .UNSPECIFIED.);
#86=B_SPLINE_CURVE_WITH_KNOTS('',3,(#3636,#3637,#3638,#3639),
 .UNSPECIFIED.,.F.,.F.,(4,4),(5.83909055818886E-17,0.00207338409159579),
 .UNSPECIFIED.);
#87=B_SPLINE_CURVE_WITH_KNOTS('',3,(#3641,#3642,#3643,#3644,#3645),
 .UNSPECIFIED.,.F.,.F.,(4,1,4),(0.,0.000701592982198033,0.00140318596439607),
 .UNSPECIFIED.);
#88=B_SPLINE_CURVE_WITH_KNOTS('',3,(#3647,#3648,#3649,#3650),
 .UNSPECIFIED.,.F.,.F.,(4,4),(1.30104260698261E-18,0.00224641702814795),
 .UNSPECIFIED.);
#89=B_SPLINE_CURVE_WITH_KNOTS('',3,(#3651,#3652,#3653,#3654),
 .UNSPECIFIED.,.F.,.F.,(4,4),(5.26167681928171E-17,0.00207338409159705),
 .UNSPECIFIED.);
#90=B_SPLINE_CURVE_WITH_KNOTS('',3,(#3656,#3657,#3658,#3659,#3660),
 .UNSPECIFIED.,.F.,.F.,(4,1,4),(4.33680868994202E-18,0.000701592982198016,
0.00140318596439603),.UNSPECIFIED.);
#91=B_SPLINE_CURVE_WITH_KNOTS('',3,(#3662,#3663,#3664,#3665),
 .UNSPECIFIED.,.F.,.F.,(4,4),(4.75568200259656E-18,0.00224641702814743),
 .UNSPECIFIED.);
#92=B_SPLINE_CURVE_WITH_KNOTS('',3,(#3666,#3667,#3668,#3669),
 .UNSPECIFIED.,.F.,.F.,(4,4),(6.49305861584907E-17,0.00207338409159701),
 .UNSPECIFIED.);
#93=B_SPLINE_CURVE_WITH_KNOTS('',3,(#3671,#3672,#3673,#3674,#3675),
 .UNSPECIFIED.,.F.,.F.,(4,1,4),(8.29963667627602E-18,0.000701592982198047,
0.00140318596439609),.UNSPECIFIED.);
#94=B_SPLINE_CURVE_WITH_KNOTS('',3,(#3677,#3678,#3679,#3680),
 .UNSPECIFIED.,.F.,.F.,(4,4),(3.49644694633735E-18,0.00224641702814786),
 .UNSPECIFIED.);
#95=B_SPLINE_CURVE_WITH_KNOTS('',3,(#3681,#3682,#3683,#3684),
 .UNSPECIFIED.,.F.,.F.,(4,4),(6.49595458790147E-17,0.00207338409159703),
 .UNSPECIFIED.);
#96=B_SPLINE_CURVE_WITH_KNOTS('',3,(#3686,#3687,#3688,#3689,#3690),
 .UNSPECIFIED.,.F.,.F.,(4,1,4),(3.46944695195361E-18,0.000701592982198032,
0.00140318596439606),.UNSPECIFIED.);
#97=B_SPLINE_CURVE_WITH_KNOTS('',3,(#3692,#3693,#3694,#3695),
 .UNSPECIFIED.,.F.,.F.,(4,4),(3.87895961444886E-18,0.00224641702814781),
 .UNSPECIFIED.);
#98=B_SPLINE_CURVE_WITH_KNOTS('',3,(#3696,#3697,#3698,#3699),
 .UNSPECIFIED.,.F.,.F.,(4,4),(5.43054346022841E-17,0.00207338409159703),
 .UNSPECIFIED.);
#99=B_SPLINE_CURVE_WITH_KNOTS('',3,(#3701,#3702,#3703,#3704,#3705),
 .UNSPECIFIED.,.F.,.F.,(4,1,4),(0.,0.000701592982198023,0.00140318596439605),
 .UNSPECIFIED.);
#100=CONICAL_SURFACE('',#2223,0.00763307160541907,1.49225651045515);
#101=CONICAL_SURFACE('',#2224,0.00763307160541907,1.49225651045515);
#102=(
BOUNDED_CURVE()
B_SPLINE_CURVE(2,(#2906,#2907,#2908,#2909,#2910,#2911,#2912,#2913,#2914,
#2915,#2916,#2917,#2918,#2919,#2920,#2921,#2922),.UNSPECIFIED.,.F.,.F.)
B_SPLINE_CURVE_WITH_KNOTS((3,2,2,2,2,2,2,2,3),(0.,0.125,0.25,0.375,0.5,
0.625,0.75,0.875,1.),.PIECEWISE_BEZIER_KNOTS.)
CURVE()
GEOMETRIC_REPRESENTATION_ITEM()
RATIONAL_B_SPLINE_CURVE((1.,0.965925826289068,1.,0.965925826289068,1.,0.965925826289068,
1.,0.965925826289068,1.,0.965925826289068,1.,0.965925826289068,1.,0.965925826289068,
1.,0.965925826289068,1.))
REPRESENTATION_ITEM('')
);
#103=(
BOUNDED_CURVE()
B_SPLINE_CURVE(2,(#2927,#2928,#2929,#2930,#2931,#2932,#2933,#2934,#2935,
#2936,#2937,#2938,#2939,#2940,#2941,#2942,#2943),.UNSPECIFIED.,.F.,.F.)
B_SPLINE_CURVE_WITH_KNOTS((3,2,2,2,2,2,2,2,3),(0.,0.125,0.25,0.375,0.5,
0.625,0.75,0.875,1.),.PIECEWISE_BEZIER_KNOTS.)
CURVE()
GEOMETRIC_REPRESENTATION_ITEM()
RATIONAL_B_SPLINE_CURVE((1.,0.965925826289068,1.,0.965925826289068,1.,0.965925826289068,
1.,0.965925826289068,1.,0.965925826289068,1.,0.965925826289068,1.,0.965925826289068,
1.,0.965925826289068,1.))
REPRESENTATION_ITEM('')
);
#104=(
BOUNDED_CURVE()
B_SPLINE_CURVE(2,(#2947,#2948,#2949,#2950,#2951,#2952,#2953,#2954,#2955,
#2956,#2957,#2958,#2959,#2960,#2961,#2962,#2963),.UNSPECIFIED.,.F.,.F.)
B_SPLINE_CURVE_WITH_KNOTS((3,2,2,2,2,2,2,2,3),(0.,0.125,0.25,0.375,0.5,
0.625,0.75,0.875,1.),.PIECEWISE_BEZIER_KNOTS.)
CURVE()
GEOMETRIC_REPRESENTATION_ITEM()
RATIONAL_B_SPLINE_CURVE((1.,0.965925826289068,1.,0.965925826289068,1.,0.965925826289068,
1.,0.965925826289068,1.,0.965925826289068,1.,0.965925826289068,1.,0.965925826289068,
1.,0.965925826289068,1.))
REPRESENTATION_ITEM('')
);
#105=(
BOUNDED_CURVE()
B_SPLINE_CURVE(2,(#2968,#2969,#2970,#2971,#2972,#2973,#2974,#2975,#2976,
#2977,#2978,#2979,#2980,#2981,#2982,#2983,#2984),.UNSPECIFIED.,.F.,.F.)
B_SPLINE_CURVE_WITH_KNOTS((3,2,2,2,2,2,2,2,3),(0.,0.125,0.25,0.375,0.5,
0.625,0.75,0.875,1.),.PIECEWISE_BEZIER_KNOTS.)
CURVE()
GEOMETRIC_REPRESENTATION_ITEM()
RATIONAL_B_SPLINE_CURVE((1.,0.965925826289068,1.,0.965925826289068,1.,0.965925826289068,
1.,0.965925826289068,1.,0.965925826289068,1.,0.965925826289068,1.,0.965925826289068,
1.,0.965925826289068,1.))
REPRESENTATION_ITEM('')
);
#106=(
BOUNDED_CURVE()
B_SPLINE_CURVE(2,(#2988,#2989,#2990,#2991,#2992,#2993,#2994,#2995,#2996,
#2997,#2998,#2999,#3000,#3001,#3002,#3003,#3004),.UNSPECIFIED.,.F.,.F.)
B_SPLINE_CURVE_WITH_KNOTS((3,2,2,2,2,2,2,2,3),(0.,0.125,0.25,0.375,0.5,
0.625,0.75,0.875,1.),.PIECEWISE_BEZIER_KNOTS.)
CURVE()
GEOMETRIC_REPRESENTATION_ITEM()
RATIONAL_B_SPLINE_CURVE((1.,0.965925826289068,1.,0.965925826289068,1.,0.965925826289068,
1.,0.965925826289068,1.,0.965925826289068,1.,0.965925826289068,1.,0.965925826289068,
1.,0.965925826289068,1.))
REPRESENTATION_ITEM('')
);
#107=(
BOUNDED_CURVE()
B_SPLINE_CURVE(2,(#3009,#3010,#3011,#3012,#3013,#3014,#3015,#3016,#3017,
#3018,#3019,#3020,#3021,#3022,#3023,#3024,#3025),.UNSPECIFIED.,.F.,.F.)
B_SPLINE_CURVE_WITH_KNOTS((3,2,2,2,2,2,2,2,3),(0.,0.125,0.25,0.375,0.5,
0.625,0.75,0.875,1.),.PIECEWISE_BEZIER_KNOTS.)
CURVE()
GEOMETRIC_REPRESENTATION_ITEM()
RATIONAL_B_SPLINE_CURVE((1.,0.965925826289068,1.,0.965925826289068,1.,0.965925826289068,
1.,0.965925826289068,1.,0.965925826289068,1.,0.965925826289068,1.,0.965925826289068,
1.,0.965925826289068,1.))
REPRESENTATION_ITEM('')
);
#108=(
BOUNDED_CURVE()
B_SPLINE_CURVE(2,(#3029,#3030,#3031,#3032,#3033,#3034,#3035,#3036,#3037,
#3038,#3039,#3040,#3041,#3042,#3043,#3044,#3045),.UNSPECIFIED.,.F.,.F.)
B_SPLINE_CURVE_WITH_KNOTS((3,2,2,2,2,2,2,2,3),(0.,0.125,0.25,0.375,0.5,
0.625,0.75,0.875,1.),.PIECEWISE_BEZIER_KNOTS.)
CURVE()
GEOMETRIC_REPRESENTATION_ITEM()
RATIONAL_B_SPLINE_CURVE((1.,0.965925826289068,1.,0.965925826289068,1.,0.965925826289068,
1.,0.965925826289068,1.,0.965925826289068,1.,0.965925826289068,1.,0.965925826289068,
1.,0.965925826289068,1.))
REPRESENTATION_ITEM('')
);
#109=(
BOUNDED_CURVE()
B_SPLINE_CURVE(2,(#3050,#3051,#3052,#3053,#3054,#3055,#3056,#3057,#3058,
#3059,#3060,#3061,#3062,#3063,#3064,#3065,#3066),.UNSPECIFIED.,.F.,.F.)
B_SPLINE_CURVE_WITH_KNOTS((3,2,2,2,2,2,2,2,3),(0.,0.125,0.25,0.375,0.5,
0.625,0.75,0.875,1.),.PIECEWISE_BEZIER_KNOTS.)
CURVE()
GEOMETRIC_REPRESENTATION_ITEM()
RATIONAL_B_SPLINE_CURVE((1.,0.965925826289068,1.,0.965925826289068,1.,0.965925826289068,
1.,0.965925826289068,1.,0.965925826289068,1.,0.965925826289068,1.,0.965925826289068,
1.,0.965925826289068,1.))
REPRESENTATION_ITEM('')
);
#110=(
BOUNDED_CURVE()
B_SPLINE_CURVE(2,(#3070,#3071,#3072,#3073,#3074,#3075,#3076,#3077,#3078,
#3079,#3080,#3081,#3082,#3083,#3084,#3085,#3086),.UNSPECIFIED.,.F.,.F.)
B_SPLINE_CURVE_WITH_KNOTS((3,2,2,2,2,2,2,2,3),(0.,0.125,0.25,0.375,0.5,
0.625,0.75,0.875,1.),.PIECEWISE_BEZIER_KNOTS.)
CURVE()
GEOMETRIC_REPRESENTATION_ITEM()
RATIONAL_B_SPLINE_CURVE((1.,0.965925826289068,1.,0.965925826289068,1.,0.965925826289068,
1.,0.965925826289068,1.,0.965925826289068,1.,0.965925826289068,1.,0.965925826289068,
1.,0.965925826289068,1.))
REPRESENTATION_ITEM('')
);
#111=(
BOUNDED_CURVE()
B_SPLINE_CURVE(2,(#3091,#3092,#3093,#3094,#3095,#3096,#3097,#3098,#3099,
#3100,#3101,#3102,#3103,#3104,#3105,#3106,#3107),.UNSPECIFIED.,.F.,.F.)
B_SPLINE_CURVE_WITH_KNOTS((3,2,2,2,2,2,2,2,3),(0.,0.125,0.25,0.375,0.5,
0.625,0.75,0.875,1.),.PIECEWISE_BEZIER_KNOTS.)
CURVE()
GEOMETRIC_REPRESENTATION_ITEM()
RATIONAL_B_SPLINE_CURVE((1.,0.965925826289068,1.,0.965925826289068,1.,0.965925826289068,
1.,0.965925826289068,1.,0.965925826289068,1.,0.965925826289068,1.,0.965925826289068,
1.,0.965925826289068,1.))
REPRESENTATION_ITEM('')
);
#112=(
BOUNDED_CURVE()
B_SPLINE_CURVE(2,(#3111,#3112,#3113,#3114,#3115,#3116,#3117,#3118,#3119,
#3120,#3121,#3122,#3123,#3124,#3125,#3126,#3127),.UNSPECIFIED.,.F.,.F.)
B_SPLINE_CURVE_WITH_KNOTS((3,2,2,2,2,2,2,2,3),(0.,0.125,0.25,0.375,0.5,
0.625,0.75,0.875,1.),.PIECEWISE_BEZIER_KNOTS.)
CURVE()
GEOMETRIC_REPRESENTATION_ITEM()
RATIONAL_B_SPLINE_CURVE((1.,0.965925826289068,1.,0.965925826289068,1.,0.965925826289068,
1.,0.965925826289068,1.,0.965925826289068,1.,0.965925826289068,1.,0.965925826289068,
1.,0.965925826289068,1.))
REPRESENTATION_ITEM('')
);
#113=(
BOUNDED_CURVE()
B_SPLINE_CURVE(2,(#3132,#3133,#3134,#3135,#3136,#3137,#3138,#3139,#3140,
#3141,#3142,#3143,#3144,#3145,#3146,#3147,#3148),.UNSPECIFIED.,.F.,.F.)
B_SPLINE_CURVE_WITH_KNOTS((3,2,2,2,2,2,2,2,3),(0.,0.125,0.25,0.375,0.5,
0.625,0.75,0.875,1.),.PIECEWISE_BEZIER_KNOTS.)
CURVE()
GEOMETRIC_REPRESENTATION_ITEM()
RATIONAL_B_SPLINE_CURVE((1.,0.965925826289068,1.,0.965925826289068,1.,0.965925826289068,
1.,0.965925826289068,1.,0.965925826289068,1.,0.965925826289068,1.,0.965925826289068,
1.,0.965925826289068,1.))
REPRESENTATION_ITEM('')
);
#114=(
BOUNDED_CURVE()
B_SPLINE_CURVE(2,(#3152,#3153,#3154,#3155,#3156,#3157,#3158,#3159,#3160,
#3161,#3162,#3163,#3164,#3165,#3166,#3167,#3168),.UNSPECIFIED.,.F.,.F.)
B_SPLINE_CURVE_WITH_KNOTS((3,2,2,2,2,2,2,2,3),(0.,0.125,0.25,0.375,0.5,
0.625,0.75,0.875,1.),.PIECEWISE_BEZIER_KNOTS.)
CURVE()
GEOMETRIC_REPRESENTATION_ITEM()
RATIONAL_B_SPLINE_CURVE((1.,0.965925826289068,1.,0.965925826289068,1.,0.965925826289068,
1.,0.965925826289068,1.,0.965925826289068,1.,0.965925826289068,1.,0.965925826289068,
1.,0.965925826289068,1.))
REPRESENTATION_ITEM('')
);
#115=(
BOUNDED_CURVE()
B_SPLINE_CURVE(2,(#3173,#3174,#3175,#3176,#3177,#3178,#3179,#3180,#3181,
#3182,#3183,#3184,#3185,#3186,#3187,#3188,#3189),.UNSPECIFIED.,.F.,.F.)
B_SPLINE_CURVE_WITH_KNOTS((3,2,2,2,2,2,2,2,3),(0.,0.125,0.25,0.375,0.5,
0.625,0.75,0.875,1.),.PIECEWISE_BEZIER_KNOTS.)
CURVE()
GEOMETRIC_REPRESENTATION_ITEM()
RATIONAL_B_SPLINE_CURVE((1.,0.965925826289068,1.,0.965925826289068,1.,0.965925826289068,
1.,0.965925826289068,1.,0.965925826289068,1.,0.965925826289068,1.,0.965925826289068,
1.,0.965925826289068,1.))
REPRESENTATION_ITEM('')
);
#116=(
BOUNDED_CURVE()
B_SPLINE_CURVE(2,(#3193,#3194,#3195,#3196,#3197,#3198,#3199,#3200,#3201,
#3202,#3203,#3204,#3205,#3206,#3207,#3208,#3209),.UNSPECIFIED.,.F.,.F.)
B_SPLINE_CURVE_WITH_KNOTS((3,2,2,2,2,2,2,2,3),(0.,0.125,0.25,0.375,0.5,
0.625,0.75,0.875,1.),.PIECEWISE_BEZIER_KNOTS.)
CURVE()
GEOMETRIC_REPRESENTATION_ITEM()
RATIONAL_B_SPLINE_CURVE((1.,0.965925826289068,1.,0.965925826289068,1.,0.965925826289068,
1.,0.965925826289068,1.,0.965925826289068,1.,0.965925826289068,1.,0.965925826289068,
1.,0.965925826289068,1.))
REPRESENTATION_ITEM('')
);
#117=(
BOUNDED_CURVE()
B_SPLINE_CURVE(2,(#3214,#3215,#3216,#3217,#3218,#3219,#3220,#3221,#3222,
#3223,#3224,#3225,#3226,#3227,#3228,#3229,#3230),.UNSPECIFIED.,.F.,.F.)
B_SPLINE_CURVE_WITH_KNOTS((3,2,2,2,2,2,2,2,3),(0.,0.125,0.25,0.375,0.5,
0.625,0.75,0.875,1.),.PIECEWISE_BEZIER_KNOTS.)
CURVE()
GEOMETRIC_REPRESENTATION_ITEM()
RATIONAL_B_SPLINE_CURVE((1.,0.965925826289068,1.,0.965925826289068,1.,0.965925826289068,
1.,0.965925826289068,1.,0.965925826289068,1.,0.965925826289068,1.,0.965925826289068,
1.,0.965925826289068,1.))
REPRESENTATION_ITEM('')
);
#118=(
BOUNDED_CURVE()
B_SPLINE_CURVE(2,(#3234,#3235,#3236,#3237,#3238,#3239,#3240,#3241,#3242,
#3243,#3244,#3245,#3246,#3247,#3248,#3249,#3250),.UNSPECIFIED.,.F.,.F.)
B_SPLINE_CURVE_WITH_KNOTS((3,2,2,2,2,2,2,2,3),(0.,0.125,0.25,0.375,0.5,
0.625,0.75,0.875,1.),.PIECEWISE_BEZIER_KNOTS.)
CURVE()
GEOMETRIC_REPRESENTATION_ITEM()
RATIONAL_B_SPLINE_CURVE((1.,0.965925826289068,1.,0.965925826289068,1.,0.965925826289068,
1.,0.965925826289068,1.,0.965925826289068,1.,0.965925826289068,1.,0.965925826289068,
1.,0.965925826289068,1.))
REPRESENTATION_ITEM('')
);
#119=(
BOUNDED_CURVE()
B_SPLINE_CURVE(2,(#3255,#3256,#3257,#3258,#3259,#3260,#3261,#3262,#3263,
#3264,#3265,#3266,#3267,#3268,#3269,#3270,#3271),.UNSPECIFIED.,.F.,.F.)
B_SPLINE_CURVE_WITH_KNOTS((3,2,2,2,2,2,2,2,3),(0.,0.125,0.25,0.375,0.5,
0.625,0.75,0.875,1.),.PIECEWISE_BEZIER_KNOTS.)
CURVE()
GEOMETRIC_REPRESENTATION_ITEM()
RATIONAL_B_SPLINE_CURVE((1.,0.965925826289068,1.,0.965925826289068,1.,0.965925826289068,
1.,0.965925826289068,1.,0.965925826289068,1.,0.965925826289068,1.,0.965925826289068,
1.,0.965925826289068,1.))
REPRESENTATION_ITEM('')
);
#120=(
BOUNDED_CURVE()
B_SPLINE_CURVE(2,(#3275,#3276,#3277,#3278,#3279,#3280,#3281,#3282,#3283,
#3284,#3285,#3286,#3287,#3288,#3289,#3290,#3291),.UNSPECIFIED.,.F.,.F.)
B_SPLINE_CURVE_WITH_KNOTS((3,2,2,2,2,2,2,2,3),(0.,0.125,0.25,0.375,0.5,
0.625,0.75,0.875,1.),.PIECEWISE_BEZIER_KNOTS.)
CURVE()
GEOMETRIC_REPRESENTATION_ITEM()
RATIONAL_B_SPLINE_CURVE((1.,0.965925826289068,1.,0.965925826289068,1.,0.965925826289068,
1.,0.965925826289068,1.,0.965925826289068,1.,0.965925826289068,1.,0.965925826289068,
1.,0.965925826289068,1.))
REPRESENTATION_ITEM('')
);
#121=(
BOUNDED_CURVE()
B_SPLINE_CURVE(2,(#3296,#3297,#3298,#3299,#3300,#3301,#3302,#3303,#3304,
#3305,#3306,#3307,#3308,#3309,#3310,#3311,#3312),.UNSPECIFIED.,.F.,.F.)
B_SPLINE_CURVE_WITH_KNOTS((3,2,2,2,2,2,2,2,3),(0.,0.125,0.25,0.375,0.5,
0.625,0.75,0.875,1.),.PIECEWISE_BEZIER_KNOTS.)
CURVE()
GEOMETRIC_REPRESENTATION_ITEM()
RATIONAL_B_SPLINE_CURVE((1.,0.965925826289068,1.,0.965925826289068,1.,0.965925826289068,
1.,0.965925826289068,1.,0.965925826289068,1.,0.965925826289068,1.,0.965925826289068,
1.,0.965925826289068,1.))
REPRESENTATION_ITEM('')
);
#122=(
BOUNDED_CURVE()
B_SPLINE_CURVE(2,(#3732,#3733,#3734,#3735,#3736,#3737,#3738,#3739,#3740,
#3741,#3742,#3743,#3744,#3745,#3746,#3747,#3748),.UNSPECIFIED.,.F.,.F.)
B_SPLINE_CURVE_WITH_KNOTS((3,2,2,2,2,2,2,2,3),(0.,0.125,0.25,0.375,0.5,
0.625,0.75,0.875,1.),.UNSPECIFIED.)
CURVE()
GEOMETRIC_REPRESENTATION_ITEM()
RATIONAL_B_SPLINE_CURVE((1.,0.965925826289068,1.,0.965925826289068,1.,0.965925826289068,
1.,0.965925826289068,1.,0.965925826289068,1.,0.965925826289068,1.,0.965925826289068,
1.,0.965925826289068,1.))
REPRESENTATION_ITEM('')
);
#123=(
BOUNDED_CURVE()
B_SPLINE_CURVE(2,(#3801,#3802,#3803,#3804,#3805,#3806,#3807,#3808,#3809,
#3810,#3811,#3812,#3813,#3814,#3815,#3816,#3817),.UNSPECIFIED.,.F.,.F.)
B_SPLINE_CURVE_WITH_KNOTS((3,2,2,2,2,2,2,2,3),(0.,0.125,0.25,0.375,0.5,
0.625,0.75,0.875,1.),.UNSPECIFIED.)
CURVE()
GEOMETRIC_REPRESENTATION_ITEM()
RATIONAL_B_SPLINE_CURVE((1.,0.965925826289068,1.,0.965925826289068,1.,0.965925826289068,
1.,0.965925826289068,1.,0.965925826289068,1.,0.965925826289068,1.,0.965925826289068,
1.,0.965925826289068,1.))
REPRESENTATION_ITEM('')
);
#124=(
BOUNDED_CURVE()
B_SPLINE_CURVE(2,(#3870,#3871,#3872,#3873,#3874,#3875,#3876,#3877,#3878,
#3879,#3880,#3881,#3882,#3883,#3884,#3885,#3886),.UNSPECIFIED.,.F.,.F.)
B_SPLINE_CURVE_WITH_KNOTS((3,2,2,2,2,2,2,2,3),(0.,0.125,0.25,0.375,0.5,
0.625,0.75,0.875,1.),.UNSPECIFIED.)
CURVE()
GEOMETRIC_REPRESENTATION_ITEM()
RATIONAL_B_SPLINE_CURVE((1.,0.965925826289068,1.,0.965925826289068,1.,0.965925826289068,
1.,0.965925826289068,1.,0.965925826289068,1.,0.965925826289068,1.,0.965925826289068,
1.,0.965925826289068,1.))
REPRESENTATION_ITEM('')
);
#125=(
BOUNDED_CURVE()
B_SPLINE_CURVE(2,(#3939,#3940,#3941,#3942,#3943,#3944,#3945,#3946,#3947,
#3948,#3949,#3950,#3951,#3952,#3953,#3954,#3955),.UNSPECIFIED.,.F.,.F.)
B_SPLINE_CURVE_WITH_KNOTS((3,2,2,2,2,2,2,2,3),(0.,0.125,0.25,0.375,0.5,
0.625,0.75,0.875,1.),.UNSPECIFIED.)
CURVE()
GEOMETRIC_REPRESENTATION_ITEM()
RATIONAL_B_SPLINE_CURVE((1.,0.965925826289068,1.,0.965925826289068,1.,0.965925826289068,
1.,0.965925826289068,1.,0.965925826289068,1.,0.965925826289068,1.,0.965925826289068,
1.,0.965925826289068,1.))
REPRESENTATION_ITEM('')
);
#126=(
BOUNDED_CURVE()
B_SPLINE_CURVE(2,(#4008,#4009,#4010,#4011,#4012,#4013,#4014,#4015,#4016,
#4017,#4018,#4019,#4020,#4021,#4022,#4023,#4024),.UNSPECIFIED.,.F.,.F.)
B_SPLINE_CURVE_WITH_KNOTS((3,2,2,2,2,2,2,2,3),(0.,0.125,0.25,0.375,0.5,
0.625,0.75,0.875,1.),.UNSPECIFIED.)
CURVE()
GEOMETRIC_REPRESENTATION_ITEM()
RATIONAL_B_SPLINE_CURVE((1.,0.965925826289068,1.,0.965925826289068,1.,0.965925826289068,
1.,0.965925826289068,1.,0.965925826289068,1.,0.965925826289068,1.,0.965925826289068,
1.,0.965925826289068,1.))
REPRESENTATION_ITEM('')
);
#127=(
BOUNDED_CURVE()
B_SPLINE_CURVE(2,(#4077,#4078,#4079,#4080,#4081,#4082,#4083,#4084,#4085,
#4086,#4087,#4088,#4089,#4090,#4091,#4092,#4093),.UNSPECIFIED.,.F.,.F.)
B_SPLINE_CURVE_WITH_KNOTS((3,2,2,2,2,2,2,2,3),(0.,0.125,0.25,0.375,0.5,
0.625,0.75,0.875,1.),.UNSPECIFIED.)
CURVE()
GEOMETRIC_REPRESENTATION_ITEM()
RATIONAL_B_SPLINE_CURVE((1.,0.965925826289068,1.,0.965925826289068,1.,0.965925826289068,
1.,0.965925826289068,1.,0.965925826289068,1.,0.965925826289068,1.,0.965925826289068,
1.,0.965925826289068,1.))
REPRESENTATION_ITEM('')
);
#128=(
BOUNDED_CURVE()
B_SPLINE_CURVE(2,(#4146,#4147,#4148,#4149,#4150,#4151,#4152,#4153,#4154,
#4155,#4156,#4157,#4158,#4159,#4160,#4161,#4162),.UNSPECIFIED.,.F.,.F.)
B_SPLINE_CURVE_WITH_KNOTS((3,2,2,2,2,2,2,2,3),(0.,0.125,0.25,0.375,0.5,
0.625,0.75,0.875,1.),.UNSPECIFIED.)
CURVE()
GEOMETRIC_REPRESENTATION_ITEM()
RATIONAL_B_SPLINE_CURVE((1.,0.965925826289068,1.,0.965925826289068,1.,0.965925826289068,
1.,0.965925826289068,1.,0.965925826289068,1.,0.965925826289068,1.,0.965925826289068,
1.,0.965925826289068,1.))
REPRESENTATION_ITEM('')
);
#129=(
BOUNDED_CURVE()
B_SPLINE_CURVE(2,(#4215,#4216,#4217,#4218,#4219,#4220,#4221,#4222,#4223,
#4224,#4225,#4226,#4227,#4228,#4229,#4230,#4231),.UNSPECIFIED.,.F.,.F.)
B_SPLINE_CURVE_WITH_KNOTS((3,2,2,2,2,2,2,2,3),(0.,0.125,0.25,0.375,0.5,
0.625,0.75,0.875,1.),.UNSPECIFIED.)
CURVE()
GEOMETRIC_REPRESENTATION_ITEM()
RATIONAL_B_SPLINE_CURVE((1.,0.965925826289068,1.,0.965925826289068,1.,0.965925826289068,
1.,0.965925826289068,1.,0.965925826289068,1.,0.965925826289068,1.,0.965925826289068,
1.,0.965925826289068,1.))
REPRESENTATION_ITEM('')
);
#130=(
BOUNDED_CURVE()
B_SPLINE_CURVE(2,(#4284,#4285,#4286,#4287,#4288,#4289,#4290,#4291,#4292,
#4293,#4294,#4295,#4296,#4297,#4298,#4299,#4300),.UNSPECIFIED.,.F.,.F.)
B_SPLINE_CURVE_WITH_KNOTS((3,2,2,2,2,2,2,2,3),(0.,0.125,0.25,0.375,0.5,
0.625,0.75,0.875,1.),.UNSPECIFIED.)
CURVE()
GEOMETRIC_REPRESENTATION_ITEM()
RATIONAL_B_SPLINE_CURVE((1.,0.965925826289068,1.,0.965925826289068,1.,0.965925826289068,
1.,0.965925826289068,1.,0.965925826289068,1.,0.965925826289068,1.,0.965925826289068,
1.,0.965925826289068,1.))
REPRESENTATION_ITEM('')
);
#131=(
BOUNDED_CURVE()
B_SPLINE_CURVE(2,(#4353,#4354,#4355,#4356,#4357,#4358,#4359,#4360,#4361,
#4362,#4363,#4364,#4365,#4366,#4367,#4368,#4369),.UNSPECIFIED.,.F.,.F.)
B_SPLINE_CURVE_WITH_KNOTS((3,2,2,2,2,2,2,2,3),(0.,0.125,0.25,0.375,0.5,
0.625,0.75,0.875,1.),.UNSPECIFIED.)
CURVE()
GEOMETRIC_REPRESENTATION_ITEM()
RATIONAL_B_SPLINE_CURVE((1.,0.965925826289068,1.,0.965925826289068,1.,0.965925826289068,
1.,0.965925826289068,1.,0.965925826289068,1.,0.965925826289068,1.,0.965925826289068,
1.,0.965925826289068,1.))
REPRESENTATION_ITEM('')
);
#132=(
BOUNDED_CURVE()
B_SPLINE_CURVE(2,(#4422,#4423,#4424,#4425,#4426,#4427,#4428,#4429,#4430,
#4431,#4432,#4433,#4434,#4435,#4436,#4437,#4438),.UNSPECIFIED.,.F.,.F.)
B_SPLINE_CURVE_WITH_KNOTS((3,2,2,2,2,2,2,2,3),(0.,0.125,0.25,0.375,0.5,
0.625,0.75,0.875,1.),.UNSPECIFIED.)
CURVE()
GEOMETRIC_REPRESENTATION_ITEM()
RATIONAL_B_SPLINE_CURVE((1.,0.965925826289068,1.,0.965925826289068,1.,0.965925826289068,
1.,0.965925826289068,1.,0.965925826289068,1.,0.965925826289068,1.,0.965925826289068,
1.,0.965925826289068,1.))
REPRESENTATION_ITEM('')
);
#133=(
BOUNDED_CURVE()
B_SPLINE_CURVE(2,(#4491,#4492,#4493,#4494,#4495,#4496,#4497,#4498,#4499,
#4500,#4501,#4502,#4503,#4504,#4505,#4506,#4507),.UNSPECIFIED.,.F.,.F.)
B_SPLINE_CURVE_WITH_KNOTS((3,2,2,2,2,2,2,2,3),(0.,0.125,0.25,0.375,0.5,
0.625,0.75,0.875,1.),.UNSPECIFIED.)
CURVE()
GEOMETRIC_REPRESENTATION_ITEM()
RATIONAL_B_SPLINE_CURVE((1.,0.965925826289068,1.,0.965925826289068,1.,0.965925826289068,
1.,0.965925826289068,1.,0.965925826289068,1.,0.965925826289068,1.,0.965925826289068,
1.,0.965925826289068,1.))
REPRESENTATION_ITEM('')
);
#134=(
BOUNDED_CURVE()
B_SPLINE_CURVE(2,(#4560,#4561,#4562,#4563,#4564,#4565,#4566,#4567,#4568,
#4569,#4570,#4571,#4572,#4573,#4574,#4575,#4576),.UNSPECIFIED.,.F.,.F.)
B_SPLINE_CURVE_WITH_KNOTS((3,2,2,2,2,2,2,2,3),(0.,0.125,0.25,0.375,0.5,
0.625,0.75,0.875,1.),.UNSPECIFIED.)
CURVE()
GEOMETRIC_REPRESENTATION_ITEM()
RATIONAL_B_SPLINE_CURVE((1.,0.965925826289068,1.,0.965925826289068,1.,0.965925826289068,
1.,0.965925826289068,1.,0.965925826289068,1.,0.965925826289068,1.,0.965925826289068,
1.,0.965925826289068,1.))
REPRESENTATION_ITEM('')
);
#135=(
BOUNDED_CURVE()
B_SPLINE_CURVE(2,(#4629,#4630,#4631,#4632,#4633,#4634,#4635,#4636,#4637,
#4638,#4639,#4640,#4641,#4642,#4643,#4644,#4645),.UNSPECIFIED.,.F.,.F.)
B_SPLINE_CURVE_WITH_KNOTS((3,2,2,2,2,2,2,2,3),(0.,0.125,0.25,0.375,0.5,
0.625,0.75,0.875,1.),.UNSPECIFIED.)
CURVE()
GEOMETRIC_REPRESENTATION_ITEM()
RATIONAL_B_SPLINE_CURVE((1.,0.965925826289068,1.,0.965925826289068,1.,0.965925826289068,
1.,0.965925826289068,1.,0.965925826289068,1.,0.965925826289068,1.,0.965925826289068,
1.,0.965925826289068,1.))
REPRESENTATION_ITEM('')
);
#136=(
BOUNDED_CURVE()
B_SPLINE_CURVE(2,(#4698,#4699,#4700,#4701,#4702,#4703,#4704,#4705,#4706,
#4707,#4708,#4709,#4710,#4711,#4712,#4713,#4714),.UNSPECIFIED.,.F.,.F.)
B_SPLINE_CURVE_WITH_KNOTS((3,2,2,2,2,2,2,2,3),(0.,0.125,0.25,0.375,0.5,
0.625,0.75,0.875,1.),.UNSPECIFIED.)
CURVE()
GEOMETRIC_REPRESENTATION_ITEM()
RATIONAL_B_SPLINE_CURVE((1.,0.965925826289068,1.,0.965925826289068,1.,0.965925826289068,
1.,0.965925826289068,1.,0.965925826289068,1.,0.965925826289068,1.,0.965925826289068,
1.,0.965925826289068,1.))
REPRESENTATION_ITEM('')
);
#137=(
BOUNDED_CURVE()
B_SPLINE_CURVE(2,(#4767,#4768,#4769,#4770,#4771,#4772,#4773,#4774,#4775,
#4776,#4777,#4778,#4779,#4780,#4781,#4782,#4783),.UNSPECIFIED.,.F.,.F.)
B_SPLINE_CURVE_WITH_KNOTS((3,2,2,2,2,2,2,2,3),(0.,0.125,0.25,0.375,0.5,
0.625,0.75,0.875,1.),.UNSPECIFIED.)
CURVE()
GEOMETRIC_REPRESENTATION_ITEM()
RATIONAL_B_SPLINE_CURVE((1.,0.965925826289068,1.,0.965925826289068,1.,0.965925826289068,
1.,0.965925826289068,1.,0.965925826289068,1.,0.965925826289068,1.,0.965925826289068,
1.,0.965925826289068,1.))
REPRESENTATION_ITEM('')
);
#138=(
BOUNDED_CURVE()
B_SPLINE_CURVE(2,(#4836,#4837,#4838,#4839,#4840,#4841,#4842,#4843,#4844,
#4845,#4846,#4847,#4848,#4849,#4850,#4851,#4852),.UNSPECIFIED.,.F.,.F.)
B_SPLINE_CURVE_WITH_KNOTS((3,2,2,2,2,2,2,2,3),(0.,0.125,0.25,0.375,0.5,
0.625,0.75,0.875,1.),.UNSPECIFIED.)
CURVE()
GEOMETRIC_REPRESENTATION_ITEM()
RATIONAL_B_SPLINE_CURVE((1.,0.965925826289068,1.,0.965925826289068,1.,0.965925826289068,
1.,0.965925826289068,1.,0.965925826289068,1.,0.965925826289068,1.,0.965925826289068,
1.,0.965925826289068,1.))
REPRESENTATION_ITEM('')
);
#139=(
BOUNDED_CURVE()
B_SPLINE_CURVE(2,(#4905,#4906,#4907,#4908,#4909,#4910,#4911,#4912,#4913,
#4914,#4915,#4916,#4917,#4918,#4919,#4920,#4921),.UNSPECIFIED.,.F.,.F.)
B_SPLINE_CURVE_WITH_KNOTS((3,2,2,2,2,2,2,2,3),(0.,0.125,0.25,0.375,0.5,
0.625,0.75,0.875,1.),.UNSPECIFIED.)
CURVE()
GEOMETRIC_REPRESENTATION_ITEM()
RATIONAL_B_SPLINE_CURVE((1.,0.965925826289068,1.,0.965925826289068,1.,0.965925826289068,
1.,0.965925826289068,1.,0.965925826289068,1.,0.965925826289068,1.,0.965925826289068,
1.,0.965925826289068,1.))
REPRESENTATION_ITEM('')
);
#140=(
BOUNDED_CURVE()
B_SPLINE_CURVE(2,(#4974,#4975,#4976,#4977,#4978,#4979,#4980,#4981,#4982,
#4983,#4984,#4985,#4986,#4987,#4988,#4989,#4990),.UNSPECIFIED.,.F.,.F.)
B_SPLINE_CURVE_WITH_KNOTS((3,2,2,2,2,2,2,2,3),(0.,0.125,0.25,0.375,0.5,
0.625,0.75,0.875,1.),.UNSPECIFIED.)
CURVE()
GEOMETRIC_REPRESENTATION_ITEM()
RATIONAL_B_SPLINE_CURVE((1.,0.965925826289068,1.,0.965925826289068,1.,0.965925826289068,
1.,0.965925826289068,1.,0.965925826289068,1.,0.965925826289068,1.,0.965925826289068,
1.,0.965925826289068,1.))
REPRESENTATION_ITEM('')
);
#141=(
BOUNDED_CURVE()
B_SPLINE_CURVE(2,(#5043,#5044,#5045,#5046,#5047,#5048,#5049,#5050,#5051,
#5052,#5053,#5054,#5055,#5056,#5057,#5058,#5059),.UNSPECIFIED.,.F.,.F.)
B_SPLINE_CURVE_WITH_KNOTS((3,2,2,2,2,2,2,2,3),(0.,0.125,0.25,0.375,0.5,
0.625,0.75,0.875,1.),.UNSPECIFIED.)
CURVE()
GEOMETRIC_REPRESENTATION_ITEM()
RATIONAL_B_SPLINE_CURVE((1.,0.965925826289068,1.,0.965925826289068,1.,0.965925826289068,
1.,0.965925826289068,1.,0.965925826289068,1.,0.965925826289068,1.,0.965925826289068,
1.,0.965925826289068,1.))
REPRESENTATION_ITEM('')
);
#142=COLOUR_RGB('',0.96078431372549,0.835294117647059,0.470588235294118);
#143=SHAPE_REPRESENTATION_RELATIONSHIP('','',#2132,#145);
#144=SHAPE_REPRESENTATION_RELATIONSHIP('','',#2133,#146);
#145=ADVANCED_BREP_SHAPE_REPRESENTATION('',(#2128),#5126);
#146=ADVANCED_BREP_SHAPE_REPRESENTATION('',(#2129),#5127);
#147=CYLINDRICAL_SURFACE('',#2154,0.00694043248523882);
#148=CYLINDRICAL_SURFACE('',#2172,0.00462942098999307);
#149=CYLINDRICAL_SURFACE('',#2175,0.00462942098999307);
#150=CYLINDRICAL_SURFACE('',#2178,0.00462942098999307);
#151=CYLINDRICAL_SURFACE('',#2181,0.00462942098999307);
#152=CYLINDRICAL_SURFACE('',#2184,0.00462942098999307);
#153=CYLINDRICAL_SURFACE('',#2187,0.00462942098999307);
#154=CYLINDRICAL_SURFACE('',#2190,0.00462942098999307);
#155=CYLINDRICAL_SURFACE('',#2193,0.00462942098999307);
#156=CYLINDRICAL_SURFACE('',#2196,0.00462942098999307);
#157=CYLINDRICAL_SURFACE('',#2199,0.00462942098999307);
#158=CYLINDRICAL_SURFACE('',#2222,0.00924844824262262);
#159=CIRCLE('',#2148,0.00694043248523882);
#160=CIRCLE('',#2151,0.00694043248523882);
#161=CIRCLE('',#2165,0.00924844824262262);
#162=CIRCLE('',#2171,0.00924844824262262);
#163=CIRCLE('',#2173,0.00462942098999307);
#164=CIRCLE('',#2174,0.00462942098999307);
#165=CIRCLE('',#2176,0.00462942098999307);
#166=CIRCLE('',#2177,0.00462942098999307);
#167=CIRCLE('',#2179,0.00462942098999307);
#168=CIRCLE('',#2180,0.00462942098999307);
#169=CIRCLE('',#2182,0.00462942098999307);
#170=CIRCLE('',#2183,0.00462942098999307);
#171=CIRCLE('',#2185,0.00462942098999307);
#172=CIRCLE('',#2186,0.00462942098999307);
#173=CIRCLE('',#2188,0.00462942098999307);
#174=CIRCLE('',#2189,0.00462942098999307);
#175=CIRCLE('',#2191,0.00462942098999307);
#176=CIRCLE('',#2192,0.00462942098999307);
#177=CIRCLE('',#2194,0.00462942098999307);
#178=CIRCLE('',#2195,0.00462942098999307);
#179=CIRCLE('',#2197,0.00462942098999307);
#180=CIRCLE('',#2198,0.00462942098999307);
#181=CIRCLE('',#2200,0.00462942098999307);
#182=CIRCLE('',#2201,0.00462942098999307);
#183=CIRCLE('',#2213,0.00763307160541907);
#184=CIRCLE('',#2218,0.00763307160541907);
#185=ORIENTED_EDGE('',*,*,#805,.F.);
#186=ORIENTED_EDGE('',*,*,#806,.F.);
#187=ORIENTED_EDGE('',*,*,#807,.T.);
#188=ORIENTED_EDGE('',*,*,#808,.T.);
#189=ORIENTED_EDGE('',*,*,#806,.T.);
#190=ORIENTED_EDGE('',*,*,#809,.T.);
#191=ORIENTED_EDGE('',*,*,#810,.F.);
#192=ORIENTED_EDGE('',*,*,#811,.T.);
#193=ORIENTED_EDGE('',*,*,#812,.T.);
#194=ORIENTED_EDGE('',*,*,#813,.F.);
#195=ORIENTED_EDGE('',*,*,#814,.T.);
#196=ORIENTED_EDGE('',*,*,#815,.T.);
#197=ORIENTED_EDGE('',*,*,#816,.F.);
#198=ORIENTED_EDGE('',*,*,#817,.F.);
#199=ORIENTED_EDGE('',*,*,#818,.F.);
#200=ORIENTED_EDGE('',*,*,#819,.T.);
#201=ORIENTED_EDGE('',*,*,#820,.F.);
#202=ORIENTED_EDGE('',*,*,#821,.T.);
#203=ORIENTED_EDGE('',*,*,#816,.T.);
#204=ORIENTED_EDGE('',*,*,#822,.T.);
#205=ORIENTED_EDGE('',*,*,#823,.F.);
#206=ORIENTED_EDGE('',*,*,#824,.T.);
#207=ORIENTED_EDGE('',*,*,#825,.T.);
#208=ORIENTED_EDGE('',*,*,#820,.T.);
#209=ORIENTED_EDGE('',*,*,#826,.F.);
#210=ORIENTED_EDGE('',*,*,#827,.F.);
#211=ORIENTED_EDGE('',*,*,#828,.T.);
#212=ORIENTED_EDGE('',*,*,#829,.F.);
#213=ORIENTED_EDGE('',*,*,#830,.F.);
#214=ORIENTED_EDGE('',*,*,#831,.T.);
#215=ORIENTED_EDGE('',*,*,#832,.F.);
#216=ORIENTED_EDGE('',*,*,#808,.F.);
#217=ORIENTED_EDGE('',*,*,#807,.F.);
#218=ORIENTED_EDGE('',*,*,#819,.F.);
#219=ORIENTED_EDGE('',*,*,#833,.T.);
#220=ORIENTED_EDGE('',*,*,#823,.T.);
#221=ORIENTED_EDGE('',*,*,#822,.F.);
#222=ORIENTED_EDGE('',*,*,#815,.F.);
#223=ORIENTED_EDGE('',*,*,#834,.T.);
#224=ORIENTED_EDGE('',*,*,#826,.T.);
#225=ORIENTED_EDGE('',*,*,#835,.F.);
#226=ORIENTED_EDGE('',*,*,#828,.F.);
#227=ORIENTED_EDGE('',*,*,#836,.T.);
#228=ORIENTED_EDGE('',*,*,#813,.T.);
#229=ORIENTED_EDGE('',*,*,#809,.F.);
#230=ORIENTED_EDGE('',*,*,#805,.T.);
#231=ORIENTED_EDGE('',*,*,#832,.T.);
#232=ORIENTED_EDGE('',*,*,#837,.F.);
#233=ORIENTED_EDGE('',*,*,#836,.F.);
#234=ORIENTED_EDGE('',*,*,#827,.T.);
#235=ORIENTED_EDGE('',*,*,#834,.F.);
#236=ORIENTED_EDGE('',*,*,#814,.F.);
#237=ORIENTED_EDGE('',*,*,#829,.T.);
#238=ORIENTED_EDGE('',*,*,#835,.T.);
#239=ORIENTED_EDGE('',*,*,#812,.F.);
#240=ORIENTED_EDGE('',*,*,#838,.T.);
#241=ORIENTED_EDGE('',*,*,#810,.T.);
#242=ORIENTED_EDGE('',*,*,#837,.T.);
#243=ORIENTED_EDGE('',*,*,#831,.F.);
#244=ORIENTED_EDGE('',*,*,#839,.F.);
#245=ORIENTED_EDGE('',*,*,#840,.F.);
#246=ORIENTED_EDGE('',*,*,#841,.T.);
#247=ORIENTED_EDGE('',*,*,#842,.T.);
#248=ORIENTED_EDGE('',*,*,#843,.F.);
#249=ORIENTED_EDGE('',*,*,#838,.F.);
#250=ORIENTED_EDGE('',*,*,#811,.F.);
#251=ORIENTED_EDGE('',*,*,#839,.T.);
#252=ORIENTED_EDGE('',*,*,#830,.T.);
#253=ORIENTED_EDGE('',*,*,#844,.F.);
#254=ORIENTED_EDGE('',*,*,#841,.F.);
#255=ORIENTED_EDGE('',*,*,#845,.F.);
#256=ORIENTED_EDGE('',*,*,#846,.T.);
#257=ORIENTED_EDGE('',*,*,#847,.T.);
#258=ORIENTED_EDGE('',*,*,#840,.T.);
#259=ORIENTED_EDGE('',*,*,#848,.F.);
#260=ORIENTED_EDGE('',*,*,#849,.F.);
#261=ORIENTED_EDGE('',*,*,#845,.T.);
#262=ORIENTED_EDGE('',*,*,#850,.T.);
#263=ORIENTED_EDGE('',*,*,#843,.T.);
#264=ORIENTED_EDGE('',*,*,#851,.F.);
#265=ORIENTED_EDGE('',*,*,#852,.F.);
#266=ORIENTED_EDGE('',*,*,#848,.T.);
#267=ORIENTED_EDGE('',*,*,#842,.F.);
#268=ORIENTED_EDGE('',*,*,#847,.F.);
#269=ORIENTED_EDGE('',*,*,#853,.T.);
#270=ORIENTED_EDGE('',*,*,#851,.T.);
#271=ORIENTED_EDGE('',*,*,#846,.F.);
#272=ORIENTED_EDGE('',*,*,#849,.T.);
#273=ORIENTED_EDGE('',*,*,#852,.T.);
#274=ORIENTED_EDGE('',*,*,#853,.F.);
#275=ORIENTED_EDGE('',*,*,#844,.T.);
#276=ORIENTED_EDGE('',*,*,#850,.F.);
#277=ORIENTED_EDGE('',*,*,#821,.F.);
#278=ORIENTED_EDGE('',*,*,#825,.F.);
#279=ORIENTED_EDGE('',*,*,#854,.T.);
#280=ORIENTED_EDGE('',*,*,#817,.T.);
#281=ORIENTED_EDGE('',*,*,#854,.F.);
#282=ORIENTED_EDGE('',*,*,#824,.F.);
#283=ORIENTED_EDGE('',*,*,#833,.F.);
#284=ORIENTED_EDGE('',*,*,#818,.T.);
#285=ORIENTED_EDGE('',*,*,#855,.T.);
#286=ORIENTED_EDGE('',*,*,#856,.T.);
#287=ORIENTED_EDGE('',*,*,#857,.F.);
#288=ORIENTED_EDGE('',*,*,#858,.F.);
#289=ORIENTED_EDGE('',*,*,#859,.F.);
#290=ORIENTED_EDGE('',*,*,#860,.F.);
#291=ORIENTED_EDGE('',*,*,#861,.T.);
#292=ORIENTED_EDGE('',*,*,#862,.T.);
#293=ORIENTED_EDGE('',*,*,#863,.T.);
#294=ORIENTED_EDGE('',*,*,#864,.F.);
#295=ORIENTED_EDGE('',*,*,#865,.F.);
#296=ORIENTED_EDGE('',*,*,#866,.T.);
#297=ORIENTED_EDGE('',*,*,#867,.T.);
#298=ORIENTED_EDGE('',*,*,#868,.T.);
#299=ORIENTED_EDGE('',*,*,#869,.F.);
#300=ORIENTED_EDGE('',*,*,#870,.F.);
#301=ORIENTED_EDGE('',*,*,#871,.T.);
#302=ORIENTED_EDGE('',*,*,#872,.T.);
#303=ORIENTED_EDGE('',*,*,#873,.F.);
#304=ORIENTED_EDGE('',*,*,#874,.T.);
#305=ORIENTED_EDGE('',*,*,#875,.T.);
#306=ORIENTED_EDGE('',*,*,#876,.T.);
#307=ORIENTED_EDGE('',*,*,#877,.T.);
#308=ORIENTED_EDGE('',*,*,#878,.F.);
#309=ORIENTED_EDGE('',*,*,#879,.T.);
#310=ORIENTED_EDGE('',*,*,#880,.F.);
#311=ORIENTED_EDGE('',*,*,#881,.T.);
#312=ORIENTED_EDGE('',*,*,#857,.T.);
#313=ORIENTED_EDGE('',*,*,#882,.F.);
#314=ORIENTED_EDGE('',*,*,#883,.F.);
#315=ORIENTED_EDGE('',*,*,#884,.F.);
#316=ORIENTED_EDGE('',*,*,#859,.T.);
#317=ORIENTED_EDGE('',*,*,#885,.F.);
#318=ORIENTED_EDGE('',*,*,#886,.F.);
#319=ORIENTED_EDGE('',*,*,#887,.F.);
#320=ORIENTED_EDGE('',*,*,#888,.T.);
#321=ORIENTED_EDGE('',*,*,#889,.F.);
#322=ORIENTED_EDGE('',*,*,#890,.F.);
#323=ORIENTED_EDGE('',*,*,#891,.F.);
#324=ORIENTED_EDGE('',*,*,#892,.F.);
#325=ORIENTED_EDGE('',*,*,#893,.T.);
#326=ORIENTED_EDGE('',*,*,#894,.F.);
#327=ORIENTED_EDGE('',*,*,#895,.T.);
#328=ORIENTED_EDGE('',*,*,#896,.F.);
#329=ORIENTED_EDGE('',*,*,#897,.F.);
#330=ORIENTED_EDGE('',*,*,#898,.F.);
#331=ORIENTED_EDGE('',*,*,#899,.T.);
#332=ORIENTED_EDGE('',*,*,#900,.T.);
#333=ORIENTED_EDGE('',*,*,#901,.F.);
#334=ORIENTED_EDGE('',*,*,#902,.F.);
#335=ORIENTED_EDGE('',*,*,#903,.T.);
#336=ORIENTED_EDGE('',*,*,#904,.T.);
#337=ORIENTED_EDGE('',*,*,#886,.T.);
#338=ORIENTED_EDGE('',*,*,#905,.T.);
#339=ORIENTED_EDGE('',*,*,#855,.F.);
#340=ORIENTED_EDGE('',*,*,#906,.T.);
#341=ORIENTED_EDGE('',*,*,#907,.T.);
#342=ORIENTED_EDGE('',*,*,#908,.F.);
#343=ORIENTED_EDGE('',*,*,#909,.T.);
#344=ORIENTED_EDGE('',*,*,#910,.F.);
#345=ORIENTED_EDGE('',*,*,#911,.T.);
#346=ORIENTED_EDGE('',*,*,#912,.T.);
#347=ORIENTED_EDGE('',*,*,#879,.F.);
#348=ORIENTED_EDGE('',*,*,#913,.T.);
#349=ORIENTED_EDGE('',*,*,#887,.T.);
#350=ORIENTED_EDGE('',*,*,#914,.T.);
#351=ORIENTED_EDGE('',*,*,#880,.T.);
#352=ORIENTED_EDGE('',*,*,#914,.F.);
#353=ORIENTED_EDGE('',*,*,#905,.F.);
#354=ORIENTED_EDGE('',*,*,#885,.T.);
#355=ORIENTED_EDGE('',*,*,#913,.F.);
#356=ORIENTED_EDGE('',*,*,#878,.T.);
#357=ORIENTED_EDGE('',*,*,#915,.F.);
#358=ORIENTED_EDGE('',*,*,#916,.T.);
#359=ORIENTED_EDGE('',*,*,#917,.T.);
#360=ORIENTED_EDGE('',*,*,#918,.T.);
#361=ORIENTED_EDGE('',*,*,#919,.F.);
#362=ORIENTED_EDGE('',*,*,#920,.F.);
#363=ORIENTED_EDGE('',*,*,#888,.F.);
#364=ORIENTED_EDGE('',*,*,#921,.F.);
#365=ORIENTED_EDGE('',*,*,#883,.T.);
#366=ORIENTED_EDGE('',*,*,#922,.T.);
#367=ORIENTED_EDGE('',*,*,#907,.F.);
#368=ORIENTED_EDGE('',*,*,#923,.F.);
#369=ORIENTED_EDGE('',*,*,#893,.F.);
#370=ORIENTED_EDGE('',*,*,#924,.T.);
#371=ORIENTED_EDGE('',*,*,#873,.T.);
#372=ORIENTED_EDGE('',*,*,#925,.T.);
#373=ORIENTED_EDGE('',*,*,#875,.F.);
#374=ORIENTED_EDGE('',*,*,#926,.F.);
#375=ORIENTED_EDGE('',*,*,#891,.T.);
#376=ORIENTED_EDGE('',*,*,#874,.F.);
#377=ORIENTED_EDGE('',*,*,#924,.F.);
#378=ORIENTED_EDGE('',*,*,#892,.T.);
#379=ORIENTED_EDGE('',*,*,#926,.T.);
#380=ORIENTED_EDGE('',*,*,#925,.F.);
#381=ORIENTED_EDGE('',*,*,#890,.T.);
#382=ORIENTED_EDGE('',*,*,#927,.T.);
#383=ORIENTED_EDGE('',*,*,#928,.T.);
#384=ORIENTED_EDGE('',*,*,#929,.F.);
#385=ORIENTED_EDGE('',*,*,#930,.T.);
#386=ORIENTED_EDGE('',*,*,#931,.T.);
#387=ORIENTED_EDGE('',*,*,#932,.T.);
#388=ORIENTED_EDGE('',*,*,#876,.F.);
#389=ORIENTED_EDGE('',*,*,#933,.F.);
#390=ORIENTED_EDGE('',*,*,#934,.F.);
#391=ORIENTED_EDGE('',*,*,#935,.F.);
#392=ORIENTED_EDGE('',*,*,#936,.T.);
#393=ORIENTED_EDGE('',*,*,#937,.F.);
#394=ORIENTED_EDGE('',*,*,#938,.F.);
#395=ORIENTED_EDGE('',*,*,#939,.F.);
#396=ORIENTED_EDGE('',*,*,#940,.T.);
#397=ORIENTED_EDGE('',*,*,#941,.F.);
#398=ORIENTED_EDGE('',*,*,#942,.F.);
#399=ORIENTED_EDGE('',*,*,#943,.F.);
#400=ORIENTED_EDGE('',*,*,#944,.T.);
#401=ORIENTED_EDGE('',*,*,#945,.F.);
#402=ORIENTED_EDGE('',*,*,#946,.T.);
#403=ORIENTED_EDGE('',*,*,#947,.F.);
#404=ORIENTED_EDGE('',*,*,#948,.F.);
#405=ORIENTED_EDGE('',*,*,#949,.F.);
#406=ORIENTED_EDGE('',*,*,#950,.F.);
#407=ORIENTED_EDGE('',*,*,#951,.F.);
#408=ORIENTED_EDGE('',*,*,#952,.T.);
#409=ORIENTED_EDGE('',*,*,#953,.F.);
#410=ORIENTED_EDGE('',*,*,#954,.F.);
#411=ORIENTED_EDGE('',*,*,#955,.F.);
#412=ORIENTED_EDGE('',*,*,#956,.T.);
#413=ORIENTED_EDGE('',*,*,#957,.F.);
#414=ORIENTED_EDGE('',*,*,#958,.F.);
#415=ORIENTED_EDGE('',*,*,#959,.F.);
#416=ORIENTED_EDGE('',*,*,#960,.T.);
#417=ORIENTED_EDGE('',*,*,#961,.F.);
#418=ORIENTED_EDGE('',*,*,#962,.T.);
#419=ORIENTED_EDGE('',*,*,#963,.F.);
#420=ORIENTED_EDGE('',*,*,#964,.F.);
#421=ORIENTED_EDGE('',*,*,#965,.F.);
#422=ORIENTED_EDGE('',*,*,#966,.T.);
#423=ORIENTED_EDGE('',*,*,#967,.F.);
#424=ORIENTED_EDGE('',*,*,#968,.F.);
#425=ORIENTED_EDGE('',*,*,#969,.F.);
#426=ORIENTED_EDGE('',*,*,#970,.T.);
#427=ORIENTED_EDGE('',*,*,#971,.F.);
#428=ORIENTED_EDGE('',*,*,#972,.F.);
#429=ORIENTED_EDGE('',*,*,#918,.F.);
#430=ORIENTED_EDGE('',*,*,#973,.T.);
#431=ORIENTED_EDGE('',*,*,#929,.T.);
#432=ORIENTED_EDGE('',*,*,#974,.T.);
#433=ORIENTED_EDGE('',*,*,#975,.F.);
#434=ORIENTED_EDGE('',*,*,#920,.T.);
#435=ORIENTED_EDGE('',*,*,#976,.T.);
#436=ORIENTED_EDGE('',*,*,#977,.F.);
#437=ORIENTED_EDGE('',*,*,#928,.F.);
#438=ORIENTED_EDGE('',*,*,#978,.F.);
#439=ORIENTED_EDGE('',*,*,#979,.F.);
#440=ORIENTED_EDGE('',*,*,#980,.T.);
#441=ORIENTED_EDGE('',*,*,#981,.T.);
#442=ORIENTED_EDGE('',*,*,#976,.F.);
#443=ORIENTED_EDGE('',*,*,#919,.T.);
#444=ORIENTED_EDGE('',*,*,#974,.F.);
#445=ORIENTED_EDGE('',*,*,#982,.T.);
#446=ORIENTED_EDGE('',*,*,#983,.T.);
#447=ORIENTED_EDGE('',*,*,#984,.F.);
#448=ORIENTED_EDGE('',*,*,#985,.T.);
#449=ORIENTED_EDGE('',*,*,#986,.F.);
#450=ORIENTED_EDGE('',*,*,#987,.F.);
#451=ORIENTED_EDGE('',*,*,#977,.T.);
#452=ORIENTED_EDGE('',*,*,#981,.F.);
#453=ORIENTED_EDGE('',*,*,#988,.T.);
#454=ORIENTED_EDGE('',*,*,#989,.T.);
#455=ORIENTED_EDGE('',*,*,#990,.T.);
#456=ORIENTED_EDGE('',*,*,#991,.F.);
#457=ORIENTED_EDGE('',*,*,#992,.T.);
#458=ORIENTED_EDGE('',*,*,#993,.T.);
#459=ORIENTED_EDGE('',*,*,#982,.F.);
#460=ORIENTED_EDGE('',*,*,#994,.F.);
#461=ORIENTED_EDGE('',*,*,#995,.F.);
#462=ORIENTED_EDGE('',*,*,#992,.F.);
#463=ORIENTED_EDGE('',*,*,#996,.T.);
#464=ORIENTED_EDGE('',*,*,#997,.F.);
#465=ORIENTED_EDGE('',*,*,#998,.F.);
#466=ORIENTED_EDGE('',*,*,#999,.F.);
#467=ORIENTED_EDGE('',*,*,#979,.T.);
#468=ORIENTED_EDGE('',*,*,#1000,.F.);
#469=ORIENTED_EDGE('',*,*,#1001,.T.);
#470=ORIENTED_EDGE('',*,*,#1002,.T.);
#471=ORIENTED_EDGE('',*,*,#1003,.F.);
#472=ORIENTED_EDGE('',*,*,#1004,.T.);
#473=ORIENTED_EDGE('',*,*,#1005,.F.);
#474=ORIENTED_EDGE('',*,*,#997,.T.);
#475=ORIENTED_EDGE('',*,*,#1006,.T.);
#476=ORIENTED_EDGE('',*,*,#990,.F.);
#477=ORIENTED_EDGE('',*,*,#1001,.F.);
#478=ORIENTED_EDGE('',*,*,#1007,.T.);
#479=ORIENTED_EDGE('',*,*,#889,.T.);
#480=ORIENTED_EDGE('',*,*,#975,.T.);
#481=ORIENTED_EDGE('',*,*,#987,.T.);
#482=ORIENTED_EDGE('',*,*,#1008,.T.);
#483=ORIENTED_EDGE('',*,*,#1009,.F.);
#484=ORIENTED_EDGE('',*,*,#1003,.T.);
#485=ORIENTED_EDGE('',*,*,#1010,.F.);
#486=ORIENTED_EDGE('',*,*,#985,.F.);
#487=ORIENTED_EDGE('',*,*,#986,.T.);
#488=ORIENTED_EDGE('',*,*,#1010,.T.);
#489=ORIENTED_EDGE('',*,*,#1002,.F.);
#490=ORIENTED_EDGE('',*,*,#1008,.F.);
#491=ORIENTED_EDGE('',*,*,#1011,.T.);
#492=ORIENTED_EDGE('',*,*,#1006,.F.);
#493=ORIENTED_EDGE('',*,*,#996,.F.);
#494=ORIENTED_EDGE('',*,*,#994,.T.);
#495=ORIENTED_EDGE('',*,*,#991,.T.);
#496=ORIENTED_EDGE('',*,*,#1005,.T.);
#497=ORIENTED_EDGE('',*,*,#989,.F.);
#498=ORIENTED_EDGE('',*,*,#1012,.F.);
#499=ORIENTED_EDGE('',*,*,#998,.T.);
#500=ORIENTED_EDGE('',*,*,#980,.F.);
#501=ORIENTED_EDGE('',*,*,#999,.T.);
#502=ORIENTED_EDGE('',*,*,#1012,.T.);
#503=ORIENTED_EDGE('',*,*,#988,.F.);
#504=ORIENTED_EDGE('',*,*,#927,.F.);
#505=ORIENTED_EDGE('',*,*,#1007,.F.);
#506=ORIENTED_EDGE('',*,*,#1000,.T.);
#507=ORIENTED_EDGE('',*,*,#978,.T.);
#508=ORIENTED_EDGE('',*,*,#1013,.F.);
#509=ORIENTED_EDGE('',*,*,#995,.T.);
#510=ORIENTED_EDGE('',*,*,#1014,.T.);
#511=ORIENTED_EDGE('',*,*,#983,.F.);
#512=ORIENTED_EDGE('',*,*,#993,.F.);
#513=ORIENTED_EDGE('',*,*,#1009,.T.);
#514=ORIENTED_EDGE('',*,*,#984,.T.);
#515=ORIENTED_EDGE('',*,*,#1014,.F.);
#516=ORIENTED_EDGE('',*,*,#1004,.F.);
#517=ORIENTED_EDGE('',*,*,#932,.F.);
#518=ORIENTED_EDGE('',*,*,#1015,.T.);
#519=ORIENTED_EDGE('',*,*,#915,.T.);
#520=ORIENTED_EDGE('',*,*,#877,.F.);
#521=ORIENTED_EDGE('',*,*,#931,.F.);
#522=ORIENTED_EDGE('',*,*,#1016,.T.);
#523=ORIENTED_EDGE('',*,*,#916,.F.);
#524=ORIENTED_EDGE('',*,*,#1015,.F.);
#525=ORIENTED_EDGE('',*,*,#917,.F.);
#526=ORIENTED_EDGE('',*,*,#1016,.F.);
#527=ORIENTED_EDGE('',*,*,#930,.F.);
#528=ORIENTED_EDGE('',*,*,#973,.F.);
#529=ORIENTED_EDGE('',*,*,#934,.T.);
#530=ORIENTED_EDGE('',*,*,#1017,.T.);
#531=ORIENTED_EDGE('',*,*,#1018,.T.);
#532=ORIENTED_EDGE('',*,*,#1019,.T.);
#533=ORIENTED_EDGE('',*,*,#948,.T.);
#534=ORIENTED_EDGE('',*,*,#1020,.T.);
#535=ORIENTED_EDGE('',*,*,#1021,.T.);
#536=ORIENTED_EDGE('',*,*,#1022,.T.);
#537=ORIENTED_EDGE('',*,*,#942,.T.);
#538=ORIENTED_EDGE('',*,*,#1023,.T.);
#539=ORIENTED_EDGE('',*,*,#1024,.T.);
#540=ORIENTED_EDGE('',*,*,#1025,.T.);
#541=ORIENTED_EDGE('',*,*,#968,.T.);
#542=ORIENTED_EDGE('',*,*,#1026,.T.);
#543=ORIENTED_EDGE('',*,*,#1027,.T.);
#544=ORIENTED_EDGE('',*,*,#1028,.T.);
#545=ORIENTED_EDGE('',*,*,#972,.T.);
#546=ORIENTED_EDGE('',*,*,#1029,.T.);
#547=ORIENTED_EDGE('',*,*,#1030,.T.);
#548=ORIENTED_EDGE('',*,*,#1031,.T.);
#549=ORIENTED_EDGE('',*,*,#954,.T.);
#550=ORIENTED_EDGE('',*,*,#1032,.T.);
#551=ORIENTED_EDGE('',*,*,#1033,.T.);
#552=ORIENTED_EDGE('',*,*,#1034,.T.);
#553=ORIENTED_EDGE('',*,*,#950,.T.);
#554=ORIENTED_EDGE('',*,*,#1035,.T.);
#555=ORIENTED_EDGE('',*,*,#1036,.T.);
#556=ORIENTED_EDGE('',*,*,#1037,.T.);
#557=ORIENTED_EDGE('',*,*,#964,.T.);
#558=ORIENTED_EDGE('',*,*,#1038,.T.);
#559=ORIENTED_EDGE('',*,*,#1039,.T.);
#560=ORIENTED_EDGE('',*,*,#1040,.T.);
#561=ORIENTED_EDGE('',*,*,#958,.T.);
#562=ORIENTED_EDGE('',*,*,#1041,.T.);
#563=ORIENTED_EDGE('',*,*,#1042,.T.);
#564=ORIENTED_EDGE('',*,*,#1043,.T.);
#565=ORIENTED_EDGE('',*,*,#938,.T.);
#566=ORIENTED_EDGE('',*,*,#1044,.T.);
#567=ORIENTED_EDGE('',*,*,#1045,.T.);
#568=ORIENTED_EDGE('',*,*,#1046,.T.);
#569=ORIENTED_EDGE('',*,*,#1013,.T.);
#570=ORIENTED_EDGE('',*,*,#1047,.F.);
#571=ORIENTED_EDGE('',*,*,#936,.F.);
#572=ORIENTED_EDGE('',*,*,#1048,.F.);
#573=ORIENTED_EDGE('',*,*,#1049,.F.);
#574=ORIENTED_EDGE('',*,*,#1050,.F.);
#575=ORIENTED_EDGE('',*,*,#940,.F.);
#576=ORIENTED_EDGE('',*,*,#1051,.F.);
#577=ORIENTED_EDGE('',*,*,#1052,.F.);
#578=ORIENTED_EDGE('',*,*,#1053,.F.);
#579=ORIENTED_EDGE('',*,*,#960,.F.);
#580=ORIENTED_EDGE('',*,*,#1054,.F.);
#581=ORIENTED_EDGE('',*,*,#1055,.F.);
#582=ORIENTED_EDGE('',*,*,#1056,.F.);
#583=ORIENTED_EDGE('',*,*,#962,.F.);
#584=ORIENTED_EDGE('',*,*,#1057,.F.);
#585=ORIENTED_EDGE('',*,*,#1058,.F.);
#586=ORIENTED_EDGE('',*,*,#1059,.F.);
#587=ORIENTED_EDGE('',*,*,#952,.F.);
#588=ORIENTED_EDGE('',*,*,#1060,.F.);
#589=ORIENTED_EDGE('',*,*,#1061,.F.);
#590=ORIENTED_EDGE('',*,*,#1062,.F.);
#591=ORIENTED_EDGE('',*,*,#956,.F.);
#592=ORIENTED_EDGE('',*,*,#1063,.F.);
#593=ORIENTED_EDGE('',*,*,#1064,.F.);
#594=ORIENTED_EDGE('',*,*,#1065,.F.);
#595=ORIENTED_EDGE('',*,*,#970,.F.);
#596=ORIENTED_EDGE('',*,*,#1066,.F.);
#597=ORIENTED_EDGE('',*,*,#1067,.F.);
#598=ORIENTED_EDGE('',*,*,#1068,.F.);
#599=ORIENTED_EDGE('',*,*,#966,.F.);
#600=ORIENTED_EDGE('',*,*,#1069,.F.);
#601=ORIENTED_EDGE('',*,*,#1070,.F.);
#602=ORIENTED_EDGE('',*,*,#1071,.F.);
#603=ORIENTED_EDGE('',*,*,#944,.F.);
#604=ORIENTED_EDGE('',*,*,#1072,.F.);
#605=ORIENTED_EDGE('',*,*,#1073,.F.);
#606=ORIENTED_EDGE('',*,*,#1074,.F.);
#607=ORIENTED_EDGE('',*,*,#946,.F.);
#608=ORIENTED_EDGE('',*,*,#1075,.F.);
#609=ORIENTED_EDGE('',*,*,#1076,.F.);
#610=ORIENTED_EDGE('',*,*,#1011,.F.);
#611=ORIENTED_EDGE('',*,*,#971,.T.);
#612=ORIENTED_EDGE('',*,*,#1065,.T.);
#613=ORIENTED_EDGE('',*,*,#1077,.F.);
#614=ORIENTED_EDGE('',*,*,#1029,.F.);
#615=ORIENTED_EDGE('',*,*,#1077,.T.);
#616=ORIENTED_EDGE('',*,*,#1064,.T.);
#617=ORIENTED_EDGE('',*,*,#1078,.F.);
#618=ORIENTED_EDGE('',*,*,#1030,.F.);
#619=ORIENTED_EDGE('',*,*,#1078,.T.);
#620=ORIENTED_EDGE('',*,*,#1063,.T.);
#621=ORIENTED_EDGE('',*,*,#955,.T.);
#622=ORIENTED_EDGE('',*,*,#1031,.F.);
#623=ORIENTED_EDGE('',*,*,#967,.T.);
#624=ORIENTED_EDGE('',*,*,#1068,.T.);
#625=ORIENTED_EDGE('',*,*,#1079,.F.);
#626=ORIENTED_EDGE('',*,*,#1026,.F.);
#627=ORIENTED_EDGE('',*,*,#1079,.T.);
#628=ORIENTED_EDGE('',*,*,#1067,.T.);
#629=ORIENTED_EDGE('',*,*,#1080,.F.);
#630=ORIENTED_EDGE('',*,*,#1027,.F.);
#631=ORIENTED_EDGE('',*,*,#1080,.T.);
#632=ORIENTED_EDGE('',*,*,#1066,.T.);
#633=ORIENTED_EDGE('',*,*,#969,.T.);
#634=ORIENTED_EDGE('',*,*,#1028,.F.);
#635=ORIENTED_EDGE('',*,*,#963,.T.);
#636=ORIENTED_EDGE('',*,*,#1056,.T.);
#637=ORIENTED_EDGE('',*,*,#1081,.F.);
#638=ORIENTED_EDGE('',*,*,#1038,.F.);
#639=ORIENTED_EDGE('',*,*,#1081,.T.);
#640=ORIENTED_EDGE('',*,*,#1055,.T.);
#641=ORIENTED_EDGE('',*,*,#1082,.F.);
#642=ORIENTED_EDGE('',*,*,#1039,.F.);
#643=ORIENTED_EDGE('',*,*,#1082,.T.);
#644=ORIENTED_EDGE('',*,*,#1054,.T.);
#645=ORIENTED_EDGE('',*,*,#959,.T.);
#646=ORIENTED_EDGE('',*,*,#1040,.F.);
#647=ORIENTED_EDGE('',*,*,#957,.T.);
#648=ORIENTED_EDGE('',*,*,#1053,.T.);
#649=ORIENTED_EDGE('',*,*,#1083,.F.);
#650=ORIENTED_EDGE('',*,*,#1041,.F.);
#651=ORIENTED_EDGE('',*,*,#1083,.T.);
#652=ORIENTED_EDGE('',*,*,#1052,.T.);
#653=ORIENTED_EDGE('',*,*,#1084,.F.);
#654=ORIENTED_EDGE('',*,*,#1042,.F.);
#655=ORIENTED_EDGE('',*,*,#1084,.T.);
#656=ORIENTED_EDGE('',*,*,#1051,.T.);
#657=ORIENTED_EDGE('',*,*,#939,.T.);
#658=ORIENTED_EDGE('',*,*,#1043,.F.);
#659=ORIENTED_EDGE('',*,*,#953,.T.);
#660=ORIENTED_EDGE('',*,*,#1062,.T.);
#661=ORIENTED_EDGE('',*,*,#1085,.F.);
#662=ORIENTED_EDGE('',*,*,#1032,.F.);
#663=ORIENTED_EDGE('',*,*,#1085,.T.);
#664=ORIENTED_EDGE('',*,*,#1061,.T.);
#665=ORIENTED_EDGE('',*,*,#1086,.F.);
#666=ORIENTED_EDGE('',*,*,#1033,.F.);
#667=ORIENTED_EDGE('',*,*,#1086,.T.);
#668=ORIENTED_EDGE('',*,*,#1060,.T.);
#669=ORIENTED_EDGE('',*,*,#951,.T.);
#670=ORIENTED_EDGE('',*,*,#1034,.F.);
#671=ORIENTED_EDGE('',*,*,#949,.T.);
#672=ORIENTED_EDGE('',*,*,#1059,.T.);
#673=ORIENTED_EDGE('',*,*,#1087,.F.);
#674=ORIENTED_EDGE('',*,*,#1035,.F.);
#675=ORIENTED_EDGE('',*,*,#1087,.T.);
#676=ORIENTED_EDGE('',*,*,#1058,.T.);
#677=ORIENTED_EDGE('',*,*,#1088,.F.);
#678=ORIENTED_EDGE('',*,*,#1036,.F.);
#679=ORIENTED_EDGE('',*,*,#1088,.T.);
#680=ORIENTED_EDGE('',*,*,#1057,.T.);
#681=ORIENTED_EDGE('',*,*,#961,.T.);
#682=ORIENTED_EDGE('',*,*,#1037,.F.);
#683=ORIENTED_EDGE('',*,*,#947,.T.);
#684=ORIENTED_EDGE('',*,*,#1074,.T.);
#685=ORIENTED_EDGE('',*,*,#1089,.F.);
#686=ORIENTED_EDGE('',*,*,#1020,.F.);
#687=ORIENTED_EDGE('',*,*,#1089,.T.);
#688=ORIENTED_EDGE('',*,*,#1073,.T.);
#689=ORIENTED_EDGE('',*,*,#1090,.F.);
#690=ORIENTED_EDGE('',*,*,#1021,.F.);
#691=ORIENTED_EDGE('',*,*,#1090,.T.);
#692=ORIENTED_EDGE('',*,*,#1072,.T.);
#693=ORIENTED_EDGE('',*,*,#943,.T.);
#694=ORIENTED_EDGE('',*,*,#1022,.F.);
#695=ORIENTED_EDGE('',*,*,#941,.T.);
#696=ORIENTED_EDGE('',*,*,#1071,.T.);
#697=ORIENTED_EDGE('',*,*,#1091,.F.);
#698=ORIENTED_EDGE('',*,*,#1023,.F.);
#699=ORIENTED_EDGE('',*,*,#1091,.T.);
#700=ORIENTED_EDGE('',*,*,#1070,.T.);
#701=ORIENTED_EDGE('',*,*,#1092,.F.);
#702=ORIENTED_EDGE('',*,*,#1024,.F.);
#703=ORIENTED_EDGE('',*,*,#1092,.T.);
#704=ORIENTED_EDGE('',*,*,#1069,.T.);
#705=ORIENTED_EDGE('',*,*,#965,.T.);
#706=ORIENTED_EDGE('',*,*,#1025,.F.);
#707=ORIENTED_EDGE('',*,*,#937,.T.);
#708=ORIENTED_EDGE('',*,*,#1050,.T.);
#709=ORIENTED_EDGE('',*,*,#1093,.F.);
#710=ORIENTED_EDGE('',*,*,#1044,.F.);
#711=ORIENTED_EDGE('',*,*,#1093,.T.);
#712=ORIENTED_EDGE('',*,*,#1049,.T.);
#713=ORIENTED_EDGE('',*,*,#1094,.F.);
#714=ORIENTED_EDGE('',*,*,#1045,.F.);
#715=ORIENTED_EDGE('',*,*,#1094,.T.);
#716=ORIENTED_EDGE('',*,*,#1048,.T.);
#717=ORIENTED_EDGE('',*,*,#935,.T.);
#718=ORIENTED_EDGE('',*,*,#1046,.F.);
#719=ORIENTED_EDGE('',*,*,#933,.T.);
#720=ORIENTED_EDGE('',*,*,#1047,.T.);
#721=ORIENTED_EDGE('',*,*,#1095,.F.);
#722=ORIENTED_EDGE('',*,*,#1017,.F.);
#723=ORIENTED_EDGE('',*,*,#1095,.T.);
#724=ORIENTED_EDGE('',*,*,#1076,.T.);
#725=ORIENTED_EDGE('',*,*,#1096,.F.);
#726=ORIENTED_EDGE('',*,*,#1018,.F.);
#727=ORIENTED_EDGE('',*,*,#1096,.T.);
#728=ORIENTED_EDGE('',*,*,#1075,.T.);
#729=ORIENTED_EDGE('',*,*,#945,.T.);
#730=ORIENTED_EDGE('',*,*,#1019,.F.);
#731=ORIENTED_EDGE('',*,*,#856,.F.);
#732=ORIENTED_EDGE('',*,*,#908,.T.);
#733=ORIENTED_EDGE('',*,*,#922,.F.);
#734=ORIENTED_EDGE('',*,*,#882,.T.);
#735=ORIENTED_EDGE('',*,*,#894,.T.);
#736=ORIENTED_EDGE('',*,*,#923,.T.);
#737=ORIENTED_EDGE('',*,*,#872,.F.);
#738=ORIENTED_EDGE('',*,*,#1097,.T.);
#739=ORIENTED_EDGE('',*,*,#897,.T.);
#740=ORIENTED_EDGE('',*,*,#1098,.F.);
#741=ORIENTED_EDGE('',*,*,#1099,.F.);
#742=ORIENTED_EDGE('',*,*,#1100,.T.);
#743=ORIENTED_EDGE('',*,*,#896,.T.);
#744=ORIENTED_EDGE('',*,*,#1101,.F.);
#745=ORIENTED_EDGE('',*,*,#1102,.F.);
#746=ORIENTED_EDGE('',*,*,#1098,.T.);
#747=ORIENTED_EDGE('',*,*,#1103,.T.);
#748=ORIENTED_EDGE('',*,*,#1104,.T.);
#749=ORIENTED_EDGE('',*,*,#909,.F.);
#750=ORIENTED_EDGE('',*,*,#1105,.F.);
#751=ORIENTED_EDGE('',*,*,#895,.F.);
#752=ORIENTED_EDGE('',*,*,#1097,.F.);
#753=ORIENTED_EDGE('',*,*,#1106,.T.);
#754=ORIENTED_EDGE('',*,*,#1101,.T.);
#755=ORIENTED_EDGE('',*,*,#870,.T.);
#756=ORIENTED_EDGE('',*,*,#1107,.T.);
#757=ORIENTED_EDGE('',*,*,#910,.T.);
#758=ORIENTED_EDGE('',*,*,#1104,.F.);
#759=ORIENTED_EDGE('',*,*,#1107,.F.);
#760=ORIENTED_EDGE('',*,*,#869,.T.);
#761=ORIENTED_EDGE('',*,*,#1108,.T.);
#762=ORIENTED_EDGE('',*,*,#911,.F.);
#763=ORIENTED_EDGE('',*,*,#1108,.F.);
#764=ORIENTED_EDGE('',*,*,#868,.F.);
#765=ORIENTED_EDGE('',*,*,#1105,.T.);
#766=ORIENTED_EDGE('',*,*,#912,.F.);
#767=ORIENTED_EDGE('',*,*,#867,.F.);
#768=ORIENTED_EDGE('',*,*,#1099,.T.);
#769=ORIENTED_EDGE('',*,*,#1102,.T.);
#770=ORIENTED_EDGE('',*,*,#1106,.F.);
#771=ORIENTED_EDGE('',*,*,#871,.F.);
#772=ORIENTED_EDGE('',*,*,#1103,.F.);
#773=ORIENTED_EDGE('',*,*,#1100,.F.);
#774=ORIENTED_EDGE('',*,*,#866,.F.);
#775=ORIENTED_EDGE('',*,*,#1109,.F.);
#776=ORIENTED_EDGE('',*,*,#898,.T.);
#777=ORIENTED_EDGE('',*,*,#1109,.T.);
#778=ORIENTED_EDGE('',*,*,#865,.T.);
#779=ORIENTED_EDGE('',*,*,#1110,.F.);
#780=ORIENTED_EDGE('',*,*,#899,.F.);
#781=ORIENTED_EDGE('',*,*,#864,.T.);
#782=ORIENTED_EDGE('',*,*,#1111,.T.);
#783=ORIENTED_EDGE('',*,*,#900,.F.);
#784=ORIENTED_EDGE('',*,*,#1110,.T.);
#785=ORIENTED_EDGE('',*,*,#1111,.F.);
#786=ORIENTED_EDGE('',*,*,#863,.F.);
#787=ORIENTED_EDGE('',*,*,#1112,.T.);
#788=ORIENTED_EDGE('',*,*,#901,.T.);
#789=ORIENTED_EDGE('',*,*,#902,.T.);
#790=ORIENTED_EDGE('',*,*,#1112,.F.);
#791=ORIENTED_EDGE('',*,*,#862,.F.);
#792=ORIENTED_EDGE('',*,*,#1113,.T.);
#793=ORIENTED_EDGE('',*,*,#861,.F.);
#794=ORIENTED_EDGE('',*,*,#1114,.T.);
#795=ORIENTED_EDGE('',*,*,#903,.F.);
#796=ORIENTED_EDGE('',*,*,#1113,.F.);
#797=ORIENTED_EDGE('',*,*,#860,.T.);
#798=ORIENTED_EDGE('',*,*,#884,.T.);
#799=ORIENTED_EDGE('',*,*,#904,.F.);
#800=ORIENTED_EDGE('',*,*,#1114,.F.);
#801=ORIENTED_EDGE('',*,*,#906,.F.);
#802=ORIENTED_EDGE('',*,*,#858,.T.);
#803=ORIENTED_EDGE('',*,*,#881,.F.);
#804=ORIENTED_EDGE('',*,*,#921,.T.);
#805=EDGE_CURVE('',#1115,#1116,#1321,.T.);
#806=EDGE_CURVE('',#1117,#1115,#1322,.T.);
#807=EDGE_CURVE('',#1117,#1118,#1323,.T.);
#808=EDGE_CURVE('',#1118,#1116,#1324,.T.);
#809=EDGE_CURVE('',#1115,#1119,#1325,.T.);
#810=EDGE_CURVE('',#1120,#1119,#1326,.T.);
#811=EDGE_CURVE('',#1120,#1121,#1327,.T.);
#812=EDGE_CURVE('',#1121,#1122,#1328,.T.);
#813=EDGE_CURVE('',#1123,#1122,#1329,.T.);
#814=EDGE_CURVE('',#1123,#1124,#1330,.T.);
#815=EDGE_CURVE('',#1124,#1125,#1331,.T.);
#816=EDGE_CURVE('',#1126,#1125,#1332,.T.);
#817=EDGE_CURVE('',#1127,#1126,#1333,.T.);
#818=EDGE_CURVE('',#1128,#1127,#1334,.T.);
#819=EDGE_CURVE('',#1128,#1117,#1335,.T.);
#820=EDGE_CURVE('',#1129,#1130,#1336,.T.);
#821=EDGE_CURVE('',#1129,#1126,#1337,.T.);
#822=EDGE_CURVE('',#1125,#1130,#1338,.T.);
#823=EDGE_CURVE('',#1131,#1118,#1339,.T.);
#824=EDGE_CURVE('',#1131,#1132,#1340,.T.);
#825=EDGE_CURVE('',#1132,#1129,#1341,.T.);
#826=EDGE_CURVE('',#1133,#1130,#1342,.T.);
#827=EDGE_CURVE('',#1134,#1133,#1343,.T.);
#828=EDGE_CURVE('',#1134,#1135,#1344,.T.);
#829=EDGE_CURVE('',#1136,#1135,#1345,.T.);
#830=EDGE_CURVE('',#1137,#1136,#1346,.T.);
#831=EDGE_CURVE('',#1137,#1138,#1347,.T.);
#832=EDGE_CURVE('',#1116,#1138,#1348,.T.);
#833=EDGE_CURVE('',#1128,#1131,#1349,.T.);
#834=EDGE_CURVE('',#1124,#1133,#1350,.T.);
#835=EDGE_CURVE('',#1135,#1122,#1351,.T.);
#836=EDGE_CURVE('',#1134,#1123,#1352,.T.);
#837=EDGE_CURVE('',#1119,#1138,#1353,.T.);
#838=EDGE_CURVE('',#1121,#1136,#1354,.T.);
#839=EDGE_CURVE('',#1120,#1137,#1355,.T.);
#840=EDGE_CURVE('',#1139,#1140,#1356,.T.);
#841=EDGE_CURVE('',#1139,#1141,#1357,.T.);
#842=EDGE_CURVE('',#1141,#1142,#1358,.T.);
#843=EDGE_CURVE('',#1140,#1142,#1359,.T.);
#844=EDGE_CURVE('',#1143,#1143,#159,.T.);
#845=EDGE_CURVE('',#1144,#1139,#1360,.T.);
#846=EDGE_CURVE('',#1144,#1145,#1361,.T.);
#847=EDGE_CURVE('',#1145,#1141,#1362,.T.);
#848=EDGE_CURVE('',#1146,#1140,#1363,.T.);
#849=EDGE_CURVE('',#1144,#1146,#1364,.T.);
#850=EDGE_CURVE('',#1147,#1147,#160,.T.);
#851=EDGE_CURVE('',#1148,#1142,#1365,.T.);
#852=EDGE_CURVE('',#1146,#1148,#1366,.T.);
#853=EDGE_CURVE('',#1145,#1148,#1367,.T.);
#854=EDGE_CURVE('',#1132,#1127,#1368,.T.);
#855=EDGE_CURVE('',#1149,#1150,#1369,.T.);
#856=EDGE_CURVE('',#1150,#1151,#1370,.T.);
#857=EDGE_CURVE('',#1152,#1151,#1371,.T.);
#858=EDGE_CURVE('',#1149,#1152,#1372,.T.);
#859=EDGE_CURVE('',#1153,#1154,#1373,.T.);
#860=EDGE_CURVE('',#1155,#1153,#1374,.T.);
#861=EDGE_CURVE('',#1155,#1156,#1375,.T.);
#862=EDGE_CURVE('',#1156,#1157,#1376,.T.);
#863=EDGE_CURVE('',#1157,#1158,#1377,.T.);
#864=EDGE_CURVE('',#1159,#1158,#1378,.T.);
#865=EDGE_CURVE('',#1160,#1159,#1379,.T.);
#866=EDGE_CURVE('',#1160,#1161,#1380,.T.);
#867=EDGE_CURVE('',#1161,#1162,#1381,.T.);
#868=EDGE_CURVE('',#1162,#1163,#1382,.T.);
#869=EDGE_CURVE('',#1164,#1163,#1383,.T.);
#870=EDGE_CURVE('',#1165,#1164,#1384,.T.);
#871=EDGE_CURVE('',#1165,#1166,#1385,.T.);
#872=EDGE_CURVE('',#1166,#1167,#1386,.T.);
#873=EDGE_CURVE('',#1168,#1167,#1387,.T.);
#874=EDGE_CURVE('',#1168,#1169,#1388,.T.);
#875=EDGE_CURVE('',#1169,#1170,#1389,.T.);
#876=EDGE_CURVE('',#1170,#1171,#1390,.T.);
#877=EDGE_CURVE('',#1171,#1172,#1391,.T.);
#878=EDGE_CURVE('',#1173,#1172,#1392,.T.);
#879=EDGE_CURVE('',#1173,#1174,#1393,.T.);
#880=EDGE_CURVE('',#1154,#1174,#1394,.T.);
#881=EDGE_CURVE('',#1175,#1152,#1395,.T.);
#882=EDGE_CURVE('',#1176,#1151,#1396,.T.);
#883=EDGE_CURVE('',#1175,#1176,#1397,.T.);
#884=EDGE_CURVE('',#1153,#1177,#1398,.T.);
#885=EDGE_CURVE('',#1178,#1154,#1399,.T.);
#886=EDGE_CURVE('',#1177,#1178,#1400,.T.);
#887=EDGE_CURVE('',#1179,#1180,#1401,.T.);
#888=EDGE_CURVE('',#1179,#1181,#1402,.T.);
#889=EDGE_CURVE('',#1182,#1181,#1403,.T.);
#890=EDGE_CURVE('',#1183,#1182,#1404,.T.);
#891=EDGE_CURVE('',#1184,#1183,#1405,.T.);
#892=EDGE_CURVE('',#1185,#1184,#1406,.T.);
#893=EDGE_CURVE('',#1185,#1186,#1407,.T.);
#894=EDGE_CURVE('',#1187,#1186,#1408,.T.);
#895=EDGE_CURVE('',#1187,#1188,#1409,.T.);
#896=EDGE_CURVE('',#1189,#1188,#1410,.T.);
#897=EDGE_CURVE('',#1190,#1189,#1411,.T.);
#898=EDGE_CURVE('',#1191,#1190,#1412,.T.);
#899=EDGE_CURVE('',#1191,#1192,#1413,.T.);
#900=EDGE_CURVE('',#1192,#1193,#1414,.T.);
#901=EDGE_CURVE('',#1194,#1193,#1415,.T.);
#902=EDGE_CURVE('',#1195,#1194,#1416,.T.);
#903=EDGE_CURVE('',#1195,#1196,#1417,.T.);
#904=EDGE_CURVE('',#1196,#1177,#1418,.T.);
#905=EDGE_CURVE('',#1178,#1180,#1419,.T.);
#906=EDGE_CURVE('',#1149,#1197,#1420,.T.);
#907=EDGE_CURVE('',#1197,#1198,#1421,.T.);
#908=EDGE_CURVE('',#1150,#1198,#1422,.T.);
#909=EDGE_CURVE('',#1199,#1200,#1423,.T.);
#910=EDGE_CURVE('',#1201,#1200,#1424,.T.);
#911=EDGE_CURVE('',#1201,#1202,#1425,.T.);
#912=EDGE_CURVE('',#1202,#1199,#1426,.T.);
#913=EDGE_CURVE('',#1173,#1179,#1427,.T.);
#914=EDGE_CURVE('',#1180,#1174,#1428,.T.);
#915=EDGE_CURVE('',#1203,#1172,#1429,.T.);
#916=EDGE_CURVE('',#1203,#1204,#1430,.F.);
#917=EDGE_CURVE('',#1204,#1205,#161,.T.);
#918=EDGE_CURVE('',#1205,#1206,#1431,.T.);
#919=EDGE_CURVE('',#1207,#1206,#1432,.T.);
#920=EDGE_CURVE('',#1181,#1207,#1433,.T.);
#921=EDGE_CURVE('',#1175,#1197,#1434,.T.);
#922=EDGE_CURVE('',#1176,#1198,#1435,.T.);
#923=EDGE_CURVE('',#1186,#1167,#1436,.T.);
#924=EDGE_CURVE('',#1185,#1168,#1437,.T.);
#925=EDGE_CURVE('',#1183,#1170,#1438,.T.);
#926=EDGE_CURVE('',#1184,#1169,#1439,.T.);
#927=EDGE_CURVE('',#1182,#1208,#1440,.T.);
#928=EDGE_CURVE('',#1208,#1209,#1441,.T.);
#929=EDGE_CURVE('',#1210,#1209,#1442,.T.);
#930=EDGE_CURVE('',#1210,#1211,#162,.F.);
#931=EDGE_CURVE('',#1211,#1212,#1443,.F.);
#932=EDGE_CURVE('',#1212,#1171,#1444,.T.);
#933=EDGE_CURVE('',#1213,#1214,#102,.T.);
#934=EDGE_CURVE('',#1215,#1213,#163,.F.);
#935=EDGE_CURVE('',#1216,#1215,#103,.F.);
#936=EDGE_CURVE('',#1216,#1214,#164,.T.);
#937=EDGE_CURVE('',#1217,#1218,#104,.T.);
#938=EDGE_CURVE('',#1219,#1217,#165,.F.);
#939=EDGE_CURVE('',#1220,#1219,#105,.F.);
#940=EDGE_CURVE('',#1220,#1218,#166,.T.);
#941=EDGE_CURVE('',#1221,#1222,#106,.T.);
#942=EDGE_CURVE('',#1223,#1221,#167,.F.);
#943=EDGE_CURVE('',#1224,#1223,#107,.F.);
#944=EDGE_CURVE('',#1224,#1222,#168,.T.);
#945=EDGE_CURVE('',#1225,#1226,#108,.F.);
#946=EDGE_CURVE('',#1225,#1227,#169,.T.);
#947=EDGE_CURVE('',#1228,#1227,#109,.T.);
#948=EDGE_CURVE('',#1226,#1228,#170,.F.);
#949=EDGE_CURVE('',#1229,#1230,#110,.T.);
#950=EDGE_CURVE('',#1231,#1229,#171,.F.);
#951=EDGE_CURVE('',#1232,#1231,#111,.F.);
#952=EDGE_CURVE('',#1232,#1230,#172,.T.);
#953=EDGE_CURVE('',#1233,#1234,#112,.T.);
#954=EDGE_CURVE('',#1235,#1233,#173,.F.);
#955=EDGE_CURVE('',#1236,#1235,#113,.F.);
#956=EDGE_CURVE('',#1236,#1234,#174,.T.);
#957=EDGE_CURVE('',#1237,#1238,#114,.T.);
#958=EDGE_CURVE('',#1239,#1237,#175,.F.);
#959=EDGE_CURVE('',#1240,#1239,#115,.F.);
#960=EDGE_CURVE('',#1240,#1238,#176,.T.);
#961=EDGE_CURVE('',#1241,#1242,#116,.F.);
#962=EDGE_CURVE('',#1241,#1243,#177,.T.);
#963=EDGE_CURVE('',#1244,#1243,#117,.T.);
#964=EDGE_CURVE('',#1242,#1244,#178,.F.);
#965=EDGE_CURVE('',#1245,#1246,#118,.F.);
#966=EDGE_CURVE('',#1245,#1247,#179,.T.);
#967=EDGE_CURVE('',#1248,#1247,#119,.T.);
#968=EDGE_CURVE('',#1246,#1248,#180,.F.);
#969=EDGE_CURVE('',#1249,#1250,#120,.F.);
#970=EDGE_CURVE('',#1249,#1251,#181,.T.);
#971=EDGE_CURVE('',#1252,#1251,#121,.T.);
#972=EDGE_CURVE('',#1250,#1252,#182,.F.);
#973=EDGE_CURVE('',#1205,#1210,#1445,.F.);
#974=EDGE_CURVE('',#1209,#1206,#1446,.T.);
#975=EDGE_CURVE('',#1181,#1253,#1447,.T.);
#976=EDGE_CURVE('',#1207,#1254,#1448,.T.);
#977=EDGE_CURVE('',#1253,#1254,#1449,.T.);
#978=EDGE_CURVE('',#1255,#1208,#1450,.T.);
#979=EDGE_CURVE('',#1256,#1255,#1451,.T.);
#980=EDGE_CURVE('',#1256,#1257,#1452,.T.);
#981=EDGE_CURVE('',#1257,#1254,#1453,.T.);
#982=EDGE_CURVE('',#1258,#1259,#1454,.T.);
#983=EDGE_CURVE('',#1259,#1260,#1455,.T.);
#984=EDGE_CURVE('',#1261,#1260,#1456,.T.);
#985=EDGE_CURVE('',#1261,#1262,#1457,.T.);
#986=EDGE_CURVE('',#1263,#1262,#1458,.T.);
#987=EDGE_CURVE('',#1253,#1263,#1459,.T.);
#988=EDGE_CURVE('',#1257,#1264,#1460,.T.);
#989=EDGE_CURVE('',#1264,#1265,#1461,.T.);
#990=EDGE_CURVE('',#1265,#1266,#1462,.T.);
#991=EDGE_CURVE('',#1258,#1266,#1463,.T.);
#992=EDGE_CURVE('',#1267,#1268,#1464,.T.);
#993=EDGE_CURVE('',#1268,#1259,#1465,.T.);
#994=EDGE_CURVE('',#1267,#1258,#1466,.T.);
#995=EDGE_CURVE('',#1268,#1269,#1467,.T.);
#996=EDGE_CURVE('',#1267,#1270,#1468,.T.);
#997=EDGE_CURVE('',#1271,#1270,#1469,.T.);
#998=EDGE_CURVE('',#1272,#1271,#1470,.T.);
#999=EDGE_CURVE('',#1256,#1272,#1471,.T.);
#1000=EDGE_CURVE('',#1273,#1255,#1472,.T.);
#1001=EDGE_CURVE('',#1273,#1274,#1473,.T.);
#1002=EDGE_CURVE('',#1274,#1275,#1474,.T.);
#1003=EDGE_CURVE('',#1276,#1275,#1475,.T.);
#1004=EDGE_CURVE('',#1276,#1269,#1476,.T.);
#1005=EDGE_CURVE('',#1271,#1265,#1477,.T.);
#1006=EDGE_CURVE('',#1270,#1266,#1478,.T.);
#1007=EDGE_CURVE('',#1273,#1182,#1479,.T.);
#1008=EDGE_CURVE('',#1263,#1274,#1480,.T.);
#1009=EDGE_CURVE('',#1276,#1261,#1481,.T.);
#1010=EDGE_CURVE('',#1262,#1275,#1482,.T.);
#1011=EDGE_CURVE('',#1277,#1277,#183,.T.);
#1012=EDGE_CURVE('',#1272,#1264,#1483,.T.);
#1013=EDGE_CURVE('',#1278,#1278,#184,.T.);
#1014=EDGE_CURVE('',#1269,#1260,#1484,.T.);
#1015=EDGE_CURVE('',#1212,#1203,#1485,.T.);
#1016=EDGE_CURVE('',#1211,#1204,#1486,.F.);
#1017=EDGE_CURVE('',#1213,#1279,#40,.T.);
#1018=EDGE_CURVE('',#1279,#1280,#41,.T.);
#1019=EDGE_CURVE('',#1280,#1226,#42,.T.);
#1020=EDGE_CURVE('',#1228,#1281,#43,.T.);
#1021=EDGE_CURVE('',#1281,#1282,#44,.T.);
#1022=EDGE_CURVE('',#1282,#1223,#45,.T.);
#1023=EDGE_CURVE('',#1221,#1283,#46,.T.);
#1024=EDGE_CURVE('',#1283,#1284,#47,.T.);
#1025=EDGE_CURVE('',#1284,#1246,#48,.T.);
#1026=EDGE_CURVE('',#1248,#1285,#49,.T.);
#1027=EDGE_CURVE('',#1285,#1286,#50,.T.);
#1028=EDGE_CURVE('',#1286,#1250,#51,.T.);
#1029=EDGE_CURVE('',#1252,#1287,#52,.T.);
#1030=EDGE_CURVE('',#1287,#1288,#53,.T.);
#1031=EDGE_CURVE('',#1288,#1235,#54,.T.);
#1032=EDGE_CURVE('',#1233,#1289,#55,.T.);
#1033=EDGE_CURVE('',#1289,#1290,#56,.T.);
#1034=EDGE_CURVE('',#1290,#1231,#57,.T.);
#1035=EDGE_CURVE('',#1229,#1291,#58,.T.);
#1036=EDGE_CURVE('',#1291,#1292,#59,.T.);
#1037=EDGE_CURVE('',#1292,#1242,#60,.T.);
#1038=EDGE_CURVE('',#1244,#1293,#61,.T.);
#1039=EDGE_CURVE('',#1293,#1294,#62,.T.);
#1040=EDGE_CURVE('',#1294,#1239,#63,.T.);
#1041=EDGE_CURVE('',#1237,#1295,#64,.T.);
#1042=EDGE_CURVE('',#1295,#1296,#65,.T.);
#1043=EDGE_CURVE('',#1296,#1219,#66,.T.);
#1044=EDGE_CURVE('',#1217,#1297,#67,.T.);
#1045=EDGE_CURVE('',#1297,#1298,#68,.T.);
#1046=EDGE_CURVE('',#1298,#1215,#69,.T.);
#1047=EDGE_CURVE('',#1214,#1299,#70,.T.);
#1048=EDGE_CURVE('',#1300,#1216,#71,.T.);
#1049=EDGE_CURVE('',#1301,#1300,#72,.T.);
#1050=EDGE_CURVE('',#1218,#1301,#73,.T.);
#1051=EDGE_CURVE('',#1302,#1220,#74,.T.);
#1052=EDGE_CURVE('',#1303,#1302,#75,.T.);
#1053=EDGE_CURVE('',#1238,#1303,#76,.T.);
#1054=EDGE_CURVE('',#1304,#1240,#77,.T.);
#1055=EDGE_CURVE('',#1305,#1304,#78,.T.);
#1056=EDGE_CURVE('',#1243,#1305,#79,.T.);
#1057=EDGE_CURVE('',#1306,#1241,#80,.T.);
#1058=EDGE_CURVE('',#1307,#1306,#81,.T.);
#1059=EDGE_CURVE('',#1230,#1307,#82,.T.);
#1060=EDGE_CURVE('',#1308,#1232,#83,.T.);
#1061=EDGE_CURVE('',#1309,#1308,#84,.T.);
#1062=EDGE_CURVE('',#1234,#1309,#85,.T.);
#1063=EDGE_CURVE('',#1310,#1236,#86,.T.);
#1064=EDGE_CURVE('',#1311,#1310,#87,.T.);
#1065=EDGE_CURVE('',#1251,#1311,#88,.T.);
#1066=EDGE_CURVE('',#1312,#1249,#89,.T.);
#1067=EDGE_CURVE('',#1313,#1312,#90,.T.);
#1068=EDGE_CURVE('',#1247,#1313,#91,.T.);
#1069=EDGE_CURVE('',#1314,#1245,#92,.T.);
#1070=EDGE_CURVE('',#1315,#1314,#93,.T.);
#1071=EDGE_CURVE('',#1222,#1315,#94,.T.);
#1072=EDGE_CURVE('',#1316,#1224,#95,.T.);
#1073=EDGE_CURVE('',#1317,#1316,#96,.T.);
#1074=EDGE_CURVE('',#1227,#1317,#97,.T.);
#1075=EDGE_CURVE('',#1318,#1225,#98,.T.);
#1076=EDGE_CURVE('',#1299,#1318,#99,.T.);
#1077=EDGE_CURVE('',#1287,#1311,#122,.T.);
#1078=EDGE_CURVE('',#1288,#1310,#123,.T.);
#1079=EDGE_CURVE('',#1285,#1313,#124,.T.);
#1080=EDGE_CURVE('',#1286,#1312,#125,.T.);
#1081=EDGE_CURVE('',#1293,#1305,#126,.T.);
#1082=EDGE_CURVE('',#1294,#1304,#127,.T.);
#1083=EDGE_CURVE('',#1295,#1303,#128,.T.);
#1084=EDGE_CURVE('',#1296,#1302,#129,.T.);
#1085=EDGE_CURVE('',#1289,#1309,#130,.T.);
#1086=EDGE_CURVE('',#1290,#1308,#131,.T.);
#1087=EDGE_CURVE('',#1291,#1307,#132,.T.);
#1088=EDGE_CURVE('',#1292,#1306,#133,.T.);
#1089=EDGE_CURVE('',#1281,#1317,#134,.T.);
#1090=EDGE_CURVE('',#1282,#1316,#135,.T.);
#1091=EDGE_CURVE('',#1283,#1315,#136,.T.);
#1092=EDGE_CURVE('',#1284,#1314,#137,.T.);
#1093=EDGE_CURVE('',#1297,#1301,#138,.T.);
#1094=EDGE_CURVE('',#1298,#1300,#139,.T.);
#1095=EDGE_CURVE('',#1279,#1299,#140,.T.);
#1096=EDGE_CURVE('',#1280,#1318,#141,.T.);
#1097=EDGE_CURVE('',#1166,#1187,#1487,.T.);
#1098=EDGE_CURVE('',#1319,#1189,#1488,.T.);
#1099=EDGE_CURVE('',#1161,#1319,#1489,.T.);
#1100=EDGE_CURVE('',#1161,#1190,#1490,.T.);
#1101=EDGE_CURVE('',#1320,#1188,#1491,.T.);
#1102=EDGE_CURVE('',#1319,#1320,#1492,.T.);
#1103=EDGE_CURVE('',#1162,#1165,#1493,.T.);
#1104=EDGE_CURVE('',#1165,#1200,#1494,.T.);
#1105=EDGE_CURVE('',#1162,#1199,#1495,.T.);
#1106=EDGE_CURVE('',#1166,#1320,#1496,.T.);
#1107=EDGE_CURVE('',#1164,#1201,#1497,.T.);
#1108=EDGE_CURVE('',#1163,#1202,#1498,.T.);
#1109=EDGE_CURVE('',#1191,#1160,#1499,.T.);
#1110=EDGE_CURVE('',#1192,#1159,#1500,.T.);
#1111=EDGE_CURVE('',#1158,#1193,#1501,.T.);
#1112=EDGE_CURVE('',#1157,#1194,#1502,.T.);
#1113=EDGE_CURVE('',#1156,#1195,#1503,.T.);
#1114=EDGE_CURVE('',#1155,#1196,#1504,.T.);
#1115=VERTEX_POINT('',#2648);
#1116=VERTEX_POINT('',#2649);
#1117=VERTEX_POINT('',#2651);
#1118=VERTEX_POINT('',#2653);
#1119=VERTEX_POINT('',#2657);
#1120=VERTEX_POINT('',#2659);
#1121=VERTEX_POINT('',#2661);
#1122=VERTEX_POINT('',#2663);
#1123=VERTEX_POINT('',#2665);
#1124=VERTEX_POINT('',#2667);
#1125=VERTEX_POINT('',#2669);
#1126=VERTEX_POINT('',#2671);
#1127=VERTEX_POINT('',#2673);
#1128=VERTEX_POINT('',#2675);
#1129=VERTEX_POINT('',#2679);
#1130=VERTEX_POINT('',#2680);
#1131=VERTEX_POINT('',#2685);
#1132=VERTEX_POINT('',#2687);
#1133=VERTEX_POINT('',#2690);
#1134=VERTEX_POINT('',#2692);
#1135=VERTEX_POINT('',#2694);
#1136=VERTEX_POINT('',#2696);
#1137=VERTEX_POINT('',#2698);
#1138=VERTEX_POINT('',#2700);
#1139=VERTEX_POINT('',#2717);
#1140=VERTEX_POINT('',#2718);
#1141=VERTEX_POINT('',#2720);
#1142=VERTEX_POINT('',#2722);
#1143=VERTEX_POINT('',#2727);
#1144=VERTEX_POINT('',#2729);
#1145=VERTEX_POINT('',#2731);
#1146=VERTEX_POINT('',#2735);
#1147=VERTEX_POINT('',#2739);
#1148=VERTEX_POINT('',#2741);
#1149=VERTEX_POINT('',#2753);
#1150=VERTEX_POINT('',#2754);
#1151=VERTEX_POINT('',#2756);
#1152=VERTEX_POINT('',#2758);
#1153=VERTEX_POINT('',#2762);
#1154=VERTEX_POINT('',#2763);
#1155=VERTEX_POINT('',#2765);
#1156=VERTEX_POINT('',#2767);
#1157=VERTEX_POINT('',#2769);
#1158=VERTEX_POINT('',#2771);
#1159=VERTEX_POINT('',#2773);
#1160=VERTEX_POINT('',#2775);
#1161=VERTEX_POINT('',#2777);
#1162=VERTEX_POINT('',#2779);
#1163=VERTEX_POINT('',#2781);
#1164=VERTEX_POINT('',#2783);
#1165=VERTEX_POINT('',#2785);
#1166=VERTEX_POINT('',#2787);
#1167=VERTEX_POINT('',#2789);
#1168=VERTEX_POINT('',#2791);
#1169=VERTEX_POINT('',#2793);
#1170=VERTEX_POINT('',#2795);
#1171=VERTEX_POINT('',#2797);
#1172=VERTEX_POINT('',#2799);
#1173=VERTEX_POINT('',#2801);
#1174=VERTEX_POINT('',#2803);
#1175=VERTEX_POINT('',#2806);
#1176=VERTEX_POINT('',#2808);
#1177=VERTEX_POINT('',#2812);
#1178=VERTEX_POINT('',#2814);
#1179=VERTEX_POINT('',#2818);
#1180=VERTEX_POINT('',#2819);
#1181=VERTEX_POINT('',#2821);
#1182=VERTEX_POINT('',#2823);
#1183=VERTEX_POINT('',#2825);
#1184=VERTEX_POINT('',#2827);
#1185=VERTEX_POINT('',#2829);
#1186=VERTEX_POINT('',#2831);
#1187=VERTEX_POINT('',#2833);
#1188=VERTEX_POINT('',#2835);
#1189=VERTEX_POINT('',#2837);
#1190=VERTEX_POINT('',#2839);
#1191=VERTEX_POINT('',#2841);
#1192=VERTEX_POINT('',#2843);
#1193=VERTEX_POINT('',#2845);
#1194=VERTEX_POINT('',#2847);
#1195=VERTEX_POINT('',#2849);
#1196=VERTEX_POINT('',#2851);
#1197=VERTEX_POINT('',#2855);
#1198=VERTEX_POINT('',#2857);
#1199=VERTEX_POINT('',#2860);
#1200=VERTEX_POINT('',#2861);
#1201=VERTEX_POINT('',#2863);
#1202=VERTEX_POINT('',#2865);
#1203=VERTEX_POINT('',#2873);
#1204=VERTEX_POINT('',#2875);
#1205=VERTEX_POINT('',#2877);
#1206=VERTEX_POINT('',#2879);
#1207=VERTEX_POINT('',#2881);
#1208=VERTEX_POINT('',#2895);
#1209=VERTEX_POINT('',#2897);
#1210=VERTEX_POINT('',#2899);
#1211=VERTEX_POINT('',#2901);
#1212=VERTEX_POINT('',#2903);
#1213=VERTEX_POINT('',#2923);
#1214=VERTEX_POINT('',#2924);
#1215=VERTEX_POINT('',#2926);
#1216=VERTEX_POINT('',#2944);
#1217=VERTEX_POINT('',#2964);
#1218=VERTEX_POINT('',#2965);
#1219=VERTEX_POINT('',#2967);
#1220=VERTEX_POINT('',#2985);
#1221=VERTEX_POINT('',#3005);
#1222=VERTEX_POINT('',#3006);
#1223=VERTEX_POINT('',#3008);
#1224=VERTEX_POINT('',#3026);
#1225=VERTEX_POINT('',#3046);
#1226=VERTEX_POINT('',#3047);
#1227=VERTEX_POINT('',#3049);
#1228=VERTEX_POINT('',#3067);
#1229=VERTEX_POINT('',#3087);
#1230=VERTEX_POINT('',#3088);
#1231=VERTEX_POINT('',#3090);
#1232=VERTEX_POINT('',#3108);
#1233=VERTEX_POINT('',#3128);
#1234=VERTEX_POINT('',#3129);
#1235=VERTEX_POINT('',#3131);
#1236=VERTEX_POINT('',#3149);
#1237=VERTEX_POINT('',#3169);
#1238=VERTEX_POINT('',#3170);
#1239=VERTEX_POINT('',#3172);
#1240=VERTEX_POINT('',#3190);
#1241=VERTEX_POINT('',#3210);
#1242=VERTEX_POINT('',#3211);
#1243=VERTEX_POINT('',#3213);
#1244=VERTEX_POINT('',#3231);
#1245=VERTEX_POINT('',#3251);
#1246=VERTEX_POINT('',#3252);
#1247=VERTEX_POINT('',#3254);
#1248=VERTEX_POINT('',#3272);
#1249=VERTEX_POINT('',#3292);
#1250=VERTEX_POINT('',#3293);
#1251=VERTEX_POINT('',#3295);
#1252=VERTEX_POINT('',#3313);
#1253=VERTEX_POINT('',#3320);
#1254=VERTEX_POINT('',#3322);
#1255=VERTEX_POINT('',#3326);
#1256=VERTEX_POINT('',#3328);
#1257=VERTEX_POINT('',#3330);
#1258=VERTEX_POINT('',#3334);
#1259=VERTEX_POINT('',#3335);
#1260=VERTEX_POINT('',#3337);
#1261=VERTEX_POINT('',#3339);
#1262=VERTEX_POINT('',#3341);
#1263=VERTEX_POINT('',#3343);
#1264=VERTEX_POINT('',#3346);
#1265=VERTEX_POINT('',#3348);
#1266=VERTEX_POINT('',#3350);
#1267=VERTEX_POINT('',#3354);
#1268=VERTEX_POINT('',#3355);
#1269=VERTEX_POINT('',#3360);
#1270=VERTEX_POINT('',#3362);
#1271=VERTEX_POINT('',#3364);
#1272=VERTEX_POINT('',#3366);
#1273=VERTEX_POINT('',#3369);
#1274=VERTEX_POINT('',#3371);
#1275=VERTEX_POINT('',#3373);
#1276=VERTEX_POINT('',#3375);
#1277=VERTEX_POINT('',#3389);
#1278=VERTEX_POINT('',#3396);
#1279=VERTEX_POINT('',#3409);
#1280=VERTEX_POINT('',#3415);
#1281=VERTEX_POINT('',#3424);
#1282=VERTEX_POINT('',#3430);
#1283=VERTEX_POINT('',#3439);
#1284=VERTEX_POINT('',#3445);
#1285=VERTEX_POINT('',#3454);
#1286=VERTEX_POINT('',#3460);
#1287=VERTEX_POINT('',#3469);
#1288=VERTEX_POINT('',#3475);
#1289=VERTEX_POINT('',#3484);
#1290=VERTEX_POINT('',#3490);
#1291=VERTEX_POINT('',#3499);
#1292=VERTEX_POINT('',#3505);
#1293=VERTEX_POINT('',#3514);
#1294=VERTEX_POINT('',#3520);
#1295=VERTEX_POINT('',#3529);
#1296=VERTEX_POINT('',#3535);
#1297=VERTEX_POINT('',#3544);
#1298=VERTEX_POINT('',#3550);
#1299=VERTEX_POINT('',#3560);
#1300=VERTEX_POINT('',#3565);
#1301=VERTEX_POINT('',#3571);
#1302=VERTEX_POINT('',#3580);
#1303=VERTEX_POINT('',#3586);
#1304=VERTEX_POINT('',#3595);
#1305=VERTEX_POINT('',#3601);
#1306=VERTEX_POINT('',#3610);
#1307=VERTEX_POINT('',#3616);
#1308=VERTEX_POINT('',#3625);
#1309=VERTEX_POINT('',#3631);
#1310=VERTEX_POINT('',#3640);
#1311=VERTEX_POINT('',#3646);
#1312=VERTEX_POINT('',#3655);
#1313=VERTEX_POINT('',#3661);
#1314=VERTEX_POINT('',#3670);
#1315=VERTEX_POINT('',#3676);
#1316=VERTEX_POINT('',#3685);
#1317=VERTEX_POINT('',#3691);
#1318=VERTEX_POINT('',#3700);
#1319=VERTEX_POINT('',#5091);
#1320=VERTEX_POINT('',#5096);
#1321=LINE('',#2647,#1505);
#1322=LINE('',#2650,#1506);
#1323=LINE('',#2652,#1507);
#1324=LINE('',#2654,#1508);
#1325=LINE('',#2656,#1509);
#1326=LINE('',#2658,#1510);
#1327=LINE('',#2660,#1511);
#1328=LINE('',#2662,#1512);
#1329=LINE('',#2664,#1513);
#1330=LINE('',#2666,#1514);
#1331=LINE('',#2668,#1515);
#1332=LINE('',#2670,#1516);
#1333=LINE('',#2672,#1517);
#1334=LINE('',#2674,#1518);
#1335=LINE('',#2676,#1519);
#1336=LINE('',#2678,#1520);
#1337=LINE('',#2681,#1521);
#1338=LINE('',#2682,#1522);
#1339=LINE('',#2684,#1523);
#1340=LINE('',#2686,#1524);
#1341=LINE('',#2688,#1525);
#1342=LINE('',#2689,#1526);
#1343=LINE('',#2691,#1527);
#1344=LINE('',#2693,#1528);
#1345=LINE('',#2695,#1529);
#1346=LINE('',#2697,#1530);
#1347=LINE('',#2699,#1531);
#1348=LINE('',#2701,#1532);
#1349=LINE('',#2703,#1533);
#1350=LINE('',#2705,#1534);
#1351=LINE('',#2707,#1535);
#1352=LINE('',#2708,#1536);
#1353=LINE('',#2710,#1537);
#1354=LINE('',#2713,#1538);
#1355=LINE('',#2715,#1539);
#1356=LINE('',#2716,#1540);
#1357=LINE('',#2719,#1541);
#1358=LINE('',#2721,#1542);
#1359=LINE('',#2723,#1543);
#1360=LINE('',#2728,#1544);
#1361=LINE('',#2730,#1545);
#1362=LINE('',#2732,#1546);
#1363=LINE('',#2734,#1547);
#1364=LINE('',#2736,#1548);
#1365=LINE('',#2740,#1549);
#1366=LINE('',#2742,#1550);
#1367=LINE('',#2744,#1551);
#1368=LINE('',#2748,#1552);
#1369=LINE('',#2752,#1553);
#1370=LINE('',#2755,#1554);
#1371=LINE('',#2757,#1555);
#1372=LINE('',#2759,#1556);
#1373=LINE('',#2761,#1557);
#1374=LINE('',#2764,#1558);
#1375=LINE('',#2766,#1559);
#1376=LINE('',#2768,#1560);
#1377=LINE('',#2770,#1561);
#1378=LINE('',#2772,#1562);
#1379=LINE('',#2774,#1563);
#1380=LINE('',#2776,#1564);
#1381=LINE('',#2778,#1565);
#1382=LINE('',#2780,#1566);
#1383=LINE('',#2782,#1567);
#1384=LINE('',#2784,#1568);
#1385=LINE('',#2786,#1569);
#1386=LINE('',#2788,#1570);
#1387=LINE('',#2790,#1571);
#1388=LINE('',#2792,#1572);
#1389=LINE('',#2794,#1573);
#1390=LINE('',#2796,#1574);
#1391=LINE('',#2798,#1575);
#1392=LINE('',#2800,#1576);
#1393=LINE('',#2802,#1577);
#1394=LINE('',#2804,#1578);
#1395=LINE('',#2805,#1579);
#1396=LINE('',#2807,#1580);
#1397=LINE('',#2809,#1581);
#1398=LINE('',#2811,#1582);
#1399=LINE('',#2813,#1583);
#1400=LINE('',#2815,#1584);
#1401=LINE('',#2817,#1585);
#1402=LINE('',#2820,#1586);
#1403=LINE('',#2822,#1587);
#1404=LINE('',#2824,#1588);
#1405=LINE('',#2826,#1589);
#1406=LINE('',#2828,#1590);
#1407=LINE('',#2830,#1591);
#1408=LINE('',#2832,#1592);
#1409=LINE('',#2834,#1593);
#1410=LINE('',#2836,#1594);
#1411=LINE('',#2838,#1595);
#1412=LINE('',#2840,#1596);
#1413=LINE('',#2842,#1597);
#1414=LINE('',#2844,#1598);
#1415=LINE('',#2846,#1599);
#1416=LINE('',#2848,#1600);
#1417=LINE('',#2850,#1601);
#1418=LINE('',#2852,#1602);
#1419=LINE('',#2853,#1603);
#1420=LINE('',#2854,#1604);
#1421=LINE('',#2856,#1605);
#1422=LINE('',#2858,#1606);
#1423=LINE('',#2859,#1607);
#1424=LINE('',#2862,#1608);
#1425=LINE('',#2864,#1609);
#1426=LINE('',#2866,#1610);
#1427=LINE('',#2868,#1611);
#1428=LINE('',#2869,#1612);
#1429=LINE('',#2872,#1613);
#1430=LINE('',#2874,#1614);
#1431=LINE('',#2878,#1615);
#1432=LINE('',#2880,#1616);
#1433=LINE('',#2882,#1617);
#1434=LINE('',#2884,#1618);
#1435=LINE('',#2885,#1619);
#1436=LINE('',#2887,#1620);
#1437=LINE('',#2888,#1621);
#1438=LINE('',#2890,#1622);
#1439=LINE('',#2891,#1623);
#1440=LINE('',#2894,#1624);
#1441=LINE('',#2896,#1625);
#1442=LINE('',#2898,#1626);
#1443=LINE('',#2902,#1627);
#1444=LINE('',#2904,#1628);
#1445=LINE('',#3316,#1629);
#1446=LINE('',#3317,#1630);
#1447=LINE('',#3319,#1631);
#1448=LINE('',#3321,#1632);
#1449=LINE('',#3323,#1633);
#1450=LINE('',#3325,#1634);
#1451=LINE('',#3327,#1635);
#1452=LINE('',#3329,#1636);
#1453=LINE('',#3331,#1637);
#1454=LINE('',#3333,#1638);
#1455=LINE('',#3336,#1639);
#1456=LINE('',#3338,#1640);
#1457=LINE('',#3340,#1641);
#1458=LINE('',#3342,#1642);
#1459=LINE('',#3344,#1643);
#1460=LINE('',#3345,#1644);
#1461=LINE('',#3347,#1645);
#1462=LINE('',#3349,#1646);
#1463=LINE('',#3351,#1647);
#1464=LINE('',#3353,#1648);
#1465=LINE('',#3356,#1649);
#1466=LINE('',#3357,#1650);
#1467=LINE('',#3359,#1651);
#1468=LINE('',#3361,#1652);
#1469=LINE('',#3363,#1653);
#1470=LINE('',#3365,#1654);
#1471=LINE('',#3367,#1655);
#1472=LINE('',#3368,#1656);
#1473=LINE('',#3370,#1657);
#1474=LINE('',#3372,#1658);
#1475=LINE('',#3374,#1659);
#1476=LINE('',#3376,#1660);
#1477=LINE('',#3378,#1661);
#1478=LINE('',#3379,#1662);
#1479=LINE('',#3381,#1663);
#1480=LINE('',#3382,#1664);
#1481=LINE('',#3384,#1665);
#1482=LINE('',#3385,#1666);
#1483=LINE('',#3391,#1667);
#1484=LINE('',#3397,#1668);
#1485=LINE('',#3400,#1669);
#1486=LINE('',#3402,#1670);
#1487=LINE('',#5088,#1671);
#1488=LINE('',#5090,#1672);
#1489=LINE('',#5092,#1673);
#1490=LINE('',#5093,#1674);
#1491=LINE('',#5095,#1675);
#1492=LINE('',#5097,#1676);
#1493=LINE('',#5099,#1677);
#1494=LINE('',#5100,#1678);
#1495=LINE('',#5101,#1679);
#1496=LINE('',#5103,#1680);
#1497=LINE('',#5105,#1681);
#1498=LINE('',#5107,#1682);
#1499=LINE('',#5111,#1683);
#1500=LINE('',#5113,#1684);
#1501=LINE('',#5115,#1685);
#1502=LINE('',#5117,#1686);
#1503=LINE('',#5119,#1687);
#1504=LINE('',#5121,#1688);
#1505=VECTOR('',#2247,1.);
#1506=VECTOR('',#2248,1.);
#1507=VECTOR('',#2249,1.);
#1508=VECTOR('',#2250,1.);
#1509=VECTOR('',#2253,1.);
#1510=VECTOR('',#2254,1.);
#1511=VECTOR('',#2255,1.);
#1512=VECTOR('',#2256,1.);
#1513=VECTOR('',#2257,1.);
#1514=VECTOR('',#2258,1.);
#1515=VECTOR('',#2259,1.);
#1516=VECTOR('',#2260,1.);
#1517=VECTOR('',#2261,1.);
#1518=VECTOR('',#2262,1.);
#1519=VECTOR('',#2263,1.);
#1520=VECTOR('',#2266,1.);
#1521=VECTOR('',#2267,1.);
#1522=VECTOR('',#2268,1.);
#1523=VECTOR('',#2271,1.);
#1524=VECTOR('',#2272,1.);
#1525=VECTOR('',#2273,1.);
#1526=VECTOR('',#2274,1.);
#1527=VECTOR('',#2275,1.);
#1528=VECTOR('',#2276,1.);
#1529=VECTOR('',#2277,1.);
#1530=VECTOR('',#2278,1.);
#1531=VECTOR('',#2279,1.);
#1532=VECTOR('',#2280,1.);
#1533=VECTOR('',#2283,1.);
#1534=VECTOR('',#2286,1.);
#1535=VECTOR('',#2289,1.);
#1536=VECTOR('',#2290,1.);
#1537=VECTOR('',#2293,1.);
#1538=VECTOR('',#2298,1.);
#1539=VECTOR('',#2301,1.);
#1540=VECTOR('',#2302,1.);
#1541=VECTOR('',#2303,1.);
#1542=VECTOR('',#2304,1.);
#1543=VECTOR('',#2305,1.);
#1544=VECTOR('',#2312,1.);
#1545=VECTOR('',#2313,1.);
#1546=VECTOR('',#2314,1.);
#1547=VECTOR('',#2317,1.);
#1548=VECTOR('',#2318,1.);
#1549=VECTOR('',#2323,1.);
#1550=VECTOR('',#2324,1.);
#1551=VECTOR('',#2327,1.);
#1552=VECTOR('',#2334,1.);
#1553=VECTOR('',#2341,1.);
#1554=VECTOR('',#2342,1.);
#1555=VECTOR('',#2343,1.);
#1556=VECTOR('',#2344,1.);
#1557=VECTOR('',#2347,1.);
#1558=VECTOR('',#2348,1.);
#1559=VECTOR('',#2349,1.);
#1560=VECTOR('',#2350,1.);
#1561=VECTOR('',#2351,1.);
#1562=VECTOR('',#2352,1.);
#1563=VECTOR('',#2353,1.);
#1564=VECTOR('',#2354,1.);
#1565=VECTOR('',#2355,1.);
#1566=VECTOR('',#2356,1.);
#1567=VECTOR('',#2357,1.);
#1568=VECTOR('',#2358,1.);
#1569=VECTOR('',#2359,1.);
#1570=VECTOR('',#2360,1.);
#1571=VECTOR('',#2361,1.);
#1572=VECTOR('',#2362,1.);
#1573=VECTOR('',#2363,1.);
#1574=VECTOR('',#2364,1.);
#1575=VECTOR('',#2365,1.);
#1576=VECTOR('',#2366,1.);
#1577=VECTOR('',#2367,1.);
#1578=VECTOR('',#2368,1.);
#1579=VECTOR('',#2369,1.);
#1580=VECTOR('',#2370,1.);
#1581=VECTOR('',#2371,1.);
#1582=VECTOR('',#2374,1.);
#1583=VECTOR('',#2375,1.);
#1584=VECTOR('',#2376,1.);
#1585=VECTOR('',#2379,1.);
#1586=VECTOR('',#2380,1.);
#1587=VECTOR('',#2381,1.);
#1588=VECTOR('',#2382,1.);
#1589=VECTOR('',#2383,1.);
#1590=VECTOR('',#2384,1.);
#1591=VECTOR('',#2385,1.);
#1592=VECTOR('',#2386,1.);
#1593=VECTOR('',#2387,1.);
#1594=VECTOR('',#2388,1.);
#1595=VECTOR('',#2389,1.);
#1596=VECTOR('',#2390,1.);
#1597=VECTOR('',#2391,1.);
#1598=VECTOR('',#2392,1.);
#1599=VECTOR('',#2393,1.);
#1600=VECTOR('',#2394,1.);
#1601=VECTOR('',#2395,1.);
#1602=VECTOR('',#2396,1.);
#1603=VECTOR('',#2397,1.);
#1604=VECTOR('',#2398,1.);
#1605=VECTOR('',#2399,1.);
#1606=VECTOR('',#2400,1.);
#1607=VECTOR('',#2401,1.);
#1608=VECTOR('',#2402,1.);
#1609=VECTOR('',#2403,1.);
#1610=VECTOR('',#2404,1.);
#1611=VECTOR('',#2407,1.);
#1612=VECTOR('',#2408,1.);
#1613=VECTOR('',#2413,1.);
#1614=VECTOR('',#2414,1.);
#1615=VECTOR('',#2417,1.);
#1616=VECTOR('',#2418,1.);
#1617=VECTOR('',#2419,1.);
#1618=VECTOR('',#2422,1.);
#1619=VECTOR('',#2423,1.);
#1620=VECTOR('',#2426,1.);
#1621=VECTOR('',#2427,1.);
#1622=VECTOR('',#2430,1.);
#1623=VECTOR('',#2431,1.);
#1624=VECTOR('',#2436,1.);
#1625=VECTOR('',#2437,1.);
#1626=VECTOR('',#2438,1.);
#1627=VECTOR('',#2441,1.);
#1628=VECTOR('',#2442,1.);
#1629=VECTOR('',#2505,1.);
#1630=VECTOR('',#2506,1.);
#1631=VECTOR('',#2509,1.);
#1632=VECTOR('',#2510,1.);
#1633=VECTOR('',#2511,1.);
#1634=VECTOR('',#2514,1.);
#1635=VECTOR('',#2515,1.);
#1636=VECTOR('',#2516,1.);
#1637=VECTOR('',#2517,1.);
#1638=VECTOR('',#2520,1.);
#1639=VECTOR('',#2521,1.);
#1640=VECTOR('',#2522,1.);
#1641=VECTOR('',#2523,1.);
#1642=VECTOR('',#2524,1.);
#1643=VECTOR('',#2525,1.);
#1644=VECTOR('',#2526,1.);
#1645=VECTOR('',#2527,1.);
#1646=VECTOR('',#2528,1.);
#1647=VECTOR('',#2529,1.);
#1648=VECTOR('',#2532,1.);
#1649=VECTOR('',#2533,1.);
#1650=VECTOR('',#2534,1.);
#1651=VECTOR('',#2537,1.);
#1652=VECTOR('',#2538,1.);
#1653=VECTOR('',#2539,1.);
#1654=VECTOR('',#2540,1.);
#1655=VECTOR('',#2541,1.);
#1656=VECTOR('',#2542,1.);
#1657=VECTOR('',#2543,1.);
#1658=VECTOR('',#2544,1.);
#1659=VECTOR('',#2545,1.);
#1660=VECTOR('',#2546,1.);
#1661=VECTOR('',#2549,1.);
#1662=VECTOR('',#2550,1.);
#1663=VECTOR('',#2553,1.);
#1664=VECTOR('',#2554,1.);
#1665=VECTOR('',#2557,1.);
#1666=VECTOR('',#2558,1.);
#1667=VECTOR('',#2567,1.);
#1668=VECTOR('',#2576,1.);
#1669=VECTOR('',#2581,1.);
#1670=VECTOR('',#2584,1.);
#1671=VECTOR('',#2595,1.);
#1672=VECTOR('',#2598,1.);
#1673=VECTOR('',#2599,1.);
#1674=VECTOR('',#2600,1.);
#1675=VECTOR('',#2603,1.);
#1676=VECTOR('',#2604,1.);
#1677=VECTOR('',#2607,1.);
#1678=VECTOR('',#2608,1.);
#1679=VECTOR('',#2609,1.);
#1680=VECTOR('',#2612,1.);
#1681=VECTOR('',#2615,1.);
#1682=VECTOR('',#2618,1.);
#1683=VECTOR('',#2625,1.);
#1684=VECTOR('',#2628,1.);
#1685=VECTOR('',#2631,1.);
#1686=VECTOR('',#2634,1.);
#1687=VECTOR('',#2637,1.);
#1688=VECTOR('',#2640,1.);
#1689=EDGE_LOOP('',(#185,#186,#187,#188));
#1690=EDGE_LOOP('',(#189,#190,#191,#192,#193,#194,#195,#196,#197,#198,#199,
#200));
#1691=EDGE_LOOP('',(#201,#202,#203,#204));
#1692=EDGE_LOOP('',(#205,#206,#207,#208,#209,#210,#211,#212,#213,#214,#215,
#216));
#1693=EDGE_LOOP('',(#217,#218,#219,#220));
#1694=EDGE_LOOP('',(#221,#222,#223,#224));
#1695=EDGE_LOOP('',(#225,#226,#227,#228));
#1696=EDGE_LOOP('',(#229,#230,#231,#232));
#1697=EDGE_LOOP('',(#233,#234,#235,#236));
#1698=EDGE_LOOP('',(#237,#238,#239,#240));
#1699=EDGE_LOOP('',(#241,#242,#243,#244));
#1700=EDGE_LOOP('',(#245,#246,#247,#248));
#1701=EDGE_LOOP('',(#249,#250,#251,#252));
#1702=EDGE_LOOP('',(#253));
#1703=EDGE_LOOP('',(#254,#255,#256,#257));
#1704=EDGE_LOOP('',(#258,#259,#260,#261));
#1705=EDGE_LOOP('',(#262));
#1706=EDGE_LOOP('',(#263,#264,#265,#266));
#1707=EDGE_LOOP('',(#267,#268,#269,#270));
#1708=EDGE_LOOP('',(#271,#272,#273,#274));
#1709=EDGE_LOOP('',(#275));
#1710=EDGE_LOOP('',(#276));
#1711=EDGE_LOOP('',(#277,#278,#279,#280));
#1712=EDGE_LOOP('',(#281,#282,#283,#284));
#1713=EDGE_LOOP('',(#285,#286,#287,#288));
#1714=EDGE_LOOP('',(#289,#290,#291,#292,#293,#294,#295,#296,#297,#298,#299,
#300,#301,#302,#303,#304,#305,#306,#307,#308,#309,#310));
#1715=EDGE_LOOP('',(#311,#312,#313,#314));
#1716=EDGE_LOOP('',(#315,#316,#317,#318));
#1717=EDGE_LOOP('',(#319,#320,#321,#322,#323,#324,#325,#326,#327,#328,#329,
#330,#331,#332,#333,#334,#335,#336,#337,#338));
#1718=EDGE_LOOP('',(#339,#340,#341,#342));
#1719=EDGE_LOOP('',(#343,#344,#345,#346));
#1720=EDGE_LOOP('',(#347,#348,#349,#350));
#1721=EDGE_LOOP('',(#351,#352,#353,#354));
#1722=EDGE_LOOP('',(#355,#356,#357,#358,#359,#360,#361,#362,#363));
#1723=EDGE_LOOP('',(#364,#365,#366,#367));
#1724=EDGE_LOOP('',(#368,#369,#370,#371));
#1725=EDGE_LOOP('',(#372,#373,#374,#375));
#1726=EDGE_LOOP('',(#376,#377,#378,#379));
#1727=EDGE_LOOP('',(#380,#381,#382,#383,#384,#385,#386,#387,#388));
#1728=EDGE_LOOP('',(#389,#390,#391,#392));
#1729=EDGE_LOOP('',(#393,#394,#395,#396));
#1730=EDGE_LOOP('',(#397,#398,#399,#400));
#1731=EDGE_LOOP('',(#401,#402,#403,#404));
#1732=EDGE_LOOP('',(#405,#406,#407,#408));
#1733=EDGE_LOOP('',(#409,#410,#411,#412));
#1734=EDGE_LOOP('',(#413,#414,#415,#416));
#1735=EDGE_LOOP('',(#417,#418,#419,#420));
#1736=EDGE_LOOP('',(#421,#422,#423,#424));
#1737=EDGE_LOOP('',(#425,#426,#427,#428));
#1738=EDGE_LOOP('',(#429,#430,#431,#432));
#1739=EDGE_LOOP('',(#433,#434,#435,#436));
#1740=EDGE_LOOP('',(#437,#438,#439,#440,#441,#442,#443,#444));
#1741=EDGE_LOOP('',(#445,#446,#447,#448,#449,#450,#451,#452,#453,#454,#455,
#456));
#1742=EDGE_LOOP('',(#457,#458,#459,#460));
#1743=EDGE_LOOP('',(#461,#462,#463,#464,#465,#466,#467,#468,#469,#470,#471,
#472));
#1744=EDGE_LOOP('',(#473,#474,#475,#476));
#1745=EDGE_LOOP('',(#477,#478,#479,#480,#481,#482));
#1746=EDGE_LOOP('',(#483,#484,#485,#486));
#1747=EDGE_LOOP('',(#487,#488,#489,#490));
#1748=EDGE_LOOP('',(#491));
#1749=EDGE_LOOP('',(#492,#493,#494,#495));
#1750=EDGE_LOOP('',(#496,#497,#498,#499));
#1751=EDGE_LOOP('',(#500,#501,#502,#503));
#1752=EDGE_LOOP('',(#504,#505,#506,#507));
#1753=EDGE_LOOP('',(#508));
#1754=EDGE_LOOP('',(#509,#510,#511,#512));
#1755=EDGE_LOOP('',(#513,#514,#515,#516));
#1756=EDGE_LOOP('',(#517,#518,#519,#520));
#1757=EDGE_LOOP('',(#521,#522,#523,#524));
#1758=EDGE_LOOP('',(#525,#526,#527,#528));
#1759=EDGE_LOOP('',(#529,#530,#531,#532,#533,#534,#535,#536,#537,#538,#539,
#540,#541,#542,#543,#544,#545,#546,#547,#548,#549,#550,#551,#552,#553,#554,
#555,#556,#557,#558,#559,#560,#561,#562,#563,#564,#565,#566,#567,#568));
#1760=EDGE_LOOP('',(#569));
#1761=EDGE_LOOP('',(#570,#571,#572,#573,#574,#575,#576,#577,#578,#579,#580,
#581,#582,#583,#584,#585,#586,#587,#588,#589,#590,#591,#592,#593,#594,#595,
#596,#597,#598,#599,#600,#601,#602,#603,#604,#605,#606,#607,#608,#609));
#1762=EDGE_LOOP('',(#610));
#1763=EDGE_LOOP('',(#611,#612,#613,#614));
#1764=EDGE_LOOP('',(#615,#616,#617,#618));
#1765=EDGE_LOOP('',(#619,#620,#621,#622));
#1766=EDGE_LOOP('',(#623,#624,#625,#626));
#1767=EDGE_LOOP('',(#627,#628,#629,#630));
#1768=EDGE_LOOP('',(#631,#632,#633,#634));
#1769=EDGE_LOOP('',(#635,#636,#637,#638));
#1770=EDGE_LOOP('',(#639,#640,#641,#642));
#1771=EDGE_LOOP('',(#643,#644,#645,#646));
#1772=EDGE_LOOP('',(#647,#648,#649,#650));
#1773=EDGE_LOOP('',(#651,#652,#653,#654));
#1774=EDGE_LOOP('',(#655,#656,#657,#658));
#1775=EDGE_LOOP('',(#659,#660,#661,#662));
#1776=EDGE_LOOP('',(#663,#664,#665,#666));
#1777=EDGE_LOOP('',(#667,#668,#669,#670));
#1778=EDGE_LOOP('',(#671,#672,#673,#674));
#1779=EDGE_LOOP('',(#675,#676,#677,#678));
#1780=EDGE_LOOP('',(#679,#680,#681,#682));
#1781=EDGE_LOOP('',(#683,#684,#685,#686));
#1782=EDGE_LOOP('',(#687,#688,#689,#690));
#1783=EDGE_LOOP('',(#691,#692,#693,#694));
#1784=EDGE_LOOP('',(#695,#696,#697,#698));
#1785=EDGE_LOOP('',(#699,#700,#701,#702));
#1786=EDGE_LOOP('',(#703,#704,#705,#706));
#1787=EDGE_LOOP('',(#707,#708,#709,#710));
#1788=EDGE_LOOP('',(#711,#712,#713,#714));
#1789=EDGE_LOOP('',(#715,#716,#717,#718));
#1790=EDGE_LOOP('',(#719,#720,#721,#722));
#1791=EDGE_LOOP('',(#723,#724,#725,#726));
#1792=EDGE_LOOP('',(#727,#728,#729,#730));
#1793=EDGE_LOOP('',(#731,#732,#733,#734));
#1794=EDGE_LOOP('',(#735,#736,#737,#738));
#1795=EDGE_LOOP('',(#739,#740,#741,#742));
#1796=EDGE_LOOP('',(#743,#744,#745,#746));
#1797=EDGE_LOOP('',(#747,#748,#749,#750));
#1798=EDGE_LOOP('',(#751,#752,#753,#754));
#1799=EDGE_LOOP('',(#755,#756,#757,#758));
#1800=EDGE_LOOP('',(#759,#760,#761,#762));
#1801=EDGE_LOOP('',(#763,#764,#765,#766));
#1802=EDGE_LOOP('',(#767,#768,#769,#770,#771,#772));
#1803=EDGE_LOOP('',(#773,#774,#775,#776));
#1804=EDGE_LOOP('',(#777,#778,#779,#780));
#1805=EDGE_LOOP('',(#781,#782,#783,#784));
#1806=EDGE_LOOP('',(#785,#786,#787,#788));
#1807=EDGE_LOOP('',(#789,#790,#791,#792));
#1808=EDGE_LOOP('',(#793,#794,#795,#796));
#1809=EDGE_LOOP('',(#797,#798,#799,#800));
#1810=EDGE_LOOP('',(#801,#802,#803,#804));
#1811=FACE_BOUND('',#1689,.T.);
#1812=FACE_BOUND('',#1690,.T.);
#1813=FACE_BOUND('',#1691,.T.);
#1814=FACE_BOUND('',#1692,.T.);
#1815=FACE_BOUND('',#1693,.T.);
#1816=FACE_BOUND('',#1694,.T.);
#1817=FACE_BOUND('',#1695,.T.);
#1818=FACE_BOUND('',#1696,.T.);
#1819=FACE_BOUND('',#1697,.T.);
#1820=FACE_BOUND('',#1698,.T.);
#1821=FACE_BOUND('',#1699,.T.);
#1822=FACE_BOUND('',#1700,.T.);
#1823=FACE_BOUND('',#1701,.T.);
#1824=FACE_BOUND('',#1702,.T.);
#1825=FACE_BOUND('',#1703,.T.);
#1826=FACE_BOUND('',#1704,.T.);
#1827=FACE_BOUND('',#1705,.T.);
#1828=FACE_BOUND('',#1706,.T.);
#1829=FACE_BOUND('',#1707,.T.);
#1830=FACE_BOUND('',#1708,.T.);
#1831=FACE_BOUND('',#1709,.T.);
#1832=FACE_BOUND('',#1710,.T.);
#1833=FACE_BOUND('',#1711,.T.);
#1834=FACE_BOUND('',#1712,.T.);
#1835=FACE_BOUND('',#1713,.T.);
#1836=FACE_BOUND('',#1714,.T.);
#1837=FACE_BOUND('',#1715,.T.);
#1838=FACE_BOUND('',#1716,.T.);
#1839=FACE_BOUND('',#1717,.T.);
#1840=FACE_BOUND('',#1718,.T.);
#1841=FACE_BOUND('',#1719,.T.);
#1842=FACE_BOUND('',#1720,.T.);
#1843=FACE_BOUND('',#1721,.T.);
#1844=FACE_BOUND('',#1722,.T.);
#1845=FACE_BOUND('',#1723,.T.);
#1846=FACE_BOUND('',#1724,.T.);
#1847=FACE_BOUND('',#1725,.T.);
#1848=FACE_BOUND('',#1726,.T.);
#1849=FACE_BOUND('',#1727,.T.);
#1850=FACE_BOUND('',#1728,.T.);
#1851=FACE_BOUND('',#1729,.T.);
#1852=FACE_BOUND('',#1730,.T.);
#1853=FACE_BOUND('',#1731,.T.);
#1854=FACE_BOUND('',#1732,.T.);
#1855=FACE_BOUND('',#1733,.T.);
#1856=FACE_BOUND('',#1734,.T.);
#1857=FACE_BOUND('',#1735,.T.);
#1858=FACE_BOUND('',#1736,.T.);
#1859=FACE_BOUND('',#1737,.T.);
#1860=FACE_BOUND('',#1738,.T.);
#1861=FACE_BOUND('',#1739,.T.);
#1862=FACE_BOUND('',#1740,.T.);
#1863=FACE_BOUND('',#1741,.T.);
#1864=FACE_BOUND('',#1742,.T.);
#1865=FACE_BOUND('',#1743,.T.);
#1866=FACE_BOUND('',#1744,.T.);
#1867=FACE_BOUND('',#1745,.T.);
#1868=FACE_BOUND('',#1746,.T.);
#1869=FACE_BOUND('',#1747,.T.);
#1870=FACE_BOUND('',#1748,.T.);
#1871=FACE_BOUND('',#1749,.T.);
#1872=FACE_BOUND('',#1750,.T.);
#1873=FACE_BOUND('',#1751,.T.);
#1874=FACE_BOUND('',#1752,.T.);
#1875=FACE_BOUND('',#1753,.T.);
#1876=FACE_BOUND('',#1754,.T.);
#1877=FACE_BOUND('',#1755,.T.);
#1878=FACE_BOUND('',#1756,.T.);
#1879=FACE_BOUND('',#1757,.T.);
#1880=FACE_BOUND('',#1758,.T.);
#1881=FACE_BOUND('',#1759,.T.);
#1882=FACE_BOUND('',#1760,.T.);
#1883=FACE_BOUND('',#1761,.T.);
#1884=FACE_BOUND('',#1762,.T.);
#1885=FACE_BOUND('',#1763,.T.);
#1886=FACE_BOUND('',#1764,.T.);
#1887=FACE_BOUND('',#1765,.T.);
#1888=FACE_BOUND('',#1766,.T.);
#1889=FACE_BOUND('',#1767,.T.);
#1890=FACE_BOUND('',#1768,.T.);
#1891=FACE_BOUND('',#1769,.T.);
#1892=FACE_BOUND('',#1770,.T.);
#1893=FACE_BOUND('',#1771,.T.);
#1894=FACE_BOUND('',#1772,.T.);
#1895=FACE_BOUND('',#1773,.T.);
#1896=FACE_BOUND('',#1774,.T.);
#1897=FACE_BOUND('',#1775,.T.);
#1898=FACE_BOUND('',#1776,.T.);
#1899=FACE_BOUND('',#1777,.T.);
#1900=FACE_BOUND('',#1778,.T.);
#1901=FACE_BOUND('',#1779,.T.);
#1902=FACE_BOUND('',#1780,.T.);
#1903=FACE_BOUND('',#1781,.T.);
#1904=FACE_BOUND('',#1782,.T.);
#1905=FACE_BOUND('',#1783,.T.);
#1906=FACE_BOUND('',#1784,.T.);
#1907=FACE_BOUND('',#1785,.T.);
#1908=FACE_BOUND('',#1786,.T.);
#1909=FACE_BOUND('',#1787,.T.);
#1910=FACE_BOUND('',#1788,.T.);
#1911=FACE_BOUND('',#1789,.T.);
#1912=FACE_BOUND('',#1790,.T.);
#1913=FACE_BOUND('',#1791,.T.);
#1914=FACE_BOUND('',#1792,.T.);
#1915=FACE_BOUND('',#1793,.T.);
#1916=FACE_BOUND('',#1794,.T.);
#1917=FACE_BOUND('',#1795,.T.);
#1918=FACE_BOUND('',#1796,.T.);
#1919=FACE_BOUND('',#1797,.T.);
#1920=FACE_BOUND('',#1798,.T.);
#1921=FACE_BOUND('',#1799,.T.);
#1922=FACE_BOUND('',#1800,.T.);
#1923=FACE_BOUND('',#1801,.T.);
#1924=FACE_BOUND('',#1802,.T.);
#1925=FACE_BOUND('',#1803,.T.);
#1926=FACE_BOUND('',#1804,.T.);
#1927=FACE_BOUND('',#1805,.T.);
#1928=FACE_BOUND('',#1806,.T.);
#1929=FACE_BOUND('',#1807,.T.);
#1930=FACE_BOUND('',#1808,.T.);
#1931=FACE_BOUND('',#1809,.T.);
#1932=FACE_BOUND('',#1810,.T.);
#1933=PLANE('',#2135);
#1934=PLANE('',#2136);
#1935=PLANE('',#2137);
#1936=PLANE('',#2138);
#1937=PLANE('',#2139);
#1938=PLANE('',#2140);
#1939=PLANE('',#2141);
#1940=PLANE('',#2142);
#1941=PLANE('',#2143);
#1942=PLANE('',#2144);
#1943=PLANE('',#2145);
#1944=PLANE('',#2146);
#1945=PLANE('',#2147);
#1946=PLANE('',#2149);
#1947=PLANE('',#2150);
#1948=PLANE('',#2152);
#1949=PLANE('',#2153);
#1950=PLANE('',#2155);
#1951=PLANE('',#2156);
#1952=PLANE('',#2158);
#1953=PLANE('',#2159);
#1954=PLANE('',#2160);
#1955=PLANE('',#2161);
#1956=PLANE('',#2162);
#1957=PLANE('',#2163);
#1958=PLANE('',#2164);
#1959=PLANE('',#2166);
#1960=PLANE('',#2167);
#1961=PLANE('',#2168);
#1962=PLANE('',#2169);
#1963=PLANE('',#2170);
#1964=PLANE('',#2202);
#1965=PLANE('',#2203);
#1966=PLANE('',#2204);
#1967=PLANE('',#2205);
#1968=PLANE('',#2206);
#1969=PLANE('',#2207);
#1970=PLANE('',#2208);
#1971=PLANE('',#2209);
#1972=PLANE('',#2210);
#1973=PLANE('',#2211);
#1974=PLANE('',#2212);
#1975=PLANE('',#2214);
#1976=PLANE('',#2215);
#1977=PLANE('',#2216);
#1978=PLANE('',#2217);
#1979=PLANE('',#2219);
#1980=PLANE('',#2220);
#1981=PLANE('',#2221);
#1982=PLANE('',#2225);
#1983=PLANE('',#2226);
#1984=PLANE('',#2227);
#1985=PLANE('',#2228);
#1986=PLANE('',#2229);
#1987=PLANE('',#2230);
#1988=PLANE('',#2231);
#1989=PLANE('',#2232);
#1990=PLANE('',#2233);
#1991=PLANE('',#2234);
#1992=PLANE('',#2235);
#1993=PLANE('',#2236);
#1994=PLANE('',#2237);
#1995=PLANE('',#2238);
#1996=PLANE('',#2239);
#1997=PLANE('',#2240);
#1998=PLANE('',#2241);
#1999=PLANE('',#2242);
#2000=ADVANCED_FACE('',(#1811),#1933,.T.);
#2001=ADVANCED_FACE('',(#1812),#1934,.T.);
#2002=ADVANCED_FACE('',(#1813),#1935,.F.);
#2003=ADVANCED_FACE('',(#1814),#1936,.F.);
#2004=ADVANCED_FACE('',(#1815),#1937,.T.);
#2005=ADVANCED_FACE('',(#1816),#1938,.T.);
#2006=ADVANCED_FACE('',(#1817),#1939,.T.);
#2007=ADVANCED_FACE('',(#1818),#1940,.T.);
#2008=ADVANCED_FACE('',(#1819),#1941,.T.);
#2009=ADVANCED_FACE('',(#1820),#1942,.F.);
#2010=ADVANCED_FACE('',(#1821,#1822),#1943,.T.);
#2011=ADVANCED_FACE('',(#1823),#1944,.T.);
#2012=ADVANCED_FACE('',(#1824,#1825),#1945,.T.);
#2013=ADVANCED_FACE('',(#1826),#1946,.F.);
#2014=ADVANCED_FACE('',(#1827,#1828),#1947,.F.);
#2015=ADVANCED_FACE('',(#1829),#1948,.T.);
#2016=ADVANCED_FACE('',(#1830),#1949,.T.);
#2017=ADVANCED_FACE('',(#1831,#1832),#147,.F.);
#2018=ADVANCED_FACE('',(#1833),#1950,.T.);
#2019=ADVANCED_FACE('',(#1834),#1951,.T.);
#2020=ADVANCED_FACE('',(#1835),#1952,.T.);
#2021=ADVANCED_FACE('',(#1836,#1837),#1953,.T.);
#2022=ADVANCED_FACE('',(#1838),#1954,.T.);
#2023=ADVANCED_FACE('',(#1839,#1840,#1841),#1955,.F.);
#2024=ADVANCED_FACE('',(#1842),#1956,.F.);
#2025=ADVANCED_FACE('',(#1843),#1957,.F.);
#2026=ADVANCED_FACE('',(#1844),#1958,.T.);
#2027=ADVANCED_FACE('',(#1845),#1959,.F.);
#2028=ADVANCED_FACE('',(#1846),#1960,.T.);
#2029=ADVANCED_FACE('',(#1847),#1961,.F.);
#2030=ADVANCED_FACE('',(#1848),#1962,.T.);
#2031=ADVANCED_FACE('',(#1849),#1963,.F.);
#2032=ADVANCED_FACE('',(#1850),#148,.F.);
#2033=ADVANCED_FACE('',(#1851),#149,.F.);
#2034=ADVANCED_FACE('',(#1852),#150,.F.);
#2035=ADVANCED_FACE('',(#1853),#151,.F.);
#2036=ADVANCED_FACE('',(#1854),#152,.F.);
#2037=ADVANCED_FACE('',(#1855),#153,.F.);
#2038=ADVANCED_FACE('',(#1856),#154,.F.);
#2039=ADVANCED_FACE('',(#1857),#155,.F.);
#2040=ADVANCED_FACE('',(#1858),#156,.F.);
#2041=ADVANCED_FACE('',(#1859),#157,.F.);
#2042=ADVANCED_FACE('',(#1860),#1964,.F.);
#2043=ADVANCED_FACE('',(#1861),#1965,.T.);
#2044=ADVANCED_FACE('',(#1862),#1966,.F.);
#2045=ADVANCED_FACE('',(#1863),#1967,.T.);
#2046=ADVANCED_FACE('',(#1864),#1968,.T.);
#2047=ADVANCED_FACE('',(#1865),#1969,.F.);
#2048=ADVANCED_FACE('',(#1866),#1970,.T.);
#2049=ADVANCED_FACE('',(#1867),#1971,.F.);
#2050=ADVANCED_FACE('',(#1868),#1972,.T.);
#2051=ADVANCED_FACE('',(#1869),#1973,.F.);
#2052=ADVANCED_FACE('',(#1870,#1871),#1974,.T.);
#2053=ADVANCED_FACE('',(#1872),#1975,.F.);
#2054=ADVANCED_FACE('',(#1873),#1976,.T.);
#2055=ADVANCED_FACE('',(#1874),#1977,.T.);
#2056=ADVANCED_FACE('',(#1875,#1876),#1978,.T.);
#2057=ADVANCED_FACE('',(#1877),#1979,.F.);
#2058=ADVANCED_FACE('',(#1878),#1980,.F.);
#2059=ADVANCED_FACE('',(#1879),#1981,.F.);
#2060=ADVANCED_FACE('',(#1880),#158,.T.);
#2061=ADVANCED_FACE('',(#1881,#1882),#100,.F.);
#2062=ADVANCED_FACE('',(#1883,#1884),#101,.F.);
#2063=ADVANCED_FACE('',(#1885),#10,.F.);
#2064=ADVANCED_FACE('',(#1886),#11,.F.);
#2065=ADVANCED_FACE('',(#1887),#12,.F.);
#2066=ADVANCED_FACE('',(#1888),#13,.F.);
#2067=ADVANCED_FACE('',(#1889),#14,.F.);
#2068=ADVANCED_FACE('',(#1890),#15,.F.);
#2069=ADVANCED_FACE('',(#1891),#16,.F.);
#2070=ADVANCED_FACE('',(#1892),#17,.F.);
#2071=ADVANCED_FACE('',(#1893),#18,.F.);
#2072=ADVANCED_FACE('',(#1894),#19,.F.);
#2073=ADVANCED_FACE('',(#1895),#20,.F.);
#2074=ADVANCED_FACE('',(#1896),#21,.F.);
#2075=ADVANCED_FACE('',(#1897),#22,.F.);
#2076=ADVANCED_FACE('',(#1898),#23,.F.);
#2077=ADVANCED_FACE('',(#1899),#24,.F.);
#2078=ADVANCED_FACE('',(#1900),#25,.F.);
#2079=ADVANCED_FACE('',(#1901),#26,.F.);
#2080=ADVANCED_FACE('',(#1902),#27,.F.);
#2081=ADVANCED_FACE('',(#1903),#28,.F.);
#2082=ADVANCED_FACE('',(#1904),#29,.F.);
#2083=ADVANCED_FACE('',(#1905),#30,.F.);
#2084=ADVANCED_FACE('',(#1906),#31,.F.);
#2085=ADVANCED_FACE('',(#1907),#32,.F.);
#2086=ADVANCED_FACE('',(#1908),#33,.F.);
#2087=ADVANCED_FACE('',(#1909),#34,.F.);
#2088=ADVANCED_FACE('',(#1910),#35,.F.);
#2089=ADVANCED_FACE('',(#1911),#36,.F.);
#2090=ADVANCED_FACE('',(#1912),#37,.F.);
#2091=ADVANCED_FACE('',(#1913),#38,.F.);
#2092=ADVANCED_FACE('',(#1914),#39,.F.);
#2093=ADVANCED_FACE('',(#1915),#1982,.F.);
#2094=ADVANCED_FACE('',(#1916),#1983,.F.);
#2095=ADVANCED_FACE('',(#1917),#1984,.F.);
#2096=ADVANCED_FACE('',(#1918),#1985,.F.);
#2097=ADVANCED_FACE('',(#1919),#1986,.T.);
#2098=ADVANCED_FACE('',(#1920),#1987,.T.);
#2099=ADVANCED_FACE('',(#1921),#1988,.F.);
#2100=ADVANCED_FACE('',(#1922),#1989,.F.);
#2101=ADVANCED_FACE('',(#1923),#1990,.T.);
#2102=ADVANCED_FACE('',(#1924),#1991,.F.);
#2103=ADVANCED_FACE('',(#1925),#1992,.F.);
#2104=ADVANCED_FACE('',(#1926),#1993,.T.);
#2105=ADVANCED_FACE('',(#1927),#1994,.T.);
#2106=ADVANCED_FACE('',(#1928),#1995,.T.);
#2107=ADVANCED_FACE('',(#1929),#1996,.T.);
#2108=ADVANCED_FACE('',(#1930),#1997,.T.);
#2109=ADVANCED_FACE('',(#1931),#1998,.T.);
#2110=ADVANCED_FACE('',(#1932),#1999,.T.);
#2111=CLOSED_SHELL('',(#2000,#2001,#2002,#2003,#2004,#2005,#2006,#2007,
#2008,#2009,#2010,#2011,#2012,#2013,#2014,#2015,#2016,#2017,#2018,#2019));
#2112=CLOSED_SHELL('',(#2020,#2021,#2022,#2023,#2024,#2025,#2026,#2027,
#2028,#2029,#2030,#2031,#2032,#2033,#2034,#2035,#2036,#2037,#2038,#2039,
#2040,#2041,#2042,#2043,#2044,#2045,#2046,#2047,#2048,#2049,#2050,#2051,
#2052,#2053,#2054,#2055,#2056,#2057,#2058,#2059,#2060,#2061,#2062,#2063,
#2064,#2065,#2066,#2067,#2068,#2069,#2070,#2071,#2072,#2073,#2074,#2075,
#2076,#2077,#2078,#2079,#2080,#2081,#2082,#2083,#2084,#2085,#2086,#2087,
#2088,#2089,#2090,#2091,#2092,#2093,#2094,#2095,#2096,#2097,#2098,#2099,
#2100,#2101,#2102,#2103,#2104,#2105,#2106,#2107,#2108,#2109,#2110));
#2113=STYLED_ITEM('',(#2115),#2128);
#2114=STYLED_ITEM('',(#2116),#2129);
#2115=PRESENTATION_STYLE_ASSIGNMENT((#2117));
#2116=PRESENTATION_STYLE_ASSIGNMENT((#2118));
#2117=SURFACE_STYLE_USAGE(.BOTH.,#2119);
#2118=SURFACE_STYLE_USAGE(.BOTH.,#2120);
#2119=SURFACE_SIDE_STYLE('',(#2121));
#2120=SURFACE_SIDE_STYLE('',(#2122));
#2121=SURFACE_STYLE_FILL_AREA(#2123);
#2122=SURFACE_STYLE_FILL_AREA(#2124);
#2123=FILL_AREA_STYLE('',(#2125));
#2124=FILL_AREA_STYLE('',(#2126));
#2125=FILL_AREA_STYLE_COLOUR('',#2127);
#2126=FILL_AREA_STYLE_COLOUR('',#142);
#2127=DRAUGHTING_PRE_DEFINED_COLOUR('red');
#2128=MANIFOLD_SOLID_BREP('Top Extension/Pen hole',#2111);
#2129=MANIFOLD_SOLID_BREP('Base/Clamp',#2112);
#2130=SHAPE_DEFINITION_REPRESENTATION(#5136,#2132);
#2131=SHAPE_DEFINITION_REPRESENTATION(#5137,#2133);
#2132=SHAPE_REPRESENTATION('Top Extension/Pen hole',(#2134),#5126);
#2133=SHAPE_REPRESENTATION('Base/Clamp',(#2157),#5127);
#2134=AXIS2_PLACEMENT_3D('',#2645,#2243,#2244);
#2135=AXIS2_PLACEMENT_3D('',#2646,#2245,#2246);
#2136=AXIS2_PLACEMENT_3D('',#2655,#2251,#2252);
#2137=AXIS2_PLACEMENT_3D('',#2677,#2264,#2265);
#2138=AXIS2_PLACEMENT_3D('',#2683,#2269,#2270);
#2139=AXIS2_PLACEMENT_3D('',#2702,#2281,#2282);
#2140=AXIS2_PLACEMENT_3D('',#2704,#2284,#2285);
#2141=AXIS2_PLACEMENT_3D('',#2706,#2287,#2288);
#2142=AXIS2_PLACEMENT_3D('',#2709,#2291,#2292);
#2143=AXIS2_PLACEMENT_3D('',#2711,#2294,#2295);
#2144=AXIS2_PLACEMENT_3D('',#2712,#2296,#2297);
#2145=AXIS2_PLACEMENT_3D('',#2714,#2299,#2300);
#2146=AXIS2_PLACEMENT_3D('',#2724,#2306,#2307);
#2147=AXIS2_PLACEMENT_3D('',#2725,#2308,#2309);
#2148=AXIS2_PLACEMENT_3D('',#2726,#2310,#2311);
#2149=AXIS2_PLACEMENT_3D('',#2733,#2315,#2316);
#2150=AXIS2_PLACEMENT_3D('',#2737,#2319,#2320);
#2151=AXIS2_PLACEMENT_3D('',#2738,#2321,#2322);
#2152=AXIS2_PLACEMENT_3D('',#2743,#2325,#2326);
#2153=AXIS2_PLACEMENT_3D('',#2745,#2328,#2329);
#2154=AXIS2_PLACEMENT_3D('',#2746,#2330,#2331);
#2155=AXIS2_PLACEMENT_3D('',#2747,#2332,#2333);
#2156=AXIS2_PLACEMENT_3D('',#2749,#2335,#2336);
#2157=AXIS2_PLACEMENT_3D('',#2750,#2337,#2338);
#2158=AXIS2_PLACEMENT_3D('',#2751,#2339,#2340);
#2159=AXIS2_PLACEMENT_3D('',#2760,#2345,#2346);
#2160=AXIS2_PLACEMENT_3D('',#2810,#2372,#2373);
#2161=AXIS2_PLACEMENT_3D('',#2816,#2377,#2378);
#2162=AXIS2_PLACEMENT_3D('',#2867,#2405,#2406);
#2163=AXIS2_PLACEMENT_3D('',#2870,#2409,#2410);
#2164=AXIS2_PLACEMENT_3D('',#2871,#2411,#2412);
#2165=AXIS2_PLACEMENT_3D('',#2876,#2415,#2416);
#2166=AXIS2_PLACEMENT_3D('',#2883,#2420,#2421);
#2167=AXIS2_PLACEMENT_3D('',#2886,#2424,#2425);
#2168=AXIS2_PLACEMENT_3D('',#2889,#2428,#2429);
#2169=AXIS2_PLACEMENT_3D('',#2892,#2432,#2433);
#2170=AXIS2_PLACEMENT_3D('',#2893,#2434,#2435);
#2171=AXIS2_PLACEMENT_3D('',#2900,#2439,#2440);
#2172=AXIS2_PLACEMENT_3D('',#2905,#2443,#2444);
#2173=AXIS2_PLACEMENT_3D('',#2925,#2445,#2446);
#2174=AXIS2_PLACEMENT_3D('',#2945,#2447,#2448);
#2175=AXIS2_PLACEMENT_3D('',#2946,#2449,#2450);
#2176=AXIS2_PLACEMENT_3D('',#2966,#2451,#2452);
#2177=AXIS2_PLACEMENT_3D('',#2986,#2453,#2454);
#2178=AXIS2_PLACEMENT_3D('',#2987,#2455,#2456);
#2179=AXIS2_PLACEMENT_3D('',#3007,#2457,#2458);
#2180=AXIS2_PLACEMENT_3D('',#3027,#2459,#2460);
#2181=AXIS2_PLACEMENT_3D('',#3028,#2461,#2462);
#2182=AXIS2_PLACEMENT_3D('',#3048,#2463,#2464);
#2183=AXIS2_PLACEMENT_3D('',#3068,#2465,#2466);
#2184=AXIS2_PLACEMENT_3D('',#3069,#2467,#2468);
#2185=AXIS2_PLACEMENT_3D('',#3089,#2469,#2470);
#2186=AXIS2_PLACEMENT_3D('',#3109,#2471,#2472);
#2187=AXIS2_PLACEMENT_3D('',#3110,#2473,#2474);
#2188=AXIS2_PLACEMENT_3D('',#3130,#2475,#2476);
#2189=AXIS2_PLACEMENT_3D('',#3150,#2477,#2478);
#2190=AXIS2_PLACEMENT_3D('',#3151,#2479,#2480);
#2191=AXIS2_PLACEMENT_3D('',#3171,#2481,#2482);
#2192=AXIS2_PLACEMENT_3D('',#3191,#2483,#2484);
#2193=AXIS2_PLACEMENT_3D('',#3192,#2485,#2486);
#2194=AXIS2_PLACEMENT_3D('',#3212,#2487,#2488);
#2195=AXIS2_PLACEMENT_3D('',#3232,#2489,#2490);
#2196=AXIS2_PLACEMENT_3D('',#3233,#2491,#2492);
#2197=AXIS2_PLACEMENT_3D('',#3253,#2493,#2494);
#2198=AXIS2_PLACEMENT_3D('',#3273,#2495,#2496);
#2199=AXIS2_PLACEMENT_3D('',#3274,#2497,#2498);
#2200=AXIS2_PLACEMENT_3D('',#3294,#2499,#2500);
#2201=AXIS2_PLACEMENT_3D('',#3314,#2501,#2502);
#2202=AXIS2_PLACEMENT_3D('',#3315,#2503,#2504);
#2203=AXIS2_PLACEMENT_3D('',#3318,#2507,#2508);
#2204=AXIS2_PLACEMENT_3D('',#3324,#2512,#2513);
#2205=AXIS2_PLACEMENT_3D('',#3332,#2518,#2519);
#2206=AXIS2_PLACEMENT_3D('',#3352,#2530,#2531);
#2207=AXIS2_PLACEMENT_3D('',#3358,#2535,#2536);
#2208=AXIS2_PLACEMENT_3D('',#3377,#2547,#2548);
#2209=AXIS2_PLACEMENT_3D('',#3380,#2551,#2552);
#2210=AXIS2_PLACEMENT_3D('',#3383,#2555,#2556);
#2211=AXIS2_PLACEMENT_3D('',#3386,#2559,#2560);
#2212=AXIS2_PLACEMENT_3D('',#3387,#2561,#2562);
#2213=AXIS2_PLACEMENT_3D('',#3388,#2563,#2564);
#2214=AXIS2_PLACEMENT_3D('',#3390,#2565,#2566);
#2215=AXIS2_PLACEMENT_3D('',#3392,#2568,#2569);
#2216=AXIS2_PLACEMENT_3D('',#3393,#2570,#2571);
#2217=AXIS2_PLACEMENT_3D('',#3394,#2572,#2573);
#2218=AXIS2_PLACEMENT_3D('',#3395,#2574,#2575);
#2219=AXIS2_PLACEMENT_3D('',#3398,#2577,#2578);
#2220=AXIS2_PLACEMENT_3D('',#3399,#2579,#2580);
#2221=AXIS2_PLACEMENT_3D('',#3401,#2582,#2583);
#2222=AXIS2_PLACEMENT_3D('',#3403,#2585,#2586);
#2223=AXIS2_PLACEMENT_3D('',#3404,#2587,#2588);
#2224=AXIS2_PLACEMENT_3D('',#3555,#2589,#2590);
#2225=AXIS2_PLACEMENT_3D('',#5086,#2591,#2592);
#2226=AXIS2_PLACEMENT_3D('',#5087,#2593,#2594);
#2227=AXIS2_PLACEMENT_3D('',#5089,#2596,#2597);
#2228=AXIS2_PLACEMENT_3D('',#5094,#2601,#2602);
#2229=AXIS2_PLACEMENT_3D('',#5098,#2605,#2606);
#2230=AXIS2_PLACEMENT_3D('',#5102,#2610,#2611);
#2231=AXIS2_PLACEMENT_3D('',#5104,#2613,#2614);
#2232=AXIS2_PLACEMENT_3D('',#5106,#2616,#2617);
#2233=AXIS2_PLACEMENT_3D('',#5108,#2619,#2620);
#2234=AXIS2_PLACEMENT_3D('',#5109,#2621,#2622);
#2235=AXIS2_PLACEMENT_3D('',#5110,#2623,#2624);
#2236=AXIS2_PLACEMENT_3D('',#5112,#2626,#2627);
#2237=AXIS2_PLACEMENT_3D('',#5114,#2629,#2630);
#2238=AXIS2_PLACEMENT_3D('',#5116,#2632,#2633);
#2239=AXIS2_PLACEMENT_3D('',#5118,#2635,#2636);
#2240=AXIS2_PLACEMENT_3D('',#5120,#2638,#2639);
#2241=AXIS2_PLACEMENT_3D('',#5122,#2641,#2642);
#2242=AXIS2_PLACEMENT_3D('',#5123,#2643,#2644);
#2243=DIRECTION('',(0.,0.,1.));
#2244=DIRECTION('',(1.,0.,0.));
#2245=DIRECTION('',(0.,-1.,0.));
#2246=DIRECTION('',(0.,0.,-1.));
#2247=DIRECTION('',(1.,0.,0.));
#2248=DIRECTION('',(0.,0.,1.));
#2249=DIRECTION('',(1.,0.,0.));
#2250=DIRECTION('',(0.,0.,1.));
#2251=DIRECTION('',(-1.,0.,0.));
#2252=DIRECTION('',(0.,0.,1.));
#2253=DIRECTION('',(0.,-1.,0.));
#2254=DIRECTION('',(3.64246399155235E-16,0.,-1.));
#2255=DIRECTION('',(0.,1.,0.));
#2256=DIRECTION('',(3.64246399155235E-16,0.,-1.));
#2257=DIRECTION('',(0.,-1.,0.));
#2258=DIRECTION('',(3.64246399155235E-16,0.,-1.));
#2259=DIRECTION('',(0.,-1.,0.));
#2260=DIRECTION('',(0.,0.,1.));
#2261=DIRECTION('',(0.,-1.,0.));
#2262=DIRECTION('',(0.,0.,1.));
#2263=DIRECTION('',(0.,-1.,0.));
#2264=DIRECTION('',(0.,-1.,0.));
#2265=DIRECTION('',(0.,0.,-1.));
#2266=DIRECTION('',(0.,0.,1.));
#2267=DIRECTION('',(-1.,0.,0.));
#2268=DIRECTION('',(1.,0.,0.));
#2269=DIRECTION('',(-1.,0.,0.));
#2270=DIRECTION('',(0.,0.,1.));
#2271=DIRECTION('',(0.,-1.,0.));
#2272=DIRECTION('',(0.,0.,1.));
#2273=DIRECTION('',(0.,-1.,0.));
#2274=DIRECTION('',(0.,-1.,0.));
#2275=DIRECTION('',(3.64246399155235E-16,0.,-1.));
#2276=DIRECTION('',(0.,-1.,0.));
#2277=DIRECTION('',(3.64246399155235E-16,0.,-1.));
#2278=DIRECTION('',(0.,1.,0.));
#2279=DIRECTION('',(3.64246399155235E-16,0.,-1.));
#2280=DIRECTION('',(0.,-1.,0.));
#2281=DIRECTION('',(0.,0.,-1.));
#2282=DIRECTION('',(1.,0.,0.));
#2283=DIRECTION('',(1.,0.,0.));
#2284=DIRECTION('',(0.,0.,-1.));
#2285=DIRECTION('',(-1.,0.,0.));
#2286=DIRECTION('',(1.,0.,0.));
#2287=DIRECTION('',(0.,0.,1.));
#2288=DIRECTION('',(1.,0.,0.));
#2289=DIRECTION('',(-1.,0.,0.));
#2290=DIRECTION('',(-1.,0.,0.));
#2291=DIRECTION('',(0.,0.,-1.));
#2292=DIRECTION('',(-1.,0.,0.));
#2293=DIRECTION('',(1.,0.,0.));
#2294=DIRECTION('',(0.,1.,0.));
#2295=DIRECTION('',(-1.,0.,0.));
#2296=DIRECTION('',(0.,-1.,0.));
#2297=DIRECTION('',(1.,0.,0.));
#2298=DIRECTION('',(1.,0.,3.64246399155235E-16));
#2299=DIRECTION('',(0.,-1.,0.));
#2300=DIRECTION('',(1.,0.,0.));
#2301=DIRECTION('',(1.,0.,3.64246399155235E-16));
#2302=DIRECTION('',(0.,0.,-1.));
#2303=DIRECTION('',(1.,0.,0.));
#2304=DIRECTION('',(0.,0.,-1.));
#2305=DIRECTION('',(1.,0.,0.));
#2306=DIRECTION('',(-3.64246399155235E-16,0.,1.));
#2307=DIRECTION('',(1.,0.,3.64246399155235E-16));
#2308=DIRECTION('',(0.,0.,1.));
#2309=DIRECTION('',(1.,0.,0.));
#2310=DIRECTION('',(0.,0.,1.));
#2311=DIRECTION('',(1.,0.,0.));
#2312=DIRECTION('',(0.,1.,0.));
#2313=DIRECTION('',(1.,0.,0.));
#2314=DIRECTION('',(0.,1.,0.));
#2315=DIRECTION('',(1.,0.,0.));
#2316=DIRECTION('',(0.,0.,-1.));
#2317=DIRECTION('',(0.,1.,0.));
#2318=DIRECTION('',(0.,0.,-1.));
#2319=DIRECTION('',(0.,0.,1.));
#2320=DIRECTION('',(1.,0.,0.));
#2321=DIRECTION('',(0.,0.,1.));
#2322=DIRECTION('',(1.,0.,0.));
#2323=DIRECTION('',(0.,1.,0.));
#2324=DIRECTION('',(1.,0.,0.));
#2325=DIRECTION('',(1.,0.,0.));
#2326=DIRECTION('',(0.,0.,-1.));
#2327=DIRECTION('',(0.,0.,-1.));
#2328=DIRECTION('',(0.,-1.,0.));
#2329=DIRECTION('',(1.,0.,0.));
#2330=DIRECTION('',(0.,0.,1.));
#2331=DIRECTION('',(1.,0.,0.));
#2332=DIRECTION('',(0.,0.,1.));
#2333=DIRECTION('',(1.,0.,0.));
#2334=DIRECTION('',(-1.,0.,0.));
#2335=DIRECTION('',(0.,1.,0.));
#2336=DIRECTION('',(-1.,0.,0.));
#2337=DIRECTION('',(0.,0.,1.));
#2338=DIRECTION('',(1.,0.,0.));
#2339=DIRECTION('',(-1.,0.,-3.64246399155235E-16));
#2340=DIRECTION('',(0.,-1.,0.));
#2341=DIRECTION('',(3.64246399155235E-16,0.,-1.));
#2342=DIRECTION('',(0.,-1.,0.));
#2343=DIRECTION('',(3.64246399155235E-16,0.,-1.));
#2344=DIRECTION('',(0.,-1.,0.));
#2345=DIRECTION('',(0.,-1.,0.));
#2346=DIRECTION('',(0.,0.,-1.));
#2347=DIRECTION('',(1.,0.,3.64246399155235E-16));
#2348=DIRECTION('',(3.64246399155235E-16,0.,-1.));
#2349=DIRECTION('',(1.,0.,0.));
#2350=DIRECTION('',(0.,0.,1.));
#2351=DIRECTION('',(-1.,0.,-3.64246399155235E-16));
#2352=DIRECTION('',(3.64246399155235E-16,0.,-1.));
#2353=DIRECTION('',(1.,0.,3.64246399155235E-16));
#2354=DIRECTION('',(3.64246399155235E-16,0.,-1.));
#2355=DIRECTION('',(3.64246399155235E-16,0.,-1.));
#2356=DIRECTION('',(1.,0.,0.));
#2357=DIRECTION('',(0.,0.,1.));
#2358=DIRECTION('',(1.,0.,0.));
#2359=DIRECTION('',(3.64246399155235E-16,0.,-1.));
#2360=DIRECTION('',(3.64246399155235E-16,0.,-1.));
#2361=DIRECTION('',(1.,0.,3.64246399155235E-16));
#2362=DIRECTION('',(3.64246399155235E-16,0.,-1.));
#2363=DIRECTION('',(1.,0.,3.64246399155235E-16));
#2364=DIRECTION('',(3.64246399155235E-16,0.,-1.));
#2365=DIRECTION('',(1.,0.,3.64246399155235E-16));
#2366=DIRECTION('',(3.64246399155235E-16,0.,-1.));
#2367=DIRECTION('',(1.,0.,3.64246399155235E-16));
#2368=DIRECTION('',(3.64246399155235E-16,0.,-1.));
#2369=DIRECTION('',(1.,0.,0.));
#2370=DIRECTION('',(1.,0.,0.));
#2371=DIRECTION('',(3.64246399155235E-16,0.,-1.));
#2372=DIRECTION('',(-3.64246399155235E-16,0.,1.));
#2373=DIRECTION('',(1.,0.,3.64246399155235E-16));
#2374=DIRECTION('',(0.,1.,0.));
#2375=DIRECTION('',(0.,-1.,0.));
#2376=DIRECTION('',(1.,0.,3.64246399155235E-16));
#2377=DIRECTION('',(0.,-1.,0.));
#2378=DIRECTION('',(0.,0.,-1.));
#2379=DIRECTION('',(1.,0.,3.64246399155235E-16));
#2380=DIRECTION('',(3.64246399155235E-16,0.,-1.));
#2381=DIRECTION('',(1.,0.,3.64246399155235E-16));
#2382=DIRECTION('',(3.64246399155235E-16,0.,-1.));
#2383=DIRECTION('',(1.,0.,3.64246399155235E-16));
#2384=DIRECTION('',(3.64246399155235E-16,0.,-1.));
#2385=DIRECTION('',(1.,0.,3.64246399155235E-16));
#2386=DIRECTION('',(3.64246399155235E-16,0.,-1.));
#2387=DIRECTION('',(-1.,0.,0.));
#2388=DIRECTION('',(0.,0.,-1.));
#2389=DIRECTION('',(-1.,0.,0.));
#2390=DIRECTION('',(3.64246399155235E-16,0.,-1.));
#2391=DIRECTION('',(1.,0.,3.64246399155235E-16));
#2392=DIRECTION('',(3.64246399155235E-16,0.,-1.));
#2393=DIRECTION('',(-1.,0.,-3.64246399155235E-16));
#2394=DIRECTION('',(0.,0.,1.));
#2395=DIRECTION('',(-1.,0.,0.));
#2396=DIRECTION('',(3.64246399155235E-16,0.,-1.));
#2397=DIRECTION('',(3.64246399155235E-16,0.,-1.));
#2398=DIRECTION('',(-1.,0.,0.));
#2399=DIRECTION('',(3.64246399155235E-16,0.,-1.));
#2400=DIRECTION('',(-1.,0.,0.));
#2401=DIRECTION('',(3.64246399155235E-16,0.,-1.));
#2402=DIRECTION('',(-1.,0.,0.));
#2403=DIRECTION('',(0.,0.,1.));
#2404=DIRECTION('',(-1.,0.,0.));
#2405=DIRECTION('',(-3.64246399155235E-16,0.,1.));
#2406=DIRECTION('',(1.,0.,3.64246399155235E-16));
#2407=DIRECTION('',(0.,1.,0.));
#2408=DIRECTION('',(0.,-1.,0.));
#2409=DIRECTION('',(-1.,0.,-3.64246399155235E-16));
#2410=DIRECTION('',(0.,-1.,0.));
#2411=DIRECTION('',(1.,0.,3.64246399155235E-16));
#2412=DIRECTION('',(3.64246399155235E-16,0.,-1.));
#2413=DIRECTION('',(0.,1.,0.));
#2414=DIRECTION('',(-2.57561098865449E-16,0.707106781186547,0.707106781186548));
#2415=DIRECTION('',(1.,0.,3.64246399155235E-16));
#2416=DIRECTION('',(3.64246399155235E-16,0.,-1.));
#2417=DIRECTION('',(3.64246399155235E-16,0.,-1.));
#2418=DIRECTION('',(0.,-1.,0.));
#2419=DIRECTION('',(3.64246399155235E-16,0.,-1.));
#2420=DIRECTION('',(-1.,0.,-3.64246399155235E-16));
#2421=DIRECTION('',(0.,-1.,0.));
#2422=DIRECTION('',(0.,1.,0.));
#2423=DIRECTION('',(0.,1.,0.));
#2424=DIRECTION('',(-3.64246399155235E-16,0.,1.));
#2425=DIRECTION('',(1.,0.,3.64246399155235E-16));
#2426=DIRECTION('',(0.,-1.,0.));
#2427=DIRECTION('',(0.,-1.,0.));
#2428=DIRECTION('',(-3.64246399155235E-16,0.,1.));
#2429=DIRECTION('',(1.,0.,3.64246399155235E-16));
#2430=DIRECTION('',(0.,-1.,0.));
#2431=DIRECTION('',(0.,-1.,0.));
#2432=DIRECTION('',(-1.,0.,-3.64246399155235E-16));
#2433=DIRECTION('',(0.,-1.,0.));
#2434=DIRECTION('',(1.,0.,3.64246399155235E-16));
#2435=DIRECTION('',(3.64246399155235E-16,0.,-1.));
#2436=DIRECTION('',(3.64246399155235E-16,0.,-1.));
#2437=DIRECTION('',(0.,-1.,0.));
#2438=DIRECTION('',(3.64246399155235E-16,0.,-1.));
#2439=DIRECTION('',(1.,0.,3.64246399155235E-16));
#2440=DIRECTION('',(3.64246399155235E-16,0.,-1.));
#2441=DIRECTION('',(2.57561098865449E-16,-0.707106781186547,-0.707106781186548));
#2442=DIRECTION('',(0.,1.,0.));
#2443=DIRECTION('',(3.64246399155235E-16,0.,-1.));
#2444=DIRECTION('',(-1.,0.,-3.64246399155235E-16));
#2445=DIRECTION('',(3.64246399155235E-16,0.,-1.));
#2446=DIRECTION('',(-1.,0.,-3.64246399155235E-16));
#2447=DIRECTION('',(-3.64246399155235E-16,0.,1.));
#2448=DIRECTION('',(1.,0.,3.64246399155235E-16));
#2449=DIRECTION('',(3.64246399155235E-16,0.,-1.));
#2450=DIRECTION('',(-1.,0.,-3.64246399155235E-16));
#2451=DIRECTION('',(3.64246399155235E-16,0.,-1.));
#2452=DIRECTION('',(-1.,0.,-3.64246399155235E-16));
#2453=DIRECTION('',(-3.64246399155235E-16,0.,1.));
#2454=DIRECTION('',(1.,0.,3.64246399155235E-16));
#2455=DIRECTION('',(3.64246399155235E-16,0.,-1.));
#2456=DIRECTION('',(-1.,0.,-3.64246399155235E-16));
#2457=DIRECTION('',(3.64246399155235E-16,0.,-1.));
#2458=DIRECTION('',(-1.,0.,-3.64246399155235E-16));
#2459=DIRECTION('',(-3.64246399155235E-16,0.,1.));
#2460=DIRECTION('',(1.,0.,3.64246399155235E-16));
#2461=DIRECTION('',(3.64246399155235E-16,0.,-1.));
#2462=DIRECTION('',(-1.,0.,-3.64246399155235E-16));
#2463=DIRECTION('',(-3.64246399155235E-16,0.,1.));
#2464=DIRECTION('',(1.,0.,3.64246399155235E-16));
#2465=DIRECTION('',(3.64246399155235E-16,0.,-1.));
#2466=DIRECTION('',(-1.,0.,-3.64246399155235E-16));
#2467=DIRECTION('',(3.64246399155235E-16,0.,-1.));
#2468=DIRECTION('',(-1.,0.,-3.64246399155235E-16));
#2469=DIRECTION('',(3.64246399155235E-16,0.,-1.));
#2470=DIRECTION('',(-1.,0.,-3.64246399155235E-16));
#2471=DIRECTION('',(-3.64246399155235E-16,0.,1.));
#2472=DIRECTION('',(1.,0.,3.64246399155235E-16));
#2473=DIRECTION('',(3.64246399155235E-16,0.,-1.));
#2474=DIRECTION('',(-1.,0.,-3.64246399155235E-16));
#2475=DIRECTION('',(3.64246399155235E-16,0.,-1.));
#2476=DIRECTION('',(-1.,0.,-3.64246399155235E-16));
#2477=DIRECTION('',(-3.64246399155235E-16,0.,1.));
#2478=DIRECTION('',(1.,0.,3.64246399155235E-16));
#2479=DIRECTION('',(3.64246399155235E-16,0.,-1.));
#2480=DIRECTION('',(-1.,0.,-3.64246399155235E-16));
#2481=DIRECTION('',(3.64246399155235E-16,0.,-1.));
#2482=DIRECTION('',(-1.,0.,-3.64246399155235E-16));
#2483=DIRECTION('',(-3.64246399155235E-16,0.,1.));
#2484=DIRECTION('',(1.,0.,3.64246399155235E-16));
#2485=DIRECTION('',(3.64246399155235E-16,0.,-1.));
#2486=DIRECTION('',(-1.,0.,-3.64246399155235E-16));
#2487=DIRECTION('',(-3.64246399155235E-16,0.,1.));
#2488=DIRECTION('',(1.,0.,3.64246399155235E-16));
#2489=DIRECTION('',(3.64246399155235E-16,0.,-1.));
#2490=DIRECTION('',(-1.,0.,-3.64246399155235E-16));
#2491=DIRECTION('',(3.64246399155235E-16,0.,-1.));
#2492=DIRECTION('',(-1.,0.,-3.64246399155235E-16));
#2493=DIRECTION('',(-3.64246399155235E-16,0.,1.));
#2494=DIRECTION('',(1.,0.,3.64246399155235E-16));
#2495=DIRECTION('',(3.64246399155235E-16,0.,-1.));
#2496=DIRECTION('',(-1.,0.,-3.64246399155235E-16));
#2497=DIRECTION('',(3.64246399155235E-16,0.,-1.));
#2498=DIRECTION('',(-1.,0.,-3.64246399155235E-16));
#2499=DIRECTION('',(-3.64246399155235E-16,0.,1.));
#2500=DIRECTION('',(1.,0.,3.64246399155235E-16));
#2501=DIRECTION('',(3.64246399155235E-16,0.,-1.));
#2502=DIRECTION('',(-1.,0.,-3.64246399155235E-16));
#2503=DIRECTION('',(0.,1.,0.));
#2504=DIRECTION('',(0.,0.,1.));
#2505=DIRECTION('',(1.,0.,3.64246399155235E-16));
#2506=DIRECTION('',(1.,0.,3.64246399155235E-16));
#2507=DIRECTION('',(0.,-1.,0.));
#2508=DIRECTION('',(0.,0.,-1.));
#2509=DIRECTION('',(1.,0.,3.64246399155235E-16));
#2510=DIRECTION('',(1.,0.,3.64246399155235E-16));
#2511=DIRECTION('',(3.64246399155235E-16,0.,-1.));
#2512=DIRECTION('',(3.64246399155235E-16,0.,-1.));
#2513=DIRECTION('',(-1.,0.,-3.64246399155235E-16));
#2514=DIRECTION('',(1.,0.,3.64246399155235E-16));
#2515=DIRECTION('',(0.,1.,0.));
#2516=DIRECTION('',(1.,0.,3.64246399155235E-16));
#2517=DIRECTION('',(0.,1.,0.));
#2518=DIRECTION('',(1.,0.,3.64246399155235E-16));
#2519=DIRECTION('',(3.64246399155235E-16,0.,-1.));
#2520=DIRECTION('',(3.64246399155235E-16,0.,-1.));
#2521=DIRECTION('',(0.,1.,0.));
#2522=DIRECTION('',(-3.64246399155235E-16,-2.73184799366426E-16,1.));
#2523=DIRECTION('',(0.,1.,0.));
#2524=DIRECTION('',(3.64246399155235E-16,0.,-1.));
#2525=DIRECTION('',(0.,1.,0.));
#2526=DIRECTION('',(3.64246399155235E-16,0.,-1.));
#2527=DIRECTION('',(0.,1.,0.));
#2528=DIRECTION('',(3.64246399155235E-16,0.,-1.));
#2529=DIRECTION('',(0.,1.,0.));
#2530=DIRECTION('',(0.,-1.,0.));
#2531=DIRECTION('',(1.,0.,0.));
#2532=DIRECTION('',(3.64246399155235E-16,0.,-1.));
#2533=DIRECTION('',(1.,0.,3.64246399155235E-16));
#2534=DIRECTION('',(1.,0.,0.));
#2535=DIRECTION('',(1.,0.,3.64246399155235E-16));
#2536=DIRECTION('',(3.64246399155235E-16,0.,-1.));
#2537=DIRECTION('',(0.,1.,0.));
#2538=DIRECTION('',(0.,1.,0.));
#2539=DIRECTION('',(3.64246399155235E-16,0.,-1.));
#2540=DIRECTION('',(0.,1.,0.));
#2541=DIRECTION('',(3.64246399155235E-16,0.,-1.));
#2542=DIRECTION('',(3.64246399155235E-16,0.,-1.));
#2543=DIRECTION('',(0.,1.,0.));
#2544=DIRECTION('',(3.64246399155235E-16,0.,-1.));
#2545=DIRECTION('',(0.,1.,0.));
#2546=DIRECTION('',(-3.64246399155235E-16,-2.73184799366426E-16,1.));
#2547=DIRECTION('',(0.,-1.,0.));
#2548=DIRECTION('',(1.,0.,0.));
#2549=DIRECTION('',(1.,0.,0.));
#2550=DIRECTION('',(1.,0.,0.));
#2551=DIRECTION('',(0.,0.,-1.));
#2552=DIRECTION('',(-1.,0.,0.));
#2553=DIRECTION('',(1.,0.,3.64246399155235E-16));
#2554=DIRECTION('',(-1.,0.,0.));
#2555=DIRECTION('',(0.,0.,-1.));
#2556=DIRECTION('',(-1.,0.,0.));
#2557=DIRECTION('',(1.,0.,3.64246399155235E-16));
#2558=DIRECTION('',(-1.,0.,0.));
#2559=DIRECTION('',(0.,-1.,0.));
#2560=DIRECTION('',(1.,0.,0.));
#2561=DIRECTION('',(0.,0.,1.));
#2562=DIRECTION('',(1.,0.,0.));
#2563=DIRECTION('',(3.64246399155235E-16,0.,-1.));
#2564=DIRECTION('',(-1.,0.,-3.64246399155235E-16));
#2565=DIRECTION('',(0.,0.,1.));
#2566=DIRECTION('',(1.,0.,0.));
#2567=DIRECTION('',(1.,0.,0.));
#2568=DIRECTION('',(0.,-1.,0.));
#2569=DIRECTION('',(1.,0.,0.));
#2570=DIRECTION('',(0.,-1.,0.));
#2571=DIRECTION('',(0.,0.,-1.));
#2572=DIRECTION('',(3.64246399155235E-16,0.,-1.));
#2573=DIRECTION('',(-1.,0.,-3.64246399155235E-16));
#2574=DIRECTION('',(3.64246399155235E-16,0.,-1.));
#2575=DIRECTION('',(-1.,0.,-3.64246399155235E-16));
#2576=DIRECTION('',(1.,0.,3.64246399155235E-16));
#2577=DIRECTION('',(-9.95065794731661E-32,1.,2.73184799366426E-16));
#2578=DIRECTION('',(0.,-2.73184799366426E-16,1.));
#2579=DIRECTION('',(3.64246399155235E-16,0.,-1.));
#2580=DIRECTION('',(-1.,0.,-3.64246399155235E-16));
#2581=DIRECTION('',(1.,0.,3.64246399155235E-16));
#2582=DIRECTION('',(2.57561098865448E-16,0.707106781186548,-0.707106781186547));
#2583=DIRECTION('',(1.,0.,3.64246399155235E-16));
#2584=DIRECTION('',(-1.,2.46519032881566E-32,-3.64246399155235E-16));
#2585=DIRECTION('',(-1.,0.,-3.64246399155235E-16));
#2586=DIRECTION('',(-3.64246399155235E-16,0.,1.));
#2587=DIRECTION('',(3.64246399155235E-16,0.,-1.));
#2588=DIRECTION('',(-1.,0.,-3.64246399155235E-16));
#2589=DIRECTION('',(-3.64246399155235E-16,0.,1.));
#2590=DIRECTION('',(1.,0.,3.64246399155235E-16));
#2591=DIRECTION('',(0.,0.,-1.));
#2592=DIRECTION('',(-1.,0.,0.));
#2593=DIRECTION('',(1.,0.,3.64246399155235E-16));
#2594=DIRECTION('',(3.64246399155235E-16,0.,-1.));
#2595=DIRECTION('',(0.,1.,0.));
#2596=DIRECTION('',(0.,0.,-1.));
#2597=DIRECTION('',(-1.,0.,0.));
#2598=DIRECTION('',(0.,1.,0.));
#2599=DIRECTION('',(-1.,0.,0.));
#2600=DIRECTION('',(0.,1.,0.));
#2601=DIRECTION('',(1.,0.,0.));
#2602=DIRECTION('',(0.,0.,-1.));
#2603=DIRECTION('',(0.,1.,0.));
#2604=DIRECTION('',(0.,0.,-1.));
#2605=DIRECTION('',(1.,0.,3.64246399155235E-16));
#2606=DIRECTION('',(3.64246399155235E-16,0.,-1.));
#2607=DIRECTION('',(3.64246399155235E-16,0.,-1.));
#2608=DIRECTION('',(0.,1.,0.));
#2609=DIRECTION('',(0.,1.,0.));
#2610=DIRECTION('',(0.,0.,-1.));
#2611=DIRECTION('',(-1.,0.,0.));
#2612=DIRECTION('',(-1.,0.,0.));
#2613=DIRECTION('',(0.,0.,-1.));
#2614=DIRECTION('',(-1.,0.,0.));
#2615=DIRECTION('',(0.,1.,0.));
#2616=DIRECTION('',(1.,0.,0.));
#2617=DIRECTION('',(0.,0.,-1.));
#2618=DIRECTION('',(0.,1.,0.));
#2619=DIRECTION('',(0.,0.,-1.));
#2620=DIRECTION('',(-1.,0.,0.));
#2621=DIRECTION('',(0.,1.,0.));
#2622=DIRECTION('',(-1.,0.,0.));
#2623=DIRECTION('',(1.,0.,3.64246399155235E-16));
#2624=DIRECTION('',(3.64246399155235E-16,0.,-1.));
#2625=DIRECTION('',(0.,-1.,0.));
#2626=DIRECTION('',(-3.64246399155235E-16,0.,1.));
#2627=DIRECTION('',(1.,0.,3.64246399155235E-16));
#2628=DIRECTION('',(0.,-1.,0.));
#2629=DIRECTION('',(1.,0.,3.64246399155235E-16));
#2630=DIRECTION('',(3.64246399155235E-16,0.,-1.));
#2631=DIRECTION('',(0.,1.,0.));
#2632=DIRECTION('',(-3.64246399155235E-16,0.,1.));
#2633=DIRECTION('',(1.,0.,3.64246399155235E-16));
#2634=DIRECTION('',(0.,1.,0.));
#2635=DIRECTION('',(1.,0.,0.));
#2636=DIRECTION('',(0.,0.,-1.));
#2637=DIRECTION('',(0.,1.,0.));
#2638=DIRECTION('',(0.,0.,-1.));
#2639=DIRECTION('',(1.,0.,0.));
#2640=DIRECTION('',(0.,1.,0.));
#2641=DIRECTION('',(1.,0.,3.64246399155235E-16));
#2642=DIRECTION('',(3.64246399155235E-16,0.,-1.));
#2643=DIRECTION('',(0.,0.,-1.));
#2644=DIRECTION('',(-1.,0.,0.));
#2645=CARTESIAN_POINT('',(0.,0.,0.));
#2646=CARTESIAN_POINT('',(3.14312690458119E-10,-0.0793143774776459,0.0997050584));
#2647=CARTESIAN_POINT('',(3.14312690458119E-10,-0.0793143774776459,0.1251050584));
#2648=CARTESIAN_POINT('',(-0.0130709409713746,-0.0793143774776459,0.1251050584));
#2649=CARTESIAN_POINT('',(0.0130709415999999,-0.0793143774776459,0.1251050584));
#2650=CARTESIAN_POINT('',(-0.0130709409713746,-0.0793143774776459,0.0997050584));
#2651=CARTESIAN_POINT('',(-0.0130709409713746,-0.0793143774776459,0.0997050584));
#2652=CARTESIAN_POINT('',(3.14312690458119E-10,-0.0793143774776459,0.0997050584));
#2653=CARTESIAN_POINT('',(0.0130709415999999,-0.0793143774776459,0.0997050584));
#2654=CARTESIAN_POINT('',(0.0130709415999999,-0.0793143774776459,0.0997050584));
#2655=CARTESIAN_POINT('',(-0.0130709409713746,-0.0492486599502563,0.0997050584));
#2656=CARTESIAN_POINT('',(-0.0130709409713746,-0.0206736599502563,0.1251050584));
#2657=CARTESIAN_POINT('',(-0.0130709409713746,-0.185265659950256,0.1251050584));
#2658=CARTESIAN_POINT('',(-0.0130709409713746,-0.185265659950256,0.138176));
#2659=CARTESIAN_POINT('',(-0.0130709409713746,-0.185265659950256,0.138176));
#2660=CARTESIAN_POINT('',(-0.0130709409713746,-0.185265659950256,0.138176));
#2661=CARTESIAN_POINT('',(-0.0130709409713746,-0.0709656599502564,0.138176));
#2662=CARTESIAN_POINT('',(-0.0130709409713746,-0.0709656599502564,0.138176));
#2663=CARTESIAN_POINT('',(-0.0130709409713746,-0.0709656599502564,0.1316405292));
#2664=CARTESIAN_POINT('',(-0.0130709409713746,-0.0206736599502563,0.1316405292));
#2665=CARTESIAN_POINT('',(-0.0130709409713746,-0.0206736599502563,0.1316405292));
#2666=CARTESIAN_POINT('',(-0.0130709409713746,-0.0206736599502563,0.138176));
#2667=CARTESIAN_POINT('',(-0.0130709409713746,-0.0206736599502563,0.1251050584));
#2668=CARTESIAN_POINT('',(-0.0130709409713746,-0.0206736599502563,0.1251050584));
#2669=CARTESIAN_POINT('',(-0.0130709409713746,-0.0712832029371261,0.1251050584));
#2670=CARTESIAN_POINT('',(-0.0130709409713746,-0.0712832029371261,0.0997050584));
#2671=CARTESIAN_POINT('',(-0.0130709409713746,-0.0712832029371261,0.105871711262452));
#2672=CARTESIAN_POINT('',(-0.0130709409713746,-0.0207372029371262,0.105871711262452));
#2673=CARTESIAN_POINT('',(-0.0130709409713746,-0.0207372029371262,0.105871711262452));
#2674=CARTESIAN_POINT('',(-0.0130709409713746,-0.0207372029371262,0.0997050584));
#2675=CARTESIAN_POINT('',(-0.0130709409713746,-0.0207372029371262,0.0997050584));
#2676=CARTESIAN_POINT('',(-0.0130709409713746,-0.0492486599502563,0.0997050584));
#2677=CARTESIAN_POINT('',(3.14312690458119E-10,-0.0712832029371261,0.0997050584));
#2678=CARTESIAN_POINT('',(0.0130709415999999,-0.0712832029371261,0.0997050584));
#2679=CARTESIAN_POINT('',(0.0130709415999999,-0.0712832029371261,0.105871711262452));
#2680=CARTESIAN_POINT('',(0.0130709415999999,-0.0712832029371261,0.1251050584));
#2681=CARTESIAN_POINT('',(3.14312690458119E-10,-0.0712832029371261,0.105871711262452));
#2682=CARTESIAN_POINT('',(3.14312690458119E-10,-0.0712832029371261,0.1251050584));
#2683=CARTESIAN_POINT('',(0.0130709415999999,-0.0492486599502563,0.0997050584));
#2684=CARTESIAN_POINT('',(0.0130709415999999,-0.0492486599502563,0.0997050584));
#2685=CARTESIAN_POINT('',(0.0130709415999999,-0.0207372029371262,0.0997050584));
#2686=CARTESIAN_POINT('',(0.0130709415999999,-0.0207372029371262,0.0997050584));
#2687=CARTESIAN_POINT('',(0.0130709415999999,-0.0207372029371262,0.105871711262452));
#2688=CARTESIAN_POINT('',(0.0130709415999999,-0.0207372029371262,0.105871711262452));
#2689=CARTESIAN_POINT('',(0.0130709415999999,-0.0206736599502563,0.1251050584));
#2690=CARTESIAN_POINT('',(0.0130709415999999,-0.0206736599502563,0.1251050584));
#2691=CARTESIAN_POINT('',(0.0130709416,-0.0206736599502563,0.0676874443519563));
#2692=CARTESIAN_POINT('',(0.0130709415999999,-0.0206736599502563,0.1316405292));
#2693=CARTESIAN_POINT('',(0.0130709415999999,-0.0206736599502563,0.1316405292));
#2694=CARTESIAN_POINT('',(0.0130709415999999,-0.0709656599502564,0.1316405292));
#2695=CARTESIAN_POINT('',(0.0130709416,-0.0709656599502564,0.0676874443519563));
#2696=CARTESIAN_POINT('',(0.0130709415999999,-0.0709656599502564,0.138176));
#2697=CARTESIAN_POINT('',(0.0130709415999999,-0.185265659950256,0.138176));
#2698=CARTESIAN_POINT('',(0.0130709415999999,-0.185265659950256,0.138176));
#2699=CARTESIAN_POINT('',(0.0130709416,-0.185265659950256,0.0676874443519563));
#2700=CARTESIAN_POINT('',(0.0130709415999999,-0.185265659950256,0.1251050584));
#2701=CARTESIAN_POINT('',(0.0130709415999999,-0.0206736599502563,0.1251050584));
#2702=CARTESIAN_POINT('',(3.14312690458119E-10,-0.131544659950256,0.0997050584));
#2703=CARTESIAN_POINT('',(3.14312690458119E-10,-0.0207372029371262,0.0997050584));
#2704=CARTESIAN_POINT('',(3.14312686988671E-10,-0.0206736599502563,0.1251050584));
#2705=CARTESIAN_POINT('',(3.14312686988671E-10,-0.0206736599502563,0.1251050584));
#2706=CARTESIAN_POINT('',(3.14312688723395E-10,-0.0206736599502563,0.1316405292));
#2707=CARTESIAN_POINT('',(3.14312688723395E-10,-0.0709656599502564,0.1316405292));
#2708=CARTESIAN_POINT('',(3.14312688723395E-10,-0.0206736599502563,0.1316405292));
#2709=CARTESIAN_POINT('',(3.14312686988671E-10,-0.0206736599502563,0.1251050584));
#2710=CARTESIAN_POINT('',(3.14312686988671E-10,-0.185265659950256,0.1251050584));
#2711=CARTESIAN_POINT('',(3.14312686988671E-10,-0.0206736599502563,0.1316405292));
#2712=CARTESIAN_POINT('',(3.143127112748E-10,-0.0709656599502564,0.0676874443519563));
#2713=CARTESIAN_POINT('',(-0.0329030584,-0.0709656599502564,0.138176));
#2714=CARTESIAN_POINT('',(3.143127112748E-10,-0.185265659950256,0.0676874443519563));
#2715=CARTESIAN_POINT('',(-0.0329030584,-0.185265659950256,0.138176));
#2716=CARTESIAN_POINT('',(-0.0116281202062964,-0.185265659950256,0.131609384108067));
#2717=CARTESIAN_POINT('',(-0.0116281202062964,-0.185265659950256,0.136842038619995));
#2718=CARTESIAN_POINT('',(-0.0116281202062964,-0.185265659950256,0.126376729596138));
#2719=CARTESIAN_POINT('',(0.000105710234493017,-0.185265659950256,0.136842038619995));
#2720=CARTESIAN_POINT('',(0.0118395406752825,-0.185265659950256,0.136842038619995));
#2721=CARTESIAN_POINT('',(0.0118395406752825,-0.185265659950256,0.131609384108067));
#2722=CARTESIAN_POINT('',(0.0118395406752825,-0.185265659950256,0.126376729596138));
#2723=CARTESIAN_POINT('',(0.000105710234493017,-0.185265659950256,0.126376729596138));
#2724=CARTESIAN_POINT('',(-0.0329030584,-0.185265659950256,0.138176));
#2725=CARTESIAN_POINT('',(0.000105710234493017,-0.205331659950256,0.136842038619995));
#2726=CARTESIAN_POINT('',(0.,-0.195298659950256,0.136842038619995));
#2727=CARTESIAN_POINT('',(0.00694043248523882,-0.195298659950256,0.136842038619995));
#2728=CARTESIAN_POINT('',(-0.0116281202062964,-0.205331659950256,0.136842038619995));
#2729=CARTESIAN_POINT('',(-0.0116281202062964,-0.205331659950256,0.136842038619995));
#2730=CARTESIAN_POINT('',(0.000105710234493017,-0.205331659950256,0.136842038619995));
#2731=CARTESIAN_POINT('',(0.0118395406752825,-0.205331659950256,0.136842038619995));
#2732=CARTESIAN_POINT('',(0.0118395406752825,-0.205331659950256,0.136842038619995));
#2733=CARTESIAN_POINT('',(-0.0116281202062964,-0.205331659950256,0.131609384108067));
#2734=CARTESIAN_POINT('',(-0.0116281202062964,-0.205331659950256,0.126376729596138));
#2735=CARTESIAN_POINT('',(-0.0116281202062964,-0.205331659950256,0.126376729596138));
#2736=CARTESIAN_POINT('',(-0.0116281202062964,-0.205331659950256,0.131609384108067));
#2737=CARTESIAN_POINT('',(0.000105710234493017,-0.205331659950256,0.126376729596138));
#2738=CARTESIAN_POINT('',(0.,-0.195298659950256,0.126376729596138));
#2739=CARTESIAN_POINT('',(0.00694043248523882,-0.195298659950256,0.126376729596138));
#2740=CARTESIAN_POINT('',(0.0118395406752825,-0.205331659950256,0.126376729596138));
#2741=CARTESIAN_POINT('',(0.0118395406752825,-0.205331659950256,0.126376729596138));
#2742=CARTESIAN_POINT('',(0.000105710234493017,-0.205331659950256,0.126376729596138));
#2743=CARTESIAN_POINT('',(0.0118395406752825,-0.205331659950256,0.131609384108067));
#2744=CARTESIAN_POINT('',(0.0118395406752825,-0.205331659950256,0.131609384108067));
#2745=CARTESIAN_POINT('',(3.14312686988671E-10,-0.205331659950256,0.1316405292));
#2746=CARTESIAN_POINT('',(0.,-0.195298659950256,0.111442038619995));
#2747=CARTESIAN_POINT('',(3.14312690458119E-10,-0.0207372029371262,0.105871711262452));
#2748=CARTESIAN_POINT('',(3.14312690458119E-10,-0.0207372029371262,0.105871711262452));
#2749=CARTESIAN_POINT('',(3.14312690458119E-10,-0.0207372029371262,0.1124050584));
#2750=CARTESIAN_POINT('',(0.,0.,0.));
#2751=CARTESIAN_POINT('',(0.0130656590286254,-0.0181144974253845,0.109524783681297));
#2752=CARTESIAN_POINT('',(0.0130656590286254,-0.0127,0.10284173861146));
#2753=CARTESIAN_POINT('',(0.0130656590286254,-0.0127,0.105865798890591));
#2754=CARTESIAN_POINT('',(0.0130656590286254,-0.0127,0.0996348932385445));
#2755=CARTESIAN_POINT('',(0.0130656590286254,-0.0181144974253845,0.0996348932385445));
#2756=CARTESIAN_POINT('',(0.0130656590286254,-0.0234676599502564,0.0996348932385445));
#2757=CARTESIAN_POINT('',(0.0130656590286254,-0.0234676599502564,0.10284173861146));
#2758=CARTESIAN_POINT('',(0.0130656590286254,-0.0234676599502564,0.105865798890591));
#2759=CARTESIAN_POINT('',(0.0130656590286254,-0.0181144974253845,0.105865798890591));
#2760=CARTESIAN_POINT('',(0.0130656590286254,-0.0234676599502564,0.10284173861146));
#2761=CARTESIAN_POINT('',(0.0130656590286254,-0.0234676599502564,0.108782701194286));
#2762=CARTESIAN_POINT('',(0.0130709416,-0.0234676599502564,0.108782701194286));
#2763=CARTESIAN_POINT('',(0.0156056590286255,-0.0234676599502564,0.108782701194286));
#2764=CARTESIAN_POINT('',(0.0130709416,-0.0234676599502564,0.0747994443519563));
#2765=CARTESIAN_POINT('',(0.0130709415999999,-0.0234676599502564,0.122084591458321));
#2766=CARTESIAN_POINT('',(-0.0329030584,-0.0234676599502564,0.122084591458321));
#2767=CARTESIAN_POINT('',(0.0159919415999999,-0.0234676599502564,0.122084591458321));
#2768=CARTESIAN_POINT('',(0.0159919415999999,-0.0234676599502564,0.122084591458321));
#2769=CARTESIAN_POINT('',(0.0159919415999999,-0.0234676599502564,0.134276591458321));
#2770=CARTESIAN_POINT('',(0.0159919415999999,-0.0234676599502564,0.134276591458321));
#2771=CARTESIAN_POINT('',(0.0130709415999999,-0.0234676599502564,0.134276591458321));
#2772=CARTESIAN_POINT('',(0.0130709416,-0.0234676599502564,0.0747994443519563));
#2773=CARTESIAN_POINT('',(0.0130709415999999,-0.0234676599502564,0.145288));
#2774=CARTESIAN_POINT('',(-0.0329030584,-0.0234676599502564,0.145288));
#2775=CARTESIAN_POINT('',(-0.0130709409713746,-0.0234676599502564,0.145288));
#2776=CARTESIAN_POINT('',(-0.0130709409713746,-0.0234676599502564,0.145288));
#2777=CARTESIAN_POINT('',(-0.0130709409713746,-0.0234650699751282,0.134276591458321));
#2778=CARTESIAN_POINT('',(-0.0130709409713746,-0.02346198,0.145288));
#2779=CARTESIAN_POINT('',(-0.0130709409713746,-0.0234645699751282,0.131736591458321));
#2780=CARTESIAN_POINT('',(-0.0329030584,-0.0234676599502564,0.131736591458321));
#2781=CARTESIAN_POINT('',(0.0130709415999999,-0.0234676599502564,0.131736591458321));
#2782=CARTESIAN_POINT('',(0.0130709415999999,-0.0234676599502564,0.122084591458321));
#2783=CARTESIAN_POINT('',(0.0130709415999999,-0.0234676599502564,0.125111401081085));
#2784=CARTESIAN_POINT('',(-0.0329030584,-0.0234676599502564,0.125111401081085));
#2785=CARTESIAN_POINT('',(-0.0130709409713746,-0.0234648199751282,0.125111401081085));
#2786=CARTESIAN_POINT('',(-0.0130709409713746,-0.0234676599502564,0.145288));
#2787=CARTESIAN_POINT('',(-0.0130709409713746,-0.0234648199751282,0.122084591458321));
#2788=CARTESIAN_POINT('',(-0.0130709409713746,-0.0234676599502564,0.145288));
#2789=CARTESIAN_POINT('',(-0.0130709409713746,-0.0234676599502564,0.108782701194286));
#2790=CARTESIAN_POINT('',(-0.0156109409713746,-0.0234676599502564,0.108782701194286));
#2791=CARTESIAN_POINT('',(-0.0156109409713746,-0.0234676599502564,0.108782701194286));
#2792=CARTESIAN_POINT('',(-0.0156109409713746,-0.0234676599502564,0.10284173861146));
#2793=CARTESIAN_POINT('',(-0.0156109409713746,-0.0234676599502564,0.0969007760286331));
#2794=CARTESIAN_POINT('',(-0.0156109409713746,-0.0234676599502564,0.0969007760286331));
#2795=CARTESIAN_POINT('',(-0.0130709409713746,-0.0234676599502564,0.0969007760286331));
#2796=CARTESIAN_POINT('',(-0.0130709409713746,-0.0234676599502564,0.145288));
#2797=CARTESIAN_POINT('',(-0.0130709409713745,-0.0234676599502564,0.00431088870391249));
#2798=CARTESIAN_POINT('',(-0.0329030584,-0.0234676599502564,0.00431088870391248));
#2799=CARTESIAN_POINT('',(0.0130709416,-0.0234676599502564,0.0043108887039125));
#2800=CARTESIAN_POINT('',(0.0130709416,-0.0234676599502564,0.0747994443519563));
#2801=CARTESIAN_POINT('',(0.0130709416,-0.0234676599502564,0.0969007760286331));
#2802=CARTESIAN_POINT('',(0.0130656590286254,-0.0234676599502564,0.0969007760286331));
#2803=CARTESIAN_POINT('',(0.0156056590286255,-0.0234676599502564,0.0969007760286331));
#2804=CARTESIAN_POINT('',(0.0156056590286255,-0.0234676599502564,0.10284173861146));
#2805=CARTESIAN_POINT('',(-0.0329030584,-0.0234676599502564,0.105865798890591));
#2806=CARTESIAN_POINT('',(-0.0130709409713746,-0.0234676599502564,0.105865798890591));
#2807=CARTESIAN_POINT('',(-0.0329030584,-0.0234676599502564,0.0996348932385445));
#2808=CARTESIAN_POINT('',(-0.0130709409713746,-0.0234676599502564,0.0996348932385445));
#2809=CARTESIAN_POINT('',(-0.0130709409713746,-0.0234676599502564,0.10284173861146));
#2810=CARTESIAN_POINT('',(0.0130656590286254,-0.0180838299751282,0.108782701194286));
#2811=CARTESIAN_POINT('',(0.0130709416,-0.0180838299751282,0.108782701194286));
#2812=CARTESIAN_POINT('',(0.0130709416,-0.0127,0.108782701194286));
#2813=CARTESIAN_POINT('',(0.0156056590286255,-0.0180838299751282,0.108782701194286));
#2814=CARTESIAN_POINT('',(0.0156056590286255,-0.0127,0.108782701194286));
#2815=CARTESIAN_POINT('',(0.0130656590286254,-0.0127,0.108782701194286));
#2816=CARTESIAN_POINT('',(0.0130656590286254,-0.0127,0.10284173861146));
#2817=CARTESIAN_POINT('',(0.0130656590286254,-0.0127,0.0969007760286331));
#2818=CARTESIAN_POINT('',(0.0130709416,-0.0127,0.0969007760286331));
#2819=CARTESIAN_POINT('',(0.0156056590286255,-0.0127,0.0969007760286331));
#2820=CARTESIAN_POINT('',(0.0130709415999999,-0.0127,0.145288));
#2821=CARTESIAN_POINT('',(0.0130709416,-0.0127,0.));
#2822=CARTESIAN_POINT('',(-0.0588009983650854,-0.0127,-4.01530660572765E-17));
#2823=CARTESIAN_POINT('',(-0.0130709409713745,-0.0127,0.));
#2824=CARTESIAN_POINT('',(-0.0130709409713746,-0.0127,0.145288));
#2825=CARTESIAN_POINT('',(-0.0130709409713745,-0.0127,0.0969007760286331));
#2826=CARTESIAN_POINT('',(-0.0156109409713746,-0.0127,0.0969007760286331));
#2827=CARTESIAN_POINT('',(-0.0156109409713746,-0.0127,0.0969007760286331));
#2828=CARTESIAN_POINT('',(-0.0156109409713746,-0.0127,0.10284173861146));
#2829=CARTESIAN_POINT('',(-0.0156109409713746,-0.0127,0.108782701194286));
#2830=CARTESIAN_POINT('',(-0.0156109409713746,-0.0127,0.108782701194286));
#2831=CARTESIAN_POINT('',(-0.0130709409713746,-0.0127,0.108782701194286));
#2832=CARTESIAN_POINT('',(-0.0130709409713746,-0.0127,0.145288));
#2833=CARTESIAN_POINT('',(-0.0130709409713746,-0.0127,0.122084591458321));
#2834=CARTESIAN_POINT('',(-0.0144075183197856,-0.0127,0.122084591458321));
#2835=CARTESIAN_POINT('',(-0.0157440956681967,-0.0127,0.122084591458321));
#2836=CARTESIAN_POINT('',(-0.0157440956681967,-0.0127,0.128180591458321));
#2837=CARTESIAN_POINT('',(-0.0157440956681967,-0.0127,0.134276591458321));
#2838=CARTESIAN_POINT('',(-0.0144075183197856,-0.0127,0.134276591458321));
#2839=CARTESIAN_POINT('',(-0.0130709409713746,-0.0127,0.134276591458321));
#2840=CARTESIAN_POINT('',(-0.0130709409713746,-0.0127,0.145288));
#2841=CARTESIAN_POINT('',(-0.0130709409713746,-0.0127,0.145288));
#2842=CARTESIAN_POINT('',(-0.0588009983650855,-0.0127,0.145288));
#2843=CARTESIAN_POINT('',(0.0130709415999999,-0.0127,0.145288));
#2844=CARTESIAN_POINT('',(0.0130709415999999,-0.0127,0.145288));
#2845=CARTESIAN_POINT('',(0.0130709415999999,-0.0127,0.134276591458321));
#2846=CARTESIAN_POINT('',(0.0159919415999999,-0.0127,0.134276591458321));
#2847=CARTESIAN_POINT('',(0.0159919415999999,-0.0127,0.134276591458321));
#2848=CARTESIAN_POINT('',(0.0159919415999999,-0.0127,0.122084591458321));
#2849=CARTESIAN_POINT('',(0.0159919415999999,-0.0127,0.122084591458321));
#2850=CARTESIAN_POINT('',(3.14312692192842E-10,-0.0127,0.122084591458321));
#2851=CARTESIAN_POINT('',(0.0130709415999999,-0.0127,0.122084591458321));
#2852=CARTESIAN_POINT('',(0.0130709415999999,-0.0127,0.145288));
#2853=CARTESIAN_POINT('',(0.0156056590286255,-0.0127,0.10284173861146));
#2854=CARTESIAN_POINT('',(3.14312700866459E-10,-0.0127,0.105865798890591));
#2855=CARTESIAN_POINT('',(-0.0130709409713746,-0.0127,0.105865798890591));
#2856=CARTESIAN_POINT('',(-0.0130709409713746,-0.0127,0.10284173861146));
#2857=CARTESIAN_POINT('',(-0.0130709409713746,-0.0127,0.0996348932385445));
#2858=CARTESIAN_POINT('',(3.14312700866459E-10,-0.0127,0.0996348932385445));
#2859=CARTESIAN_POINT('',(-0.0130709409713746,-0.0127,0.145288));
#2860=CARTESIAN_POINT('',(-0.0130709409713746,-0.0127,0.131736591458321));
#2861=CARTESIAN_POINT('',(-0.0130709409713746,-0.0127,0.125111401081085));
#2862=CARTESIAN_POINT('',(3.14312692192842E-10,-0.0127,0.125111401081085));
#2863=CARTESIAN_POINT('',(0.0130709415999999,-0.0127,0.125111401081085));
#2864=CARTESIAN_POINT('',(0.0130709415999999,-0.0127,0.122084591458321));
#2865=CARTESIAN_POINT('',(0.0130709415999999,-0.0127,0.131736591458321));
#2866=CARTESIAN_POINT('',(3.14312692192842E-10,-0.0127,0.131736591458321));
#2867=CARTESIAN_POINT('',(0.0130656590286254,-0.0180838299751282,0.0969007760286331));
#2868=CARTESIAN_POINT('',(0.0130709416,-0.0180838299751282,0.0969007760286331));
#2869=CARTESIAN_POINT('',(0.0156056590286255,-0.0180838299751282,0.0969007760286331));
#2870=CARTESIAN_POINT('',(0.0156056590286255,-0.0181144974253845,0.109524783681297));
#2871=CARTESIAN_POINT('',(0.0130709415999999,-0.0239759651780128,0.145288));
#2872=CARTESIAN_POINT('',(0.0130709416,-0.029359795153141,0.0043108887039125));
#2873=CARTESIAN_POINT('',(0.0130709416,-0.0238219303560257,0.0043108887039125));
#2874=CARTESIAN_POINT('',(0.0130709416,0.0465896078810245,0.0747224269409628));
#2875=CARTESIAN_POINT('',(0.0130709416,-0.0325431225812143,-0.00441030352127618));
#2876=CARTESIAN_POINT('',(0.0130709416,-0.0260034821134031,-0.0109499439890874));
#2877=CARTESIAN_POINT('',(0.0130709416,-0.0352519303560257,-0.0109499439890874));
#2878=CARTESIAN_POINT('',(0.0130709415999999,-0.0352519303560257,0.145288));
#2879=CARTESIAN_POINT('',(0.0130709416,-0.0352519303560257,-0.0127));
#2880=CARTESIAN_POINT('',(0.0130709416,-0.0239759651780128,-0.0127));
#2881=CARTESIAN_POINT('',(0.0130709416,-0.0127,-0.0127));
#2882=CARTESIAN_POINT('',(0.0130709415999999,-0.0127,0.145288));
#2883=CARTESIAN_POINT('',(-0.0130709409713746,-0.0181144974253845,0.109524783681297));
#2884=CARTESIAN_POINT('',(-0.0130709409713746,-0.0381,0.105865798890591));
#2885=CARTESIAN_POINT('',(-0.0130709409713745,-0.0381,0.0996348932385445));
#2886=CARTESIAN_POINT('',(-0.0156109409713746,-0.0180838299751282,0.108782701194286));
#2887=CARTESIAN_POINT('',(-0.0130709409713746,-0.0180838299751282,0.108782701194286));
#2888=CARTESIAN_POINT('',(-0.0156109409713746,-0.0180838299751282,0.108782701194286));
#2889=CARTESIAN_POINT('',(-0.0156109409713746,-0.0180838299751282,0.0969007760286331));
#2890=CARTESIAN_POINT('',(-0.0130709409713745,-0.0180838299751282,0.0969007760286331));
#2891=CARTESIAN_POINT('',(-0.0156109409713746,-0.0180838299751282,0.0969007760286331));
#2892=CARTESIAN_POINT('',(-0.0156109409713746,-0.0181144974253845,0.109524783681297));
#2893=CARTESIAN_POINT('',(-0.0130709409713746,-0.0239759651780128,0.145288));
#2894=CARTESIAN_POINT('',(-0.0130709409713746,-0.0127,0.145288));
#2895=CARTESIAN_POINT('',(-0.0130709409713745,-0.0127,-0.0127));
#2896=CARTESIAN_POINT('',(-0.0130709409713745,-0.0239759651780128,-0.0127));
#2897=CARTESIAN_POINT('',(-0.0130709409713745,-0.0352519303560257,-0.0127));
#2898=CARTESIAN_POINT('',(-0.0130709409713746,-0.0352519303560257,0.145288));
#2899=CARTESIAN_POINT('',(-0.0130709409713745,-0.0352519303560257,-0.0109499439890874));
#2900=CARTESIAN_POINT('',(-0.0130709409713745,-0.0260034821134031,-0.0109499439890874));
#2901=CARTESIAN_POINT('',(-0.0130709409713745,-0.0325431225812143,-0.00441030352127618));
#2902=CARTESIAN_POINT('',(-0.0130709409713745,-0.0238219303560257,0.00431088870391249));
#2903=CARTESIAN_POINT('',(-0.0130709409713745,-0.0238219303560257,0.00431088870391247));
#2904=CARTESIAN_POINT('',(-0.0130709409713745,-0.0239759651780128,0.00431088870391247));
#2905=CARTESIAN_POINT('',(2.11058022910511E-17,-0.0254,-0.05715));
#2906=CARTESIAN_POINT('',(0.0046294209899925,-0.0253999976387512,-0.0661559177812494));
#2907=CARTESIAN_POINT('',(0.00462942035729779,-0.024159548023059,-0.0648330011145827));
#2908=CARTESIAN_POINT('',(0.00400919500152202,-0.0230852874601023,-0.063510084447916));
#2909=CARTESIAN_POINT('',(0.00338896964574624,-0.0220110268971456,-0.0621871677812494));
#2910=CARTESIAN_POINT('',(0.00231470845009482,-0.0213908026372292,-0.0608642511145827));
#2911=CARTESIAN_POINT('',(0.0012404472544434,-0.0207705783773128,-0.0595413344479161));
#2912=CARTESIAN_POINT('',(-2.36124876999533E-9,-0.0207705790100075,-0.0582184177812494));
#2913=CARTESIAN_POINT('',(-0.00124045197694094,-0.0207705796427022,-0.0568955011145827));
#2914=CARTESIAN_POINT('',(-0.00231471253989765,-0.021390804998478,-0.0555725844479161));
#2915=CARTESIAN_POINT('',(-0.00338897310285437,-0.0220110303542538,-0.0542496677812494));
#2916=CARTESIAN_POINT('',(-0.00400919736277076,-0.0230852915499052,-0.0529267511145827));
#2917=CARTESIAN_POINT('',(-0.00462942162268716,-0.0241595527455566,-0.0516038344479161));
#2918=CARTESIAN_POINT('',(-0.00462942098999245,-0.0254000023612488,-0.0502809177812494));
#2919=CARTESIAN_POINT('',(-0.00462942035729775,-0.026640451976941,-0.0489580011145827));
#2920=CARTESIAN_POINT('',(-0.00400919500152198,-0.0277147125398976,-0.047635084447916));
#2921=CARTESIAN_POINT('',(-0.0033889696457462,-0.0287889731028544,-0.0463121677812494));
#2922=CARTESIAN_POINT('',(-0.00231470845009478,-0.0294091973627708,-0.0449892511145827));
#2923=CARTESIAN_POINT('',(0.0038894687569515,-0.0228893085631072,-0.0632636075698612));
#2924=CARTESIAN_POINT('',(-0.00457705385615111,-0.02470565376037,-0.0510363924301388));
#2925=CARTESIAN_POINT('',(2.33326618342212E-17,-0.0254,-0.0632636075698612));
#2926=CARTESIAN_POINT('',(0.00395561372886116,-0.0229948682508782,-0.0632636075698612));
#2927=CARTESIAN_POINT('',(0.00374528164292724,-0.0281211034742804,-0.069193412663985));
#2928=CARTESIAN_POINT('',(0.0044743991213822,-0.0271175582826309,-0.0678704959973183));
#2929=CARTESIAN_POINT('',(0.00460406078424271,-0.0258839039135893,-0.0665475793306516));
#2930=CARTESIAN_POINT('',(0.00473372244710323,-0.0246502495445477,-0.065224662663985));
#2931=CARTESIAN_POINT('',(0.00422918555651655,-0.0235170426900377,-0.0639017459973183));
#2932=CARTESIAN_POINT('',(0.00372464866592988,-0.0223838358355278,-0.0625788293306516));
#2933=CARTESIAN_POINT('',(0.00272110347428042,-0.0216547183570728,-0.061255912663985));
#2934=CARTESIAN_POINT('',(0.00171755828263096,-0.0209256008786179,-0.0599329959973183));
#2935=CARTESIAN_POINT('',(0.000483903913589331,-0.0207959392157573,-0.0586100793306516));
#2936=CARTESIAN_POINT('',(-0.0007497504554523,-0.0206662775528968,-0.0572871626639849));
#2937=CARTESIAN_POINT('',(-0.00188295730996227,-0.0211708144434835,-0.0559642459973183));
#2938=CARTESIAN_POINT('',(-0.00301616416447225,-0.0216753513340701,-0.0546413293306517));
#2939=CARTESIAN_POINT('',(-0.0037452816429272,-0.0226788965257196,-0.053318412663985));
#2940=CARTESIAN_POINT('',(-0.00447439912138216,-0.0236824417173691,-0.0519954959973183));
#2941=CARTESIAN_POINT('',(-0.00460406078424267,-0.0249160960864107,-0.0506725793306516));
#2942=CARTESIAN_POINT('',(-0.00473372244710319,-0.0261497504554524,-0.0493496626639849));
#2943=CARTESIAN_POINT('',(-0.00422918555651651,-0.0272829573099623,-0.0480267459973183));
#2944=CARTESIAN_POINT('',(-0.00455647334223942,-0.0245814101246302,-0.0510363924301388));
#2945=CARTESIAN_POINT('',(1.8878942747881E-17,-0.0254,-0.0510363924301388));
#2946=CARTESIAN_POINT('',(2.11058022910511E-17,-0.0254,-0.05715));
#2947=CARTESIAN_POINT('',(0.00374528164292724,-0.0281211034742804,-0.0661559177812494));
#2948=CARTESIAN_POINT('',(0.0044743991213822,-0.0271175582826309,-0.0648330011145827));
#2949=CARTESIAN_POINT('',(0.00460406078424271,-0.0258839039135893,-0.0635100844479161));
#2950=CARTESIAN_POINT('',(0.00473372244710323,-0.0246502495445477,-0.0621871677812494));
#2951=CARTESIAN_POINT('',(0.00422918555651655,-0.0235170426900377,-0.0608642511145827));
#2952=CARTESIAN_POINT('',(0.00372464866592988,-0.0223838358355278,-0.0595413344479161));
#2953=CARTESIAN_POINT('',(0.00272110347428042,-0.0216547183570728,-0.0582184177812494));
#2954=CARTESIAN_POINT('',(0.00171755828263096,-0.0209256008786179,-0.0568955011145827));
#2955=CARTESIAN_POINT('',(0.000483903913589329,-0.0207959392157573,-0.0555725844479161));
#2956=CARTESIAN_POINT('',(-0.000749750455452303,-0.0206662775528968,-0.0542496677812494));
#2957=CARTESIAN_POINT('',(-0.00188295730996228,-0.0211708144434835,-0.0529267511145827));
#2958=CARTESIAN_POINT('',(-0.00301616416447225,-0.0216753513340701,-0.0516038344479161));
#2959=CARTESIAN_POINT('',(-0.00374528164292721,-0.0226788965257196,-0.0502809177812494));
#2960=CARTESIAN_POINT('',(-0.00447439912138216,-0.0236824417173691,-0.0489580011145827));
#2961=CARTESIAN_POINT('',(-0.00460406078424267,-0.0249160960864107,-0.047635084447916));
#2962=CARTESIAN_POINT('',(-0.00473372244710319,-0.0261497504554524,-0.0463121677812494));
#2963=CARTESIAN_POINT('',(-0.00422918555651652,-0.0272829573099623,-0.0449892511145827));
#2964=CARTESIAN_POINT('',(0.00462239372312675,-0.0256549803345105,-0.0632636075698612));
#2965=CARTESIAN_POINT('',(-0.00329478787415592,-0.0221479373365651,-0.0510363924301388));
#2966=CARTESIAN_POINT('',(2.33326618342212E-17,-0.0254,-0.0632636075698612));
#2967=CARTESIAN_POINT('',(0.00461385970178573,-0.0257792589548399,-0.0632636075698612));
#2968=CARTESIAN_POINT('',(0.00143057200570484,-0.0298028402695399,-0.069193412663985));
#2969=CARTESIAN_POINT('',(0.00261030950033128,-0.0294195196558968,-0.0678704959973182));
#2970=CARTESIAN_POINT('',(0.0034403318336532,-0.0284976855193743,-0.0665475793306516));
#2971=CARTESIAN_POINT('',(0.00427035416697512,-0.0275758513828518,-0.065224662663985));
#2972=CARTESIAN_POINT('',(0.0045282575250791,-0.0263625084358867,-0.0639017459973183));
#2973=CARTESIAN_POINT('',(0.00478616088318309,-0.0251491654889216,-0.0625788293306516));
#2974=CARTESIAN_POINT('',(0.00440284026953991,-0.0239694279942952,-0.061255912663985));
#2975=CARTESIAN_POINT('',(0.00401951965589674,-0.0227896904996687,-0.0599329959973183));
#2976=CARTESIAN_POINT('',(0.00309768551937429,-0.0219596681663469,-0.0586100793306516));
#2977=CARTESIAN_POINT('',(0.00217585138285184,-0.0211296458330249,-0.0572871626639849));
#2978=CARTESIAN_POINT('',(0.000962508435886744,-0.0208717424749209,-0.0559642459973183));
#2979=CARTESIAN_POINT('',(-0.000250834511078352,-0.0206138391168169,-0.0546413293306517));
#2980=CARTESIAN_POINT('',(-0.0014305720057048,-0.0209971597304601,-0.053318412663985));
#2981=CARTESIAN_POINT('',(-0.00261030950033124,-0.0213804803441033,-0.0519954959973183));
#2982=CARTESIAN_POINT('',(-0.00344033183365316,-0.0223023144806257,-0.0506725793306516));
#2983=CARTESIAN_POINT('',(-0.00427035416697508,-0.0232241486171482,-0.049349662663985));
#2984=CARTESIAN_POINT('',(-0.00452825752507906,-0.0244374915641133,-0.0480267459973183));
#2985=CARTESIAN_POINT('',(-0.00320510931186996,-0.0220595190463718,-0.0510363924301388));
#2986=CARTESIAN_POINT('',(1.8878942747881E-17,-0.0254,-0.0510363924301388));
#2987=CARTESIAN_POINT('',(2.11058022910511E-17,-0.0254,-0.05715));
#2988=CARTESIAN_POINT('',(0.00143056751434274,-0.0209971582711281,-0.0661559177812494));
#2989=CARTESIAN_POINT('',(0.000250829628689466,-0.0206138388609418,-0.0648330011145827));
#2990=CARTESIAN_POINT('',(-0.000962513055186373,-0.0208717434567834,-0.0635100844479161));
#2991=CARTESIAN_POINT('',(-0.00217585573906222,-0.021129648052625,-0.0621871677812494));
#2992=CARTESIAN_POINT('',(-0.00309768902887389,-0.0219596713263145,-0.0608642511145827));
#2993=CARTESIAN_POINT('',(-0.00401952231868556,-0.022789694600004,-0.0595413344479161));
#2994=CARTESIAN_POINT('',(-0.00440284172887188,-0.0239694324856573,-0.0582184177812494));
#2995=CARTESIAN_POINT('',(-0.00478616113905821,-0.0251491703713106,-0.0568955011145827));
#2996=CARTESIAN_POINT('',(-0.0045282565432166,-0.0263625130551864,-0.055572584447916));
#2997=CARTESIAN_POINT('',(-0.004270351947375,-0.0275758557390623,-0.0542496677812494));
#2998=CARTESIAN_POINT('',(-0.00344032867368548,-0.0284976890288739,-0.0529267511145827));
#2999=CARTESIAN_POINT('',(-0.00261030539999597,-0.0294195223186856,-0.0516038344479161));
#3000=CARTESIAN_POINT('',(-0.0014305675143427,-0.0298028417288719,-0.0502809177812494));
#3001=CARTESIAN_POINT('',(-0.000250829628689427,-0.0301861611390583,-0.0489580011145827));
#3002=CARTESIAN_POINT('',(0.000962513055186418,-0.0299282565432166,-0.047635084447916));
#3003=CARTESIAN_POINT('',(0.00217585573906226,-0.029670351947375,-0.0463121677812494));
#3004=CARTESIAN_POINT('',(0.00309768902887392,-0.0288403286736855,-0.0449892511145827));
#3005=CARTESIAN_POINT('',(-0.00118589750647492,-0.0209250490721434,-0.0632636075698612));
#3006=CARTESIAN_POINT('',(-0.00207474994148518,-0.0295384721073,-0.0510363924301388));
#3007=CARTESIAN_POINT('',(2.33326618342212E-17,-0.0254,-0.0632636075698612));
#3008=CARTESIAN_POINT('',(-0.00106506435714969,-0.0208947612030306,-0.0632636075698612));
#3009=CARTESIAN_POINT('',(0.00374527886711282,-0.0226788927051388,-0.069193412663985));
#3010=CARTESIAN_POINT('',(0.00301616036493631,-0.0216753482572666,-0.0678704959973182));
#3011=CARTESIAN_POINT('',(0.0018829529957461,-0.0211708125226706,-0.0665475793306516));
#3012=CARTESIAN_POINT('',(0.00074974562655589,-0.0206662767880748,-0.065224662663985));
#3013=CARTESIAN_POINT('',(-0.00048390861021653,-0.0207959397093927,-0.0639017459973183));
#3014=CARTESIAN_POINT('',(-0.00171756284698895,-0.0209256026307107,-0.0625788293306516));
#3015=CARTESIAN_POINT('',(-0.00272110729486117,-0.0216547211328872,-0.061255912663985));
#3016=CARTESIAN_POINT('',(-0.0037246517427334,-0.0223838396350637,-0.0599329959973183));
#3017=CARTESIAN_POINT('',(-0.00422918747732932,-0.023517047004254,-0.0586100793306516));
#3018=CARTESIAN_POINT('',(-0.00473372321192524,-0.0246502543734442,-0.0572871626639849));
#3019=CARTESIAN_POINT('',(-0.00460406029060725,-0.0258839086102166,-0.0559642459973183));
#3020=CARTESIAN_POINT('',(-0.00447439736928926,-0.027117562846989,-0.0546413293306517));
#3021=CARTESIAN_POINT('',(-0.00374527886711277,-0.0281211072948612,-0.053318412663985));
#3022=CARTESIAN_POINT('',(-0.00301616036493627,-0.0291246517427334,-0.0519954959973183));
#3023=CARTESIAN_POINT('',(-0.00188295299574606,-0.0296291874773294,-0.0506725793306516));
#3024=CARTESIAN_POINT('',(-0.000749745626555847,-0.0301337232119253,-0.049349662663985));
#3025=CARTESIAN_POINT('',(0.000483908610216568,-0.0300040602906073,-0.0480267459973183));
#3026=CARTESIAN_POINT('',(-0.00218655293231072,-0.0294805054805491,-0.0510363924301388));
#3027=CARTESIAN_POINT('',(1.8878942747881E-17,-0.0254,-0.0510363924301388));
#3028=CARTESIAN_POINT('',(2.11058022910511E-17,-0.0254,-0.05715));
#3029=CARTESIAN_POINT('',(0.0046294209899925,-0.0253999976387512,-0.0691934126639849));
#3030=CARTESIAN_POINT('',(0.00462942035729779,-0.024159548023059,-0.0678704959973182));
#3031=CARTESIAN_POINT('',(0.00400919500152202,-0.0230852874601024,-0.0665475793306516));
#3032=CARTESIAN_POINT('',(0.00338896964574624,-0.0220110268971456,-0.065224662663985));
#3033=CARTESIAN_POINT('',(0.00231470845009482,-0.0213908026372292,-0.0639017459973183));
#3034=CARTESIAN_POINT('',(0.0012404472544434,-0.0207705783773128,-0.0625788293306516));
#3035=CARTESIAN_POINT('',(-2.36124876999533E-9,-0.0207705790100075,-0.061255912663985));
#3036=CARTESIAN_POINT('',(-0.00124045197694094,-0.0207705796427022,-0.0599329959973183));
#3037=CARTESIAN_POINT('',(-0.00231471253989765,-0.021390804998478,-0.0586100793306516));
#3038=CARTESIAN_POINT('',(-0.00338897310285436,-0.0220110303542538,-0.0572871626639849));
#3039=CARTESIAN_POINT('',(-0.00400919736277076,-0.0230852915499052,-0.0559642459973183));
#3040=CARTESIAN_POINT('',(-0.00462942162268716,-0.0241595527455566,-0.0546413293306517));
#3041=CARTESIAN_POINT('',(-0.00462942098999245,-0.0254000023612488,-0.053318412663985));
#3042=CARTESIAN_POINT('',(-0.00462942035729775,-0.026640451976941,-0.0519954959973183));
#3043=CARTESIAN_POINT('',(-0.00400919500152197,-0.0277147125398976,-0.0506725793306516));
#3044=CARTESIAN_POINT('',(-0.0033889696457462,-0.0287889731028544,-0.0493496626639849));
#3045=CARTESIAN_POINT('',(-0.00231470845009478,-0.0294091973627708,-0.0480267459973183));
#3046=CARTESIAN_POINT('',(-0.00416741942470516,-0.0274159747124353,-0.0510363924301388));
#3047=CARTESIAN_POINT('',(0.00178645775787734,-0.0211291561276595,-0.0632636075698612));
#3048=CARTESIAN_POINT('',(1.8878942747881E-17,-0.0254,-0.0510363924301388));
#3049=CARTESIAN_POINT('',(-0.00411104083343464,-0.0275285868477528,-0.0510363924301388));
#3050=CARTESIAN_POINT('',(0.00374527886711281,-0.0226788927051388,-0.0661559177812494));
#3051=CARTESIAN_POINT('',(0.00301616036493632,-0.0216753482572666,-0.0648330011145827));
#3052=CARTESIAN_POINT('',(0.0018829529957461,-0.0211708125226706,-0.063510084447916));
#3053=CARTESIAN_POINT('',(0.000749745626555884,-0.0206662767880748,-0.0621871677812494));
#3054=CARTESIAN_POINT('',(-0.000483908610216537,-0.0207959397093927,-0.0608642511145827));
#3055=CARTESIAN_POINT('',(-0.00171756284698896,-0.0209256026307107,-0.0595413344479161));
#3056=CARTESIAN_POINT('',(-0.00272110729486118,-0.0216547211328872,-0.0582184177812494));
#3057=CARTESIAN_POINT('',(-0.0037246517427334,-0.0223838396350637,-0.0568955011145827));
#3058=CARTESIAN_POINT('',(-0.00422918747732932,-0.0235170470042539,-0.0555725844479161));
#3059=CARTESIAN_POINT('',(-0.00473372321192524,-0.0246502543734442,-0.0542496677812494));
#3060=CARTESIAN_POINT('',(-0.00460406029060725,-0.0258839086102166,-0.0529267511145827));
#3061=CARTESIAN_POINT('',(-0.00447439736928926,-0.027117562846989,-0.0516038344479161));
#3062=CARTESIAN_POINT('',(-0.00374527886711277,-0.0281211072948612,-0.0502809177812494));
#3063=CARTESIAN_POINT('',(-0.00301616036493628,-0.0291246517427334,-0.0489580011145827));
#3064=CARTESIAN_POINT('',(-0.00188295299574605,-0.0296291874773294,-0.0476350844479161));
#3065=CARTESIAN_POINT('',(-0.000749745626555847,-0.0301337232119253,-0.0463121677812494));
#3066=CARTESIAN_POINT('',(0.000483908610216569,-0.0300040602906073,-0.0449892511145827));
#3067=CARTESIAN_POINT('',(0.00167089892380159,-0.0210826355853336,-0.0632636075698612));
#3068=CARTESIAN_POINT('',(2.33326618342212E-17,-0.0254,-0.0632636075698612));
#3069=CARTESIAN_POINT('',(2.11058022910511E-17,-0.0254,-0.05715));
#3070=CARTESIAN_POINT('',(-0.00374527886711276,-0.0281211072948612,-0.0661559177812494));
#3071=CARTESIAN_POINT('',(-0.00301616036493627,-0.0291246517427334,-0.0648330011145827));
#3072=CARTESIAN_POINT('',(-0.00188295299574605,-0.0296291874773294,-0.063510084447916));
#3073=CARTESIAN_POINT('',(-0.00074974562655584,-0.0301337232119253,-0.0621871677812494));
#3074=CARTESIAN_POINT('',(0.000483908610216579,-0.0300040602906073,-0.0608642511145827));
#3075=CARTESIAN_POINT('',(0.001717562846989,-0.0298743973692893,-0.0595413344479161));
#3076=CARTESIAN_POINT('',(0.00272110729486122,-0.0291452788671128,-0.0582184177812494));
#3077=CARTESIAN_POINT('',(0.00372465174273344,-0.0284161603649363,-0.0568955011145827));
#3078=CARTESIAN_POINT('',(0.00422918747732936,-0.0272829529957461,-0.055572584447916));
#3079=CARTESIAN_POINT('',(0.00473372321192528,-0.0261497456265558,-0.0542496677812494));
#3080=CARTESIAN_POINT('',(0.00460406029060729,-0.0249160913897834,-0.0529267511145827));
#3081=CARTESIAN_POINT('',(0.00447439736928931,-0.023682437153011,-0.0516038344479161));
#3082=CARTESIAN_POINT('',(0.00374527886711281,-0.0226788927051388,-0.0502809177812494));
#3083=CARTESIAN_POINT('',(0.00301616036493631,-0.0216753482572666,-0.0489580011145827));
#3084=CARTESIAN_POINT('',(0.00188295299574609,-0.0211708125226706,-0.047635084447916));
#3085=CARTESIAN_POINT('',(0.00074974562655588,-0.0206662767880748,-0.0463121677812494));
#3086=CARTESIAN_POINT('',(-0.000483908610216537,-0.0207959397093927,-0.0449892511145827));
#3087=CARTESIAN_POINT('',(-0.00167089892380152,-0.0297173644146664,-0.0632636075698612));
#3088=CARTESIAN_POINT('',(0.00411104083343482,-0.023271413152247,-0.0510363924301388));
#3089=CARTESIAN_POINT('',(2.33326618342212E-17,-0.0254,-0.0632636075698612));
#3090=CARTESIAN_POINT('',(-0.00178645775787728,-0.0296708438723405,-0.0632636075698612));
#3091=CARTESIAN_POINT('',(-0.00462942098999245,-0.0254000023612488,-0.069193412663985));
#3092=CARTESIAN_POINT('',(-0.00462942035729774,-0.026640451976941,-0.0678704959973183));
#3093=CARTESIAN_POINT('',(-0.00400919500152197,-0.0277147125398976,-0.0665475793306516));
#3094=CARTESIAN_POINT('',(-0.00338896964574619,-0.0287889731028544,-0.065224662663985));
#3095=CARTESIAN_POINT('',(-0.00231470845009477,-0.0294091973627708,-0.0639017459973183));
#3096=CARTESIAN_POINT('',(-0.00124044725444336,-0.0300294216226872,-0.0625788293306516));
#3097=CARTESIAN_POINT('',(2.36124881166159E-9,-0.0300294209899925,-0.061255912663985));
#3098=CARTESIAN_POINT('',(0.00124045197694099,-0.0300294203572978,-0.0599329959973183));
#3099=CARTESIAN_POINT('',(0.0023147125398977,-0.029409195001522,-0.0586100793306516));
#3100=CARTESIAN_POINT('',(0.00338897310285441,-0.0287889696457462,-0.0572871626639849));
#3101=CARTESIAN_POINT('',(0.0040091973627708,-0.0277147084500948,-0.0559642459973183));
#3102=CARTESIAN_POINT('',(0.0046294216226872,-0.0266404472544434,-0.0546413293306517));
#3103=CARTESIAN_POINT('',(0.00462942098999249,-0.0253999976387512,-0.053318412663985));
#3104=CARTESIAN_POINT('',(0.00462942035729778,-0.0241595480230591,-0.0519954959973183));
#3105=CARTESIAN_POINT('',(0.00400919500152201,-0.0230852874601024,-0.0506725793306516));
#3106=CARTESIAN_POINT('',(0.00338896964574624,-0.0220110268971456,-0.0493496626639849));
#3107=CARTESIAN_POINT('',(0.00231470845009482,-0.0213908026372292,-0.0480267459973183));
#3108=CARTESIAN_POINT('',(0.00416741942470519,-0.0233840252875647,-0.0510363924301388));
#3109=CARTESIAN_POINT('',(1.8878942747881E-17,-0.0254,-0.0510363924301388));
#3110=CARTESIAN_POINT('',(2.11058022910511E-17,-0.0254,-0.05715));
#3111=CARTESIAN_POINT('',(-0.00462942098999245,-0.0254000023612488,-0.0661559177812494));
#3112=CARTESIAN_POINT('',(-0.00462942035729774,-0.026640451976941,-0.0648330011145827));
#3113=CARTESIAN_POINT('',(-0.00400919500152196,-0.0277147125398977,-0.0635100844479161));
#3114=CARTESIAN_POINT('',(-0.00338896964574619,-0.0287889731028544,-0.0621871677812494));
#3115=CARTESIAN_POINT('',(-0.00231470845009477,-0.0294091973627708,-0.0608642511145827));
#3116=CARTESIAN_POINT('',(-0.00124044725444336,-0.0300294216226872,-0.0595413344479161));
#3117=CARTESIAN_POINT('',(2.36124881337986E-9,-0.0300294209899925,-0.0582184177812494));
#3118=CARTESIAN_POINT('',(0.00124045197694099,-0.0300294203572978,-0.0568955011145827));
#3119=CARTESIAN_POINT('',(0.0023147125398977,-0.029409195001522,-0.0555725844479161));
#3120=CARTESIAN_POINT('',(0.00338897310285441,-0.0287889696457462,-0.0542496677812494));
#3121=CARTESIAN_POINT('',(0.0040091973627708,-0.0277147084500948,-0.0529267511145827));
#3122=CARTESIAN_POINT('',(0.0046294216226872,-0.0266404472544434,-0.0516038344479161));
#3123=CARTESIAN_POINT('',(0.00462942098999249,-0.0253999976387512,-0.0502809177812494));
#3124=CARTESIAN_POINT('',(0.00462942035729778,-0.0241595480230591,-0.0489580011145827));
#3125=CARTESIAN_POINT('',(0.00400919500152201,-0.0230852874601024,-0.0476350844479161));
#3126=CARTESIAN_POINT('',(0.00338896964574623,-0.0220110268971456,-0.0463121677812494));
#3127=CARTESIAN_POINT('',(0.00231470845009482,-0.0213908026372292,-0.0449892511145827));
#3128=CARTESIAN_POINT('',(-0.00388946875695144,-0.0279106914368928,-0.0632636075698612));
#3129=CARTESIAN_POINT('',(0.00457705385615024,-0.0260943462396304,-0.0510363924301388));
#3130=CARTESIAN_POINT('',(2.33326618342212E-17,-0.0254,-0.0632636075698612));
#3131=CARTESIAN_POINT('',(-0.00395561372886111,-0.0278051317491218,-0.0632636075698612));
#3132=CARTESIAN_POINT('',(-0.0037452816429272,-0.0226788965257196,-0.069193412663985));
#3133=CARTESIAN_POINT('',(-0.00447439912138215,-0.0236824417173691,-0.0678704959973183));
#3134=CARTESIAN_POINT('',(-0.00460406078424266,-0.0249160960864107,-0.0665475793306516));
#3135=CARTESIAN_POINT('',(-0.00473372244710318,-0.0261497504554524,-0.065224662663985));
#3136=CARTESIAN_POINT('',(-0.00422918555651651,-0.0272829573099623,-0.0639017459973183));
#3137=CARTESIAN_POINT('',(-0.00372464866592983,-0.0284161641644723,-0.0625788293306516));
#3138=CARTESIAN_POINT('',(-0.00272110347428038,-0.0291452816429272,-0.061255912663985));
#3139=CARTESIAN_POINT('',(-0.00171755828263092,-0.0298743991213822,-0.0599329959973183));
#3140=CARTESIAN_POINT('',(-0.000483903913589287,-0.0300040607842427,-0.0586100793306516));
#3141=CARTESIAN_POINT('',(0.000749750455452342,-0.0301337224471032,-0.0572871626639849));
#3142=CARTESIAN_POINT('',(0.00188295730996232,-0.0296291855565165,-0.0559642459973183));
#3143=CARTESIAN_POINT('',(0.00301616416447229,-0.0291246486659299,-0.0546413293306517));
#3144=CARTESIAN_POINT('',(0.00374528164292724,-0.0281211034742804,-0.053318412663985));
#3145=CARTESIAN_POINT('',(0.00447439912138219,-0.0271175582826309,-0.0519954959973183));
#3146=CARTESIAN_POINT('',(0.00460406078424271,-0.0258839039135893,-0.0506725793306516));
#3147=CARTESIAN_POINT('',(0.00473372244710322,-0.0246502495445477,-0.0493496626639849));
#3148=CARTESIAN_POINT('',(0.00422918555651655,-0.0235170426900377,-0.0480267459973183));
#3149=CARTESIAN_POINT('',(0.00455647334223944,-0.0262185898753697,-0.0510363924301388));
#3150=CARTESIAN_POINT('',(1.8878942747881E-17,-0.0254,-0.0510363924301388));
#3151=CARTESIAN_POINT('',(2.11058022910511E-17,-0.0254,-0.05715));
#3152=CARTESIAN_POINT('',(0.00143057200570484,-0.0298028402695399,-0.0661559177812494));
#3153=CARTESIAN_POINT('',(0.00261030950033128,-0.0294195196558968,-0.0648330011145827));
#3154=CARTESIAN_POINT('',(0.0034403318336532,-0.0284976855193743,-0.0635100844479161));
#3155=CARTESIAN_POINT('',(0.00427035416697512,-0.0275758513828518,-0.0621871677812494));
#3156=CARTESIAN_POINT('',(0.00452825752507911,-0.0263625084358867,-0.0608642511145827));
#3157=CARTESIAN_POINT('',(0.0047861608831831,-0.0251491654889216,-0.0595413344479161));
#3158=CARTESIAN_POINT('',(0.00440284026953991,-0.0239694279942952,-0.0582184177812494));
#3159=CARTESIAN_POINT('',(0.00401951965589674,-0.0227896904996687,-0.0568955011145827));
#3160=CARTESIAN_POINT('',(0.00309768551937429,-0.0219596681663469,-0.055572584447916));
#3161=CARTESIAN_POINT('',(0.00217585138285183,-0.0211296458330249,-0.0542496677812494));
#3162=CARTESIAN_POINT('',(0.000962508435886736,-0.0208717424749209,-0.0529267511145827));
#3163=CARTESIAN_POINT('',(-0.000250834511078356,-0.0206138391168169,-0.0516038344479161));
#3164=CARTESIAN_POINT('',(-0.0014305720057048,-0.0209971597304601,-0.0502809177812494));
#3165=CARTESIAN_POINT('',(-0.00261030950033124,-0.0213804803441033,-0.0489580011145827));
#3166=CARTESIAN_POINT('',(-0.00344033183365316,-0.0223023144806257,-0.0476350844479161));
#3167=CARTESIAN_POINT('',(-0.00427035416697508,-0.0232241486171482,-0.0463121677812494));
#3168=CARTESIAN_POINT('',(-0.00452825752507907,-0.0244374915641133,-0.0449892511145827));
#3169=CARTESIAN_POINT('',(0.00358972139645178,-0.0283232582845936,-0.0632636075698612));
#3170=CARTESIAN_POINT('',(-0.000754024909954272,-0.0208323983166483,-0.0510363924301388));
#3171=CARTESIAN_POINT('',(2.33326618342212E-17,-0.0254,-0.0632636075698612));
#3172=CARTESIAN_POINT('',(0.00350976808795163,-0.0284187856285906,-0.0632636075698612));
#3173=CARTESIAN_POINT('',(-0.00143056751434269,-0.0298028417288719,-0.069193412663985));
#3174=CARTESIAN_POINT('',(-0.000250829628689416,-0.0301861611390583,-0.0678704959973182));
#3175=CARTESIAN_POINT('',(0.000962513055186419,-0.0299282565432166,-0.0665475793306516));
#3176=CARTESIAN_POINT('',(0.00217585573906227,-0.029670351947375,-0.065224662663985));
#3177=CARTESIAN_POINT('',(0.00309768902887394,-0.0288403286736855,-0.0639017459973183));
#3178=CARTESIAN_POINT('',(0.0040195223186856,-0.028010305399996,-0.0625788293306516));
#3179=CARTESIAN_POINT('',(0.00440284172887193,-0.0268305675143427,-0.0612559126639849));
#3180=CARTESIAN_POINT('',(0.00478616113905826,-0.0256508296286894,-0.0599329959973183));
#3181=CARTESIAN_POINT('',(0.00452825654321665,-0.0244374869448136,-0.0586100793306516));
#3182=CARTESIAN_POINT('',(0.00427035194737505,-0.0232241442609378,-0.0572871626639849));
#3183=CARTESIAN_POINT('',(0.00344032867368552,-0.0223023109711261,-0.0559642459973183));
#3184=CARTESIAN_POINT('',(0.00261030539999602,-0.0213804776813144,-0.0546413293306517));
#3185=CARTESIAN_POINT('',(0.00143056751434274,-0.0209971582711281,-0.053318412663985));
#3186=CARTESIAN_POINT('',(0.000250829628689463,-0.0206138388609417,-0.0519954959973183));
#3187=CARTESIAN_POINT('',(-0.000962513055186381,-0.0208717434567834,-0.0506725793306516));
#3188=CARTESIAN_POINT('',(-0.00217585573906222,-0.021129648052625,-0.049349662663985));
#3189=CARTESIAN_POINT('',(-0.00309768902887389,-0.0219596713263145,-0.0480267459973183));
#3190=CARTESIAN_POINT('',(-0.000629502462024701,-0.0208135781536255,-0.0510363924301388));
#3191=CARTESIAN_POINT('',(1.8878942747881E-17,-0.0254,-0.0510363924301388));
#3192=CARTESIAN_POINT('',(2.11058022910511E-17,-0.0254,-0.05715));
#3193=CARTESIAN_POINT('',(-0.00374527886711276,-0.0281211072948612,-0.069193412663985));
#3194=CARTESIAN_POINT('',(-0.00301616036493626,-0.0291246517427334,-0.0678704959973182));
#3195=CARTESIAN_POINT('',(-0.00188295299574605,-0.0296291874773294,-0.0665475793306516));
#3196=CARTESIAN_POINT('',(-0.000749745626555836,-0.0301337232119253,-0.065224662663985));
#3197=CARTESIAN_POINT('',(0.000483908610216579,-0.0300040602906073,-0.0639017459973183));
#3198=CARTESIAN_POINT('',(0.001717562846989,-0.0298743973692893,-0.0625788293306516));
#3199=CARTESIAN_POINT('',(0.00272110729486122,-0.0291452788671128,-0.0612559126639849));
#3200=CARTESIAN_POINT('',(0.00372465174273344,-0.0284161603649363,-0.0599329959973183));
#3201=CARTESIAN_POINT('',(0.00422918747732936,-0.0272829529957461,-0.0586100793306516));
#3202=CARTESIAN_POINT('',(0.00473372321192528,-0.0261497456265558,-0.0572871626639849));
#3203=CARTESIAN_POINT('',(0.00460406029060729,-0.0249160913897834,-0.0559642459973183));
#3204=CARTESIAN_POINT('',(0.0044743973692893,-0.023682437153011,-0.0546413293306517));
#3205=CARTESIAN_POINT('',(0.00374527886711281,-0.0226788927051388,-0.053318412663985));
#3206=CARTESIAN_POINT('',(0.00301616036493631,-0.0216753482572666,-0.0519954959973183));
#3207=CARTESIAN_POINT('',(0.00188295299574609,-0.0211708125226706,-0.0506725793306516));
#3208=CARTESIAN_POINT('',(0.000749745626555883,-0.0206662767880748,-0.0493496626639849));
#3209=CARTESIAN_POINT('',(-0.000483908610216534,-0.0207959397093927,-0.0480267459973183));
#3210=CARTESIAN_POINT('',(0.00218655293231076,-0.0213194945194508,-0.0510363924301388));
#3211=CARTESIAN_POINT('',(0.00106506435714975,-0.0299052387969693,-0.0632636075698612));
#3212=CARTESIAN_POINT('',(1.8878942747881E-17,-0.0254,-0.0510363924301388));
#3213=CARTESIAN_POINT('',(0.00207474994148525,-0.0212615278927001,-0.0510363924301388));
#3214=CARTESIAN_POINT('',(-0.00143056751434269,-0.0298028417288719,-0.0661559177812494));
#3215=CARTESIAN_POINT('',(-0.000250829628689416,-0.0301861611390583,-0.0648330011145827));
#3216=CARTESIAN_POINT('',(0.000962513055186422,-0.0299282565432166,-0.0635100844479161));
#3217=CARTESIAN_POINT('',(0.00217585573906227,-0.029670351947375,-0.0621871677812494));
#3218=CARTESIAN_POINT('',(0.00309768902887394,-0.0288403286736855,-0.0608642511145827));
#3219=CARTESIAN_POINT('',(0.00401952231868561,-0.028010305399996,-0.0595413344479161));
#3220=CARTESIAN_POINT('',(0.00440284172887193,-0.0268305675143427,-0.0582184177812494));
#3221=CARTESIAN_POINT('',(0.00478616113905826,-0.0256508296286894,-0.0568955011145827));
#3222=CARTESIAN_POINT('',(0.00452825654321665,-0.0244374869448136,-0.055572584447916));
#3223=CARTESIAN_POINT('',(0.00427035194737504,-0.0232241442609378,-0.0542496677812494));
#3224=CARTESIAN_POINT('',(0.00344032867368552,-0.0223023109711261,-0.0529267511145827));
#3225=CARTESIAN_POINT('',(0.00261030539999602,-0.0213804776813144,-0.0516038344479161));
#3226=CARTESIAN_POINT('',(0.00143056751434273,-0.0209971582711281,-0.0502809177812494));
#3227=CARTESIAN_POINT('',(0.000250829628689459,-0.0206138388609418,-0.0489580011145827));
#3228=CARTESIAN_POINT('',(-0.000962513055186384,-0.0208717434567834,-0.047635084447916));
#3229=CARTESIAN_POINT('',(-0.00217585573906223,-0.021129648052625,-0.0463121677812494));
#3230=CARTESIAN_POINT('',(-0.0030976890288739,-0.0219596713263145,-0.0449892511145827));
#3231=CARTESIAN_POINT('',(0.00118589750647497,-0.0298749509278566,-0.0632636075698612));
#3232=CARTESIAN_POINT('',(2.33326618342212E-17,-0.0254,-0.0632636075698612));
#3233=CARTESIAN_POINT('',(2.11058022910511E-17,-0.0254,-0.05715));
#3234=CARTESIAN_POINT('',(0.00143056751434274,-0.0209971582711281,-0.069193412663985));
#3235=CARTESIAN_POINT('',(0.000250829628689466,-0.0206138388609418,-0.0678704959973183));
#3236=CARTESIAN_POINT('',(-0.00096251305518637,-0.0208717434567834,-0.0665475793306516));
#3237=CARTESIAN_POINT('',(-0.00217585573906221,-0.021129648052625,-0.065224662663985));
#3238=CARTESIAN_POINT('',(-0.00309768902887389,-0.0219596713263145,-0.0639017459973183));
#3239=CARTESIAN_POINT('',(-0.00401952231868556,-0.022789694600004,-0.0625788293306516));
#3240=CARTESIAN_POINT('',(-0.00440284172887188,-0.0239694324856573,-0.061255912663985));
#3241=CARTESIAN_POINT('',(-0.00478616113905821,-0.0251491703713106,-0.0599329959973183));
#3242=CARTESIAN_POINT('',(-0.0045282565432166,-0.0263625130551864,-0.0586100793306516));
#3243=CARTESIAN_POINT('',(-0.004270351947375,-0.0275758557390623,-0.0572871626639849));
#3244=CARTESIAN_POINT('',(-0.00344032867368548,-0.0284976890288739,-0.0559642459973183));
#3245=CARTESIAN_POINT('',(-0.00261030539999598,-0.0294195223186856,-0.0546413293306517));
#3246=CARTESIAN_POINT('',(-0.0014305675143427,-0.0298028417288719,-0.053318412663985));
#3247=CARTESIAN_POINT('',(-0.000250829628689423,-0.0301861611390583,-0.0519954959973183));
#3248=CARTESIAN_POINT('',(0.000962513055186418,-0.0299282565432166,-0.0506725793306516));
#3249=CARTESIAN_POINT('',(0.00217585573906226,-0.029670351947375,-0.049349662663985));
#3250=CARTESIAN_POINT('',(0.00309768902887392,-0.0288403286736855,-0.0480267459973183));
#3251=CARTESIAN_POINT('',(0.00062950246202566,-0.0299864218463735,-0.0510363924301388));
#3252=CARTESIAN_POINT('',(-0.00350976808795158,-0.0223812143714094,-0.0632636075698612));
#3253=CARTESIAN_POINT('',(1.8878942747881E-17,-0.0254,-0.0510363924301388));
#3254=CARTESIAN_POINT('',(0.000754024909955026,-0.0299676016833524,-0.0510363924301388));
#3255=CARTESIAN_POINT('',(-0.00143057200570479,-0.0209971597304601,-0.0661559177812494));
#3256=CARTESIAN_POINT('',(-0.00261030950033124,-0.0213804803441033,-0.0648330011145827));
#3257=CARTESIAN_POINT('',(-0.00344033183365316,-0.0223023144806257,-0.063510084447916));
#3258=CARTESIAN_POINT('',(-0.00427035416697508,-0.0232241486171482,-0.0621871677812494));
#3259=CARTESIAN_POINT('',(-0.00452825752507906,-0.0244374915641133,-0.0608642511145827));
#3260=CARTESIAN_POINT('',(-0.00478616088318306,-0.0256508345110784,-0.0595413344479161));
#3261=CARTESIAN_POINT('',(-0.00440284026953988,-0.0268305720057048,-0.0582184177812494));
#3262=CARTESIAN_POINT('',(-0.00401951965589671,-0.0280103095003313,-0.0568955011145827));
#3263=CARTESIAN_POINT('',(-0.00309768551937425,-0.0288403318336532,-0.0555725844479161));
#3264=CARTESIAN_POINT('',(-0.00217585138285179,-0.0296703541669751,-0.0542496677812494));
#3265=CARTESIAN_POINT('',(-0.000962508435886699,-0.0299282575250791,-0.0529267511145827));
#3266=CARTESIAN_POINT('',(0.000250834511078393,-0.0301861608831831,-0.0516038344479161));
#3267=CARTESIAN_POINT('',(0.00143057200570484,-0.0298028402695399,-0.0502809177812494));
#3268=CARTESIAN_POINT('',(0.00261030950033128,-0.0294195196558968,-0.0489580011145827));
#3269=CARTESIAN_POINT('',(0.0034403318336532,-0.0284976855193743,-0.047635084447916));
#3270=CARTESIAN_POINT('',(0.00427035416697512,-0.0275758513828518,-0.0463121677812494));
#3271=CARTESIAN_POINT('',(0.0045282575250791,-0.0263625084358867,-0.0449892511145827));
#3272=CARTESIAN_POINT('',(-0.00358972139645172,-0.0224767417154064,-0.0632636075698612));
#3273=CARTESIAN_POINT('',(2.33326618342212E-17,-0.0254,-0.0632636075698612));
#3274=CARTESIAN_POINT('',(2.11058022910511E-17,-0.0254,-0.05715));
#3275=CARTESIAN_POINT('',(-0.00143057200570479,-0.0209971597304601,-0.069193412663985));
#3276=CARTESIAN_POINT('',(-0.00261030950033124,-0.0213804803441033,-0.0678704959973183));
#3277=CARTESIAN_POINT('',(-0.00344033183365316,-0.0223023144806257,-0.0665475793306516));
#3278=CARTESIAN_POINT('',(-0.00427035416697507,-0.0232241486171482,-0.065224662663985));
#3279=CARTESIAN_POINT('',(-0.00452825752507906,-0.0244374915641133,-0.0639017459973183));
#3280=CARTESIAN_POINT('',(-0.00478616088318306,-0.0256508345110784,-0.0625788293306516));
#3281=CARTESIAN_POINT('',(-0.00440284026953987,-0.0268305720057048,-0.061255912663985));
#3282=CARTESIAN_POINT('',(-0.00401951965589671,-0.0280103095003313,-0.0599329959973183));
#3283=CARTESIAN_POINT('',(-0.00309768551937425,-0.0288403318336532,-0.0586100793306516));
#3284=CARTESIAN_POINT('',(-0.00217585138285179,-0.0296703541669751,-0.0572871626639849));
#3285=CARTESIAN_POINT('',(-0.000962508435886703,-0.0299282575250791,-0.0559642459973183));
#3286=CARTESIAN_POINT('',(0.000250834511078392,-0.0301861608831831,-0.0546413293306517));
#3287=CARTESIAN_POINT('',(0.00143057200570484,-0.0298028402695399,-0.053318412663985));
#3288=CARTESIAN_POINT('',(0.00261030950033128,-0.0294195196558968,-0.0519954959973183));
#3289=CARTESIAN_POINT('',(0.0034403318336532,-0.0284976855193743,-0.0506725793306516));
#3290=CARTESIAN_POINT('',(0.00427035416697512,-0.0275758513828518,-0.0493496626639849));
#3291=CARTESIAN_POINT('',(0.0045282575250791,-0.0263625084358868,-0.0480267459973183));
#3292=CARTESIAN_POINT('',(0.00320510931186999,-0.0287404809536282,-0.0510363924301388));
#3293=CARTESIAN_POINT('',(-0.00461385970178569,-0.0250207410451601,-0.0632636075698612));
#3294=CARTESIAN_POINT('',(1.8878942747881E-17,-0.0254,-0.0510363924301388));
#3295=CARTESIAN_POINT('',(0.00329478787415596,-0.0286520626634349,-0.0510363924301388));
#3296=CARTESIAN_POINT('',(-0.0037452816429272,-0.0226788965257196,-0.0661559177812494));
#3297=CARTESIAN_POINT('',(-0.00447439912138215,-0.0236824417173691,-0.0648330011145827));
#3298=CARTESIAN_POINT('',(-0.00460406078424267,-0.0249160960864107,-0.0635100844479161));
#3299=CARTESIAN_POINT('',(-0.00473372244710318,-0.0261497504554524,-0.0621871677812494));
#3300=CARTESIAN_POINT('',(-0.00422918555651651,-0.0272829573099623,-0.0608642511145827));
#3301=CARTESIAN_POINT('',(-0.00372464866592983,-0.0284161641644723,-0.0595413344479161));
#3302=CARTESIAN_POINT('',(-0.00272110347428037,-0.0291452816429272,-0.0582184177812494));
#3303=CARTESIAN_POINT('',(-0.00171755828263092,-0.0298743991213822,-0.0568955011145827));
#3304=CARTESIAN_POINT('',(-0.000483903913589287,-0.0300040607842427,-0.0555725844479161));
#3305=CARTESIAN_POINT('',(0.000749750455452343,-0.0301337224471032,-0.0542496677812494));
#3306=CARTESIAN_POINT('',(0.00188295730996232,-0.0296291855565165,-0.0529267511145827));
#3307=CARTESIAN_POINT('',(0.00301616416447229,-0.0291246486659299,-0.0516038344479161));
#3308=CARTESIAN_POINT('',(0.00374528164292724,-0.0281211034742804,-0.0502809177812494));
#3309=CARTESIAN_POINT('',(0.00447439912138219,-0.0271175582826309,-0.0489580011145827));
#3310=CARTESIAN_POINT('',(0.00460406078424271,-0.0258839039135893,-0.0476350844479161));
#3311=CARTESIAN_POINT('',(0.00473372244710322,-0.0246502495445477,-0.0463121677812494));
#3312=CARTESIAN_POINT('',(0.00422918555651655,-0.0235170426900377,-0.0449892511145827));
#3313=CARTESIAN_POINT('',(-0.0046223937231267,-0.0251450196654895,-0.0632636075698612));
#3314=CARTESIAN_POINT('',(2.33326618342212E-17,-0.0254,-0.0632636075698612));
#3315=CARTESIAN_POINT('',(3.14312684953262E-10,-0.0352519303560257,0.145288));
#3316=CARTESIAN_POINT('',(-0.0130709409713745,-0.0352519303560257,-0.0109499439890874));
#3317=CARTESIAN_POINT('',(3.14312742499823E-10,-0.0352519303560257,-0.0127));
#3318=CARTESIAN_POINT('',(-0.0588009983650854,-0.0127,-0.00635));
#3319=CARTESIAN_POINT('',(-0.0588009983650854,-0.0127,-4.01530660572765E-17));
#3320=CARTESIAN_POINT('',(0.0514350016349146,-0.0127,0.));
#3321=CARTESIAN_POINT('',(-0.0588009983650854,-0.0127,-0.0127));
#3322=CARTESIAN_POINT('',(0.0514350016349146,-0.0127,-0.0127));
#3323=CARTESIAN_POINT('',(0.0514350016349146,-0.0127,-0.00635));
#3324=CARTESIAN_POINT('',(-0.0588009983650854,-0.0254,-0.0127));
#3325=CARTESIAN_POINT('',(-0.0588009983650854,-0.0127,-0.0127));
#3326=CARTESIAN_POINT('',(-0.0501649983650854,-0.0127,-0.0127));
#3327=CARTESIAN_POINT('',(-0.0501649983650854,-0.0127,-0.0127));
#3328=CARTESIAN_POINT('',(-0.0501649983650854,-0.0381,-0.0127));
#3329=CARTESIAN_POINT('',(-0.0588009983650854,-0.0381,-0.0127));
#3330=CARTESIAN_POINT('',(0.0514350016349146,-0.0381,-0.0127));
#3331=CARTESIAN_POINT('',(0.0514350016349146,-0.0254,-0.0127));
#3332=CARTESIAN_POINT('',(0.0514350016349146,-0.0127,-0.0381));
#3333=CARTESIAN_POINT('',(0.0514350016349146,-0.0381,-0.0381));
#3334=CARTESIAN_POINT('',(0.0514350016349146,-0.0381,-0.0508));
#3335=CARTESIAN_POINT('',(0.0514350016349146,-0.0381,-0.0635));
#3336=CARTESIAN_POINT('',(0.0514350016349146,-0.0254,-0.0635));
#3337=CARTESIAN_POINT('',(0.0514350016349146,-0.0127,-0.0635));
#3338=CARTESIAN_POINT('',(0.0514350016349146,-0.0127,-0.06985));
#3339=CARTESIAN_POINT('',(0.0514350016349146,-0.0127,-0.0762));
#3340=CARTESIAN_POINT('',(0.0514350016349146,-0.0127,-0.0762));
#3341=CARTESIAN_POINT('',(0.0514350016349146,0.,-0.0762));
#3342=CARTESIAN_POINT('',(0.0514350016349146,0.,-0.0381));
#3343=CARTESIAN_POINT('',(0.0514350016349146,0.,0.));
#3344=CARTESIAN_POINT('',(0.0514350016349146,-0.0127,0.));
#3345=CARTESIAN_POINT('',(0.0514350016349146,-0.0381,-0.0381));
#3346=CARTESIAN_POINT('',(0.0514350016349146,-0.0381,-0.0254));
#3347=CARTESIAN_POINT('',(0.0514350016349146,-0.0381,-0.0254));
#3348=CARTESIAN_POINT('',(0.0514350016349146,-0.0127,-0.0254));
#3349=CARTESIAN_POINT('',(0.0514350016349146,-0.0127,-0.0381));
#3350=CARTESIAN_POINT('',(0.0514350016349146,-0.0127,-0.0508));
#3351=CARTESIAN_POINT('',(0.0514350016349146,-0.0381,-0.0508));
#3352=CARTESIAN_POINT('',(0.000635001634914589,-0.0381,-0.0381));
#3353=CARTESIAN_POINT('',(-0.0501649983650854,-0.0381,-0.0381));
#3354=CARTESIAN_POINT('',(-0.0501649983650854,-0.0381,-0.0508));
#3355=CARTESIAN_POINT('',(-0.0501649983650854,-0.0381,-0.0635));
#3356=CARTESIAN_POINT('',(-0.0694689983650854,-0.0381,-0.0635));
#3357=CARTESIAN_POINT('',(0.000635001634914596,-0.0381,-0.0508));
#3358=CARTESIAN_POINT('',(-0.0501649983650854,-0.0127,-0.0381));
#3359=CARTESIAN_POINT('',(-0.0501649983650854,-0.0127,-0.0635));
#3360=CARTESIAN_POINT('',(-0.0501649983650854,-0.0127,-0.0635));
#3361=CARTESIAN_POINT('',(-0.0501649983650854,-0.0381,-0.0508));
#3362=CARTESIAN_POINT('',(-0.0501649983650854,-0.0127,-0.0508));
#3363=CARTESIAN_POINT('',(-0.0501649983650854,-0.0127,-0.0381));
#3364=CARTESIAN_POINT('',(-0.0501649983650854,-0.0127,-0.0254));
#3365=CARTESIAN_POINT('',(-0.0501649983650854,-0.0381,-0.0254));
#3366=CARTESIAN_POINT('',(-0.0501649983650854,-0.0381,-0.0254));
#3367=CARTESIAN_POINT('',(-0.0501649983650854,-0.0381,-0.0381));
#3368=CARTESIAN_POINT('',(-0.0501649983650854,-0.0127,-0.0381));
#3369=CARTESIAN_POINT('',(-0.0501649983650854,-0.0127,0.));
#3370=CARTESIAN_POINT('',(-0.0501649983650854,-0.0127,0.));
#3371=CARTESIAN_POINT('',(-0.0501649983650854,0.,0.));
#3372=CARTESIAN_POINT('',(-0.0501649983650854,0.,-0.0381));
#3373=CARTESIAN_POINT('',(-0.0501649983650854,0.,-0.0762));
#3374=CARTESIAN_POINT('',(-0.0501649983650854,-0.0127,-0.0762));
#3375=CARTESIAN_POINT('',(-0.0501649983650854,-0.0127,-0.0762));
#3376=CARTESIAN_POINT('',(-0.0501649983650854,-0.0127,-0.0381));
#3377=CARTESIAN_POINT('',(0.000635001634914591,-0.0127,-0.0381));
#3378=CARTESIAN_POINT('',(0.000635001634914575,-0.0127,-0.0254));
#3379=CARTESIAN_POINT('',(0.000635001634914596,-0.0127,-0.0508));
#3380=CARTESIAN_POINT('',(0.000635001634914595,-0.0127,0.));
#3381=CARTESIAN_POINT('',(-0.0588009983650854,-0.0127,-4.01530660572765E-17));
#3382=CARTESIAN_POINT('',(0.000635001634914595,0.,0.));
#3383=CARTESIAN_POINT('',(0.000635001634914595,-0.0127,-0.0762));
#3384=CARTESIAN_POINT('',(-0.0694689983650854,-0.0127,-0.0762));
#3385=CARTESIAN_POINT('',(0.000635001634914595,0.,-0.0762));
#3386=CARTESIAN_POINT('',(0.000635001634914591,0.,-0.0381));
#3387=CARTESIAN_POINT('',(0.000635001634914596,-0.0381,-0.0508));
#3388=CARTESIAN_POINT('',(1.87928376564154E-17,-0.0254,-0.0508));
#3389=CARTESIAN_POINT('',(-0.00763307160541905,-0.0254,-0.0508));
#3390=CARTESIAN_POINT('',(0.000635001634914575,-0.0381,-0.0254));
#3391=CARTESIAN_POINT('',(0.000635001634914575,-0.0381,-0.0254));
#3392=CARTESIAN_POINT('',(0.000635001634914589,-0.0381,-0.0381));
#3393=CARTESIAN_POINT('',(-0.0588009983650854,-0.0127,-0.00635));
#3394=CARTESIAN_POINT('',(-0.0694689983650854,-0.0254,-0.0635));
#3395=CARTESIAN_POINT('',(2.34187669256869E-17,-0.0254,-0.0635));
#3396=CARTESIAN_POINT('',(-0.00763307160541905,-0.0254,-0.0635));
#3397=CARTESIAN_POINT('',(-0.0694689983650854,-0.0127,-0.0635));
#3398=CARTESIAN_POINT('',(-0.0694689983650854,-0.0127,-0.06985));
#3399=CARTESIAN_POINT('',(-0.0329030584,-0.029359795153141,0.00431088870391248));
#3400=CARTESIAN_POINT('',(-0.0329030584,-0.0238219303560257,0.00431088870391248));
#3401=CARTESIAN_POINT('',(-0.0329030584,-0.0238219303560257,0.00431088870391248));
#3402=CARTESIAN_POINT('',(0.0130709416,-0.0325431225812143,-0.00441030352127617));
#3403=CARTESIAN_POINT('',(3.14312741862371E-10,-0.0260034821134031,-0.0109499439890874));
#3404=CARTESIAN_POINT('',(2.34187669256869E-17,-0.0254,-0.0635));
#3405=CARTESIAN_POINT('',(0.00388946875695151,-0.0228893085631072,-0.0632636075698612));
#3406=CARTESIAN_POINT('',(0.00425893618354718,-0.022306237834264,-0.0633129245670112));
#3407=CARTESIAN_POINT('',(0.00453156872916575,-0.0216655515279045,-0.0633604996079466));
#3408=CARTESIAN_POINT('',(0.00470728715243514,-0.0209978679829516,-0.0634064924239701));
#3409=CARTESIAN_POINT('',(0.00470728715243518,-0.0209978679829517,-0.0634064924239701));
#3410=CARTESIAN_POINT('',(0.00470728715243517,-0.0209978679829516,-0.0634064924239701));
#3411=CARTESIAN_POINT('',(0.0047763121135584,-0.0207712847916383,-0.0634226403861723));
#3412=CARTESIAN_POINT('',(0.00453468923268519,-0.020294885044547,-0.0634353942449887));
#3413=CARTESIAN_POINT('',(0.00404623122034775,-0.0201448374481902,-0.0634211194354977));
#3414=CARTESIAN_POINT('',(0.00381874910579981,-0.0202082301767164,-0.0634064924239702));
#3415=CARTESIAN_POINT('',(0.0038187491057997,-0.0202082301767165,-0.0634064924239702));
#3416=CARTESIAN_POINT('',(0.00381874910579972,-0.0202082301767165,-0.0634064924239701));
#3417=CARTESIAN_POINT('',(0.00309028246014251,-0.0203863840201581,-0.0633612276884116));
#3418=CARTESIAN_POINT('',(0.00239033549805192,-0.0206846876328336,-0.063314218546184));
#3419=CARTESIAN_POINT('',(0.00178645775787733,-0.0211291561276595,-0.0632636075698612));
#3420=CARTESIAN_POINT('',(0.0016708989238016,-0.0210826355853337,-0.0632636075698612));
#3421=CARTESIAN_POINT('',(0.00162708397532799,-0.0203937539522215,-0.0633129245670112));
#3422=CARTESIAN_POINT('',(0.00147106237572926,-0.0197151784527038,-0.0633604996079466));
#3423=CARTESIAN_POINT('',(0.00122076702545732,-0.0190717264202186,-0.06340649242397));
#3424=CARTESIAN_POINT('',(0.00122076702545738,-0.0190717264202186,-0.0634064924239701));
#3425=CARTESIAN_POINT('',(0.00122076702545737,-0.0190717264202186,-0.0634064924239701));
#3426=CARTESIAN_POINT('',(0.00114342713377076,-0.0188478449136181,-0.0634226403861723));
#3427=CARTESIAN_POINT('',(0.000667929371378355,-0.018604451788099,-0.0634353942449887));
#3428=CARTESIAN_POINT('',(0.000184562774078334,-0.0187701691486973,-0.0634211194354976));
#3429=CARTESIAN_POINT('',(3.77871884229719E-5,-0.0189551655754864,-0.0634064924239701));
#3430=CARTESIAN_POINT('',(3.77871884229341E-5,-0.0189551655754865,-0.0634064924239701));
#3431=CARTESIAN_POINT('',(3.77871884229347E-5,-0.0189551655754865,-0.0634064924239701));
#3432=CARTESIAN_POINT('',(-0.000446838505934864,-0.0195274770135482,-0.0633612276884116));
#3433=CARTESIAN_POINT('',(-0.000837769029190975,-0.02018022820739,-0.063314218546184));
#3434=CARTESIAN_POINT('',(-0.00106506435714971,-0.0208947612030306,-0.0632636075698612));
#3435=CARTESIAN_POINT('',(-0.00118589750647492,-0.0209250490721434,-0.0632636075698612));
#3436=CARTESIAN_POINT('',(-0.00162625900891621,-0.0203934859043856,-0.0633129245670112));
#3437=CARTESIAN_POINT('',(-0.00215133980566462,-0.0199362139885925,-0.0633604996079467));
#3438=CARTESIAN_POINT('',(-0.00273204461290005,-0.0195627702748541,-0.0634064924239701));
#3439=CARTESIAN_POINT('',(-0.00273204461290001,-0.0195627702748541,-0.0634064924239701));
#3440=CARTESIAN_POINT('',(-0.00273204461290003,-0.0195627702748541,-0.0634064924239701));
#3441=CARTESIAN_POINT('',(-0.00292620814745839,-0.0194271055790353,-0.0634226403861723));
#3442=CARTESIAN_POINT('',(-0.00345395680771066,-0.0195096869764086,-0.0634353942449887));
#3443=CARTESIAN_POINT('',(-0.00374760237883101,-0.0199278708947394,-0.0634211194354977));
#3444=CARTESIAN_POINT('',(-0.00375760815059212,-0.0201638086725552,-0.0634064924239702));
#3445=CARTESIAN_POINT('',(-0.00375760815059209,-0.0201638086725553,-0.0634064924239701));
#3446=CARTESIAN_POINT('',(-0.00375760815059208,-0.0201638086725553,-0.0634064924239701));
#3447=CARTESIAN_POINT('',(-0.00381328235022731,-0.0209116741880479,-0.0633612276884116));
#3448=CARTESIAN_POINT('',(-0.00374587426200492,-0.0216695441932054,-0.063314218546184));
#3449=CARTESIAN_POINT('',(-0.00350976808795162,-0.0223812143714094,-0.0632636075698611));
#3450=CARTESIAN_POINT('',(-0.00358972139645173,-0.0224767417154064,-0.0632636075698612));
#3451=CARTESIAN_POINT('',(-0.0042584263262651,-0.0223055360759189,-0.0633129245670112));
#3452=CARTESIAN_POINT('',(-0.0049520033026452,-0.0222442300735827,-0.0633604996079466));
#3453=CARTESIAN_POINT('',(-0.00564130806791066,-0.0222834374843541,-0.0634064924239701));
#3454=CARTESIAN_POINT('',(-0.00564130806791064,-0.0222834374843541,-0.0634064924239701));
#3455=CARTESIAN_POINT('',(-0.00564130806791064,-0.0222834374843541,-0.0634064924239701));
#3456=CARTESIAN_POINT('',(-0.00587813137451531,-0.0222878089020464,-0.0634226403861723));
#3457=CARTESIAN_POINT('',(-0.00625654888192826,-0.022664821535354,-0.0634353942449886));
#3458=CARTESIAN_POINT('',(-0.00624831079934684,-0.0231757399681634,-0.0634211194354977));
#3459=CARTESIAN_POINT('',(-0.00611772489248466,-0.0233724988851105,-0.0634064924239702));
#3460=CARTESIAN_POINT('',(-0.00611772489248453,-0.0233724988851105,-0.0634064924239702));
#3461=CARTESIAN_POINT('',(-0.00611772489248453,-0.0233724988851105,-0.0634064924239701));
#3462=CARTESIAN_POINT('',(-0.00572318194543299,-0.0240102592701298,-0.0633612276884116));
#3463=CARTESIAN_POINT('',(-0.00522318284431638,-0.0245837675036869,-0.063314218546184));
#3464=CARTESIAN_POINT('',(-0.00461385970178569,-0.0250207410451601,-0.0632636075698612));
#3465=CARTESIAN_POINT('',(-0.00462239372312671,-0.0251450196654895,-0.0632636075698612));
#3466=CARTESIAN_POINT('',(-0.00526401952556807,-0.0253995662894909,-0.0633129245670112));
#3467=CARTESIAN_POINT('',(-0.00586116985041704,-0.0257576430097895,-0.0633604996079466));
#3468=CARTESIAN_POINT('',(-0.00639578358198839,-0.026194525646767,-0.0634064924239701));
#3469=CARTESIAN_POINT('',(-0.0063957835819884,-0.026194525646767,-0.0634064924239702));
#3470=CARTESIAN_POINT('',(-0.0063957835819884,-0.0261945256467669,-0.0634064924239701));
#3471=CARTESIAN_POINT('',(-0.00658480820684454,-0.0263372634449909,-0.0634226403861723));
#3472=CARTESIAN_POINT('',(-0.00666935193552439,-0.0268647013024974,-0.0634353942449886));
#3473=CARTESIAN_POINT('',(-0.00636237686678524,-0.0272732007739311,-0.0634211194354976));
#3474=CARTESIAN_POINT('',(-0.00614107865926935,-0.0273556256113253,-0.0634064924239701));
#3475=CARTESIAN_POINT('',(-0.0061410786592692,-0.0273556256113252,-0.0634064924239702));
#3476=CARTESIAN_POINT('',(-0.0061410786592692,-0.0273556256113252,-0.0634064924239702));
#3477=CARTESIAN_POINT('',(-0.00544702056128303,-0.0276396780754721,-0.0633612276884116));
#3478=CARTESIAN_POINT('',(-0.00470541310955436,-0.0278097638850379,-0.063314218546184));
#3479=CARTESIAN_POINT('',(-0.00395561372886112,-0.0278051317491219,-0.0632636075698612));
#3480=CARTESIAN_POINT('',(-0.00388946875695146,-0.0279106914368928,-0.0632636075698612));
#3481=CARTESIAN_POINT('',(-0.00425893618354713,-0.028493762165736,-0.0633129245670112));
#3482=CARTESIAN_POINT('',(-0.0045315687291657,-0.0291344484720955,-0.0633604996079466));
#3483=CARTESIAN_POINT('',(-0.00470728715243509,-0.0298021320170484,-0.0634064924239701));
#3484=CARTESIAN_POINT('',(-0.00470728715243513,-0.0298021320170483,-0.0634064924239701));
#3485=CARTESIAN_POINT('',(-0.00470728715243512,-0.0298021320170484,-0.0634064924239701));
#3486=CARTESIAN_POINT('',(-0.00477631211355836,-0.0300287152083617,-0.0634226403861723));
#3487=CARTESIAN_POINT('',(-0.00453468923268512,-0.0305051149554531,-0.0634353942449887));
#3488=CARTESIAN_POINT('',(-0.00404623122034767,-0.0306551625518098,-0.0634211194354977));
#3489=CARTESIAN_POINT('',(-0.00381874910579973,-0.0305917698232836,-0.0634064924239702));
#3490=CARTESIAN_POINT('',(-0.00381874910579963,-0.0305917698232836,-0.0634064924239701));
#3491=CARTESIAN_POINT('',(-0.00381874910579962,-0.0305917698232835,-0.0634064924239701));
#3492=CARTESIAN_POINT('',(-0.00309028246014242,-0.030413615979842,-0.0633612276884116));
#3493=CARTESIAN_POINT('',(-0.00239033549805186,-0.0301153123671663,-0.063314218546184));
#3494=CARTESIAN_POINT('',(-0.00178645775787727,-0.0296708438723405,-0.0632636075698612));
#3495=CARTESIAN_POINT('',(-0.00167089892380153,-0.0297173644146664,-0.0632636075698612));
#3496=CARTESIAN_POINT('',(-0.00162708397532793,-0.0304062460477785,-0.0633129245670112));
#3497=CARTESIAN_POINT('',(-0.00147106237572923,-0.0310848215472962,-0.0633604996079466));
#3498=CARTESIAN_POINT('',(-0.00122076702545729,-0.0317282735797814,-0.0634064924239701));
#3499=CARTESIAN_POINT('',(-0.00122076702545734,-0.0317282735797814,-0.0634064924239701));
#3500=CARTESIAN_POINT('',(-0.00122076702545732,-0.0317282735797814,-0.0634064924239701));
#3501=CARTESIAN_POINT('',(-0.00114342713377072,-0.0319521550863819,-0.0634226403861723));
#3502=CARTESIAN_POINT('',(-0.000667929371378323,-0.0321955482119011,-0.0634353942449887));
#3503=CARTESIAN_POINT('',(-0.000184562774078287,-0.0320298308513027,-0.0634211194354976));
#3504=CARTESIAN_POINT('',(-3.77871884229221E-5,-0.0318448344245136,-0.0634064924239701));
#3505=CARTESIAN_POINT('',(-3.77871884228868E-5,-0.0318448344245135,-0.0634064924239701));
#3506=CARTESIAN_POINT('',(-3.77871884228862E-5,-0.0318448344245135,-0.0634064924239701));
#3507=CARTESIAN_POINT('',(0.000446838505934911,-0.0312725229864518,-0.0633612276884116));
#3508=CARTESIAN_POINT('',(0.000837769029191034,-0.03061977179261,-0.063314218546184));
#3509=CARTESIAN_POINT('',(0.00106506435714977,-0.0299052387969693,-0.0632636075698612));
#3510=CARTESIAN_POINT('',(0.00118589750647497,-0.0298749509278567,-0.0632636075698612));
#3511=CARTESIAN_POINT('',(0.00162625900891625,-0.0304065140956144,-0.0633129245670112));
#3512=CARTESIAN_POINT('',(0.00215133980566465,-0.0308637860114075,-0.0633604996079466));
#3513=CARTESIAN_POINT('',(0.00273204461290008,-0.0312372297251459,-0.0634064924239701));
#3514=CARTESIAN_POINT('',(0.00273204461290005,-0.0312372297251459,-0.0634064924239702));
#3515=CARTESIAN_POINT('',(0.00273204461290004,-0.0312372297251459,-0.0634064924239702));
#3516=CARTESIAN_POINT('',(0.00292620814745842,-0.0313728944209647,-0.0634226403861723));
#3517=CARTESIAN_POINT('',(0.00345395680771069,-0.0312903130235914,-0.0634353942449886));
#3518=CARTESIAN_POINT('',(0.00374760237883105,-0.0308721291052606,-0.0634211194354977));
#3519=CARTESIAN_POINT('',(0.00375760815059215,-0.0306361913274448,-0.0634064924239702));
#3520=CARTESIAN_POINT('',(0.00375760815059212,-0.0306361913274447,-0.0634064924239701));
#3521=CARTESIAN_POINT('',(0.00375760815059212,-0.0306361913274447,-0.0634064924239701));
#3522=CARTESIAN_POINT('',(0.00381328235022735,-0.0298883258119521,-0.0633612276884116));
#3523=CARTESIAN_POINT('',(0.00374587426200497,-0.0291304558067947,-0.063314218546184));
#3524=CARTESIAN_POINT('',(0.00350976808795167,-0.0284187856285906,-0.0632636075698611));
#3525=CARTESIAN_POINT('',(0.00358972139645178,-0.0283232582845936,-0.0632636075698612));
#3526=CARTESIAN_POINT('',(0.00425842632626515,-0.028494463924081,-0.0633129245670112));
#3527=CARTESIAN_POINT('',(0.00495200330264524,-0.0285557699264173,-0.0633604996079466));
#3528=CARTESIAN_POINT('',(0.00564130806791071,-0.0285165625156459,-0.0634064924239701));
#3529=CARTESIAN_POINT('',(0.00564130806791069,-0.0285165625156459,-0.0634064924239701));
#3530=CARTESIAN_POINT('',(0.00564130806791069,-0.0285165625156459,-0.0634064924239701));
#3531=CARTESIAN_POINT('',(0.00587813137451535,-0.0285121910979536,-0.0634226403861723));
#3532=CARTESIAN_POINT('',(0.00625654888192831,-0.028135178464646,-0.0634353942449886));
#3533=CARTESIAN_POINT('',(0.00624831079934689,-0.0276242600318366,-0.0634211194354977));
#3534=CARTESIAN_POINT('',(0.00611772489248467,-0.0274275011148895,-0.0634064924239702));
#3535=CARTESIAN_POINT('',(0.00611772489248457,-0.0274275011148895,-0.0634064924239702));
#3536=CARTESIAN_POINT('',(0.00611772489248456,-0.0274275011148895,-0.0634064924239702));
#3537=CARTESIAN_POINT('',(0.00572318194543301,-0.0267897407298702,-0.0633612276884116));
#3538=CARTESIAN_POINT('',(0.00522318284431642,-0.0262162324963131,-0.0633142185461841));
#3539=CARTESIAN_POINT('',(0.00461385970178574,-0.0257792589548399,-0.0632636075698612));
#3540=CARTESIAN_POINT('',(0.00462239372312676,-0.0256549803345105,-0.0632636075698612));
#3541=CARTESIAN_POINT('',(0.00526401952556811,-0.0254004337105091,-0.0633129245670112));
#3542=CARTESIAN_POINT('',(0.00586116985041709,-0.0250423569902105,-0.0633604996079466));
#3543=CARTESIAN_POINT('',(0.00639578358198844,-0.024605474353233,-0.0634064924239701));
#3544=CARTESIAN_POINT('',(0.00639578358198844,-0.024605474353233,-0.0634064924239701));
#3545=CARTESIAN_POINT('',(0.00639578358198844,-0.024605474353233,-0.0634064924239701));
#3546=CARTESIAN_POINT('',(0.00658480820684457,-0.0244627365550091,-0.0634226403861723));
#3547=CARTESIAN_POINT('',(0.00666935193552447,-0.0239352986975026,-0.0634353942449887));
#3548=CARTESIAN_POINT('',(0.00636237686678525,-0.0235267992260688,-0.0634211194354977));
#3549=CARTESIAN_POINT('',(0.00614107865926935,-0.0234443743886747,-0.0634064924239702));
#3550=CARTESIAN_POINT('',(0.00614107865926924,-0.0234443743886747,-0.0634064924239701));
#3551=CARTESIAN_POINT('',(0.00614107865926923,-0.0234443743886747,-0.0634064924239701));
#3552=CARTESIAN_POINT('',(0.00544702056128306,-0.0231603219245279,-0.0633612276884116));
#3553=CARTESIAN_POINT('',(0.0047054131095544,-0.0229902361149621,-0.063314218546184));
#3554=CARTESIAN_POINT('',(0.00395561372886117,-0.0229948682508781,-0.0632636075698611));
#3555=CARTESIAN_POINT('',(1.87928376564154E-17,-0.0254,-0.0508));
#3556=CARTESIAN_POINT('',(-0.00457705385615111,-0.02470565376037,-0.0510363924301388));
#3557=CARTESIAN_POINT('',(-0.00527099086532428,-0.0249895325947346,-0.0509857471260379));
#3558=CARTESIAN_POINT('',(-0.00589049007274936,-0.0254315546914904,-0.0509386938194));
#3559=CARTESIAN_POINT('',(-0.00642039038812638,-0.0259620550640793,-0.0508935075760299));
#3560=CARTESIAN_POINT('',(-0.00642039038812638,-0.0259620550640793,-0.0508935075760299));
#3561=CARTESIAN_POINT('',(-0.00604085087154114,-0.0231537944486749,-0.05089350757603));
#3562=CARTESIAN_POINT('',(-0.00562129066634021,-0.0237017230344041,-0.0509394866258594));
#3563=CARTESIAN_POINT('',(-0.00512251168553267,-0.02418686328091,-0.0509870555770216));
#3564=CARTESIAN_POINT('',(-0.00455647334223981,-0.0245814101246307,-0.0510363924301387));
#3565=CARTESIAN_POINT('',(-0.00604085087154119,-0.0231537944486751,-0.0508935075760299));
#3566=CARTESIAN_POINT('',(-0.00552457261215792,-0.0220809013145136,-0.0508935075760299));
#3567=CARTESIAN_POINT('',(-0.00575884910230265,-0.0221105051094323,-0.0508789025207211));
#3568=CARTESIAN_POINT('',(-0.00615262313000994,-0.0224379218530464,-0.0508645928337055));
#3569=CARTESIAN_POINT('',(-0.00619187364665818,-0.022971495203753,-0.0508773667183512));
#3570=CARTESIAN_POINT('',(-0.00604085087154128,-0.0231537944486751,-0.0508935075760299));
#3571=CARTESIAN_POINT('',(-0.00552457261215792,-0.0220809013145136,-0.0508935075760299));
#3572=CARTESIAN_POINT('',(-0.00329478787415591,-0.0221479373365651,-0.0510363924301388));
#3573=CARTESIAN_POINT('',(-0.00402305449988032,-0.0219697141978973,-0.0509857471260379));
#3574=CARTESIAN_POINT('',(-0.00478405395634965,-0.0219631850881306,-0.0509386938194));
#3575=CARTESIAN_POINT('',(-0.00552457261215793,-0.0220809013145136,-0.0508935075760299));
#3576=CARTESIAN_POINT('',(-0.00356686451887515,-0.0200320584825287,-0.05089350757603));
#3577=CARTESIAN_POINT('',(-0.00354949752470524,-0.0207219533211538,-0.0509394866258594));
#3578=CARTESIAN_POINT('',(-0.00343113513498441,-0.0214076149543048,-0.0509870555770217));
#3579=CARTESIAN_POINT('',(-0.00320510931186994,-0.0220595190463718,-0.0510363924301388));
#3580=CARTESIAN_POINT('',(-0.00356686451887525,-0.0200320584825288,-0.0508935075760299));
#3581=CARTESIAN_POINT('',(-0.00251855587166193,-0.0194675304507886,-0.0508935075760299));
#3582=CARTESIAN_POINT('',(-0.00272549020763661,-0.0193537761581099,-0.0508789025207211));
#3583=CARTESIAN_POINT('',(-0.00323651082124532,-0.0193872073017145,-0.0508645928337055));
#3584=CARTESIAN_POINT('',(-0.00358189170281331,-0.019795806335351,-0.0508773667183512));
#3585=CARTESIAN_POINT('',(-0.00356686451887533,-0.0200320584825287,-0.0508935075760299));
#3586=CARTESIAN_POINT('',(-0.00251855587166193,-0.0194675304507886,-0.0508935075760299));
#3587=CARTESIAN_POINT('',(-0.000754024909954281,-0.0208323983166484,-0.0510363924301388));
#3588=CARTESIAN_POINT('',(-0.00123844805407527,-0.0202601483863375,-0.0509857471260379));
#3589=CARTESIAN_POINT('',(-0.00185027183263775,-0.0198075619680627,-0.0509386938194));
#3590=CARTESIAN_POINT('',(-0.00251855587166194,-0.0194675304507886,-0.0508935075760299));
#3591=CARTESIAN_POINT('',(0.00026954284673512,-0.0189606937264347,-0.05089350757603));
#3592=CARTESIAN_POINT('',(-0.000121916971616498,-0.0195290384382634,-0.0509394866258594));
#3593=CARTESIAN_POINT('',(-0.000429181582866325,-0.020153322018977,-0.0509870555770216));
#3594=CARTESIAN_POINT('',(-0.000629502462025235,-0.0208135781536253,-0.0510363924301388));
#3595=CARTESIAN_POINT('',(0.000269542846734996,-0.0189606937264347,-0.0508935075760299));
#3596=CARTESIAN_POINT('',(0.00144946360924332,-0.0191201613176386,-0.0508935075760299));
#3597=CARTESIAN_POINT('',(0.00134891331034162,-0.0189064992107996,-0.0508789025207211));
#3598=CARTESIAN_POINT('',(0.000915838616278211,-0.0186331751938204,-0.0508645928337055));
#3599=CARTESIAN_POINT('',(0.000396251127484992,-0.0187607289673081,-0.0508773667183512));
#3600=CARTESIAN_POINT('',(0.000269542846734933,-0.0189606937264347,-0.0508935075760299));
#3601=CARTESIAN_POINT('',(0.00144946360924333,-0.0191201613176386,-0.0508935075760299));
#3602=CARTESIAN_POINT('',(0.00207474994148525,-0.0212615278927001,-0.0510363924301388));
#3603=CARTESIAN_POINT('',(0.00201920345508489,-0.0205138311940654,-0.0509857471260379));
#3604=CARTESIAN_POINT('',(0.00179025124271497,-0.0197880600962172,-0.0509386938194));
#3605=CARTESIAN_POINT('',(0.0014494636092433,-0.0191201613176386,-0.0508935075760299));
#3606=CARTESIAN_POINT('',(0.00400299400631699,-0.0203489251028723,-0.05089350757603));
#3607=CARTESIAN_POINT('',(0.00335223172082391,-0.0205786313253128,-0.0509394866258594));
#3608=CARTESIAN_POINT('',(0.0027367047465606,-0.0209030817443756,-0.0509870555770217));
#3609=CARTESIAN_POINT('',(0.00218655293231077,-0.0213194945194509,-0.0510363924301388));
#3610=CARTESIAN_POINT('',(0.00400299400631689,-0.0203489251028723,-0.0508935075760299));
#3611=CARTESIAN_POINT('',(0.00486383725687373,-0.0211714771172843,-0.0508935075760299));
#3612=CARTESIAN_POINT('',(0.00490807779164651,-0.0209395188589895,-0.0508789025207211));
#3613=CARTESIAN_POINT('',(0.00471836883059314,-0.020463840165971,-0.0508645928337054));
#3614=CARTESIAN_POINT('',(0.00422303949516452,-0.0202616274732309,-0.0508773667183512));
#3615=CARTESIAN_POINT('',(0.00400299400631687,-0.0203489251028721,-0.0508935075760299));
#3616=CARTESIAN_POINT('',(0.00486383725687373,-0.0211714771172843,-0.0508935075760299));
#3617=CARTESIAN_POINT('',(0.00411104083343484,-0.0232714131522471,-0.0510363924301388));
#3618=CARTESIAN_POINT('',(0.00450558787460424,-0.0226338644108908,-0.0509857471260379));
#3619=CARTESIAN_POINT('',(0.00474695919175251,-0.0219121285247948,-0.0509386938194));
#3620=CARTESIAN_POINT('',(0.00486383725687372,-0.0211714771172843,-0.0508935075760299));
#3621=CARTESIAN_POINT('',(0.00620743751224787,-0.0236664954102913,-0.05089350757603));
#3622=CARTESIAN_POINT('',(0.00554594183407538,-0.0234698231737983,-0.0509394866258594));
#3623=CARTESIAN_POINT('',(0.00485726287997494,-0.023370511398792,-0.0509870555770217));
#3624=CARTESIAN_POINT('',(0.0041674194247052,-0.0233840252875648,-0.0510363924301388));
#3625=CARTESIAN_POINT('',(0.00620743751224784,-0.0236664954102912,-0.0508935075760299));
#3626=CARTESIAN_POINT('',(0.00642039038812642,-0.0248379449359207,-0.0508935075760299));
#3627=CARTESIAN_POINT('',(0.00659252337597094,-0.0246762906968676,-0.0508789025207211));
#3628=CARTESIAN_POINT('',(0.00671864252307961,-0.0241799504208187,-0.0508645928337055));
#3629=CARTESIAN_POINT('',(0.00643677031152439,-0.0237252096375208,-0.0508773667183512));
#3630=CARTESIAN_POINT('',(0.00620743751224787,-0.0236664954102911,-0.0508935075760299));
#3631=CARTESIAN_POINT('',(0.00642039038812642,-0.0248379449359207,-0.0508935075760299));
#3632=CARTESIAN_POINT('',(0.00457705385615024,-0.0260943462396304,-0.0510363924301388));
#3633=CARTESIAN_POINT('',(0.00527099086532378,-0.0258104674052659,-0.0509857471260379));
#3634=CARTESIAN_POINT('',(0.00589049007274915,-0.0253684453085099,-0.0509386938194));
#3635=CARTESIAN_POINT('',(0.00642039038812642,-0.0248379449359207,-0.0508935075760299));
#3636=CARTESIAN_POINT('',(0.00604085087154118,-0.0276462055513251,-0.05089350757603));
#3637=CARTESIAN_POINT('',(0.00562129066634024,-0.0270982769655958,-0.0509394866258594));
#3638=CARTESIAN_POINT('',(0.00512251168553267,-0.02661313671909,-0.0509870555770216));
#3639=CARTESIAN_POINT('',(0.0045564733422398,-0.0262185898753693,-0.0510363924301387));
#3640=CARTESIAN_POINT('',(0.00604085087154122,-0.027646205551325,-0.0508935075760299));
#3641=CARTESIAN_POINT('',(0.00552457261215796,-0.0287190986854864,-0.0508935075760299));
#3642=CARTESIAN_POINT('',(0.00575884910230269,-0.0286894948905677,-0.0508789025207211));
#3643=CARTESIAN_POINT('',(0.00615262313000999,-0.0283620781469536,-0.0508645928337055));
#3644=CARTESIAN_POINT('',(0.00619187364665822,-0.027828504796247,-0.0508773667183512));
#3645=CARTESIAN_POINT('',(0.0060408508715413,-0.0276462055513249,-0.0508935075760299));
#3646=CARTESIAN_POINT('',(0.00552457261215796,-0.0287190986854864,-0.0508935075760299));
#3647=CARTESIAN_POINT('',(0.00329478787415595,-0.0286520626634349,-0.0510363924301388));
#3648=CARTESIAN_POINT('',(0.00402305449988036,-0.0288302858021027,-0.0509857471260379));
#3649=CARTESIAN_POINT('',(0.00478405395634969,-0.0288368149118694,-0.0509386938194));
#3650=CARTESIAN_POINT('',(0.00552457261215797,-0.0287190986854864,-0.0508935075760299));
#3651=CARTESIAN_POINT('',(0.00356686451887517,-0.0307679415174714,-0.05089350757603));
#3652=CARTESIAN_POINT('',(0.00354949752470526,-0.0300780466788463,-0.0509394866258594));
#3653=CARTESIAN_POINT('',(0.00343113513498446,-0.0293923850456952,-0.0509870555770217));
#3654=CARTESIAN_POINT('',(0.00320510931186998,-0.0287404809536282,-0.0510363924301388));
#3655=CARTESIAN_POINT('',(0.00356686451887527,-0.0307679415174713,-0.0508935075760299));
#3656=CARTESIAN_POINT('',(0.00251855587166195,-0.0313324695492114,-0.0508935075760299));
#3657=CARTESIAN_POINT('',(0.00272549020763664,-0.0314462238418901,-0.0508789025207211));
#3658=CARTESIAN_POINT('',(0.00323651082124532,-0.0314127926982855,-0.0508645928337055));
#3659=CARTESIAN_POINT('',(0.00358189170281334,-0.031004193664649,-0.0508773667183512));
#3660=CARTESIAN_POINT('',(0.00356686451887537,-0.0307679415174713,-0.0508935075760299));
#3661=CARTESIAN_POINT('',(0.00251855587166195,-0.0313324695492114,-0.0508935075760299));
#3662=CARTESIAN_POINT('',(0.000754024909955007,-0.0299676016833524,-0.0510363924301388));
#3663=CARTESIAN_POINT('',(0.00123844805407588,-0.0305398516136629,-0.0509857471260379));
#3664=CARTESIAN_POINT('',(0.0018502718326381,-0.0309924380319374,-0.0509386938194));
#3665=CARTESIAN_POINT('',(0.00251855587166198,-0.0313324695492114,-0.0508935075760299));
#3666=CARTESIAN_POINT('',(-0.000269542846735075,-0.0318393062735653,-0.05089350757603));
#3667=CARTESIAN_POINT('',(0.000121916971616788,-0.0312709615617363,-0.0509394866258594));
#3668=CARTESIAN_POINT('',(0.000429181582866754,-0.0306466779810222,-0.0509870555770217));
#3669=CARTESIAN_POINT('',(0.000629502462025651,-0.0299864218463735,-0.0510363924301388));
#3670=CARTESIAN_POINT('',(-0.000269542846734948,-0.0318393062735653,-0.0508935075760299));
#3671=CARTESIAN_POINT('',(-0.00144946360924328,-0.0316798386823614,-0.0508935075760299));
#3672=CARTESIAN_POINT('',(-0.00134891331034158,-0.0318935007892005,-0.0508789025207211));
#3673=CARTESIAN_POINT('',(-0.00091583861627817,-0.0321668248061796,-0.0508645928337055));
#3674=CARTESIAN_POINT('',(-0.000396251127484939,-0.0320392710326919,-0.0508773667183512));
#3675=CARTESIAN_POINT('',(-0.000269542846734886,-0.0318393062735653,-0.0508935075760299));
#3676=CARTESIAN_POINT('',(-0.00144946360924328,-0.0316798386823614,-0.0508935075760299));
#3677=CARTESIAN_POINT('',(-0.00207474994148519,-0.0295384721073,-0.0510363924301388));
#3678=CARTESIAN_POINT('',(-0.00201920345508484,-0.0302861688059346,-0.0509857471260379));
#3679=CARTESIAN_POINT('',(-0.00179025124271492,-0.0310119399037829,-0.0509386938194));
#3680=CARTESIAN_POINT('',(-0.00144946360924326,-0.0316798386823614,-0.0508935075760299));
#3681=CARTESIAN_POINT('',(-0.00400299400631695,-0.0304510748971277,-0.05089350757603));
#3682=CARTESIAN_POINT('',(-0.00335223172082388,-0.0302213686746872,-0.0509394866258594));
#3683=CARTESIAN_POINT('',(-0.00273670474656056,-0.0298969182556244,-0.0509870555770217));
#3684=CARTESIAN_POINT('',(-0.00218655293231073,-0.0294805054805491,-0.0510363924301388));
#3685=CARTESIAN_POINT('',(-0.00400299400631685,-0.0304510748971277,-0.0508935075760299));
#3686=CARTESIAN_POINT('',(-0.00486383725687369,-0.0296285228827157,-0.0508935075760299));
#3687=CARTESIAN_POINT('',(-0.00490807779164647,-0.0298604811410105,-0.0508789025207211));
#3688=CARTESIAN_POINT('',(-0.00471836883059311,-0.030336159834029,-0.0508645928337055));
#3689=CARTESIAN_POINT('',(-0.00422303949516449,-0.0305383725267691,-0.0508773667183512));
#3690=CARTESIAN_POINT('',(-0.00400299400631683,-0.0304510748971279,-0.0508935075760299));
#3691=CARTESIAN_POINT('',(-0.00486383725687369,-0.0296285228827157,-0.0508935075760299));
#3692=CARTESIAN_POINT('',(-0.00411104083343465,-0.0275285868477528,-0.0510363924301388));
#3693=CARTESIAN_POINT('',(-0.00450558787460414,-0.028166135589109,-0.0509857471260379));
#3694=CARTESIAN_POINT('',(-0.00474695919175246,-0.0288878714752051,-0.0509386938194));
#3695=CARTESIAN_POINT('',(-0.00486383725687369,-0.0296285228827157,-0.0508935075760299));
#3696=CARTESIAN_POINT('',(-0.00620743751224784,-0.0271335045897087,-0.05089350757603));
#3697=CARTESIAN_POINT('',(-0.00554594183407534,-0.0273301768262017,-0.0509394866258594));
#3698=CARTESIAN_POINT('',(-0.00485726287997491,-0.027429488601208,-0.0509870555770217));
#3699=CARTESIAN_POINT('',(-0.00416741942470516,-0.0274159747124353,-0.0510363924301388));
#3700=CARTESIAN_POINT('',(-0.00620743751224781,-0.0271335045897088,-0.0508935075760299));
#3701=CARTESIAN_POINT('',(-0.00642039038812638,-0.0259620550640793,-0.0508935075760299));
#3702=CARTESIAN_POINT('',(-0.00659252337597089,-0.0261237093031324,-0.0508789025207211));
#3703=CARTESIAN_POINT('',(-0.00671864252307956,-0.0266200495791813,-0.0508645928337055));
#3704=CARTESIAN_POINT('',(-0.00643677031152437,-0.0270747903624792,-0.0508773667183512));
#3705=CARTESIAN_POINT('',(-0.00620743751224786,-0.0271335045897089,-0.0508935075760299));
#3706=CARTESIAN_POINT('',(-0.00461777733442597,-0.0250718671119043,-0.0633425837839871));
#3707=CARTESIAN_POINT('',(-0.00469978642856061,-0.0262259718964306,-0.0620981861322008));
#3708=CARTESIAN_POINT('',(-0.00422918555651651,-0.0272829573099623,-0.0608642511145827));
#3709=CARTESIAN_POINT('',(-0.00372464866592984,-0.0284161641644723,-0.0595413344479161));
#3710=CARTESIAN_POINT('',(-0.00272110347428038,-0.0291452816429272,-0.0582184177812494));
#3711=CARTESIAN_POINT('',(-0.00171755828263092,-0.0298743991213822,-0.0568955011145828));
#3712=CARTESIAN_POINT('',(-0.000483903913589287,-0.0300040607842427,-0.055572584447916));
#3713=CARTESIAN_POINT('',(0.000749750455452344,-0.0301337224471032,-0.0542496677812494));
#3714=CARTESIAN_POINT('',(0.00188295730996232,-0.0296291855565165,-0.0529267511145827));
#3715=CARTESIAN_POINT('',(0.00301616416447229,-0.0291246486659298,-0.051603834447916));
#3716=CARTESIAN_POINT('',(0.00374528164292724,-0.0281211034742804,-0.0502809177812494));
#3717=CARTESIAN_POINT('',(0.00388586282244488,-0.0279276098728922,-0.0500258461489006));
#3718=CARTESIAN_POINT('',(0.00400575573635339,-0.0277206593208096,-0.0497650893282915));
#3719=CARTESIAN_POINT('',(-0.00642873524151494,-0.0249431829408762,-0.0643907771753548));
#3720=CARTESIAN_POINT('',(-0.00654290591615048,-0.0265498940409054,-0.0631463795235686));
#3721=CARTESIAN_POINT('',(-0.00588774907516484,-0.0280213983785183,-0.0619124445059505));
#3722=CARTESIAN_POINT('',(-0.00518534749660062,-0.0295990159884458,-0.0605895278392839));
#3723=CARTESIAN_POINT('',(-0.00378824108094194,-0.0306140721268186,-0.0592666111726172));
#3724=CARTESIAN_POINT('',(-0.00239113466528326,-0.0316291282651914,-0.0579436945059505));
#3725=CARTESIAN_POINT('',(-0.000673676948346232,-0.0318096394594602,-0.0566207778392838));
#3726=CARTESIAN_POINT('',(0.0010437807685908,-0.0319901506537291,-0.0552978611726172));
#3727=CARTESIAN_POINT('',(0.00262139837851831,-0.0312877490751648,-0.0539749445059505));
#3728=CARTESIAN_POINT('',(0.00419901598844583,-0.0305853474966006,-0.0526520278392839));
#3729=CARTESIAN_POINT('',(0.00521407212681863,-0.029188241080942,-0.0513291111726172));
#3730=CARTESIAN_POINT('',(0.00540978515445234,-0.0289188649191729,-0.0510740395402684));
#3731=CARTESIAN_POINT('',(0.00557669658067149,-0.028630754382204,-0.0508132827196593));
#3732=CARTESIAN_POINT('',(-0.00521407212681859,-0.0216117589190581,-0.0672041111726172));
#3733=CARTESIAN_POINT('',(-0.00622912826519139,-0.0230088653347167,-0.0658811945059506));
#3734=CARTESIAN_POINT('',(-0.00640963945946023,-0.0247263230516538,-0.0645582778392838));
#3735=CARTESIAN_POINT('',(-0.00659015065372908,-0.0264437807685908,-0.0632353611726172));
#3736=CARTESIAN_POINT('',(-0.00588774907516484,-0.0280213983785183,-0.0619124445059505));
#3737=CARTESIAN_POINT('',(-0.00518534749660062,-0.0295990159884458,-0.0605895278392839));
#3738=CARTESIAN_POINT('',(-0.00378824108094194,-0.0306140721268186,-0.0592666111726172));
#3739=CARTESIAN_POINT('',(-0.00239113466528327,-0.0316291282651914,-0.0579436945059505));
#3740=CARTESIAN_POINT('',(-0.000673676948346233,-0.0318096394594602,-0.0566207778392838));
#3741=CARTESIAN_POINT('',(0.0010437807685908,-0.0319901506537291,-0.0552978611726172));
#3742=CARTESIAN_POINT('',(0.00262139837851831,-0.0312877490751648,-0.0539749445059505));
#3743=CARTESIAN_POINT('',(0.00419901598844583,-0.0305853474966006,-0.0526520278392839));
#3744=CARTESIAN_POINT('',(0.00521407212681863,-0.029188241080942,-0.0513291111726172));
#3745=CARTESIAN_POINT('',(0.00622912826519143,-0.0277911346652833,-0.0500061945059505));
#3746=CARTESIAN_POINT('',(0.00640963945946027,-0.0260736769483462,-0.0486832778392838));
#3747=CARTESIAN_POINT('',(0.00659015065372912,-0.0243562192314092,-0.0473603611726172));
#3748=CARTESIAN_POINT('',(0.00588774907516488,-0.0227786016214817,-0.0460374445059505));
#3749=CARTESIAN_POINT('',(-0.00640771512756088,-0.0260917409016606,-0.0634884856376736));
#3750=CARTESIAN_POINT('',(-0.00629915289835756,-0.0270973715311029,-0.0626872903933196));
#3751=CARTESIAN_POINT('',(-0.00588774907516484,-0.0280213983785183,-0.0619124445059505));
#3752=CARTESIAN_POINT('',(-0.00518534749660061,-0.0295990159884458,-0.0605895278392839));
#3753=CARTESIAN_POINT('',(-0.00378824108094193,-0.0306140721268186,-0.0592666111726172));
#3754=CARTESIAN_POINT('',(-0.00239113466528326,-0.0316291282651914,-0.0579436945059505));
#3755=CARTESIAN_POINT('',(-0.000673676948346231,-0.0318096394594602,-0.0566207778392839));
#3756=CARTESIAN_POINT('',(0.0010437807685908,-0.0319901506537291,-0.0552978611726172));
#3757=CARTESIAN_POINT('',(0.00262139837851831,-0.0312877490751648,-0.0539749445059505));
#3758=CARTESIAN_POINT('',(0.00419901598844583,-0.0305853474966006,-0.0526520278392839));
#3759=CARTESIAN_POINT('',(0.00521407212681863,-0.029188241080942,-0.0513291111726172));
#3760=CARTESIAN_POINT('',(0.00576412572575669,-0.0284311564400231,-0.0506122295676631));
#3761=CARTESIAN_POINT('',(0.00607614633693107,-0.0275488983975987,-0.049870321385689));
#3762=CARTESIAN_POINT('',(-0.00683180272087226,-0.0261375230140579,-0.0637170700918102));
#3763=CARTESIAN_POINT('',(-0.00671605541967512,-0.0272097102030398,-0.0629158748474562));
#3764=CARTESIAN_POINT('',(-0.00627742328595617,-0.0281948927532408,-0.0621410289600871));
#3765=CARTESIAN_POINT('',(-0.00552853402979369,-0.0298769232532611,-0.0608181122934205));
#3766=CARTESIAN_POINT('',(-0.00403896165932562,-0.0309591597681377,-0.0594951956267538));
#3767=CARTESIAN_POINT('',(-0.00254938928885754,-0.0320413962830142,-0.0581722789600872));
#3768=CARTESIAN_POINT('',(-0.000718263517818501,-0.0322338544125665,-0.0568493622934205));
#3769=CARTESIAN_POINT('',(0.00111286225322054,-0.0324263125421186,-0.0555264456267538));
#3770=CARTESIAN_POINT('',(0.00279489275324082,-0.0316774232859562,-0.0542035289600871));
#3771=CARTESIAN_POINT('',(0.00447692325326111,-0.0309285340297937,-0.0528806122934205));
#3772=CARTESIAN_POINT('',(0.00555915976813768,-0.0294389616593256,-0.0515576956267538));
#3773=CARTESIAN_POINT('',(0.00614561806084288,-0.0286317702023407,-0.0508408140217998));
#3774=CARTESIAN_POINT('',(0.0064782894137282,-0.0276911208796483,-0.0500989058398257));
#3775=CARTESIAN_POINT('',(-0.00683180272087226,-0.0261375230140579,-0.064201009283537));
#3776=CARTESIAN_POINT('',(-0.00671605541967512,-0.0272097102030398,-0.063399814039183));
#3777=CARTESIAN_POINT('',(-0.00627742328595617,-0.0281948927532408,-0.0626249681518139));
#3778=CARTESIAN_POINT('',(-0.0055285340297937,-0.0298769232532611,-0.0613020514851472));
#3779=CARTESIAN_POINT('',(-0.00403896165932562,-0.0309591597681377,-0.0599791348184805));
#3780=CARTESIAN_POINT('',(-0.00254938928885754,-0.0320413962830143,-0.0586562181518139));
#3781=CARTESIAN_POINT('',(-0.000718263517818501,-0.0322338544125665,-0.0573333014851472));
#3782=CARTESIAN_POINT('',(0.00111286225322054,-0.0324263125421186,-0.0560103848184806));
#3783=CARTESIAN_POINT('',(0.00279489275324083,-0.0316774232859562,-0.0546874681518139));
#3784=CARTESIAN_POINT('',(0.00447692325326112,-0.0309285340297937,-0.0533645514851472));
#3785=CARTESIAN_POINT('',(0.00555915976813769,-0.0294389616593256,-0.0520416348184805));
#3786=CARTESIAN_POINT('',(0.00614561806084289,-0.0286317702023407,-0.0513247532135265));
#3787=CARTESIAN_POINT('',(0.00647828941372821,-0.0276911208796483,-0.0505828450315524));
#3788=CARTESIAN_POINT('',(-0.0064077151275609,-0.0260917409016606,-0.0644295937376736));
#3789=CARTESIAN_POINT('',(-0.00629915289835757,-0.0270973715311029,-0.0636283984933196));
#3790=CARTESIAN_POINT('',(-0.00588774907516485,-0.0280213983785183,-0.0628535526059505));
#3791=CARTESIAN_POINT('',(-0.00518534749660062,-0.0295990159884458,-0.0615306359392839));
#3792=CARTESIAN_POINT('',(-0.00378824108094194,-0.0306140721268186,-0.0602077192726172));
#3793=CARTESIAN_POINT('',(-0.00239113466528327,-0.0316291282651914,-0.0588848026059505));
#3794=CARTESIAN_POINT('',(-0.000673676948346231,-0.0318096394594602,-0.0575618859392839));
#3795=CARTESIAN_POINT('',(0.00104378076859081,-0.0319901506537291,-0.0562389692726172));
#3796=CARTESIAN_POINT('',(0.00262139837851832,-0.0312877490751648,-0.0549160526059505));
#3797=CARTESIAN_POINT('',(0.00419901598844584,-0.0305853474966006,-0.0535931359392838));
#3798=CARTESIAN_POINT('',(0.00521407212681864,-0.029188241080942,-0.0522702192726172));
#3799=CARTESIAN_POINT('',(0.00576412572575671,-0.0284311564400231,-0.0515533376676632));
#3800=CARTESIAN_POINT('',(0.00607614633693109,-0.0275488983975987,-0.0508114294856891));
#3801=CARTESIAN_POINT('',(-0.00521407212681859,-0.0216117589190581,-0.0681452192726172));
#3802=CARTESIAN_POINT('',(-0.0062291282651914,-0.0230088653347167,-0.0668223026059505));
#3803=CARTESIAN_POINT('',(-0.00640963945946024,-0.0247263230516538,-0.0654993859392838));
#3804=CARTESIAN_POINT('',(-0.00659015065372908,-0.0264437807685908,-0.0641764692726172));
#3805=CARTESIAN_POINT('',(-0.00588774907516485,-0.0280213983785183,-0.0628535526059505));
#3806=CARTESIAN_POINT('',(-0.00518534749660062,-0.0295990159884458,-0.0615306359392839));
#3807=CARTESIAN_POINT('',(-0.00378824108094194,-0.0306140721268186,-0.0602077192726172));
#3808=CARTESIAN_POINT('',(-0.00239113466528327,-0.0316291282651914,-0.0588848026059505));
#3809=CARTESIAN_POINT('',(-0.000673676948346234,-0.0318096394594602,-0.0575618859392838));
#3810=CARTESIAN_POINT('',(0.0010437807685908,-0.0319901506537291,-0.0562389692726172));
#3811=CARTESIAN_POINT('',(0.00262139837851831,-0.0312877490751648,-0.0549160526059505));
#3812=CARTESIAN_POINT('',(0.00419901598844583,-0.0305853474966006,-0.0535931359392838));
#3813=CARTESIAN_POINT('',(0.00521407212681863,-0.029188241080942,-0.0522702192726172));
#3814=CARTESIAN_POINT('',(0.00622912826519144,-0.0277911346652833,-0.0509473026059505));
#3815=CARTESIAN_POINT('',(0.00640963945946028,-0.0260736769483462,-0.0496243859392838));
#3816=CARTESIAN_POINT('',(0.00659015065372912,-0.0243562192314092,-0.0483014692726172));
#3817=CARTESIAN_POINT('',(0.00588774907516489,-0.0227786016214817,-0.0469785526059505));
#3818=CARTESIAN_POINT('',(-0.00617147553579056,-0.0272574736450732,-0.0634871476181805));
#3819=CARTESIAN_POINT('',(-0.00605380876160138,-0.0276484227280979,-0.0631663126189582));
#3820=CARTESIAN_POINT('',(-0.00588774907516484,-0.0280213983785183,-0.0628535526059505));
#3821=CARTESIAN_POINT('',(-0.00518534749660062,-0.0295990159884458,-0.0615306359392839));
#3822=CARTESIAN_POINT('',(-0.00378824108094194,-0.0306140721268186,-0.0602077192726172));
#3823=CARTESIAN_POINT('',(-0.00239113466528327,-0.0316291282651914,-0.0588848026059505));
#3824=CARTESIAN_POINT('',(-0.000673676948346234,-0.0318096394594602,-0.0575618859392838));
#3825=CARTESIAN_POINT('',(0.0010437807685908,-0.0319901506537291,-0.0562389692726172));
#3826=CARTESIAN_POINT('',(0.00262139837851831,-0.0312877490751648,-0.0549160526059505));
#3827=CARTESIAN_POINT('',(0.00419901598844583,-0.0305853474966006,-0.0535931359392838));
#3828=CARTESIAN_POINT('',(0.00521407212681863,-0.029188241080942,-0.0522702192726172));
#3829=CARTESIAN_POINT('',(0.0061139214657749,-0.0279497033911967,-0.0510974509468154));
#3830=CARTESIAN_POINT('',(0.00636067641939608,-0.0264388041772836,-0.0499086436452213));
#3831=CARTESIAN_POINT('',(-0.00443298701509792,-0.0267342281763483,-0.0645353410095483));
#3832=CARTESIAN_POINT('',(-0.00434846666351197,-0.0270150479249744,-0.064214506010326));
#3833=CARTESIAN_POINT('',(-0.00422918555651652,-0.0272829573099623,-0.0639017459973183));
#3834=CARTESIAN_POINT('',(-0.00372464866592984,-0.0284161641644723,-0.0625788293306516));
#3835=CARTESIAN_POINT('',(-0.00272110347428039,-0.0291452816429273,-0.061255912663985));
#3836=CARTESIAN_POINT('',(-0.00171755828263093,-0.0298743991213822,-0.0599329959973182));
#3837=CARTESIAN_POINT('',(-0.00048390391358929,-0.0300040607842427,-0.0586100793306516));
#3838=CARTESIAN_POINT('',(0.000749750455452346,-0.0301337224471032,-0.057287162663985));
#3839=CARTESIAN_POINT('',(0.00188295730996232,-0.0296291855565166,-0.0559642459973183));
#3840=CARTESIAN_POINT('',(0.0030161641644723,-0.0291246486659299,-0.0546413293306516));
#3841=CARTESIAN_POINT('',(0.00374528164292726,-0.0281211034742804,-0.053318412663985));
#3842=CARTESIAN_POINT('',(0.00439164577610803,-0.0272314586130946,-0.0521456443381833));
#3843=CARTESIAN_POINT('',(0.00456889050453158,-0.0261461757569031,-0.050956837036589));
#3844=CARTESIAN_POINT('',(-0.00354298866737523,-0.0224202735015711,-0.0633425837839871));
#3845=CARTESIAN_POINT('',(-0.00428770119016825,-0.0233057601494562,-0.0620981861322008));
#3846=CARTESIAN_POINT('',(-0.00452825752507909,-0.0244374915641133,-0.0608642511145827));
#3847=CARTESIAN_POINT('',(-0.00478616088318307,-0.0256508345110784,-0.0595413344479161));
#3848=CARTESIAN_POINT('',(-0.0044028402695399,-0.0268305720057048,-0.0582184177812494));
#3849=CARTESIAN_POINT('',(-0.00401951965589672,-0.0280103095003313,-0.0568955011145828));
#3850=CARTESIAN_POINT('',(-0.00309768551937426,-0.0288403318336532,-0.055572584447916));
#3851=CARTESIAN_POINT('',(-0.00217585138285181,-0.0296703541669751,-0.0542496677812494));
#3852=CARTESIAN_POINT('',(-0.000962508435886703,-0.0299282575250791,-0.0529267511145827));
#3853=CARTESIAN_POINT('',(0.000250834511078394,-0.0301861608831831,-0.051603834447916));
#3854=CARTESIAN_POINT('',(0.00143057200570484,-0.0298028402695399,-0.0502809177812494));
#3855=CARTESIAN_POINT('',(0.00165803725433284,-0.0297289322017844,-0.0500258461489006));
#3856=CARTESIAN_POINT('',(0.00187667514165787,-0.0296319769748041,-0.0497650893282915));
#3857=CARTESIAN_POINT('',(-0.00493244573237408,-0.021251711469993,-0.0643907771753549));
#3858=CARTESIAN_POINT('',(-0.00596921283770531,-0.0224844602161725,-0.0631463795235686));
#3859=CARTESIAN_POINT('',(-0.00630410836770019,-0.0240600237616677,-0.0619124445059505));
#3860=CARTESIAN_POINT('',(-0.00666315391863823,-0.0257492045077912,-0.0605895278392839));
#3861=CARTESIAN_POINT('',(-0.00612950611380458,-0.0273916007209868,-0.0592666111726172));
#3862=CARTESIAN_POINT('',(-0.00559585830897093,-0.0290339969341824,-0.0579436945059505));
#3863=CARTESIAN_POINT('',(-0.00431250764671339,-0.0301895298754723,-0.0566207778392838));
#3864=CARTESIAN_POINT('',(-0.00302915698445585,-0.0313450628167622,-0.0552978611726172));
#3865=CARTESIAN_POINT('',(-0.00133997623833231,-0.0317041083677002,-0.0539749445059505));
#3866=CARTESIAN_POINT('',(0.000349204507791253,-0.0320631539186383,-0.0526520278392839));
#3867=CARTESIAN_POINT('',(0.00199160072098682,-0.0315295061138046,-0.0513291111726172));
#3868=CARTESIAN_POINT('',(0.00230827122157009,-0.0314266134523785,-0.0510740395402684));
#3869=CARTESIAN_POINT('',(0.00261265252659712,-0.0312916352064829,-0.0508132827196593));
#3870=CARTESIAN_POINT('',(-0.00199160072098678,-0.0192704938861954,-0.0672041111726172));
#3871=CARTESIAN_POINT('',(-0.00363399693418235,-0.0198041416910291,-0.0658811945059506));
#3872=CARTESIAN_POINT('',(-0.00478952987547225,-0.0210874923532866,-0.0645582778392838));
#3873=CARTESIAN_POINT('',(-0.00594506281676215,-0.0223708430155441,-0.0632353611726172));
#3874=CARTESIAN_POINT('',(-0.00630410836770019,-0.0240600237616677,-0.0619124445059505));
#3875=CARTESIAN_POINT('',(-0.00666315391863823,-0.0257492045077912,-0.0605895278392839));
#3876=CARTESIAN_POINT('',(-0.00612950611380458,-0.0273916007209868,-0.0592666111726172));
#3877=CARTESIAN_POINT('',(-0.00559585830897093,-0.0290339969341824,-0.0579436945059505));
#3878=CARTESIAN_POINT('',(-0.00431250764671339,-0.0301895298754723,-0.0566207778392838));
#3879=CARTESIAN_POINT('',(-0.00302915698445586,-0.0313450628167622,-0.0552978611726172));
#3880=CARTESIAN_POINT('',(-0.0013399762383323,-0.0317041083677002,-0.0539749445059505));
#3881=CARTESIAN_POINT('',(0.00034920450779125,-0.0320631539186383,-0.0526520278392839));
#3882=CARTESIAN_POINT('',(0.00199160072098682,-0.0315295061138046,-0.0513291111726172));
#3883=CARTESIAN_POINT('',(0.0036339969341824,-0.030995858308971,-0.0500061945059505));
#3884=CARTESIAN_POINT('',(0.00478952987547229,-0.0297125076467134,-0.0486832778392838));
#3885=CARTESIAN_POINT('',(0.00594506281676219,-0.0284291569844559,-0.0473603611726172));
#3886=CARTESIAN_POINT('',(0.00630410836770023,-0.0267399762383324,-0.0460374445059505));
#3887=CARTESIAN_POINT('',(-0.00559054553371377,-0.022193269692276,-0.0634884856376735));
#3888=CARTESIAN_POINT('',(-0.00609381169858082,-0.0230706532388405,-0.0626872903933196));
#3889=CARTESIAN_POINT('',(-0.00630410836770019,-0.0240600237616677,-0.0619124445059505));
#3890=CARTESIAN_POINT('',(-0.00666315391863823,-0.0257492045077912,-0.0605895278392839));
#3891=CARTESIAN_POINT('',(-0.00612950611380457,-0.0273916007209868,-0.0592666111726172));
#3892=CARTESIAN_POINT('',(-0.00559585830897092,-0.0290339969341824,-0.0579436945059505));
#3893=CARTESIAN_POINT('',(-0.00431250764671339,-0.0301895298754722,-0.0566207778392839));
#3894=CARTESIAN_POINT('',(-0.00302915698445586,-0.0313450628167622,-0.0552978611726172));
#3895=CARTESIAN_POINT('',(-0.0013399762383323,-0.0317041083677002,-0.0539749445059505));
#3896=CARTESIAN_POINT('',(0.000349204507791253,-0.0320631539186383,-0.0526520278392839));
#3897=CARTESIAN_POINT('',(0.00199160072098682,-0.0315295061138046,-0.0513291111726172));
#3898=CARTESIAN_POINT('',(0.00288160661701409,-0.0312403251665472,-0.0506122295676632));
#3899=CARTESIAN_POINT('',(0.00365261486010287,-0.0307099645304615,-0.0498703213856891));
#3900=CARTESIAN_POINT('',(-0.00596054965429221,-0.0219810357662152,-0.0637170700918102));
#3901=CARTESIAN_POINT('',(-0.00649712393795117,-0.022916487979889,-0.0629158748474562));
#3902=CARTESIAN_POINT('',(-0.0067213388613176,-0.0239713389049448,-0.0621410289600871));
#3903=CARTESIAN_POINT('',(-0.00710414744799541,-0.0257723162248908,-0.0608181122934205));
#3904=CARTESIAN_POINT('',(-0.00653518074887222,-0.0275234126289425,-0.0594951956267538));
#3905=CARTESIAN_POINT('',(-0.00596621404974903,-0.0292745090329943,-0.0581722789600872));
#3906=CARTESIAN_POINT('',(-0.0045979262323751,-0.030506519653817,-0.0568493622934205));
#3907=CARTESIAN_POINT('',(-0.00322963841500116,-0.0317385302746398,-0.0555264456267538));
#3908=CARTESIAN_POINT('',(-0.00142866109505519,-0.0321213388613176,-0.0542035289600871));
#3909=CARTESIAN_POINT('',(0.000372316224890795,-0.0325041474479954,-0.0528806122934205));
#3910=CARTESIAN_POINT('',(0.00212341262894253,-0.0319351807488722,-0.0515576956267538));
#3911=CARTESIAN_POINT('',(0.00307232258842538,-0.0316268606779939,-0.0508408140217998));
#3912=CARTESIAN_POINT('',(0.00389435916590879,-0.0310613987052746,-0.0500989058398257));
#3913=CARTESIAN_POINT('',(-0.00596054965429221,-0.0219810357662152,-0.0642010092835369));
#3914=CARTESIAN_POINT('',(-0.00649712393795117,-0.022916487979889,-0.0633998140391829));
#3915=CARTESIAN_POINT('',(-0.00672133886131761,-0.0239713389049448,-0.0626249681518139));
#3916=CARTESIAN_POINT('',(-0.00710414744799542,-0.0257723162248907,-0.0613020514851472));
#3917=CARTESIAN_POINT('',(-0.00653518074887222,-0.0275234126289426,-0.0599791348184805));
#3918=CARTESIAN_POINT('',(-0.00596621404974904,-0.0292745090329943,-0.0586562181518139));
#3919=CARTESIAN_POINT('',(-0.0045979262323751,-0.030506519653817,-0.0573333014851472));
#3920=CARTESIAN_POINT('',(-0.00322963841500117,-0.0317385302746399,-0.0560103848184806));
#3921=CARTESIAN_POINT('',(-0.00142866109505519,-0.0321213388613176,-0.0546874681518139));
#3922=CARTESIAN_POINT('',(0.000372316224890799,-0.0325041474479954,-0.0533645514851472));
#3923=CARTESIAN_POINT('',(0.00212341262894253,-0.0319351807488722,-0.0520416348184805));
#3924=CARTESIAN_POINT('',(0.00307232258842539,-0.0316268606779939,-0.0513247532135265));
#3925=CARTESIAN_POINT('',(0.0038943591659088,-0.0310613987052746,-0.0505828450315524));
#3926=CARTESIAN_POINT('',(-0.00559054553371378,-0.022193269692276,-0.0644295937376736));
#3927=CARTESIAN_POINT('',(-0.00609381169858083,-0.0230706532388405,-0.0636283984933196));
#3928=CARTESIAN_POINT('',(-0.0063041083677002,-0.0240600237616677,-0.0628535526059505));
#3929=CARTESIAN_POINT('',(-0.00666315391863825,-0.0257492045077912,-0.0615306359392839));
#3930=CARTESIAN_POINT('',(-0.00612950611380458,-0.0273916007209868,-0.0602077192726172));
#3931=CARTESIAN_POINT('',(-0.00559585830897093,-0.0290339969341824,-0.0588848026059505));
#3932=CARTESIAN_POINT('',(-0.00431250764671339,-0.0301895298754723,-0.0575618859392839));
#3933=CARTESIAN_POINT('',(-0.00302915698445586,-0.0313450628167622,-0.0562389692726172));
#3934=CARTESIAN_POINT('',(-0.0013399762383323,-0.0317041083677002,-0.0549160526059505));
#3935=CARTESIAN_POINT('',(0.000349204507791253,-0.0320631539186383,-0.0535931359392838));
#3936=CARTESIAN_POINT('',(0.00199160072098683,-0.0315295061138046,-0.0522702192726172));
#3937=CARTESIAN_POINT('',(0.0028816066170141,-0.0312403251665472,-0.0515533376676632));
#3938=CARTESIAN_POINT('',(0.00365261486010287,-0.0307099645304615,-0.0508114294856891));
#3939=CARTESIAN_POINT('',(-0.00199160072098678,-0.0192704938861954,-0.0681452192726172));
#3940=CARTESIAN_POINT('',(-0.00363399693418235,-0.0198041416910291,-0.0668223026059505));
#3941=CARTESIAN_POINT('',(-0.00478952987547225,-0.0210874923532866,-0.0654993859392838));
#3942=CARTESIAN_POINT('',(-0.00594506281676216,-0.0223708430155441,-0.0641764692726172));
#3943=CARTESIAN_POINT('',(-0.00630410836770019,-0.0240600237616677,-0.0628535526059505));
#3944=CARTESIAN_POINT('',(-0.00666315391863823,-0.0257492045077912,-0.0615306359392839));
#3945=CARTESIAN_POINT('',(-0.00612950611380458,-0.0273916007209868,-0.0602077192726172));
#3946=CARTESIAN_POINT('',(-0.00559585830897093,-0.0290339969341824,-0.0588848026059505));
#3947=CARTESIAN_POINT('',(-0.00431250764671339,-0.0301895298754722,-0.0575618859392838));
#3948=CARTESIAN_POINT('',(-0.00302915698445586,-0.0313450628167622,-0.0562389692726172));
#3949=CARTESIAN_POINT('',(-0.00133997623833231,-0.0317041083677002,-0.0549160526059505));
#3950=CARTESIAN_POINT('',(0.000349204507791248,-0.0320631539186383,-0.0535931359392838));
#3951=CARTESIAN_POINT('',(0.00199160072098682,-0.0315295061138046,-0.0522702192726172));
#3952=CARTESIAN_POINT('',(0.0036339969341824,-0.030995858308971,-0.0509473026059505));
#3953=CARTESIAN_POINT('',(0.00478952987547229,-0.0297125076467134,-0.0496243859392838));
#3954=CARTESIAN_POINT('',(0.0059450628167622,-0.0284291569844559,-0.0483014692726172));
#3955=CARTESIAN_POINT('',(0.00630410836770023,-0.0267399762383324,-0.0469785526059505));
#3956=CARTESIAN_POINT('',(-0.00608462420391974,-0.0232752254406463,-0.0634871476181805));
#3957=CARTESIAN_POINT('',(-0.00621922388932661,-0.0236606726873018,-0.0631663126189582));
#3958=CARTESIAN_POINT('',(-0.00630410836770019,-0.0240600237616677,-0.0628535526059505));
#3959=CARTESIAN_POINT('',(-0.00666315391863823,-0.0257492045077912,-0.0615306359392839));
#3960=CARTESIAN_POINT('',(-0.00612950611380458,-0.0273916007209868,-0.0602077192726172));
#3961=CARTESIAN_POINT('',(-0.00559585830897093,-0.0290339969341824,-0.0588848026059505));
#3962=CARTESIAN_POINT('',(-0.00431250764671339,-0.0301895298754722,-0.0575618859392838));
#3963=CARTESIAN_POINT('',(-0.00302915698445586,-0.0313450628167622,-0.0562389692726172));
#3964=CARTESIAN_POINT('',(-0.00133997623833231,-0.0317041083677002,-0.0549160526059505));
#3965=CARTESIAN_POINT('',(0.000349204507791252,-0.0320631539186383,-0.0535931359392838));
#3966=CARTESIAN_POINT('',(0.00199160072098682,-0.0315295061138046,-0.0522702192726172));
#3967=CARTESIAN_POINT('',(0.00344758831702053,-0.0310564262453503,-0.0510974509468151));
#3968=CARTESIAN_POINT('',(0.0045353015435848,-0.0299791220271751,-0.0499086436452207));
#3969=CARTESIAN_POINT('',(-0.00437060147630824,-0.0238737688779611,-0.0645353410095484));
#3970=CARTESIAN_POINT('',(-0.00446728478229957,-0.0241506366431365,-0.064214506010326));
#3971=CARTESIAN_POINT('',(-0.00452825752507903,-0.0244374915641133,-0.0639017459973183));
#3972=CARTESIAN_POINT('',(-0.00478616088318302,-0.0256508345110784,-0.0625788293306517));
#3973=CARTESIAN_POINT('',(-0.00440284026953984,-0.0268305720057048,-0.061255912663985));
#3974=CARTESIAN_POINT('',(-0.00401951965589667,-0.0280103095003313,-0.0599329959973183));
#3975=CARTESIAN_POINT('',(-0.00309768551937423,-0.0288403318336532,-0.0586100793306516));
#3976=CARTESIAN_POINT('',(-0.00217585138285178,-0.0296703541669751,-0.057287162663985));
#3977=CARTESIAN_POINT('',(-0.000962508435886696,-0.029928257525079,-0.0559642459973183));
#3978=CARTESIAN_POINT('',(0.00025083451107839,-0.030186160883183,-0.0546413293306516));
#3979=CARTESIAN_POINT('',(0.00143057200570483,-0.0298028402695399,-0.053318412663985));
#3980=CARTESIAN_POINT('',(0.00247641170318557,-0.0294630257629766,-0.052145644338183));
#3981=CARTESIAN_POINT('',(0.00325771895807885,-0.0286891953260276,-0.0509568370365885));
#3982=CARTESIAN_POINT('',(0.00111489875114288,-0.0298931658635408,-0.063342583783987));
#3983=CARTESIAN_POINT('',(0.00223785983073499,-0.029614523155205,-0.0620981861322008));
#3984=CARTESIAN_POINT('',(0.00309768902887392,-0.0288403286736855,-0.0608642511145827));
#3985=CARTESIAN_POINT('',(0.00401952231868559,-0.028010305399996,-0.059541334447916));
#3986=CARTESIAN_POINT('',(0.00440284172887191,-0.0268305675143427,-0.0582184177812494));
#3987=CARTESIAN_POINT('',(0.00478616113905824,-0.0256508296286894,-0.0568955011145828));
#3988=CARTESIAN_POINT('',(0.00452825654321663,-0.0244374869448136,-0.055572584447916));
#3989=CARTESIAN_POINT('',(0.00427035194737502,-0.0232241442609378,-0.0542496677812494));
#3990=CARTESIAN_POINT('',(0.00344032867368551,-0.0223023109711261,-0.0529267511145827));
#3991=CARTESIAN_POINT('',(0.002610305399996,-0.0213804776813144,-0.051603834447916));
#3992=CARTESIAN_POINT('',(0.00143056751434273,-0.0209971582711281,-0.0502809177812494));
#3993=CARTESIAN_POINT('',(0.00120310219032083,-0.0209232504354112,-0.0500258461489006));
#3994=CARTESIAN_POINT('',(0.00096923157130896,-0.0208731767359697,-0.0497650893282915));
#3995=CARTESIAN_POINT('',(0.00155212960113076,-0.0316552547775687,-0.0643907771753548));
#3996=CARTESIAN_POINT('',(0.00311548334133895,-0.0312673365066908,-0.0631463795235686));
#3997=CARTESIAN_POINT('',(0.00431251253253672,-0.0301895254762573,-0.0619124445059505));
#3998=CARTESIAN_POINT('',(0.00559586201602813,-0.0290339912258149,-0.0605895278392838));
#3999=CARTESIAN_POINT('',(0.00612950814544418,-0.0273915944682432,-0.0592666111726172));
#4000=CARTESIAN_POINT('',(0.00666315427486024,-0.0257491977106715,-0.0579436945059505));
#4001=CARTESIAN_POINT('',(0.00630410700077989,-0.0240600173308131,-0.0566207778392838));
#4002=CARTESIAN_POINT('',(0.00594505972669955,-0.0223708369509547,-0.0552978611726172));
#4003=CARTESIAN_POINT('',(0.00478952547625725,-0.0210874874674633,-0.0539749445059505));
#4004=CARTESIAN_POINT('',(0.00363399122581494,-0.0198041379839719,-0.0526520278392839));
#4005=CARTESIAN_POINT('',(0.00199159446824318,-0.0192704918545559,-0.0513291111726172));
#4006=CARTESIAN_POINT('',(0.00167492386269871,-0.0191675995161671,-0.0510740395402684));
#4007=CARTESIAN_POINT('',(0.00134933599184409,-0.0190978883687991,-0.0508132827196593));
#4008=CARTESIAN_POINT('',(-0.00199159446824314,-0.0315295081454441,-0.0672041111726172));
#4009=CARTESIAN_POINT('',(-0.000349197710671397,-0.0320631542748602,-0.0658811945059506));
#4010=CARTESIAN_POINT('',(0.00133998266918696,-0.0317041070007799,-0.0645582778392838));
#4011=CARTESIAN_POINT('',(0.00302916304904531,-0.0313450597266995,-0.0632353611726172));
#4012=CARTESIAN_POINT('',(0.00431251253253672,-0.0301895254762573,-0.0619124445059505));
#4013=CARTESIAN_POINT('',(0.00559586201602813,-0.0290339912258149,-0.0605895278392838));
#4014=CARTESIAN_POINT('',(0.00612950814544418,-0.0273915944682432,-0.0592666111726172));
#4015=CARTESIAN_POINT('',(0.00666315427486023,-0.0257491977106715,-0.0579436945059505));
#4016=CARTESIAN_POINT('',(0.00630410700077989,-0.0240600173308131,-0.0566207778392838));
#4017=CARTESIAN_POINT('',(0.00594505972669955,-0.0223708369509547,-0.0552978611726172));
#4018=CARTESIAN_POINT('',(0.00478952547625725,-0.0210874874674633,-0.0539749445059505));
#4019=CARTESIAN_POINT('',(0.00363399122581494,-0.0198041379839719,-0.0526520278392839));
#4020=CARTESIAN_POINT('',(0.00199159446824318,-0.0192704918545559,-0.0513291111726172));
#4021=CARTESIAN_POINT('',(0.000349197710671436,-0.0187368457251398,-0.0500061945059505));
#4022=CARTESIAN_POINT('',(-0.00133998266918691,-0.0190958929992201,-0.0486832778392838));
#4023=CARTESIAN_POINT('',(-0.00302916304904527,-0.0194549402733005,-0.0473603611726172));
#4024=CARTESIAN_POINT('',(-0.00431251253253668,-0.0206104745237428,-0.0460374445059505));
#4025=CARTESIAN_POINT('',(0.00263797756164193,-0.0312803395323125,-0.0634884856376736));
#4026=CARTESIAN_POINT('',(0.00356084155098797,-0.0308663337622435,-0.0626872903933196));
#4027=CARTESIAN_POINT('',(0.00431251253253671,-0.0301895254762572,-0.0619124445059505));
#4028=CARTESIAN_POINT('',(0.00559586201602813,-0.0290339912258149,-0.0605895278392839));
#4029=CARTESIAN_POINT('',(0.00612950814544418,-0.0273915944682432,-0.0592666111726172));
#4030=CARTESIAN_POINT('',(0.00666315427486023,-0.0257491977106715,-0.0579436945059505));
#4031=CARTESIAN_POINT('',(0.00630410700077988,-0.0240600173308131,-0.0566207778392838));
#4032=CARTESIAN_POINT('',(0.00594505972669955,-0.0223708369509547,-0.0552978611726172));
#4033=CARTESIAN_POINT('',(0.00478952547625725,-0.0210874874674633,-0.0539749445059505));
#4034=CARTESIAN_POINT('',(0.00363399122581494,-0.0198041379839719,-0.0526520278392839));
#4035=CARTESIAN_POINT('',(0.00199159446824318,-0.0192704918545559,-0.0513291111726172));
#4036=CARTESIAN_POINT('',(0.00110158827722131,-0.0189813118151984,-0.0506122295676631));
#4037=CARTESIAN_POINT('',(0.000166091345471705,-0.0189571953082557,-0.049870321385689));
#4038=CARTESIAN_POINT('',(0.00281256921140398,-0.031669523350642,-0.0637170700918102));
#4039=CARTESIAN_POINT('',(0.00379651194105047,-0.0312281170630484,-0.0629158748474562));
#4040=CARTESIAN_POINT('',(0.00459793144156129,-0.0305065149634448,-0.0621410289600871));
#4041=CARTESIAN_POINT('',(0.00596621800215375,-0.0292745029468248,-0.0608181122934205));
#4042=CARTESIAN_POINT('',(0.00653518291497365,-0.0275234059623679,-0.0594951956267538));
#4043=CARTESIAN_POINT('',(0.00710414782779358,-0.025772308977911,-0.0581722789600872));
#4044=CARTESIAN_POINT('',(0.00672133740392918,-0.0239713320484712,-0.0568493622934205));
#4045=CARTESIAN_POINT('',(0.0063385269800648,-0.0221703551190312,-0.0555264456267538));
#4046=CARTESIAN_POINT('',(0.00510651496344479,-0.0208020685584387,-0.0542035289600871));
#4047=CARTESIAN_POINT('',(0.00387450294682479,-0.0194337819978463,-0.0528806122934205));
#4048=CARTESIAN_POINT('',(0.00212340596236793,-0.0188648170850264,-0.0515576956267538));
#4049=CARTESIAN_POINT('',(0.00117449568836657,-0.0185564979821364,-0.0508408140217998));
#4050=CARTESIAN_POINT('',(0.00017708391888808,-0.0185307853506493,-0.0500989058398257));
#4051=CARTESIAN_POINT('',(0.00281256921140399,-0.031669523350642,-0.0642010092835369));
#4052=CARTESIAN_POINT('',(0.00379651194105047,-0.0312281170630484,-0.0633998140391829));
#4053=CARTESIAN_POINT('',(0.00459793144156129,-0.0305065149634448,-0.0626249681518139));
#4054=CARTESIAN_POINT('',(0.00596621800215376,-0.0292745029468248,-0.0613020514851472));
#4055=CARTESIAN_POINT('',(0.00653518291497366,-0.0275234059623679,-0.0599791348184805));
#4056=CARTESIAN_POINT('',(0.00710414782779359,-0.025772308977911,-0.0586562181518139));
#4057=CARTESIAN_POINT('',(0.00672133740392919,-0.0239713320484712,-0.0573333014851472));
#4058=CARTESIAN_POINT('',(0.0063385269800648,-0.0221703551190312,-0.0560103848184806));
#4059=CARTESIAN_POINT('',(0.0051065149634448,-0.0208020685584387,-0.0546874681518139));
#4060=CARTESIAN_POINT('',(0.00387450294682479,-0.0194337819978463,-0.0533645514851472));
#4061=CARTESIAN_POINT('',(0.00212340596236793,-0.0188648170850263,-0.0520416348184805));
#4062=CARTESIAN_POINT('',(0.00117449568836657,-0.0185564979821364,-0.0513247532135265));
#4063=CARTESIAN_POINT('',(0.000177083918888079,-0.0185307853506493,-0.0505828450315524));
#4064=CARTESIAN_POINT('',(0.00263797756164194,-0.0312803395323125,-0.0644295937376736));
#4065=CARTESIAN_POINT('',(0.00356084155098798,-0.0308663337622435,-0.0636283984933196));
#4066=CARTESIAN_POINT('',(0.00431251253253673,-0.0301895254762573,-0.0628535526059505));
#4067=CARTESIAN_POINT('',(0.00559586201602814,-0.0290339912258149,-0.0615306359392839));
#4068=CARTESIAN_POINT('',(0.00612950814544419,-0.0273915944682432,-0.0602077192726172));
#4069=CARTESIAN_POINT('',(0.00666315427486025,-0.0257491977106715,-0.0588848026059505));
#4070=CARTESIAN_POINT('',(0.0063041070007799,-0.0240600173308131,-0.0575618859392839));
#4071=CARTESIAN_POINT('',(0.00594505972669956,-0.0223708369509547,-0.0562389692726172));
#4072=CARTESIAN_POINT('',(0.00478952547625725,-0.0210874874674633,-0.0549160526059505));
#4073=CARTESIAN_POINT('',(0.00363399122581494,-0.0198041379839719,-0.0535931359392838));
#4074=CARTESIAN_POINT('',(0.00199159446824318,-0.0192704918545559,-0.0522702192726172));
#4075=CARTESIAN_POINT('',(0.00110158827722131,-0.0189813118151984,-0.0515533376676632));
#4076=CARTESIAN_POINT('',(0.000166091345471704,-0.0189571953082557,-0.0508114294856891));
#4077=CARTESIAN_POINT('',(-0.00199159446824315,-0.0315295081454441,-0.0681452192726172));
#4078=CARTESIAN_POINT('',(-0.000349197710671397,-0.0320631542748602,-0.0668223026059505));
#4079=CARTESIAN_POINT('',(0.00133998266918696,-0.0317041070007799,-0.0654993859392838));
#4080=CARTESIAN_POINT('',(0.00302916304904532,-0.0313450597266995,-0.0641764692726172));
#4081=CARTESIAN_POINT('',(0.00431251253253672,-0.0301895254762573,-0.0628535526059505));
#4082=CARTESIAN_POINT('',(0.00559586201602813,-0.0290339912258149,-0.0615306359392839));
#4083=CARTESIAN_POINT('',(0.00612950814544418,-0.0273915944682432,-0.0602077192726172));
#4084=CARTESIAN_POINT('',(0.00666315427486024,-0.0257491977106715,-0.0588848026059505));
#4085=CARTESIAN_POINT('',(0.00630410700077989,-0.0240600173308131,-0.0575618859392838));
#4086=CARTESIAN_POINT('',(0.00594505972669956,-0.0223708369509547,-0.0562389692726172));
#4087=CARTESIAN_POINT('',(0.00478952547625726,-0.0210874874674633,-0.0549160526059505));
#4088=CARTESIAN_POINT('',(0.00363399122581495,-0.0198041379839719,-0.0535931359392838));
#4089=CARTESIAN_POINT('',(0.00199159446824319,-0.0192704918545559,-0.0522702192726172));
#4090=CARTESIAN_POINT('',(0.00034919771067144,-0.0187368457251398,-0.0509473026059505));
#4091=CARTESIAN_POINT('',(-0.00133998266918691,-0.0190958929992201,-0.0496243859392838));
#4092=CARTESIAN_POINT('',(-0.00302916304904527,-0.0194549402733004,-0.0483014692726172));
#4093=CARTESIAN_POINT('',(-0.00431251253253669,-0.0206104745237428,-0.0469785526059505));
#4094=CARTESIAN_POINT('',(0.00367365323492194,-0.0306954311005386,-0.0634871476181805));
#4095=CARTESIAN_POINT('',(0.00400910687497444,-0.0304627134376046,-0.0631663126189581));
#4096=CARTESIAN_POINT('',(0.00431251253253671,-0.0301895254762573,-0.0628535526059505));
#4097=CARTESIAN_POINT('',(0.00559586201602813,-0.0290339912258149,-0.0615306359392839));
#4098=CARTESIAN_POINT('',(0.00612950814544418,-0.0273915944682432,-0.0602077192726172));
#4099=CARTESIAN_POINT('',(0.00666315427486023,-0.0257491977106715,-0.0588848026059505));
#4100=CARTESIAN_POINT('',(0.00630410700077988,-0.0240600173308131,-0.0575618859392838));
#4101=CARTESIAN_POINT('',(0.00594505972669955,-0.0223708369509547,-0.0562389692726172));
#4102=CARTESIAN_POINT('',(0.00478952547625725,-0.0210874874674633,-0.0549160526059505));
#4103=CARTESIAN_POINT('',(0.00363399122581494,-0.0198041379839719,-0.0535931359392838));
#4104=CARTESIAN_POINT('',(0.00199159446824319,-0.0192704918545559,-0.0522702192726172));
#4105=CARTESIAN_POINT('',(0.000535606389619238,-0.0187974134713628,-0.0510974509468154));
#4106=CARTESIAN_POINT('',(-0.00097759562735313,-0.0190296290986801,-0.0499086436452213));
#4107=CARTESIAN_POINT('',(0.00263879472484945,-0.0292037220064952,-0.0645353410095482));
#4108=CARTESIAN_POINT('',(0.00287975195167407,-0.0290365603006782,-0.0642145060103259));
#4109=CARTESIAN_POINT('',(0.00309768902887396,-0.0288403286736855,-0.0639017459973183));
#4110=CARTESIAN_POINT('',(0.00401952231868564,-0.028010305399996,-0.0625788293306516));
#4111=CARTESIAN_POINT('',(0.00440284172887196,-0.0268305675143428,-0.061255912663985));
#4112=CARTESIAN_POINT('',(0.0047861611390583,-0.0256508296286894,-0.0599329959973182));
#4113=CARTESIAN_POINT('',(0.00452825654321668,-0.0244374869448136,-0.0586100793306516));
#4114=CARTESIAN_POINT('',(0.00427035194737508,-0.0232241442609377,-0.057287162663985));
#4115=CARTESIAN_POINT('',(0.00344032867368555,-0.022302310971126,-0.0559642459973183));
#4116=CARTESIAN_POINT('',(0.00261030539999604,-0.0213804776813144,-0.0546413293306516));
#4117=CARTESIAN_POINT('',(0.00143056751434275,-0.0209971582711281,-0.053318412663985));
#4118=CARTESIAN_POINT('',(0.000384727470216158,-0.0206573448314318,-0.0521456443381833));
#4119=CARTESIAN_POINT('',(-0.00070220949543435,-0.0208241459237525,-0.050956837036589));
#4120=CARTESIAN_POINT('',(0.00354298866737526,-0.0283797264984288,-0.063342583783987));
#4121=CARTESIAN_POINT('',(0.00428770119016825,-0.0274942398505438,-0.0620981861322008));
#4122=CARTESIAN_POINT('',(0.00452825752507908,-0.0263625084358867,-0.0608642511145827));
#4123=CARTESIAN_POINT('',(0.00478616088318308,-0.0251491654889216,-0.059541334447916));
#4124=CARTESIAN_POINT('',(0.0044028402695399,-0.0239694279942952,-0.0582184177812494));
#4125=CARTESIAN_POINT('',(0.00401951965589672,-0.0227896904996688,-0.0568955011145828));
#4126=CARTESIAN_POINT('',(0.00309768551937427,-0.0219596681663468,-0.055572584447916));
#4127=CARTESIAN_POINT('',(0.00217585138285182,-0.0211296458330249,-0.0542496677812494));
#4128=CARTESIAN_POINT('',(0.000962508435886732,-0.0208717424749209,-0.0529267511145827));
#4129=CARTESIAN_POINT('',(-0.000250834511078354,-0.020613839116817,-0.051603834447916));
#4130=CARTESIAN_POINT('',(-0.00143057200570479,-0.0209971597304601,-0.0502809177812494));
#4131=CARTESIAN_POINT('',(-0.00165803725433279,-0.0210710677982156,-0.0500258461489006));
#4132=CARTESIAN_POINT('',(-0.00187667514165782,-0.0211680230251959,-0.0497650893282915));
#4133=CARTESIAN_POINT('',(0.00493244573237415,-0.029548288530007,-0.0643907771753548));
#4134=CARTESIAN_POINT('',(0.00596921283770535,-0.0283155397838275,-0.0631463795235685));
#4135=CARTESIAN_POINT('',(0.00630410836770024,-0.0267399762383324,-0.0619124445059505));
#4136=CARTESIAN_POINT('',(0.00666315391863828,-0.0250507954922088,-0.0605895278392839));
#4137=CARTESIAN_POINT('',(0.00612950611380462,-0.0234083992790132,-0.0592666111726172));
#4138=CARTESIAN_POINT('',(0.00559585830897097,-0.0217660030658176,-0.0579436945059505));
#4139=CARTESIAN_POINT('',(0.00431250764671343,-0.0206104701245277,-0.0566207778392838));
#4140=CARTESIAN_POINT('',(0.00302915698445589,-0.0194549371832378,-0.0552978611726172));
#4141=CARTESIAN_POINT('',(0.00133997623833235,-0.0190958916322998,-0.0539749445059505));
#4142=CARTESIAN_POINT('',(-0.000349204507791215,-0.0187368460813618,-0.0526520278392839));
#4143=CARTESIAN_POINT('',(-0.00199160072098679,-0.0192704938861954,-0.0513291111726172));
#4144=CARTESIAN_POINT('',(-0.00230827122157006,-0.0193733865476215,-0.0510740395402684));
#4145=CARTESIAN_POINT('',(-0.00261265252659709,-0.0195083647935171,-0.0508132827196593));
#4146=CARTESIAN_POINT('',(0.00199160072098683,-0.0315295061138046,-0.0672041111726172));
#4147=CARTESIAN_POINT('',(0.0036339969341824,-0.030995858308971,-0.0658811945059506));
#4148=CARTESIAN_POINT('',(0.00478952987547229,-0.0297125076467134,-0.0645582778392838));
#4149=CARTESIAN_POINT('',(0.0059450628167622,-0.0284291569844559,-0.0632353611726172));
#4150=CARTESIAN_POINT('',(0.00630410836770023,-0.0267399762383324,-0.0619124445059505));
#4151=CARTESIAN_POINT('',(0.00666315391863827,-0.0250507954922088,-0.0605895278392839));
#4152=CARTESIAN_POINT('',(0.00612950611380462,-0.0234083992790132,-0.0592666111726172));
#4153=CARTESIAN_POINT('',(0.00559585830897097,-0.0217660030658176,-0.0579436945059505));
#4154=CARTESIAN_POINT('',(0.00431250764671344,-0.0206104701245277,-0.0566207778392838));
#4155=CARTESIAN_POINT('',(0.0030291569844559,-0.0194549371832378,-0.0552978611726172));
#4156=CARTESIAN_POINT('',(0.00133997623833234,-0.0190958916322998,-0.0539749445059505));
#4157=CARTESIAN_POINT('',(-0.000349204507791212,-0.0187368460813618,-0.0526520278392839));
#4158=CARTESIAN_POINT('',(-0.00199160072098679,-0.0192704938861954,-0.0513291111726172));
#4159=CARTESIAN_POINT('',(-0.00363399693418236,-0.0198041416910291,-0.0500061945059505));
#4160=CARTESIAN_POINT('',(-0.00478952987547226,-0.0210874923532866,-0.0486832778392838));
#4161=CARTESIAN_POINT('',(-0.00594506281676216,-0.0223708430155441,-0.0473603611726172));
#4162=CARTESIAN_POINT('',(-0.00630410836770019,-0.0240600237616677,-0.0460374445059505));
#4163=CARTESIAN_POINT('',(0.00559054553371383,-0.028606730307724,-0.0634884856376735));
#4164=CARTESIAN_POINT('',(0.00609381169858087,-0.0277293467611595,-0.0626872903933196));
#4165=CARTESIAN_POINT('',(0.00630410836770023,-0.0267399762383324,-0.0619124445059505));
#4166=CARTESIAN_POINT('',(0.00666315391863828,-0.0250507954922088,-0.0605895278392839));
#4167=CARTESIAN_POINT('',(0.00612950611380462,-0.0234083992790132,-0.0592666111726172));
#4168=CARTESIAN_POINT('',(0.00559585830897096,-0.0217660030658176,-0.0579436945059505));
#4169=CARTESIAN_POINT('',(0.00431250764671343,-0.0206104701245277,-0.0566207778392839));
#4170=CARTESIAN_POINT('',(0.0030291569844559,-0.0194549371832378,-0.0552978611726172));
#4171=CARTESIAN_POINT('',(0.00133997623833234,-0.0190958916322998,-0.0539749445059505));
#4172=CARTESIAN_POINT('',(-0.000349204507791215,-0.0187368460813618,-0.0526520278392839));
#4173=CARTESIAN_POINT('',(-0.00199160072098679,-0.0192704938861954,-0.0513291111726172));
#4174=CARTESIAN_POINT('',(-0.00288160661701406,-0.0195596748334529,-0.0506122295676631));
#4175=CARTESIAN_POINT('',(-0.00365261486010284,-0.0200900354695385,-0.049870321385689));
#4176=CARTESIAN_POINT('',(0.00596054965429227,-0.0288189642337848,-0.0637170700918102));
#4177=CARTESIAN_POINT('',(0.00649712393795121,-0.027883512020111,-0.0629158748474562));
#4178=CARTESIAN_POINT('',(0.00672133886131766,-0.0268286610950552,-0.0621410289600871));
#4179=CARTESIAN_POINT('',(0.00710414744799546,-0.0250276837751093,-0.0608181122934205));
#4180=CARTESIAN_POINT('',(0.00653518074887226,-0.0232765873710575,-0.0594951956267538));
#4181=CARTESIAN_POINT('',(0.00596621404974907,-0.0215254909670057,-0.0581722789600872));
#4182=CARTESIAN_POINT('',(0.00459792623237514,-0.020293480346183,-0.0568493622934205));
#4183=CARTESIAN_POINT('',(0.0032296384150012,-0.0190614697253602,-0.0555264456267538));
#4184=CARTESIAN_POINT('',(0.00142866109505523,-0.0186786611386824,-0.0542035289600871));
#4185=CARTESIAN_POINT('',(-0.000372316224890757,-0.0182958525520046,-0.0528806122934205));
#4186=CARTESIAN_POINT('',(-0.00212341262894249,-0.0188648192511278,-0.0515576956267538));
#4187=CARTESIAN_POINT('',(-0.00307232258842536,-0.0191731393220061,-0.0508408140217998));
#4188=CARTESIAN_POINT('',(-0.00389435916590878,-0.0197386012947254,-0.0500989058398257));
#4189=CARTESIAN_POINT('',(0.00596054965429227,-0.0288189642337848,-0.0642010092835369));
#4190=CARTESIAN_POINT('',(0.00649712393795122,-0.027883512020111,-0.0633998140391829));
#4191=CARTESIAN_POINT('',(0.00672133886131766,-0.0268286610950552,-0.0626249681518139));
#4192=CARTESIAN_POINT('',(0.00710414744799547,-0.0250276837751093,-0.0613020514851472));
#4193=CARTESIAN_POINT('',(0.00653518074887228,-0.0232765873710575,-0.0599791348184805));
#4194=CARTESIAN_POINT('',(0.00596621404974908,-0.0215254909670057,-0.0586562181518139));
#4195=CARTESIAN_POINT('',(0.00459792623237515,-0.020293480346183,-0.0573333014851472));
#4196=CARTESIAN_POINT('',(0.00322963841500121,-0.0190614697253602,-0.0560103848184806));
#4197=CARTESIAN_POINT('',(0.00142866109505523,-0.0186786611386824,-0.0546874681518139));
#4198=CARTESIAN_POINT('',(-0.000372316224890762,-0.0182958525520046,-0.0533645514851472));
#4199=CARTESIAN_POINT('',(-0.00212341262894249,-0.0188648192511278,-0.0520416348184805));
#4200=CARTESIAN_POINT('',(-0.00307232258842536,-0.0191731393220061,-0.0513247532135265));
#4201=CARTESIAN_POINT('',(-0.00389435916590878,-0.0197386012947254,-0.0505828450315524));
#4202=CARTESIAN_POINT('',(0.00559054553371384,-0.028606730307724,-0.0644295937376735));
#4203=CARTESIAN_POINT('',(0.00609381169858088,-0.0277293467611595,-0.0636283984933196));
#4204=CARTESIAN_POINT('',(0.00630410836770024,-0.0267399762383324,-0.0628535526059505));
#4205=CARTESIAN_POINT('',(0.00666315391863829,-0.0250507954922088,-0.0615306359392839));
#4206=CARTESIAN_POINT('',(0.00612950611380463,-0.0234083992790132,-0.0602077192726172));
#4207=CARTESIAN_POINT('',(0.00559585830897097,-0.0217660030658176,-0.0588848026059505));
#4208=CARTESIAN_POINT('',(0.00431250764671344,-0.0206104701245277,-0.0575618859392839));
#4209=CARTESIAN_POINT('',(0.0030291569844559,-0.0194549371832378,-0.0562389692726172));
#4210=CARTESIAN_POINT('',(0.00133997623833234,-0.0190958916322998,-0.0549160526059505));
#4211=CARTESIAN_POINT('',(-0.000349204507791214,-0.0187368460813618,-0.0535931359392838));
#4212=CARTESIAN_POINT('',(-0.00199160072098679,-0.0192704938861954,-0.0522702192726172));
#4213=CARTESIAN_POINT('',(-0.00288160661701407,-0.0195596748334529,-0.0515533376676632));
#4214=CARTESIAN_POINT('',(-0.00365261486010285,-0.0200900354695385,-0.0508114294856891));
#4215=CARTESIAN_POINT('',(0.00199160072098683,-0.0315295061138046,-0.0681452192726172));
#4216=CARTESIAN_POINT('',(0.0036339969341824,-0.030995858308971,-0.0668223026059505));
#4217=CARTESIAN_POINT('',(0.0047895298754723,-0.0297125076467134,-0.0654993859392838));
#4218=CARTESIAN_POINT('',(0.0059450628167622,-0.0284291569844559,-0.0641764692726172));
#4219=CARTESIAN_POINT('',(0.00630410836770024,-0.0267399762383324,-0.0628535526059505));
#4220=CARTESIAN_POINT('',(0.00666315391863828,-0.0250507954922088,-0.0615306359392839));
#4221=CARTESIAN_POINT('',(0.00612950611380462,-0.0234083992790132,-0.0602077192726172));
#4222=CARTESIAN_POINT('',(0.00559585830897097,-0.0217660030658176,-0.0588848026059505));
#4223=CARTESIAN_POINT('',(0.00431250764671344,-0.0206104701245277,-0.0575618859392838));
#4224=CARTESIAN_POINT('',(0.0030291569844559,-0.0194549371832378,-0.0562389692726172));
#4225=CARTESIAN_POINT('',(0.00133997623833235,-0.0190958916322998,-0.0549160526059505));
#4226=CARTESIAN_POINT('',(-0.000349204507791208,-0.0187368460813618,-0.0535931359392838));
#4227=CARTESIAN_POINT('',(-0.00199160072098678,-0.0192704938861954,-0.0522702192726172));
#4228=CARTESIAN_POINT('',(-0.00363399693418235,-0.0198041416910291,-0.0509473026059506));
#4229=CARTESIAN_POINT('',(-0.00478952987547225,-0.0210874923532866,-0.0496243859392839));
#4230=CARTESIAN_POINT('',(-0.00594506281676216,-0.0223708430155441,-0.0483014692726172));
#4231=CARTESIAN_POINT('',(-0.0063041083677002,-0.0240600237616676,-0.0469785526059505));
#4232=CARTESIAN_POINT('',(0.00608462420391979,-0.0275247745593537,-0.0634871476181805));
#4233=CARTESIAN_POINT('',(0.00621922388932665,-0.0271393273126982,-0.0631663126189581));
#4234=CARTESIAN_POINT('',(0.00630410836770023,-0.0267399762383324,-0.0628535526059505));
#4235=CARTESIAN_POINT('',(0.00666315391863827,-0.0250507954922088,-0.0615306359392839));
#4236=CARTESIAN_POINT('',(0.00612950611380462,-0.0234083992790132,-0.0602077192726172));
#4237=CARTESIAN_POINT('',(0.00559585830897097,-0.0217660030658176,-0.0588848026059505));
#4238=CARTESIAN_POINT('',(0.00431250764671343,-0.0206104701245277,-0.0575618859392838));
#4239=CARTESIAN_POINT('',(0.0030291569844559,-0.0194549371832378,-0.0562389692726172));
#4240=CARTESIAN_POINT('',(0.00133997623833235,-0.0190958916322998,-0.0549160526059505));
#4241=CARTESIAN_POINT('',(-0.000349204507791212,-0.0187368460813618,-0.0535931359392838));
#4242=CARTESIAN_POINT('',(-0.00199160072098678,-0.0192704938861954,-0.0522702192726172));
#4243=CARTESIAN_POINT('',(-0.00344758831702047,-0.0197435737546497,-0.0510974509468152));
#4244=CARTESIAN_POINT('',(-0.00453530154358473,-0.0208208779728248,-0.0499086436452208));
#4245=CARTESIAN_POINT('',(0.00437060147630832,-0.0269262311220389,-0.0645353410095483));
#4246=CARTESIAN_POINT('',(0.00446728478229965,-0.0266493633568635,-0.0642145060103259));
#4247=CARTESIAN_POINT('',(0.0045282575250791,-0.0263625084358867,-0.0639017459973183));
#4248=CARTESIAN_POINT('',(0.00478616088318309,-0.0251491654889216,-0.0625788293306516));
#4249=CARTESIAN_POINT('',(0.00440284026953991,-0.0239694279942952,-0.061255912663985));
#4250=CARTESIAN_POINT('',(0.00401951965589674,-0.0227896904996688,-0.0599329959973183));
#4251=CARTESIAN_POINT('',(0.00309768551937429,-0.0219596681663468,-0.0586100793306516));
#4252=CARTESIAN_POINT('',(0.00217585138285184,-0.0211296458330249,-0.057287162663985));
#4253=CARTESIAN_POINT('',(0.000962508435886743,-0.0208717424749209,-0.0559642459973183));
#4254=CARTESIAN_POINT('',(-0.000250834511078351,-0.0206138391168169,-0.0546413293306516));
#4255=CARTESIAN_POINT('',(-0.0014305720057048,-0.0209971597304601,-0.053318412663985));
#4256=CARTESIAN_POINT('',(-0.00247641170318553,-0.0213369742370234,-0.052145644338183));
#4257=CARTESIAN_POINT('',(-0.00325771895807882,-0.0221108046739724,-0.0509568370365885));
#4258=CARTESIAN_POINT('',(-0.00392873201220486,-0.0278487963326632,-0.0633425837839871));
#4259=CARTESIAN_POINT('',(-0.00331671299110831,-0.0288306904527207,-0.0620981861322008));
#4260=CARTESIAN_POINT('',(-0.00231470845009477,-0.0294091973627708,-0.0608642511145827));
#4261=CARTESIAN_POINT('',(-0.00124044725444335,-0.0300294216226872,-0.059541334447916));
#4262=CARTESIAN_POINT('',(2.36124881337985E-9,-0.0300294209899924,-0.0582184177812494));
#4263=CARTESIAN_POINT('',(0.00124045197694098,-0.0300294203572977,-0.0568955011145828));
#4264=CARTESIAN_POINT('',(0.00231471253989769,-0.029409195001522,-0.055572584447916));
#4265=CARTESIAN_POINT('',(0.0033889731028544,-0.0287889696457462,-0.0542496677812494));
#4266=CARTESIAN_POINT('',(0.00400919736277079,-0.0277147084500948,-0.0529267511145827));
#4267=CARTESIAN_POINT('',(0.00462942162268718,-0.0266404472544434,-0.051603834447916));
#4268=CARTESIAN_POINT('',(0.00462942098999248,-0.0253999976387512,-0.0502809177812494));
#4269=CARTESIAN_POINT('',(0.00462942086800258,-0.025160826482855,-0.0500258461489006));
#4270=CARTESIAN_POINT('',(0.00460477379039177,-0.0249229286825751,-0.0497650893282915));
#4271=CARTESIAN_POINT('',(-0.00546946639307134,-0.0288091430017038,-0.0643907771753549));
#4272=CARTESIAN_POINT('',(-0.00461743131981894,-0.0301761074254734,-0.0631463795235686));
#4273=CARTESIAN_POINT('',(-0.00322246975314728,-0.0309814879128288,-0.0619124445059505));
#4274=CARTESIAN_POINT('',(-0.00172691457434073,-0.0318449460808183,-0.0605895278392839));
#4275=CARTESIAN_POINT('',(3.2872618863089E-9,-0.0318449451999991,-0.0592666111726172));
#4276=CARTESIAN_POINT('',(0.00172692114886451,-0.03184494431918,-0.0579436945059505));
#4277=CARTESIAN_POINT('',(0.00322247544685189,-0.030981484625567,-0.0566207778392838));
#4278=CARTESIAN_POINT('',(0.00471802974483928,-0.0301180249319539,-0.0552978611726172));
#4279=CARTESIAN_POINT('',(0.00558148791282881,-0.0286224697531473,-0.0539749445059505));
#4280=CARTESIAN_POINT('',(0.00644494608081835,-0.0271269145743408,-0.0526520278392839));
#4281=CARTESIAN_POINT('',(0.00644494519999918,-0.0253999967127382,-0.0513291111726172));
#4282=CARTESIAN_POINT('',(0.00644494503016839,-0.0250670295886628,-0.0510740395402684));
#4283=CARTESIAN_POINT('',(0.00641063208587467,-0.0247358351932258,-0.0508132827196593));
#4284=CARTESIAN_POINT('',(-0.00644494519999914,-0.0254000032872619,-0.0672041111726172));
#4285=CARTESIAN_POINT('',(-0.00644494431917998,-0.0271269211488645,-0.0658811945059506));
#4286=CARTESIAN_POINT('',(-0.0055814846255669,-0.0286224754468518,-0.0645582778392838));
#4287=CARTESIAN_POINT('',(-0.00471802493195382,-0.0301180297448393,-0.0632353611726172));
#4288=CARTESIAN_POINT('',(-0.00322246975314728,-0.0309814879128288,-0.0619124445059505));
#4289=CARTESIAN_POINT('',(-0.00172691457434074,-0.0318449460808183,-0.0605895278392839));
#4290=CARTESIAN_POINT('',(3.2872618863089E-9,-0.0318449451999991,-0.0592666111726172));
#4291=CARTESIAN_POINT('',(0.0017269211488645,-0.03184494431918,-0.0579436945059505));
#4292=CARTESIAN_POINT('',(0.00322247544685188,-0.030981484625567,-0.0566207778392838));
#4293=CARTESIAN_POINT('',(0.00471802974483927,-0.0301180249319539,-0.0552978611726172));
#4294=CARTESIAN_POINT('',(0.00558148791282881,-0.0286224697531473,-0.0539749445059505));
#4295=CARTESIAN_POINT('',(0.00644494608081835,-0.0271269145743408,-0.0526520278392839));
#4296=CARTESIAN_POINT('',(0.00644494519999918,-0.0253999967127382,-0.0513291111726172));
#4297=CARTESIAN_POINT('',(0.00644494431918002,-0.0236730788511355,-0.0500061945059505));
#4298=CARTESIAN_POINT('',(0.00558148462556694,-0.0221775245531481,-0.0486832778392838));
#4299=CARTESIAN_POINT('',(0.00471802493195386,-0.0206819702551608,-0.0473603611726172));
#4300=CARTESIAN_POINT('',(0.00322246975314732,-0.0198185120871712,-0.0460374445059505));
#4301=CARTESIAN_POINT('',(-0.00477735533290658,-0.0297259905980194,-0.0634884856376736));
#4302=CARTESIAN_POINT('',(-0.0040984317912941,-0.0304757515900204,-0.0626872903933196));
#4303=CARTESIAN_POINT('',(-0.00322246975314727,-0.0309814879128288,-0.0619124445059505));
#4304=CARTESIAN_POINT('',(-0.00172691457434073,-0.0318449460808183,-0.0605895278392839));
#4305=CARTESIAN_POINT('',(3.28726188977835E-9,-0.0318449451999991,-0.0592666111726172));
#4306=CARTESIAN_POINT('',(0.00172692114886451,-0.03184494431918,-0.0579436945059505));
#4307=CARTESIAN_POINT('',(0.00322247544685188,-0.0309814846255669,-0.0566207778392839));
#4308=CARTESIAN_POINT('',(0.00471802974483927,-0.0301180249319539,-0.0552978611726172));
#4309=CARTESIAN_POINT('',(0.00558148791282881,-0.0286224697531473,-0.0539749445059505));
#4310=CARTESIAN_POINT('',(0.00644494608081835,-0.0271269145743408,-0.0526520278392839));
#4311=CARTESIAN_POINT('',(0.00644494519999918,-0.0253999967127382,-0.0513291111726172));
#4312=CARTESIAN_POINT('',(0.0064449447226879,-0.0244641889786283,-0.0506122295676631));
#4313=CARTESIAN_POINT('',(0.00617879643366978,-0.0235670261152234,-0.049870321385689));
#4314=CARTESIAN_POINT('',(-0.00509353935251309,-0.0300123015380158,-0.0637170700918102));
#4315=CARTESIAN_POINT('',(-0.00436968200141109,-0.030811684638417,-0.0629158748474562));
#4316=CARTESIAN_POINT('',(-0.00343574537712951,-0.0313508925647096,-0.0621410289600871));
#4317=CARTESIAN_POINT('',(-0.00184120852017119,-0.0322714977639104,-0.0608181122934205));
#4318=CARTESIAN_POINT('',(3.50482570711144E-9,-0.0322714968247952,-0.0594951956267538));
#4319=CARTESIAN_POINT('',(0.00184121552982261,-0.03227149588568,-0.0581722789600872));
#4320=CARTESIAN_POINT('',(0.0034357514476657,-0.0313508890598839,-0.0568493622934205));
#4321=CARTESIAN_POINT('',(0.0050302873655088,-0.0304302822340878,-0.0555264456267538));
#4322=CARTESIAN_POINT('',(0.00595089256470962,-0.0288357453771295,-0.0542035289600871));
#4323=CARTESIAN_POINT('',(0.00687149776391045,-0.0272412085201712,-0.0528806122934205));
#4324=CARTESIAN_POINT('',(0.00687149682479523,-0.0253999964951743,-0.0515576956267538));
#4325=CARTESIAN_POINT('',(0.00687149631589362,-0.0244022533532224,-0.0508408140217998));
#4326=CARTESIAN_POINT('',(0.00658773329446205,-0.0234457127503308,-0.0500989058398256));
#4327=CARTESIAN_POINT('',(-0.00509353935251309,-0.0300123015380158,-0.0642010092835369));
#4328=CARTESIAN_POINT('',(-0.00436968200141109,-0.030811684638417,-0.0633998140391829));
#4329=CARTESIAN_POINT('',(-0.00343574537712951,-0.0313508925647096,-0.0626249681518139));
#4330=CARTESIAN_POINT('',(-0.0018412085201712,-0.0322714977639104,-0.0613020514851472));
#4331=CARTESIAN_POINT('',(3.50482571246365E-9,-0.0322714968247952,-0.0599791348184805));
#4332=CARTESIAN_POINT('',(0.00184121552982261,-0.03227149588568,-0.0586562181518139));
#4333=CARTESIAN_POINT('',(0.00343575144766571,-0.0313508890598839,-0.0573333014851472));
#4334=CARTESIAN_POINT('',(0.00503028736550882,-0.0304302822340878,-0.0560103848184806));
#4335=CARTESIAN_POINT('',(0.00595089256470963,-0.0288357453771295,-0.0546874681518139));
#4336=CARTESIAN_POINT('',(0.00687149776391045,-0.0272412085201712,-0.0533645514851472));
#4337=CARTESIAN_POINT('',(0.00687149682479524,-0.0253999964951743,-0.0520416348184805));
#4338=CARTESIAN_POINT('',(0.00687149631589363,-0.0244022533532224,-0.0513247532135265));
#4339=CARTESIAN_POINT('',(0.00658773329446205,-0.0234457127503308,-0.0505828450315524));
#4340=CARTESIAN_POINT('',(-0.00477735533290659,-0.0297259905980194,-0.0644295937376736));
#4341=CARTESIAN_POINT('',(-0.0040984317912941,-0.0304757515900204,-0.0636283984933196));
#4342=CARTESIAN_POINT('',(-0.00322246975314728,-0.0309814879128288,-0.0628535526059505));
#4343=CARTESIAN_POINT('',(-0.00172691457434073,-0.0318449460808184,-0.0615306359392839));
#4344=CARTESIAN_POINT('',(3.2872618863089E-9,-0.0318449451999992,-0.0602077192726172));
#4345=CARTESIAN_POINT('',(0.00172692114886451,-0.0318449443191801,-0.0588848026059505));
#4346=CARTESIAN_POINT('',(0.00322247544685189,-0.030981484625567,-0.0575618859392839));
#4347=CARTESIAN_POINT('',(0.00471802974483928,-0.0301180249319539,-0.0562389692726172));
#4348=CARTESIAN_POINT('',(0.00558148791282882,-0.0286224697531473,-0.0549160526059505));
#4349=CARTESIAN_POINT('',(0.00644494608081835,-0.0271269145743408,-0.0535931359392838));
#4350=CARTESIAN_POINT('',(0.0064449451999992,-0.0253999967127382,-0.0522702192726172));
#4351=CARTESIAN_POINT('',(0.00644494472268791,-0.0244641889786283,-0.0515533376676632));
#4352=CARTESIAN_POINT('',(0.00617879643366979,-0.0235670261152234,-0.0508114294856891));
#4353=CARTESIAN_POINT('',(-0.00644494519999915,-0.0254000032872619,-0.0681452192726172));
#4354=CARTESIAN_POINT('',(-0.00644494431917998,-0.0271269211488645,-0.0668223026059505));
#4355=CARTESIAN_POINT('',(-0.0055814846255669,-0.0286224754468518,-0.0654993859392838));
#4356=CARTESIAN_POINT('',(-0.00471802493195382,-0.0301180297448393,-0.0641764692726172));
#4357=CARTESIAN_POINT('',(-0.00322246975314728,-0.0309814879128288,-0.0628535526059505));
#4358=CARTESIAN_POINT('',(-0.00172691457434074,-0.0318449460808184,-0.0615306359392839));
#4359=CARTESIAN_POINT('',(3.28726188283946E-9,-0.0318449451999991,-0.0602077192726172));
#4360=CARTESIAN_POINT('',(0.00172692114886451,-0.0318449443191801,-0.0588848026059505));
#4361=CARTESIAN_POINT('',(0.00322247544685188,-0.030981484625567,-0.0575618859392838));
#4362=CARTESIAN_POINT('',(0.00471802974483928,-0.0301180249319539,-0.0562389692726172));
#4363=CARTESIAN_POINT('',(0.00558148791282881,-0.0286224697531473,-0.0549160526059505));
#4364=CARTESIAN_POINT('',(0.00644494608081835,-0.0271269145743408,-0.0535931359392838));
#4365=CARTESIAN_POINT('',(0.00644494519999919,-0.0253999967127382,-0.0522702192726172));
#4366=CARTESIAN_POINT('',(0.00644494431918002,-0.0236730788511355,-0.0509473026059505));
#4367=CARTESIAN_POINT('',(0.00558148462556695,-0.0221775245531481,-0.0496243859392838));
#4368=CARTESIAN_POINT('',(0.00471802493195387,-0.0206819702551608,-0.0483014692726172));
#4369=CARTESIAN_POINT('',(0.00322246975314732,-0.0198185120871712,-0.0469785526059505));
#4370=CARTESIAN_POINT('',(-0.00390103297372778,-0.0305302300502893,-0.0634871476181805));
#4371=CARTESIAN_POINT('',(-0.0035760444483363,-0.0307773517078384,-0.0631663126189581));
#4372=CARTESIAN_POINT('',(-0.00322246975314727,-0.0309814879128288,-0.0628535526059505));
#4373=CARTESIAN_POINT('',(-0.00172691457434074,-0.0318449460808183,-0.0615306359392839));
#4374=CARTESIAN_POINT('',(3.2872618863089E-9,-0.0318449451999991,-0.0602077192726172));
#4375=CARTESIAN_POINT('',(0.0017269211488645,-0.03184494431918,-0.0588848026059505));
#4376=CARTESIAN_POINT('',(0.00322247544685188,-0.0309814846255669,-0.0575618859392838));
#4377=CARTESIAN_POINT('',(0.00471802974483927,-0.0301180249319539,-0.0562389692726172));
#4378=CARTESIAN_POINT('',(0.00558148791282881,-0.0286224697531473,-0.0549160526059505));
#4379=CARTESIAN_POINT('',(0.00644494608081835,-0.0271269145743408,-0.0535931359392838));
#4380=CARTESIAN_POINT('',(0.00644494519999918,-0.0253999967127382,-0.0522702192726172));
#4381=CARTESIAN_POINT('',(0.0064449444191512,-0.0238690805028363,-0.0510974509468151));
#4382=CARTESIAN_POINT('',(0.00575648909443825,-0.022501698439324,-0.0499086436452207));
#4383=CARTESIAN_POINT('',(-0.00280212218580701,-0.0290850576601183,-0.0645353410095483));
#4384=CARTESIAN_POINT('',(-0.00256868207820854,-0.0292625657929321,-0.0642145060103259));
#4385=CARTESIAN_POINT('',(-0.00231470845009477,-0.0294091973627708,-0.0639017459973183));
#4386=CARTESIAN_POINT('',(-0.00124044725444336,-0.0300294216226872,-0.0625788293306516));
#4387=CARTESIAN_POINT('',(2.36124881166158E-9,-0.0300294209899925,-0.061255912663985));
#4388=CARTESIAN_POINT('',(0.00124045197694099,-0.0300294203572978,-0.0599329959973183));
#4389=CARTESIAN_POINT('',(0.00231471253989769,-0.029409195001522,-0.0586100793306516));
#4390=CARTESIAN_POINT('',(0.00338897310285441,-0.0287889696457462,-0.057287162663985));
#4391=CARTESIAN_POINT('',(0.0040091973627708,-0.0277147084500948,-0.0559642459973183));
#4392=CARTESIAN_POINT('',(0.0046294216226872,-0.0266404472544434,-0.0546413293306516));
#4393=CARTESIAN_POINT('',(0.00462942098999249,-0.0253999976387512,-0.053318412663985));
#4394=CARTESIAN_POINT('',(0.00462942042910734,-0.0243003365219988,-0.052145644338183));
#4395=CARTESIAN_POINT('',(0.00413490116912999,-0.0233181424102221,-0.0509568370365885));
#4396=CARTESIAN_POINT('',(-0.00173904459401126,-0.029690368585871,-0.0633425837839871));
#4397=CARTESIAN_POINT('',(-0.000666767921980958,-0.0301250018609513,-0.0620981861322008));
#4398=CARTESIAN_POINT('',(0.000483908610216581,-0.0300040602906073,-0.0608642511145827));
#4399=CARTESIAN_POINT('',(0.00171756284698901,-0.0298743973692893,-0.0595413344479161));
#4400=CARTESIAN_POINT('',(0.00272110729486123,-0.0291452788671128,-0.0582184177812494));
#4401=CARTESIAN_POINT('',(0.00372465174273345,-0.0284161603649363,-0.0568955011145828));
#4402=CARTESIAN_POINT('',(0.00422918747732938,-0.0272829529957461,-0.055572584447916));
#4403=CARTESIAN_POINT('',(0.00473372321192531,-0.0261497456265559,-0.0542496677812494));
#4404=CARTESIAN_POINT('',(0.0046040602906073,-0.0249160913897835,-0.0529267511145827));
#4405=CARTESIAN_POINT('',(0.00447439736928932,-0.023682437153011,-0.051603834447916));
#4406=CARTESIAN_POINT('',(0.00374527886711282,-0.0226788927051388,-0.0502809177812494));
#4407=CARTESIAN_POINT('',(0.00360469749021138,-0.0224853992471583,-0.0500258461489006));
#4408=CARTESIAN_POINT('',(0.00344492476700523,-0.0223074230725393,-0.0497650893282915));
#4409=CARTESIAN_POINT('',(-0.00242104728279975,-0.0313729263083895,-0.0643907771753548));
#4410=CARTESIAN_POINT('',(-0.00092825490003483,-0.0319780101074313,-0.0631463795235686));
#4411=CARTESIAN_POINT('',(0.000673683486854072,-0.0318096387722354,-0.0619124445059505));
#4412=CARTESIAN_POINT('',(0.00239114101964976,-0.0316291258259787,-0.0605895278392838));
#4413=CARTESIAN_POINT('',(0.00378824639984341,-0.0306140682624105,-0.0592666111726172));
#4414=CARTESIAN_POINT('',(0.00518535178003706,-0.0295990106988424,-0.0579436945059505));
#4415=CARTESIAN_POINT('',(0.0058877517492646,-0.028021392372392,-0.0566207778392838));
#4416=CARTESIAN_POINT('',(0.00659015171849214,-0.0264437740459416,-0.0552978611726172));
#4417=CARTESIAN_POINT('',(0.00640963877223542,-0.024726316513146,-0.0539749445059505));
#4418=CARTESIAN_POINT('',(0.00622912582597869,-0.0230088589803502,-0.0526520278392839));
#4419=CARTESIAN_POINT('',(0.00521406826241054,-0.0216117536001566,-0.0513291111726172));
#4420=CARTESIAN_POINT('',(0.00501835495998485,-0.0213423776380356,-0.0510740395402684));
#4421=CARTESIAN_POINT('',(0.00479592402364439,-0.0210946043863039,-0.0508132827196593));
#4422=CARTESIAN_POINT('',(-0.0052140682624105,-0.0291882463998434,-0.0672041111726172));
#4423=CARTESIAN_POINT('',(-0.00419901069884236,-0.030585351780037,-0.0658811945059506));
#4424=CARTESIAN_POINT('',(-0.00262139237239198,-0.0312877517492646,-0.0645582778392838));
#4425=CARTESIAN_POINT('',(-0.00104377404594161,-0.0319901517184921,-0.0632353611726172));
#4426=CARTESIAN_POINT('',(0.000673683486854072,-0.0318096387722354,-0.0619124445059505));
#4427=CARTESIAN_POINT('',(0.00239114101964976,-0.0316291258259787,-0.0605895278392838));
#4428=CARTESIAN_POINT('',(0.00378824639984341,-0.0306140682624105,-0.0592666111726172));
#4429=CARTESIAN_POINT('',(0.00518535178003705,-0.0295990106988424,-0.0579436945059505));
#4430=CARTESIAN_POINT('',(0.0058877517492646,-0.028021392372392,-0.0566207778392838));
#4431=CARTESIAN_POINT('',(0.00659015171849214,-0.0264437740459416,-0.0552978611726172));
#4432=CARTESIAN_POINT('',(0.00640963877223541,-0.024726316513146,-0.0539749445059505));
#4433=CARTESIAN_POINT('',(0.00622912582597869,-0.0230088589803503,-0.0526520278392839));
#4434=CARTESIAN_POINT('',(0.00521406826241054,-0.0216117536001566,-0.0513291111726172));
#4435=CARTESIAN_POINT('',(0.0041990106988424,-0.020214648219963,-0.0500061945059505));
#4436=CARTESIAN_POINT('',(0.00262139237239202,-0.0195122482507354,-0.0486832778392838));
#4437=CARTESIAN_POINT('',(0.00104377404594165,-0.0188098482815079,-0.0473603611726172));
#4438=CARTESIAN_POINT('',(-0.000673683486854034,-0.0189903612277646,-0.0460374445059505));
#4439=CARTESIAN_POINT('',(-0.00132220817741753,-0.0317078589209472,-0.0634884856376735));
#4440=CARTESIAN_POINT('',(-0.000332249040529404,-0.0319153670600015,-0.0626872903933196));
#4441=CARTESIAN_POINT('',(0.000673683486854072,-0.0318096387722354,-0.0619124445059505));
#4442=CARTESIAN_POINT('',(0.00239114101964976,-0.0316291258259787,-0.0605895278392839));
#4443=CARTESIAN_POINT('',(0.00378824639984341,-0.0306140682624105,-0.0592666111726172));
#4444=CARTESIAN_POINT('',(0.00518535178003705,-0.0295990106988424,-0.0579436945059505));
#4445=CARTESIAN_POINT('',(0.00588775174926459,-0.028021392372392,-0.0566207778392838));
#4446=CARTESIAN_POINT('',(0.00659015171849214,-0.0264437740459416,-0.0552978611726172));
#4447=CARTESIAN_POINT('',(0.00640963877223541,-0.024726316513146,-0.0539749445059505));
#4448=CARTESIAN_POINT('',(0.00622912582597868,-0.0230088589803503,-0.0526520278392839));
#4449=CARTESIAN_POINT('',(0.00521406826241054,-0.0216117536001566,-0.0513291111726172));
#4450=CARTESIAN_POINT('',(0.0046640138911666,-0.0208546695203508,-0.0506122295676631));
#4451=CARTESIAN_POINT('',(0.00392135630231328,-0.0202852875563419,-0.049870321385689));
#4452=CARTESIAN_POINT('',(-0.00140971707452905,-0.0321253376408151,-0.0637170700918102));
#4453=CARTESIAN_POINT('',(-0.000354238578636692,-0.0323465794783145,-0.0629158748474562));
#4454=CARTESIAN_POINT('',(0.000718270489070304,-0.0322338536798584,-0.0621410289600871));
#4455=CARTESIAN_POINT('',(0.00254939606378081,-0.0320413936823649,-0.0608181122934205));
#4456=CARTESIAN_POINT('',(0.00403896733025275,-0.0309591556479679,-0.0594951956267538));
#4457=CARTESIAN_POINT('',(0.00552853859672467,-0.0298769176135711,-0.0581722789600872));
#4458=CARTESIAN_POINT('',(0.00627742613703827,-0.0281948863496056,-0.0568493622934205));
#4459=CARTESIAN_POINT('',(0.00702631367735187,-0.0265128550856402,-0.0555264456267538));
#4460=CARTESIAN_POINT('',(0.00683385367985838,-0.0246817295109297,-0.0542035289600871));
#4461=CARTESIAN_POINT('',(0.00664139368236488,-0.0228506039362192,-0.0528806122934205));
#4462=CARTESIAN_POINT('',(0.00555915564796798,-0.0213610326697473,-0.0515576956267538));
#4463=CARTESIAN_POINT('',(0.00497269653184268,-0.020553841811012,-0.0508408140217998));
#4464=CARTESIAN_POINT('',(0.00418088696553072,-0.0199467759266065,-0.0500989058398257));
#4465=CARTESIAN_POINT('',(-0.00140971707452905,-0.0321253376408151,-0.0642010092835369));
#4466=CARTESIAN_POINT('',(-0.000354238578636692,-0.0323465794783145,-0.0633998140391829));
#4467=CARTESIAN_POINT('',(0.000718270489070308,-0.0322338536798584,-0.0626249681518139));
#4468=CARTESIAN_POINT('',(0.00254939606378081,-0.0320413936823649,-0.0613020514851472));
#4469=CARTESIAN_POINT('',(0.00403896733025276,-0.030959155647968,-0.0599791348184805));
#4470=CARTESIAN_POINT('',(0.00552853859672468,-0.0298769176135711,-0.0586562181518139));
#4471=CARTESIAN_POINT('',(0.00627742613703828,-0.0281948863496056,-0.0573333014851472));
#4472=CARTESIAN_POINT('',(0.00702631367735189,-0.0265128550856403,-0.0560103848184806));
#4473=CARTESIAN_POINT('',(0.00683385367985839,-0.0246817295109297,-0.0546874681518139));
#4474=CARTESIAN_POINT('',(0.00664139368236489,-0.0228506039362192,-0.0533645514851472));
#4475=CARTESIAN_POINT('',(0.00555915564796799,-0.0213610326697473,-0.0520416348184805));
#4476=CARTESIAN_POINT('',(0.00497269653184268,-0.020553841811012,-0.0513247532135265));
#4477=CARTESIAN_POINT('',(0.00418088696553073,-0.0199467759266065,-0.0505828450315524));
#4478=CARTESIAN_POINT('',(-0.00132220817741754,-0.0317078589209472,-0.0644295937376735));
#4479=CARTESIAN_POINT('',(-0.000332249040529404,-0.0319153670600015,-0.0636283984933196));
#4480=CARTESIAN_POINT('',(0.000673683486854079,-0.0318096387722354,-0.0628535526059505));
#4481=CARTESIAN_POINT('',(0.00239114101964977,-0.0316291258259787,-0.0615306359392839));
#4482=CARTESIAN_POINT('',(0.00378824639984342,-0.0306140682624105,-0.0602077192726172));
#4483=CARTESIAN_POINT('',(0.00518535178003706,-0.0295990106988424,-0.0588848026059505));
#4484=CARTESIAN_POINT('',(0.0058877517492646,-0.028021392372392,-0.0575618859392839));
#4485=CARTESIAN_POINT('',(0.00659015171849216,-0.0264437740459416,-0.0562389692726172));
#4486=CARTESIAN_POINT('',(0.00640963877223542,-0.024726316513146,-0.0549160526059505));
#4487=CARTESIAN_POINT('',(0.00622912582597869,-0.0230088589803502,-0.0535931359392838));
#4488=CARTESIAN_POINT('',(0.00521406826241055,-0.0216117536001566,-0.0522702192726172));
#4489=CARTESIAN_POINT('',(0.0046640138911666,-0.0208546695203508,-0.0515533376676632));
#4490=CARTESIAN_POINT('',(0.00392135630231328,-0.0202852875563419,-0.0508114294856891));
#4491=CARTESIAN_POINT('',(-0.0052140682624105,-0.0291882463998434,-0.0681452192726172));
#4492=CARTESIAN_POINT('',(-0.00419901069884236,-0.030585351780037,-0.0668223026059505));
#4493=CARTESIAN_POINT('',(-0.00262139237239199,-0.0312877517492646,-0.0654993859392838));
#4494=CARTESIAN_POINT('',(-0.00104377404594161,-0.0319901517184921,-0.0641764692726172));
#4495=CARTESIAN_POINT('',(0.000673683486854076,-0.0318096387722354,-0.0628535526059505));
#4496=CARTESIAN_POINT('',(0.00239114101964976,-0.0316291258259787,-0.0615306359392839));
#4497=CARTESIAN_POINT('',(0.00378824639984341,-0.0306140682624105,-0.0602077192726172));
#4498=CARTESIAN_POINT('',(0.00518535178003706,-0.0295990106988424,-0.0588848026059505));
#4499=CARTESIAN_POINT('',(0.0058877517492646,-0.028021392372392,-0.0575618859392838));
#4500=CARTESIAN_POINT('',(0.00659015171849215,-0.0264437740459416,-0.0562389692726172));
#4501=CARTESIAN_POINT('',(0.00640963877223542,-0.024726316513146,-0.0549160526059505));
#4502=CARTESIAN_POINT('',(0.00622912582597869,-0.0230088589803503,-0.0535931359392838));
#4503=CARTESIAN_POINT('',(0.00521406826241055,-0.0216117536001566,-0.0522702192726172));
#4504=CARTESIAN_POINT('',(0.00419901069884241,-0.020214648219963,-0.0509473026059505));
#4505=CARTESIAN_POINT('',(0.00262139237239203,-0.0195122482507354,-0.0496243859392838));
#4506=CARTESIAN_POINT('',(0.00104377404594165,-0.0188098482815079,-0.0483014692726172));
#4507=CARTESIAN_POINT('',(-0.000673683486854031,-0.0189903612277646,-0.0469785526059505));
#4508=CARTESIAN_POINT('',(-0.000140528406935094,-0.031843412946401,-0.0634871476181805));
#4509=CARTESIAN_POINT('',(0.000267647298912868,-0.0318523151046468,-0.0631663126189581));
#4510=CARTESIAN_POINT('',(0.000673683486854072,-0.0318096387722354,-0.0628535526059505));
#4511=CARTESIAN_POINT('',(0.00239114101964976,-0.0316291258259787,-0.0615306359392839));
#4512=CARTESIAN_POINT('',(0.00378824639984341,-0.0306140682624105,-0.0602077192726172));
#4513=CARTESIAN_POINT('',(0.00518535178003705,-0.0295990106988424,-0.0588848026059505));
#4514=CARTESIAN_POINT('',(0.00588775174926459,-0.028021392372392,-0.0575618859392838));
#4515=CARTESIAN_POINT('',(0.00659015171849214,-0.0264437740459416,-0.0562389692726172));
#4516=CARTESIAN_POINT('',(0.00640963877223541,-0.024726316513146,-0.0549160526059505));
#4517=CARTESIAN_POINT('',(0.00622912582597868,-0.0230088589803503,-0.0535931359392838));
#4518=CARTESIAN_POINT('',(0.00521406826241054,-0.0216117536001566,-0.0522702192726172));
#4519=CARTESIAN_POINT('',(0.00431421766001549,-0.0203732168283529,-0.0510974509468151));
#4520=CARTESIAN_POINT('',(0.00295351859127302,-0.0196716453878965,-0.0499086436452207));
#4521=CARTESIAN_POINT('',(-0.00010094192216802,-0.0300283203682262,-0.0645353410095483));
#4522=CARTESIAN_POINT('',(0.000192251754677795,-0.0300347148117724,-0.0642145060103259));
#4523=CARTESIAN_POINT('',(0.000483908610216578,-0.0300040602906073,-0.0639017459973183));
#4524=CARTESIAN_POINT('',(0.00171756284698899,-0.0298743973692893,-0.0625788293306516));
#4525=CARTESIAN_POINT('',(0.00272110729486121,-0.0291452788671128,-0.061255912663985));
#4526=CARTESIAN_POINT('',(0.00372465174273343,-0.0284161603649363,-0.0599329959973183));
#4527=CARTESIAN_POINT('',(0.00422918747732935,-0.0272829529957461,-0.0586100793306516));
#4528=CARTESIAN_POINT('',(0.00473372321192528,-0.0261497456265559,-0.057287162663985));
#4529=CARTESIAN_POINT('',(0.00460406029060728,-0.0249160913897835,-0.0559642459973183));
#4530=CARTESIAN_POINT('',(0.0044743973692893,-0.023682437153011,-0.0546413293306516));
#4531=CARTESIAN_POINT('',(0.0037452788671128,-0.0226788927051388,-0.053318412663985));
#4532=CARTESIAN_POINT('',(0.00309891382640065,-0.0217892485033128,-0.052145644338183));
#4533=CARTESIAN_POINT('',(0.00212152012724237,-0.0212853079030997,-0.0509568370365886));
#4534=CARTESIAN_POINT('',(0.00173904459401131,-0.0211096314141291,-0.063342583783987));
#4535=CARTESIAN_POINT('',(0.000666767921981001,-0.0206749981390487,-0.0620981861322008));
#4536=CARTESIAN_POINT('',(-0.000483908610216533,-0.0207959397093928,-0.0608642511145827));
#4537=CARTESIAN_POINT('',(-0.00171756284698895,-0.0209256026307107,-0.059541334447916));
#4538=CARTESIAN_POINT('',(-0.00272110729486116,-0.0216547211328872,-0.0582184177812494));
#4539=CARTESIAN_POINT('',(-0.00372465174273336,-0.0223838396350637,-0.0568955011145827));
#4540=CARTESIAN_POINT('',(-0.00422918747732929,-0.023517047004254,-0.055572584447916));
#4541=CARTESIAN_POINT('',(-0.00473372321192521,-0.0246502543734442,-0.0542496677812494));
#4542=CARTESIAN_POINT('',(-0.00460406029060722,-0.0258839086102165,-0.0529267511145827));
#4543=CARTESIAN_POINT('',(-0.00447439736928923,-0.027117562846989,-0.0516038344479161));
#4544=CARTESIAN_POINT('',(-0.00374527886711274,-0.0281211072948612,-0.0502809177812494));
#4545=CARTESIAN_POINT('',(-0.0036046974902113,-0.0283146007528416,-0.0500258461489006));
#4546=CARTESIAN_POINT('',(-0.00344492476700516,-0.0284925769274607,-0.0497650893282915));
#4547=CARTESIAN_POINT('',(0.00242104728279983,-0.0194270736916105,-0.0643907771753549));
#4548=CARTESIAN_POINT('',(0.000928254900034886,-0.0188219898925687,-0.0631463795235686));
#4549=CARTESIAN_POINT('',(-0.000673683486854027,-0.0189903612277646,-0.0619124445059505));
#4550=CARTESIAN_POINT('',(-0.00239114101964972,-0.0191708741740213,-0.0605895278392839));
#4551=CARTESIAN_POINT('',(-0.00378824639984336,-0.0201859317375894,-0.0592666111726172));
#4552=CARTESIAN_POINT('',(-0.00518535178003701,-0.0212009893011576,-0.0579436945059505));
#4553=CARTESIAN_POINT('',(-0.00588775174926455,-0.022778607627608,-0.0566207778392838));
#4554=CARTESIAN_POINT('',(-0.0065901517184921,-0.0243562259540584,-0.0552978611726172));
#4555=CARTESIAN_POINT('',(-0.00640963877223539,-0.0260736834868541,-0.0539749445059505));
#4556=CARTESIAN_POINT('',(-0.00622912582597865,-0.0277911410196498,-0.0526520278392839));
#4557=CARTESIAN_POINT('',(-0.00521406826241051,-0.0291882463998434,-0.0513291111726172));
#4558=CARTESIAN_POINT('',(-0.00501835495998482,-0.0294576223619644,-0.0510740395402684));
#4559=CARTESIAN_POINT('',(-0.00479592402364436,-0.0297053956136961,-0.0508132827196593));
#4560=CARTESIAN_POINT('',(0.00521406826241055,-0.0216117536001566,-0.0672041111726172));
#4561=CARTESIAN_POINT('',(0.00419901069884241,-0.020214648219963,-0.0658811945059506));
#4562=CARTESIAN_POINT('',(0.00262139237239203,-0.0195122482507354,-0.0645582778392838));
#4563=CARTESIAN_POINT('',(0.00104377404594166,-0.0188098482815079,-0.0632353611726172));
#4564=CARTESIAN_POINT('',(-0.000673683486854027,-0.0189903612277646,-0.0619124445059505));
#4565=CARTESIAN_POINT('',(-0.00239114101964971,-0.0191708741740213,-0.0605895278392839));
#4566=CARTESIAN_POINT('',(-0.00378824639984336,-0.0201859317375894,-0.0592666111726172));
#4567=CARTESIAN_POINT('',(-0.00518535178003701,-0.0212009893011576,-0.0579436945059505));
#4568=CARTESIAN_POINT('',(-0.00588775174926455,-0.022778607627608,-0.0566207778392838));
#4569=CARTESIAN_POINT('',(-0.0065901517184921,-0.0243562259540584,-0.0552978611726172));
#4570=CARTESIAN_POINT('',(-0.00640963877223538,-0.0260736834868541,-0.0539749445059505));
#4571=CARTESIAN_POINT('',(-0.00622912582597865,-0.0277911410196498,-0.0526520278392839));
#4572=CARTESIAN_POINT('',(-0.00521406826241051,-0.0291882463998434,-0.0513291111726172));
#4573=CARTESIAN_POINT('',(-0.00419901069884237,-0.030585351780037,-0.0500061945059505));
#4574=CARTESIAN_POINT('',(-0.00262139237239199,-0.0312877517492646,-0.0486832778392838));
#4575=CARTESIAN_POINT('',(-0.00104377404594162,-0.0319901517184921,-0.0473603611726172));
#4576=CARTESIAN_POINT('',(0.000673683486854065,-0.0318096387722354,-0.0460374445059505));
#4577=CARTESIAN_POINT('',(0.00132220817741758,-0.0190921410790528,-0.0634884856376735));
#4578=CARTESIAN_POINT('',(0.000332249040529447,-0.0188846329399985,-0.0626872903933196));
#4579=CARTESIAN_POINT('',(-0.000673683486854027,-0.0189903612277646,-0.0619124445059505));
#4580=CARTESIAN_POINT('',(-0.00239114101964972,-0.0191708741740213,-0.0605895278392839));
#4581=CARTESIAN_POINT('',(-0.00378824639984336,-0.0201859317375895,-0.0592666111726172));
#4582=CARTESIAN_POINT('',(-0.00518535178003701,-0.0212009893011576,-0.0579436945059505));
#4583=CARTESIAN_POINT('',(-0.00588775174926455,-0.022778607627608,-0.0566207778392839));
#4584=CARTESIAN_POINT('',(-0.0065901517184921,-0.0243562259540584,-0.0552978611726172));
#4585=CARTESIAN_POINT('',(-0.00640963877223538,-0.0260736834868541,-0.0539749445059505));
#4586=CARTESIAN_POINT('',(-0.00622912582597865,-0.0277911410196498,-0.0526520278392839));
#4587=CARTESIAN_POINT('',(-0.0052140682624105,-0.0291882463998434,-0.0513291111726172));
#4588=CARTESIAN_POINT('',(-0.00466401389116655,-0.0299453304796493,-0.0506122295676631));
#4589=CARTESIAN_POINT('',(-0.00392135630231323,-0.0305147124436581,-0.049870321385689));
#4590=CARTESIAN_POINT('',(0.0014097170745291,-0.0186746623591849,-0.0637170700918102));
#4591=CARTESIAN_POINT('',(0.000354238578636738,-0.0184534205216855,-0.0629158748474562));
#4592=CARTESIAN_POINT('',(-0.000718270489070254,-0.0185661463201416,-0.0621410289600871));
#4593=CARTESIAN_POINT('',(-0.00254939606378077,-0.0187586063176351,-0.0608181122934205));
#4594=CARTESIAN_POINT('',(-0.0040389673302527,-0.019840844352032,-0.0594951956267538));
#4595=CARTESIAN_POINT('',(-0.00552853859672463,-0.0209230823864289,-0.0581722789600872));
#4596=CARTESIAN_POINT('',(-0.00627742613703823,-0.0226051136503944,-0.0568493622934205));
#4597=CARTESIAN_POINT('',(-0.00702631367735183,-0.0242871449143597,-0.0555264456267538));
#4598=CARTESIAN_POINT('',(-0.00683385367985834,-0.0261182704890703,-0.0542035289600871));
#4599=CARTESIAN_POINT('',(-0.00664139368236485,-0.0279493960637808,-0.0528806122934205));
#4600=CARTESIAN_POINT('',(-0.00555915564796794,-0.0294389673302527,-0.0515576956267538));
#4601=CARTESIAN_POINT('',(-0.00497269653184264,-0.030246158188988,-0.0508408140217998));
#4602=CARTESIAN_POINT('',(-0.00418088696553069,-0.0308532240733935,-0.0500989058398257));
#4603=CARTESIAN_POINT('',(0.0014097170745291,-0.0186746623591849,-0.0642010092835369));
#4604=CARTESIAN_POINT('',(0.000354238578636738,-0.0184534205216855,-0.0633998140391829));
#4605=CARTESIAN_POINT('',(-0.00071827048907026,-0.0185661463201416,-0.0626249681518139));
#4606=CARTESIAN_POINT('',(-0.00254939606378076,-0.0187586063176351,-0.0613020514851472));
#4607=CARTESIAN_POINT('',(-0.00403896733025271,-0.019840844352032,-0.0599791348184805));
#4608=CARTESIAN_POINT('',(-0.00552853859672463,-0.0209230823864289,-0.0586562181518139));
#4609=CARTESIAN_POINT('',(-0.00627742613703824,-0.0226051136503943,-0.0573333014851472));
#4610=CARTESIAN_POINT('',(-0.00702631367735185,-0.0242871449143597,-0.0560103848184806));
#4611=CARTESIAN_POINT('',(-0.00683385367985835,-0.0261182704890703,-0.0546874681518139));
#4612=CARTESIAN_POINT('',(-0.00664139368236485,-0.0279493960637808,-0.0533645514851472));
#4613=CARTESIAN_POINT('',(-0.00555915564796795,-0.0294389673302527,-0.0520416348184805));
#4614=CARTESIAN_POINT('',(-0.00497269653184265,-0.030246158188988,-0.0513247532135265));
#4615=CARTESIAN_POINT('',(-0.00418088696553069,-0.0308532240733935,-0.0505828450315524));
#4616=CARTESIAN_POINT('',(0.00132220817741759,-0.0190921410790528,-0.0644295937376735));
#4617=CARTESIAN_POINT('',(0.000332249040529452,-0.0188846329399985,-0.0636283984933196));
#4618=CARTESIAN_POINT('',(-0.000673683486854027,-0.0189903612277646,-0.0628535526059505));
#4619=CARTESIAN_POINT('',(-0.00239114101964972,-0.0191708741740213,-0.0615306359392839));
#4620=CARTESIAN_POINT('',(-0.00378824639984337,-0.0201859317375894,-0.0602077192726172));
#4621=CARTESIAN_POINT('',(-0.00518535178003702,-0.0212009893011576,-0.0588848026059505));
#4622=CARTESIAN_POINT('',(-0.00588775174926456,-0.022778607627608,-0.0575618859392839));
#4623=CARTESIAN_POINT('',(-0.00659015171849212,-0.0243562259540584,-0.0562389692726172));
#4624=CARTESIAN_POINT('',(-0.00640963877223538,-0.0260736834868541,-0.0549160526059505));
#4625=CARTESIAN_POINT('',(-0.00622912582597866,-0.0277911410196498,-0.0535931359392838));
#4626=CARTESIAN_POINT('',(-0.00521406826241051,-0.0291882463998434,-0.0522702192726172));
#4627=CARTESIAN_POINT('',(-0.00466401389116656,-0.0299453304796493,-0.0515533376676632));
#4628=CARTESIAN_POINT('',(-0.00392135630231324,-0.0305147124436581,-0.0508114294856891));
#4629=CARTESIAN_POINT('',(0.00521406826241055,-0.0216117536001566,-0.0681452192726172));
#4630=CARTESIAN_POINT('',(0.00419901069884241,-0.020214648219963,-0.0668223026059505));
#4631=CARTESIAN_POINT('',(0.00262139237239203,-0.0195122482507354,-0.0654993859392838));
#4632=CARTESIAN_POINT('',(0.00104377404594166,-0.0188098482815079,-0.0641764692726172));
#4633=CARTESIAN_POINT('',(-0.000673683486854027,-0.0189903612277646,-0.0628535526059505));
#4634=CARTESIAN_POINT('',(-0.00239114101964971,-0.0191708741740213,-0.0615306359392839));
#4635=CARTESIAN_POINT('',(-0.00378824639984336,-0.0201859317375894,-0.0602077192726172));
#4636=CARTESIAN_POINT('',(-0.00518535178003701,-0.0212009893011576,-0.0588848026059505));
#4637=CARTESIAN_POINT('',(-0.00588775174926455,-0.022778607627608,-0.0575618859392839));
#4638=CARTESIAN_POINT('',(-0.00659015171849211,-0.0243562259540584,-0.0562389692726172));
#4639=CARTESIAN_POINT('',(-0.00640963877223538,-0.0260736834868541,-0.0549160526059505));
#4640=CARTESIAN_POINT('',(-0.00622912582597866,-0.0277911410196498,-0.0535931359392838));
#4641=CARTESIAN_POINT('',(-0.00521406826241051,-0.0291882463998434,-0.0522702192726172));
#4642=CARTESIAN_POINT('',(-0.00419901069884237,-0.030585351780037,-0.0509473026059506));
#4643=CARTESIAN_POINT('',(-0.002621392372392,-0.0312877517492646,-0.0496243859392839));
#4644=CARTESIAN_POINT('',(-0.00104377404594163,-0.0319901517184921,-0.0483014692726172));
#4645=CARTESIAN_POINT('',(0.000673683486854062,-0.0318096387722354,-0.0469785526059505));
#4646=CARTESIAN_POINT('',(0.000140528406935142,-0.0189565870535991,-0.0634871476181805));
#4647=CARTESIAN_POINT('',(-0.00026764729891282,-0.0189476848953532,-0.0631663126189581));
#4648=CARTESIAN_POINT('',(-0.000673683486854024,-0.0189903612277646,-0.0628535526059505));
#4649=CARTESIAN_POINT('',(-0.00239114101964971,-0.0191708741740213,-0.0615306359392839));
#4650=CARTESIAN_POINT('',(-0.00378824639984336,-0.0201859317375894,-0.0602077192726172));
#4651=CARTESIAN_POINT('',(-0.00518535178003701,-0.0212009893011576,-0.0588848026059505));
#4652=CARTESIAN_POINT('',(-0.00588775174926455,-0.022778607627608,-0.0575618859392838));
#4653=CARTESIAN_POINT('',(-0.0065901517184921,-0.0243562259540584,-0.0562389692726172));
#4654=CARTESIAN_POINT('',(-0.00640963877223537,-0.0260736834868541,-0.0549160526059505));
#4655=CARTESIAN_POINT('',(-0.00622912582597865,-0.0277911410196498,-0.0535931359392838));
#4656=CARTESIAN_POINT('',(-0.00521406826241051,-0.0291882463998434,-0.0522702192726172));
#4657=CARTESIAN_POINT('',(-0.00431421766001545,-0.0304267831716471,-0.0510974509468151));
#4658=CARTESIAN_POINT('',(-0.00295351859127297,-0.0311283546121035,-0.0499086436452207));
#4659=CARTESIAN_POINT('',(0.000100941922168071,-0.0207716796317738,-0.0645353410095483));
#4660=CARTESIAN_POINT('',(-0.000192251754677745,-0.0207652851882276,-0.0642145060103259));
#4661=CARTESIAN_POINT('',(-0.00048390861021653,-0.0207959397093927,-0.0639017459973183));
#4662=CARTESIAN_POINT('',(-0.00171756284698895,-0.0209256026307107,-0.0625788293306516));
#4663=CARTESIAN_POINT('',(-0.00272110729486117,-0.0216547211328872,-0.061255912663985));
#4664=CARTESIAN_POINT('',(-0.00372465174273339,-0.0223838396350637,-0.0599329959973183));
#4665=CARTESIAN_POINT('',(-0.00422918747732931,-0.0235170470042539,-0.0586100793306516));
#4666=CARTESIAN_POINT('',(-0.00473372321192524,-0.0246502543734441,-0.057287162663985));
#4667=CARTESIAN_POINT('',(-0.00460406029060724,-0.0258839086102165,-0.0559642459973183));
#4668=CARTESIAN_POINT('',(-0.00447439736928926,-0.027117562846989,-0.0546413293306516));
#4669=CARTESIAN_POINT('',(-0.00374527886711276,-0.0281211072948612,-0.053318412663985));
#4670=CARTESIAN_POINT('',(-0.00309891382640061,-0.0290107514966872,-0.052145644338183));
#4671=CARTESIAN_POINT('',(-0.00212152012724233,-0.0295146920969003,-0.0509568370365885));
#4672=CARTESIAN_POINT('',(-0.00111489875114284,-0.0209068341364592,-0.063342583783987));
#4673=CARTESIAN_POINT('',(-0.00223785983073495,-0.0211854768447951,-0.0620981861322008));
#4674=CARTESIAN_POINT('',(-0.00309768902887388,-0.0219596713263145,-0.0608642511145827));
#4675=CARTESIAN_POINT('',(-0.00401952231868554,-0.022789694600004,-0.059541334447916));
#4676=CARTESIAN_POINT('',(-0.00440284172887187,-0.0239694324856573,-0.0582184177812494));
#4677=CARTESIAN_POINT('',(-0.0047861611390582,-0.0251491703713106,-0.0568955011145828));
#4678=CARTESIAN_POINT('',(-0.00452825654321659,-0.0263625130551864,-0.055572584447916));
#4679=CARTESIAN_POINT('',(-0.00427035194737498,-0.0275758557390622,-0.0542496677812494));
#4680=CARTESIAN_POINT('',(-0.00344032867368547,-0.0284976890288739,-0.0529267511145827));
#4681=CARTESIAN_POINT('',(-0.00261030539999596,-0.0294195223186856,-0.0516038344479161));
#4682=CARTESIAN_POINT('',(-0.00143056751434269,-0.0298028417288719,-0.0502809177812494));
#4683=CARTESIAN_POINT('',(-0.00120310219032079,-0.0298767495645888,-0.0500258461489006));
#4684=CARTESIAN_POINT('',(-0.000969231571308925,-0.0299268232640303,-0.0497650893282915));
#4685=CARTESIAN_POINT('',(-0.00155212960113071,-0.0191447452224313,-0.0643907771753548));
#4686=CARTESIAN_POINT('',(-0.00311548334133891,-0.0195326634933092,-0.0631463795235685));
#4687=CARTESIAN_POINT('',(-0.00431251253253667,-0.0206104745237428,-0.0619124445059505));
#4688=CARTESIAN_POINT('',(-0.00559586201602809,-0.0217660087741851,-0.0605895278392839));
#4689=CARTESIAN_POINT('',(-0.00612950814544414,-0.0234084055317569,-0.0592666111726172));
#4690=CARTESIAN_POINT('',(-0.0066631542748602,-0.0250508022893286,-0.0579436945059505));
#4691=CARTESIAN_POINT('',(-0.00630410700077985,-0.026739982669187,-0.0566207778392838));
#4692=CARTESIAN_POINT('',(-0.00594505972669951,-0.0284291630490453,-0.0552978611726172));
#4693=CARTESIAN_POINT('',(-0.00478952547625721,-0.0297125125325367,-0.0539749445059505));
#4694=CARTESIAN_POINT('',(-0.0036339912258149,-0.0309958620160281,-0.0526520278392839));
#4695=CARTESIAN_POINT('',(-0.00199159446824315,-0.0315295081454441,-0.0513291111726172));
#4696=CARTESIAN_POINT('',(-0.00167492386269867,-0.0316324004838329,-0.0510740395402684));
#4697=CARTESIAN_POINT('',(-0.00134933599184405,-0.0317021116312009,-0.0508132827196593));
#4698=CARTESIAN_POINT('',(0.00199159446824319,-0.0192704918545559,-0.0672041111726172));
#4699=CARTESIAN_POINT('',(0.000349197710671447,-0.0187368457251398,-0.0658811945059506));
#4700=CARTESIAN_POINT('',(-0.00133998266918691,-0.0190958929992201,-0.0645582778392838));
#4701=CARTESIAN_POINT('',(-0.00302916304904526,-0.0194549402733005,-0.0632353611726172));
#4702=CARTESIAN_POINT('',(-0.00431251253253667,-0.0206104745237428,-0.0619124445059505));
#4703=CARTESIAN_POINT('',(-0.00559586201602809,-0.0217660087741851,-0.0605895278392839));
#4704=CARTESIAN_POINT('',(-0.00612950814544414,-0.0234084055317569,-0.0592666111726172));
#4705=CARTESIAN_POINT('',(-0.00666315427486019,-0.0250508022893286,-0.0579436945059505));
#4706=CARTESIAN_POINT('',(-0.00630410700077985,-0.026739982669187,-0.0566207778392838));
#4707=CARTESIAN_POINT('',(-0.00594505972669951,-0.0284291630490453,-0.0552978611726172));
#4708=CARTESIAN_POINT('',(-0.00478952547625721,-0.0297125125325367,-0.0539749445059505));
#4709=CARTESIAN_POINT('',(-0.0036339912258149,-0.0309958620160281,-0.0526520278392839));
#4710=CARTESIAN_POINT('',(-0.00199159446824315,-0.0315295081454441,-0.0513291111726172));
#4711=CARTESIAN_POINT('',(-0.000349197710671397,-0.0320631542748602,-0.0500061945059505));
#4712=CARTESIAN_POINT('',(0.00133998266918695,-0.0317041070007799,-0.0486832778392838));
#4713=CARTESIAN_POINT('',(0.0030291630490453,-0.0313450597266995,-0.0473603611726172));
#4714=CARTESIAN_POINT('',(0.00431251253253671,-0.0301895254762573,-0.0460374445059505));
#4715=CARTESIAN_POINT('',(-0.00263797756164193,-0.0195196604676876,-0.0634884856376736));
#4716=CARTESIAN_POINT('',(-0.00356084155098794,-0.0199336662377566,-0.0626872903933196));
#4717=CARTESIAN_POINT('',(-0.00431251253253667,-0.0206104745237428,-0.0619124445059505));
#4718=CARTESIAN_POINT('',(-0.00559586201602809,-0.0217660087741851,-0.0605895278392839));
#4719=CARTESIAN_POINT('',(-0.00612950814544413,-0.0234084055317569,-0.0592666111726172));
#4720=CARTESIAN_POINT('',(-0.00666315427486019,-0.0250508022893286,-0.0579436945059505));
#4721=CARTESIAN_POINT('',(-0.00630410700077984,-0.026739982669187,-0.0566207778392839));
#4722=CARTESIAN_POINT('',(-0.00594505972669951,-0.0284291630490453,-0.0552978611726172));
#4723=CARTESIAN_POINT('',(-0.00478952547625721,-0.0297125125325367,-0.0539749445059505));
#4724=CARTESIAN_POINT('',(-0.0036339912258149,-0.0309958620160281,-0.0526520278392839));
#4725=CARTESIAN_POINT('',(-0.00199159446824315,-0.0315295081454441,-0.0513291111726172));
#4726=CARTESIAN_POINT('',(-0.00110158827722127,-0.0318186881848016,-0.0506122295676631));
#4727=CARTESIAN_POINT('',(-0.000166091345471659,-0.0318428046917443,-0.049870321385689));
#4728=CARTESIAN_POINT('',(-0.00281256921140398,-0.019130476649358,-0.0637170700918102));
#4729=CARTESIAN_POINT('',(-0.00379651194105043,-0.0195718829369516,-0.0629158748474562));
#4730=CARTESIAN_POINT('',(-0.00459793144156123,-0.0202934850365552,-0.0621410289600871));
#4731=CARTESIAN_POINT('',(-0.00596621800215371,-0.0215254970531752,-0.0608181122934205));
#4732=CARTESIAN_POINT('',(-0.00653518291497361,-0.0232765940376321,-0.0594951956267538));
#4733=CARTESIAN_POINT('',(-0.00710414782779354,-0.025027691022089,-0.0581722789600872));
#4734=CARTESIAN_POINT('',(-0.00672133740392914,-0.0268286679515289,-0.0568493622934205));
#4735=CARTESIAN_POINT('',(-0.00633852698006475,-0.0286296448809688,-0.0555264456267538));
#4736=CARTESIAN_POINT('',(-0.00510651496344474,-0.0299979314415613,-0.0542035289600871));
#4737=CARTESIAN_POINT('',(-0.00387450294682476,-0.0313662180021537,-0.0528806122934205));
#4738=CARTESIAN_POINT('',(-0.00212340596236789,-0.0319351829149737,-0.0515576956267538));
#4739=CARTESIAN_POINT('',(-0.00117449568836653,-0.0322435020178637,-0.0508408140217998));
#4740=CARTESIAN_POINT('',(-0.000177083918888033,-0.0322692146493507,-0.0500989058398257));
#4741=CARTESIAN_POINT('',(-0.00281256921140398,-0.019130476649358,-0.0642010092835369));
#4742=CARTESIAN_POINT('',(-0.00379651194105044,-0.0195718829369516,-0.0633998140391829));
#4743=CARTESIAN_POINT('',(-0.00459793144156124,-0.0202934850365552,-0.0626249681518139));
#4744=CARTESIAN_POINT('',(-0.00596621800215371,-0.0215254970531752,-0.0613020514851472));
#4745=CARTESIAN_POINT('',(-0.00653518291497362,-0.0232765940376321,-0.0599791348184805));
#4746=CARTESIAN_POINT('',(-0.00710414782779354,-0.025027691022089,-0.0586562181518139));
#4747=CARTESIAN_POINT('',(-0.00672133740392914,-0.0268286679515289,-0.0573333014851472));
#4748=CARTESIAN_POINT('',(-0.00633852698006476,-0.0286296448809688,-0.0560103848184806));
#4749=CARTESIAN_POINT('',(-0.00510651496344475,-0.0299979314415613,-0.0546874681518139));
#4750=CARTESIAN_POINT('',(-0.00387450294682475,-0.0313662180021537,-0.0533645514851472));
#4751=CARTESIAN_POINT('',(-0.00212340596236789,-0.0319351829149737,-0.0520416348184805));
#4752=CARTESIAN_POINT('',(-0.00117449568836653,-0.0322435020178637,-0.0513247532135265));
#4753=CARTESIAN_POINT('',(-0.000177083918888032,-0.0322692146493507,-0.0505828450315524));
#4754=CARTESIAN_POINT('',(-0.00263797756164193,-0.0195196604676875,-0.0644295937376736));
#4755=CARTESIAN_POINT('',(-0.00356084155098795,-0.0199336662377565,-0.0636283984933196));
#4756=CARTESIAN_POINT('',(-0.00431251253253668,-0.0206104745237428,-0.0628535526059505));
#4757=CARTESIAN_POINT('',(-0.0055958620160281,-0.0217660087741851,-0.0615306359392839));
#4758=CARTESIAN_POINT('',(-0.00612950814544415,-0.0234084055317569,-0.0602077192726172));
#4759=CARTESIAN_POINT('',(-0.0066631542748602,-0.0250508022893286,-0.0588848026059505));
#4760=CARTESIAN_POINT('',(-0.00630410700077986,-0.026739982669187,-0.0575618859392839));
#4761=CARTESIAN_POINT('',(-0.00594505972669952,-0.0284291630490453,-0.0562389692726172));
#4762=CARTESIAN_POINT('',(-0.00478952547625721,-0.0297125125325367,-0.0549160526059505));
#4763=CARTESIAN_POINT('',(-0.0036339912258149,-0.0309958620160281,-0.0535931359392838));
#4764=CARTESIAN_POINT('',(-0.00199159446824315,-0.0315295081454441,-0.0522702192726172));
#4765=CARTESIAN_POINT('',(-0.00110158827722127,-0.0318186881848016,-0.0515533376676632));
#4766=CARTESIAN_POINT('',(-0.000166091345471657,-0.0318428046917443,-0.0508114294856891));
#4767=CARTESIAN_POINT('',(0.00199159446824319,-0.0192704918545559,-0.0681452192726172));
#4768=CARTESIAN_POINT('',(0.000349197710671447,-0.0187368457251398,-0.0668223026059505));
#4769=CARTESIAN_POINT('',(-0.00133998266918691,-0.0190958929992201,-0.0654993859392838));
#4770=CARTESIAN_POINT('',(-0.00302916304904526,-0.0194549402733004,-0.0641764692726172));
#4771=CARTESIAN_POINT('',(-0.00431251253253667,-0.0206104745237428,-0.0628535526059505));
#4772=CARTESIAN_POINT('',(-0.00559586201602809,-0.0217660087741851,-0.0615306359392839));
#4773=CARTESIAN_POINT('',(-0.00612950814544414,-0.0234084055317569,-0.0602077192726172));
#4774=CARTESIAN_POINT('',(-0.0066631542748602,-0.0250508022893286,-0.0588848026059505));
#4775=CARTESIAN_POINT('',(-0.00630410700077985,-0.026739982669187,-0.0575618859392839));
#4776=CARTESIAN_POINT('',(-0.00594505972669952,-0.0284291630490453,-0.0562389692726172));
#4777=CARTESIAN_POINT('',(-0.00478952547625721,-0.0297125125325367,-0.0549160526059505));
#4778=CARTESIAN_POINT('',(-0.0036339912258149,-0.0309958620160281,-0.0535931359392838));
#4779=CARTESIAN_POINT('',(-0.00199159446824315,-0.0315295081454441,-0.0522702192726172));
#4780=CARTESIAN_POINT('',(-0.000349197710671401,-0.0320631542748602,-0.0509473026059506));
#4781=CARTESIAN_POINT('',(0.00133998266918695,-0.0317041070007799,-0.0496243859392839));
#4782=CARTESIAN_POINT('',(0.0030291630490453,-0.0313450597266995,-0.0483014692726172));
#4783=CARTESIAN_POINT('',(0.00431251253253671,-0.0301895254762573,-0.0469785526059505));
#4784=CARTESIAN_POINT('',(-0.00367365323492191,-0.0201045688994615,-0.0634871476181805));
#4785=CARTESIAN_POINT('',(-0.0040091068749744,-0.0203372865623955,-0.0631663126189581));
#4786=CARTESIAN_POINT('',(-0.00431251253253667,-0.0206104745237428,-0.0628535526059505));
#4787=CARTESIAN_POINT('',(-0.00559586201602809,-0.0217660087741851,-0.0615306359392839));
#4788=CARTESIAN_POINT('',(-0.00612950814544414,-0.0234084055317569,-0.0602077192726172));
#4789=CARTESIAN_POINT('',(-0.00666315427486019,-0.0250508022893286,-0.0588848026059505));
#4790=CARTESIAN_POINT('',(-0.00630410700077984,-0.026739982669187,-0.0575618859392838));
#4791=CARTESIAN_POINT('',(-0.00594505972669951,-0.0284291630490453,-0.0562389692726172));
#4792=CARTESIAN_POINT('',(-0.00478952547625721,-0.0297125125325367,-0.0549160526059505));
#4793=CARTESIAN_POINT('',(-0.0036339912258149,-0.0309958620160281,-0.0535931359392838));
#4794=CARTESIAN_POINT('',(-0.00199159446824315,-0.0315295081454441,-0.0522702192726172));
#4795=CARTESIAN_POINT('',(-0.000535606389618857,-0.0320025865286373,-0.0510974509468151));
#4796=CARTESIAN_POINT('',(0.000977595627353842,-0.0317703709013198,-0.0499086436452207));
#4797=CARTESIAN_POINT('',(-0.00263879472484939,-0.0215962779935049,-0.0645353410095483));
#4798=CARTESIAN_POINT('',(-0.00287975195167399,-0.0217634396993218,-0.0642145060103259));
#4799=CARTESIAN_POINT('',(-0.00309768902887388,-0.0219596713263145,-0.0639017459973183));
#4800=CARTESIAN_POINT('',(-0.00401952231868556,-0.022789694600004,-0.0625788293306516));
#4801=CARTESIAN_POINT('',(-0.00440284172887188,-0.0239694324856573,-0.061255912663985));
#4802=CARTESIAN_POINT('',(-0.00478616113905821,-0.0251491703713106,-0.0599329959973183));
#4803=CARTESIAN_POINT('',(-0.0045282565432166,-0.0263625130551864,-0.0586100793306516));
#4804=CARTESIAN_POINT('',(-0.004270351947375,-0.0275758557390622,-0.057287162663985));
#4805=CARTESIAN_POINT('',(-0.00344032867368548,-0.0284976890288739,-0.0559642459973183));
#4806=CARTESIAN_POINT('',(-0.00261030539999597,-0.0294195223186856,-0.0546413293306516));
#4807=CARTESIAN_POINT('',(-0.0014305675143427,-0.0298028417288719,-0.053318412663985));
#4808=CARTESIAN_POINT('',(-0.00038472747021587,-0.0301426551685683,-0.052145644338183));
#4809=CARTESIAN_POINT('',(0.000702209495434865,-0.0299758540762473,-0.0509568370365885));
#4810=CARTESIAN_POINT('',(0.00461777733442602,-0.0257281328880957,-0.0633425837839871));
#4811=CARTESIAN_POINT('',(0.00469978642856067,-0.0245740281035694,-0.0620981861322008));
#4812=CARTESIAN_POINT('',(0.00422918555651656,-0.0235170426900377,-0.0608642511145827));
#4813=CARTESIAN_POINT('',(0.00372464866592988,-0.0223838358355277,-0.0595413344479161));
#4814=CARTESIAN_POINT('',(0.00272110347428042,-0.0216547183570727,-0.0582184177812494));
#4815=CARTESIAN_POINT('',(0.00171755828263096,-0.0209256008786178,-0.0568955011145828));
#4816=CARTESIAN_POINT('',(0.000483903913589329,-0.0207959392157573,-0.055572584447916));
#4817=CARTESIAN_POINT('',(-0.000749750455452305,-0.0206662775528968,-0.0542496677812494));
#4818=CARTESIAN_POINT('',(-0.00188295730996228,-0.0211708144434835,-0.0529267511145827));
#4819=CARTESIAN_POINT('',(-0.00301616416447225,-0.0216753513340701,-0.051603834447916));
#4820=CARTESIAN_POINT('',(-0.00374528164292721,-0.0226788965257196,-0.0502809177812494));
#4821=CARTESIAN_POINT('',(-0.00388586282244485,-0.0228723901271078,-0.0500258461489006));
#4822=CARTESIAN_POINT('',(-0.00400575573635335,-0.0230793406791904,-0.0497650893282915));
#4823=CARTESIAN_POINT('',(0.00642873524151499,-0.0258568170591238,-0.0643907771753548));
#4824=CARTESIAN_POINT('',(0.00654290591615053,-0.0242501059590946,-0.0631463795235686));
#4825=CARTESIAN_POINT('',(0.00588774907516489,-0.0227786016214817,-0.0619124445059505));
#4826=CARTESIAN_POINT('',(0.00518534749660066,-0.0212009840115542,-0.0605895278392838));
#4827=CARTESIAN_POINT('',(0.00378824108094199,-0.0201859278731814,-0.0592666111726172));
#4828=CARTESIAN_POINT('',(0.00239113466528331,-0.0191708717348086,-0.0579436945059505));
#4829=CARTESIAN_POINT('',(0.000673676948346274,-0.0189903605405397,-0.0566207778392838));
#4830=CARTESIAN_POINT('',(-0.00104378076859076,-0.0188098493462709,-0.0552978611726172));
#4831=CARTESIAN_POINT('',(-0.00262139837851827,-0.0195122509248352,-0.0539749445059505));
#4832=CARTESIAN_POINT('',(-0.00419901598844579,-0.0202146525033994,-0.0526520278392839));
#4833=CARTESIAN_POINT('',(-0.0052140721268186,-0.0216117589190581,-0.0513291111726172));
#4834=CARTESIAN_POINT('',(-0.0054097851544523,-0.0218811350808272,-0.0510740395402684));
#4835=CARTESIAN_POINT('',(-0.00557669658067145,-0.022169245617796,-0.0508132827196593));
#4836=CARTESIAN_POINT('',(0.00521407212681864,-0.029188241080942,-0.0672041111726172));
#4837=CARTESIAN_POINT('',(0.00622912826519144,-0.0277911346652833,-0.0658811945059506));
#4838=CARTESIAN_POINT('',(0.00640963945946028,-0.0260736769483462,-0.0645582778392838));
#4839=CARTESIAN_POINT('',(0.00659015065372912,-0.0243562192314092,-0.0632353611726172));
#4840=CARTESIAN_POINT('',(0.00588774907516489,-0.0227786016214817,-0.0619124445059505));
#4841=CARTESIAN_POINT('',(0.00518534749660066,-0.0212009840115542,-0.0605895278392838));
#4842=CARTESIAN_POINT('',(0.00378824108094199,-0.0201859278731814,-0.0592666111726172));
#4843=CARTESIAN_POINT('',(0.00239113466528331,-0.0191708717348086,-0.0579436945059505));
#4844=CARTESIAN_POINT('',(0.000673676948346276,-0.0189903605405397,-0.0566207778392838));
#4845=CARTESIAN_POINT('',(-0.00104378076859076,-0.0188098493462709,-0.0552978611726172));
#4846=CARTESIAN_POINT('',(-0.00262139837851827,-0.0195122509248352,-0.0539749445059505));
#4847=CARTESIAN_POINT('',(-0.00419901598844579,-0.0202146525033994,-0.0526520278392839));
#4848=CARTESIAN_POINT('',(-0.00521407212681859,-0.0216117589190581,-0.0513291111726172));
#4849=CARTESIAN_POINT('',(-0.0062291282651914,-0.0230088653347167,-0.0500061945059505));
#4850=CARTESIAN_POINT('',(-0.00640963945946024,-0.0247263230516538,-0.0486832778392838));
#4851=CARTESIAN_POINT('',(-0.00659015065372909,-0.0264437807685908,-0.0473603611726172));
#4852=CARTESIAN_POINT('',(-0.00588774907516485,-0.0280213983785183,-0.0460374445059505));
#4853=CARTESIAN_POINT('',(0.00640771512756092,-0.0247082590983394,-0.0634884856376736));
#4854=CARTESIAN_POINT('',(0.00629915289835759,-0.0237026284688971,-0.0626872903933196));
#4855=CARTESIAN_POINT('',(0.00588774907516488,-0.0227786016214817,-0.0619124445059505));
#4856=CARTESIAN_POINT('',(0.00518534749660066,-0.0212009840115542,-0.0605895278392839));
#4857=CARTESIAN_POINT('',(0.00378824108094198,-0.0201859278731814,-0.0592666111726172));
#4858=CARTESIAN_POINT('',(0.0023911346652833,-0.0191708717348086,-0.0579436945059505));
#4859=CARTESIAN_POINT('',(0.000673676948346274,-0.0189903605405397,-0.0566207778392839));
#4860=CARTESIAN_POINT('',(-0.00104378076859076,-0.0188098493462709,-0.0552978611726172));
#4861=CARTESIAN_POINT('',(-0.00262139837851827,-0.0195122509248352,-0.0539749445059505));
#4862=CARTESIAN_POINT('',(-0.00419901598844579,-0.0202146525033994,-0.0526520278392839));
#4863=CARTESIAN_POINT('',(-0.00521407212681859,-0.0216117589190581,-0.0513291111726172));
#4864=CARTESIAN_POINT('',(-0.00576412572575665,-0.022368843559977,-0.0506122295676632));
#4865=CARTESIAN_POINT('',(-0.00607614633693104,-0.0232511016024013,-0.0498703213856891));
#4866=CARTESIAN_POINT('',(0.0068318027208723,-0.024662476985942,-0.0637170700918102));
#4867=CARTESIAN_POINT('',(0.00671605541967516,-0.0235902897969602,-0.0629158748474562));
#4868=CARTESIAN_POINT('',(0.00627742328595621,-0.0226051072467592,-0.0621410289600871));
#4869=CARTESIAN_POINT('',(0.00552853402979374,-0.0209230767467389,-0.0608181122934205));
#4870=CARTESIAN_POINT('',(0.00403896165932566,-0.0198408402318623,-0.0594951956267538));
#4871=CARTESIAN_POINT('',(0.00254938928885759,-0.0187586037169858,-0.0581722789600872));
#4872=CARTESIAN_POINT('',(0.000718263517818545,-0.0185661455874336,-0.0568493622934205));
#4873=CARTESIAN_POINT('',(-0.0011128622532205,-0.0183736874578813,-0.0555264456267538));
#4874=CARTESIAN_POINT('',(-0.00279489275324079,-0.0191225767140438,-0.0542035289600871));
#4875=CARTESIAN_POINT('',(-0.00447692325326107,-0.0198714659702063,-0.0528806122934205));
#4876=CARTESIAN_POINT('',(-0.00555915976813764,-0.0213610383406744,-0.0515576956267538));
#4877=CARTESIAN_POINT('',(-0.00614561806084284,-0.0221682297976593,-0.0508408140217998));
#4878=CARTESIAN_POINT('',(-0.00647828941372815,-0.0231088791203517,-0.0500989058398257));
#4879=CARTESIAN_POINT('',(0.0068318027208723,-0.024662476985942,-0.0642010092835369));
#4880=CARTESIAN_POINT('',(0.00671605541967516,-0.0235902897969602,-0.0633998140391829));
#4881=CARTESIAN_POINT('',(0.00627742328595621,-0.0226051072467592,-0.0626249681518139));
#4882=CARTESIAN_POINT('',(0.00552853402979375,-0.0209230767467389,-0.0613020514851472));
#4883=CARTESIAN_POINT('',(0.00403896165932566,-0.0198408402318623,-0.0599791348184805));
#4884=CARTESIAN_POINT('',(0.00254938928885759,-0.0187586037169858,-0.0586562181518139));
#4885=CARTESIAN_POINT('',(0.000718263517818545,-0.0185661455874335,-0.0573333014851472));
#4886=CARTESIAN_POINT('',(-0.0011128622532205,-0.0183736874578813,-0.0560103848184806));
#4887=CARTESIAN_POINT('',(-0.00279489275324079,-0.0191225767140438,-0.0546874681518139));
#4888=CARTESIAN_POINT('',(-0.00447692325326108,-0.0198714659702063,-0.0533645514851472));
#4889=CARTESIAN_POINT('',(-0.00555915976813765,-0.0213610383406744,-0.0520416348184805));
#4890=CARTESIAN_POINT('',(-0.00614561806084285,-0.0221682297976593,-0.0513247532135265));
#4891=CARTESIAN_POINT('',(-0.00647828941372816,-0.0231088791203517,-0.0505828450315524));
#4892=CARTESIAN_POINT('',(0.00640771512756094,-0.0247082590983394,-0.0644295937376736));
#4893=CARTESIAN_POINT('',(0.00629915289835761,-0.0237026284688971,-0.0636283984933196));
#4894=CARTESIAN_POINT('',(0.0058877490751649,-0.0227786016214817,-0.0628535526059505));
#4895=CARTESIAN_POINT('',(0.00518534749660067,-0.0212009840115542,-0.0615306359392839));
#4896=CARTESIAN_POINT('',(0.00378824108094199,-0.0201859278731814,-0.0602077192726172));
#4897=CARTESIAN_POINT('',(0.00239113466528331,-0.0191708717348086,-0.0588848026059505));
#4898=CARTESIAN_POINT('',(0.000673676948346275,-0.0189903605405397,-0.0575618859392839));
#4899=CARTESIAN_POINT('',(-0.00104378076859076,-0.0188098493462709,-0.0562389692726172));
#4900=CARTESIAN_POINT('',(-0.00262139837851828,-0.0195122509248352,-0.0549160526059505));
#4901=CARTESIAN_POINT('',(-0.0041990159884458,-0.0202146525033994,-0.0535931359392838));
#4902=CARTESIAN_POINT('',(-0.0052140721268186,-0.0216117589190581,-0.0522702192726172));
#4903=CARTESIAN_POINT('',(-0.00576412572575666,-0.022368843559977,-0.0515533376676632));
#4904=CARTESIAN_POINT('',(-0.00607614633693105,-0.0232511016024013,-0.0508114294856891));
#4905=CARTESIAN_POINT('',(0.00521407212681864,-0.029188241080942,-0.0681452192726172));
#4906=CARTESIAN_POINT('',(0.00622912826519144,-0.0277911346652833,-0.0668223026059505));
#4907=CARTESIAN_POINT('',(0.00640963945946028,-0.0260736769483462,-0.0654993859392838));
#4908=CARTESIAN_POINT('',(0.00659015065372913,-0.0243562192314092,-0.0641764692726172));
#4909=CARTESIAN_POINT('',(0.00588774907516489,-0.0227786016214817,-0.0628535526059505));
#4910=CARTESIAN_POINT('',(0.00518534749660067,-0.0212009840115542,-0.0615306359392839));
#4911=CARTESIAN_POINT('',(0.00378824108094199,-0.0201859278731814,-0.0602077192726172));
#4912=CARTESIAN_POINT('',(0.00239113466528332,-0.0191708717348086,-0.0588848026059505));
#4913=CARTESIAN_POINT('',(0.000673676948346278,-0.0189903605405397,-0.0575618859392838));
#4914=CARTESIAN_POINT('',(-0.00104378076859076,-0.0188098493462709,-0.0562389692726172));
#4915=CARTESIAN_POINT('',(-0.00262139837851827,-0.0195122509248352,-0.0549160526059505));
#4916=CARTESIAN_POINT('',(-0.00419901598844579,-0.0202146525033994,-0.0535931359392838));
#4917=CARTESIAN_POINT('',(-0.0052140721268186,-0.0216117589190581,-0.0522702192726172));
#4918=CARTESIAN_POINT('',(-0.0062291282651914,-0.0230088653347167,-0.0509473026059506));
#4919=CARTESIAN_POINT('',(-0.00640963945946024,-0.0247263230516538,-0.0496243859392839));
#4920=CARTESIAN_POINT('',(-0.00659015065372909,-0.0264437807685908,-0.0483014692726172));
#4921=CARTESIAN_POINT('',(-0.00588774907516486,-0.0280213983785183,-0.0469785526059505));
#4922=CARTESIAN_POINT('',(0.00617147553579058,-0.0235425263549268,-0.0634871476181805));
#4923=CARTESIAN_POINT('',(0.00605380876160141,-0.0231515772719021,-0.0631663126189581));
#4924=CARTESIAN_POINT('',(0.00588774907516489,-0.0227786016214817,-0.0628535526059505));
#4925=CARTESIAN_POINT('',(0.00518534749660066,-0.0212009840115542,-0.0615306359392839));
#4926=CARTESIAN_POINT('',(0.00378824108094199,-0.0201859278731814,-0.0602077192726172));
#4927=CARTESIAN_POINT('',(0.00239113466528331,-0.0191708717348086,-0.0588848026059505));
#4928=CARTESIAN_POINT('',(0.000673676948346278,-0.0189903605405397,-0.0575618859392838));
#4929=CARTESIAN_POINT('',(-0.00104378076859076,-0.0188098493462709,-0.0562389692726172));
#4930=CARTESIAN_POINT('',(-0.00262139837851827,-0.0195122509248352,-0.0549160526059505));
#4931=CARTESIAN_POINT('',(-0.00419901598844579,-0.0202146525033994,-0.0535931359392838));
#4932=CARTESIAN_POINT('',(-0.00521407212681859,-0.0216117589190581,-0.0522702192726172));
#4933=CARTESIAN_POINT('',(-0.00611392146577486,-0.0228502966088033,-0.0510974509468154));
#4934=CARTESIAN_POINT('',(-0.00636067641939604,-0.0243611958227164,-0.0499086436452213));
#4935=CARTESIAN_POINT('',(0.00443298701509796,-0.0240657718236516,-0.0645353410095482));
#4936=CARTESIAN_POINT('',(0.00434846666351201,-0.0237849520750256,-0.0642145060103259));
#4937=CARTESIAN_POINT('',(0.00422918555651658,-0.0235170426900377,-0.0639017459973183));
#4938=CARTESIAN_POINT('',(0.0037246486659299,-0.0223838358355277,-0.0625788293306516));
#4939=CARTESIAN_POINT('',(0.00272110347428044,-0.0216547183570728,-0.061255912663985));
#4940=CARTESIAN_POINT('',(0.00171755828263097,-0.0209256008786178,-0.0599329959973182));
#4941=CARTESIAN_POINT('',(0.000483903913589334,-0.0207959392157573,-0.0586100793306516));
#4942=CARTESIAN_POINT('',(-0.000749750455452305,-0.0206662775528968,-0.057287162663985));
#4943=CARTESIAN_POINT('',(-0.00188295730996228,-0.0211708144434834,-0.0559642459973183));
#4944=CARTESIAN_POINT('',(-0.00301616416447226,-0.0216753513340701,-0.0546413293306516));
#4945=CARTESIAN_POINT('',(-0.00374528164292722,-0.0226788965257196,-0.053318412663985));
#4946=CARTESIAN_POINT('',(-0.00439164577610799,-0.0235685413869054,-0.0521456443381833));
#4947=CARTESIAN_POINT('',(-0.00456889050453154,-0.0246538242430968,-0.0509568370365891));
#4948=CARTESIAN_POINT('',(0.0039287320122049,-0.0229512036673368,-0.063342583783987));
#4949=CARTESIAN_POINT('',(0.00331671299110834,-0.0219693095472793,-0.0620981861322008));
#4950=CARTESIAN_POINT('',(0.0023147084500948,-0.0213908026372292,-0.0608642511145827));
#4951=CARTESIAN_POINT('',(0.00124044725444339,-0.0207705783773129,-0.059541334447916));
#4952=CARTESIAN_POINT('',(-2.36124876999531E-9,-0.0207705790100076,-0.0582184177812494));
#4953=CARTESIAN_POINT('',(-0.00124045197694093,-0.0207705796427023,-0.0568955011145828));
#4954=CARTESIAN_POINT('',(-0.00231471253989763,-0.0213908049984781,-0.055572584447916));
#4955=CARTESIAN_POINT('',(-0.00338897310285434,-0.0220110303542538,-0.0542496677812494));
#4956=CARTESIAN_POINT('',(-0.00400919736277073,-0.0230852915499052,-0.0529267511145827));
#4957=CARTESIAN_POINT('',(-0.00462942162268713,-0.0241595527455566,-0.051603834447916));
#4958=CARTESIAN_POINT('',(-0.00462942098999242,-0.0254000023612488,-0.0502809177812494));
#4959=CARTESIAN_POINT('',(-0.00462942086800252,-0.025639173517145,-0.0500258461489006));
#4960=CARTESIAN_POINT('',(-0.00460477379039172,-0.0258770713174249,-0.0497650893282915));
#4961=CARTESIAN_POINT('',(0.00546946639307139,-0.0219908569982962,-0.0643907771753549));
#4962=CARTESIAN_POINT('',(0.004617431319819,-0.0206238925745266,-0.0631463795235686));
#4963=CARTESIAN_POINT('',(0.00322246975314732,-0.0198185120871712,-0.0619124445059505));
#4964=CARTESIAN_POINT('',(0.00172691457434078,-0.0189550539191817,-0.0605895278392838));
#4965=CARTESIAN_POINT('',(-3.28726184120609E-9,-0.0189550548000008,-0.0592666111726172));
#4966=CARTESIAN_POINT('',(-0.00172692114886446,-0.01895505568082,-0.0579436945059505));
#4967=CARTESIAN_POINT('',(-0.00322247544685184,-0.0198185153744331,-0.0566207778392838));
#4968=CARTESIAN_POINT('',(-0.00471802974483924,-0.0206819750680462,-0.0552978611726172));
#4969=CARTESIAN_POINT('',(-0.00558148791282877,-0.0221775302468527,-0.0539749445059505));
#4970=CARTESIAN_POINT('',(-0.00644494608081831,-0.0236730854256592,-0.0526520278392839));
#4971=CARTESIAN_POINT('',(-0.00644494519999915,-0.0254000032872619,-0.0513291111726172));
#4972=CARTESIAN_POINT('',(-0.00644494503016836,-0.0257329704113372,-0.0510740395402684));
#4973=CARTESIAN_POINT('',(-0.00641063208587464,-0.0260641648067742,-0.0508132827196593));
#4974=CARTESIAN_POINT('',(0.00644494519999919,-0.0253999967127382,-0.0672041111726172));
#4975=CARTESIAN_POINT('',(0.00644494431918004,-0.0236730788511355,-0.0658811945059506));
#4976=CARTESIAN_POINT('',(0.00558148462556695,-0.0221775245531481,-0.0645582778392838));
#4977=CARTESIAN_POINT('',(0.00471802493195387,-0.0206819702551608,-0.0632353611726172));
#4978=CARTESIAN_POINT('',(0.00322246975314732,-0.0198185120871712,-0.0619124445059505));
#4979=CARTESIAN_POINT('',(0.00172691457434078,-0.0189550539191817,-0.0605895278392838));
#4980=CARTESIAN_POINT('',(-3.28726184120609E-9,-0.0189550548000008,-0.0592666111726172));
#4981=CARTESIAN_POINT('',(-0.00172692114886446,-0.01895505568082,-0.0579436945059505));
#4982=CARTESIAN_POINT('',(-0.00322247544685184,-0.0198185153744331,-0.0566207778392838));
#4983=CARTESIAN_POINT('',(-0.00471802974483923,-0.0206819750680462,-0.0552978611726172));
#4984=CARTESIAN_POINT('',(-0.00558148791282877,-0.0221775302468527,-0.0539749445059505));
#4985=CARTESIAN_POINT('',(-0.0064449460808183,-0.0236730854256592,-0.0526520278392839));
#4986=CARTESIAN_POINT('',(-0.00644494519999915,-0.0254000032872619,-0.0513291111726172));
#4987=CARTESIAN_POINT('',(-0.00644494431917998,-0.0271269211488645,-0.0500061945059505));
#4988=CARTESIAN_POINT('',(-0.00558148462556691,-0.0286224754468518,-0.0486832778392838));
#4989=CARTESIAN_POINT('',(-0.00471802493195383,-0.0301180297448393,-0.0473603611726172));
#4990=CARTESIAN_POINT('',(-0.00322246975314728,-0.0309814879128288,-0.0460374445059505));
#4991=CARTESIAN_POINT('',(0.00477735533290662,-0.0210740094019807,-0.0634884856376735));
#4992=CARTESIAN_POINT('',(0.00409843179129414,-0.0203242484099796,-0.0626872903933196));
#4993=CARTESIAN_POINT('',(0.00322246975314732,-0.0198185120871712,-0.0619124445059505));
#4994=CARTESIAN_POINT('',(0.00172691457434077,-0.0189550539191817,-0.0605895278392839));
#4995=CARTESIAN_POINT('',(-3.28726184294081E-9,-0.0189550548000008,-0.0592666111726172));
#4996=CARTESIAN_POINT('',(-0.00172692114886446,-0.01895505568082,-0.0579436945059505));
#4997=CARTESIAN_POINT('',(-0.00322247544685184,-0.0198185153744331,-0.0566207778392839));
#4998=CARTESIAN_POINT('',(-0.00471802974483923,-0.0206819750680462,-0.0552978611726172));
#4999=CARTESIAN_POINT('',(-0.00558148791282877,-0.0221775302468527,-0.0539749445059505));
#5000=CARTESIAN_POINT('',(-0.0064449460808183,-0.0236730854256592,-0.0526520278392839));
#5001=CARTESIAN_POINT('',(-0.00644494519999914,-0.0254000032872619,-0.0513291111726172));
#5002=CARTESIAN_POINT('',(-0.00644494472268786,-0.0263358110213717,-0.0506122295676631));
#5003=CARTESIAN_POINT('',(-0.00617879643366975,-0.0272329738847765,-0.049870321385689));
#5004=CARTESIAN_POINT('',(0.00509353935251313,-0.0207876984619842,-0.0637170700918101));
#5005=CARTESIAN_POINT('',(0.00436968200141113,-0.019988315361583,-0.0629158748474562));
#5006=CARTESIAN_POINT('',(0.00343574537712955,-0.0194491074352904,-0.0621410289600871));
#5007=CARTESIAN_POINT('',(0.00184120852017124,-0.0185285022360896,-0.0608181122934205));
#5008=CARTESIAN_POINT('',(-3.50482565894159E-9,-0.0185285031752048,-0.0594951956267538));
#5009=CARTESIAN_POINT('',(-0.00184121552982256,-0.01852850411432,-0.0581722789600871));
#5010=CARTESIAN_POINT('',(-0.00343575144766566,-0.0194491109401161,-0.0568493622934205));
#5011=CARTESIAN_POINT('',(-0.00503028736550876,-0.0203697177659122,-0.0555264456267538));
#5012=CARTESIAN_POINT('',(-0.00595089256470958,-0.0219642546228705,-0.0542035289600871));
#5013=CARTESIAN_POINT('',(-0.0068714977639104,-0.0235587914798288,-0.0528806122934205));
#5014=CARTESIAN_POINT('',(-0.00687149682479519,-0.0254000035048257,-0.0515576956267538));
#5015=CARTESIAN_POINT('',(-0.00687149631589358,-0.0263977466467775,-0.0508408140217998));
#5016=CARTESIAN_POINT('',(-0.00658773329446202,-0.0273542872496691,-0.0500989058398257));
#5017=CARTESIAN_POINT('',(0.00509353935251313,-0.0207876984619842,-0.0642010092835369));
#5018=CARTESIAN_POINT('',(0.00436968200141114,-0.019988315361583,-0.0633998140391829));
#5019=CARTESIAN_POINT('',(0.00343574537712955,-0.0194491074352904,-0.0626249681518139));
#5020=CARTESIAN_POINT('',(0.00184120852017125,-0.0185285022360896,-0.0613020514851472));
#5021=CARTESIAN_POINT('',(-3.50482566161769E-9,-0.0185285031752048,-0.0599791348184805));
#5022=CARTESIAN_POINT('',(-0.00184121552982256,-0.01852850411432,-0.0586562181518139));
#5023=CARTESIAN_POINT('',(-0.00343575144766567,-0.0194491109401161,-0.0573333014851472));
#5024=CARTESIAN_POINT('',(-0.00503028736550877,-0.0203697177659121,-0.0560103848184806));
#5025=CARTESIAN_POINT('',(-0.00595089256470958,-0.0219642546228705,-0.0546874681518139));
#5026=CARTESIAN_POINT('',(-0.00687149776391041,-0.0235587914798288,-0.0533645514851472));
#5027=CARTESIAN_POINT('',(-0.0068714968247952,-0.0254000035048257,-0.0520416348184805));
#5028=CARTESIAN_POINT('',(-0.00687149631589359,-0.0263977466467775,-0.0513247532135265));
#5029=CARTESIAN_POINT('',(-0.00658773329446202,-0.0273542872496691,-0.0505828450315524));
#5030=CARTESIAN_POINT('',(0.00477735533290663,-0.0210740094019806,-0.0644295937376735));
#5031=CARTESIAN_POINT('',(0.00409843179129414,-0.0203242484099796,-0.0636283984933196));
#5032=CARTESIAN_POINT('',(0.00322246975314732,-0.0198185120871712,-0.0628535526059505));
#5033=CARTESIAN_POINT('',(0.00172691457434078,-0.0189550539191817,-0.0615306359392839));
#5034=CARTESIAN_POINT('',(-3.28726184120609E-9,-0.0189550548000008,-0.0602077192726172));
#5035=CARTESIAN_POINT('',(-0.00172692114886447,-0.01895505568082,-0.0588848026059505));
#5036=CARTESIAN_POINT('',(-0.00322247544685185,-0.0198185153744331,-0.0575618859392839));
#5037=CARTESIAN_POINT('',(-0.00471802974483924,-0.0206819750680462,-0.0562389692726172));
#5038=CARTESIAN_POINT('',(-0.00558148791282878,-0.0221775302468527,-0.0549160526059505));
#5039=CARTESIAN_POINT('',(-0.00644494608081831,-0.0236730854256592,-0.0535931359392838));
#5040=CARTESIAN_POINT('',(-0.00644494519999916,-0.0254000032872619,-0.0522702192726172));
#5041=CARTESIAN_POINT('',(-0.00644494472268787,-0.0263358110213717,-0.0515533376676632));
#5042=CARTESIAN_POINT('',(-0.00617879643366976,-0.0272329738847766,-0.0508114294856891));
#5043=CARTESIAN_POINT('',(0.0064449451999992,-0.0253999967127382,-0.0681452192726172));
#5044=CARTESIAN_POINT('',(0.00644494431918004,-0.0236730788511355,-0.0668223026059505));
#5045=CARTESIAN_POINT('',(0.00558148462556695,-0.0221775245531481,-0.0654993859392838));
#5046=CARTESIAN_POINT('',(0.00471802493195387,-0.0206819702551607,-0.0641764692726172));
#5047=CARTESIAN_POINT('',(0.00322246975314733,-0.0198185120871712,-0.0628535526059505));
#5048=CARTESIAN_POINT('',(0.00172691457434078,-0.0189550539191817,-0.0615306359392839));
#5049=CARTESIAN_POINT('',(-3.28726183773665E-9,-0.0189550548000008,-0.0602077192726172));
#5050=CARTESIAN_POINT('',(-0.00172692114886446,-0.01895505568082,-0.0588848026059505));
#5051=CARTESIAN_POINT('',(-0.00322247544685184,-0.0198185153744331,-0.0575618859392838));
#5052=CARTESIAN_POINT('',(-0.00471802974483924,-0.0206819750680462,-0.0562389692726172));
#5053=CARTESIAN_POINT('',(-0.00558148791282877,-0.0221775302468527,-0.0549160526059505));
#5054=CARTESIAN_POINT('',(-0.00644494608081831,-0.0236730854256592,-0.0535931359392838));
#5055=CARTESIAN_POINT('',(-0.00644494519999915,-0.0254000032872619,-0.0522702192726172));
#5056=CARTESIAN_POINT('',(-0.00644494431917999,-0.0271269211488645,-0.0509473026059505));
#5057=CARTESIAN_POINT('',(-0.00558148462556691,-0.0286224754468518,-0.0496243859392838));
#5058=CARTESIAN_POINT('',(-0.00471802493195383,-0.0301180297448393,-0.0483014692726172));
#5059=CARTESIAN_POINT('',(-0.00322246975314729,-0.0309814879128288,-0.0469785526059505));
#5060=CARTESIAN_POINT('',(0.00390103297372789,-0.0202697699497107,-0.0634871476181805));
#5061=CARTESIAN_POINT('',(0.00357604444833638,-0.0200226482921617,-0.0631663126189582));
#5062=CARTESIAN_POINT('',(0.00322246975314732,-0.0198185120871712,-0.0628535526059505));
#5063=CARTESIAN_POINT('',(0.00172691457434078,-0.0189550539191817,-0.0615306359392839));
#5064=CARTESIAN_POINT('',(-3.28726184120609E-9,-0.0189550548000008,-0.0602077192726172));
#5065=CARTESIAN_POINT('',(-0.00172692114886446,-0.01895505568082,-0.0588848026059505));
#5066=CARTESIAN_POINT('',(-0.00322247544685184,-0.0198185153744331,-0.0575618859392838));
#5067=CARTESIAN_POINT('',(-0.00471802974483923,-0.0206819750680462,-0.0562389692726172));
#5068=CARTESIAN_POINT('',(-0.00558148791282877,-0.0221775302468527,-0.0549160526059505));
#5069=CARTESIAN_POINT('',(-0.0064449460808183,-0.0236730854256592,-0.0535931359392838));
#5070=CARTESIAN_POINT('',(-0.00644494519999914,-0.0254000032872619,-0.0522702192726172));
#5071=CARTESIAN_POINT('',(-0.00644494441915116,-0.0269309194971637,-0.0510974509468151));
#5072=CARTESIAN_POINT('',(-0.00575648909443822,-0.028298301560676,-0.0499086436452207));
#5073=CARTESIAN_POINT('',(0.00280212218580711,-0.0217149423398818,-0.0645353410095483));
#5074=CARTESIAN_POINT('',(0.00256868207820862,-0.0215374342070679,-0.0642145060103259));
#5075=CARTESIAN_POINT('',(0.00231470845009482,-0.0213908026372292,-0.0639017459973183));
#5076=CARTESIAN_POINT('',(0.0012404472544434,-0.0207705783773128,-0.0625788293306516));
#5077=CARTESIAN_POINT('',(-2.36124876999532E-9,-0.0207705790100075,-0.061255912663985));
#5078=CARTESIAN_POINT('',(-0.00124045197694094,-0.0207705796427022,-0.0599329959973183));
#5079=CARTESIAN_POINT('',(-0.00231471253989765,-0.021390804998478,-0.0586100793306516));
#5080=CARTESIAN_POINT('',(-0.00338897310285436,-0.0220110303542538,-0.057287162663985));
#5081=CARTESIAN_POINT('',(-0.00400919736277075,-0.0230852915499052,-0.0559642459973183));
#5082=CARTESIAN_POINT('',(-0.00462942162268715,-0.0241595527455566,-0.0546413293306516));
#5083=CARTESIAN_POINT('',(-0.00462942098999245,-0.0254000023612488,-0.053318412663985));
#5084=CARTESIAN_POINT('',(-0.0046294204291073,-0.0264996634780012,-0.052145644338183));
#5085=CARTESIAN_POINT('',(-0.00413490116912995,-0.027481857589778,-0.0509568370365885));
#5086=CARTESIAN_POINT('',(3.14312700866459E-10,-0.0381,0.0996348932385445));
#5087=CARTESIAN_POINT('',(-0.0130709409713746,-0.0239759651780128,0.145288));
#5088=CARTESIAN_POINT('',(-0.0130709409713746,-0.02346198,0.122084591458321));
#5089=CARTESIAN_POINT('',(-0.0144075183197856,-0.02346198,0.134276591458321));
#5090=CARTESIAN_POINT('',(-0.0157440956681967,-0.02346198,0.134276591458321));
#5091=CARTESIAN_POINT('',(-0.0157440956681967,-0.02346198,0.134276591458321));
#5092=CARTESIAN_POINT('',(-0.0144075183197856,-0.02346198,0.134276591458321));
#5093=CARTESIAN_POINT('',(-0.0130709409713746,-0.02346198,0.134276591458321));
#5094=CARTESIAN_POINT('',(-0.0157440956681967,-0.02346198,0.128180591458321));
#5095=CARTESIAN_POINT('',(-0.0157440956681967,-0.02346198,0.122084591458321));
#5096=CARTESIAN_POINT('',(-0.0157440956681967,-0.02346198,0.122084591458321));
#5097=CARTESIAN_POINT('',(-0.0157440956681967,-0.02346198,0.128180591458321));
#5098=CARTESIAN_POINT('',(-0.0130709409713746,-0.02346198,0.145288));
#5099=CARTESIAN_POINT('',(-0.0130709409713746,-0.02346198,0.145288));
#5100=CARTESIAN_POINT('',(-0.0130709409713746,-0.0381,0.125111401081085));
#5101=CARTESIAN_POINT('',(-0.0130709409713746,-0.0381,0.131736591458321));
#5102=CARTESIAN_POINT('',(-0.0144075183197856,-0.02346198,0.122084591458321));
#5103=CARTESIAN_POINT('',(-0.0144075183197856,-0.02346198,0.122084591458321));
#5104=CARTESIAN_POINT('',(3.14312692192842E-10,-0.0381,0.125111401081085));
#5105=CARTESIAN_POINT('',(0.0130709415999999,-0.0381,0.125111401081085));
#5106=CARTESIAN_POINT('',(0.0130709415999999,-0.0180838299751282,0.122084591458321));
#5107=CARTESIAN_POINT('',(0.0130709415999999,-0.0180838299751282,0.131736591458321));
#5108=CARTESIAN_POINT('',(3.14312692192842E-10,-0.0381,0.131736591458321));
#5109=CARTESIAN_POINT('',(0.000123922965901635,-0.02346198,0.13368629572916));
#5110=CARTESIAN_POINT('',(-0.0130709409713746,-0.0239759651780128,0.145288));
#5111=CARTESIAN_POINT('',(-0.0130709409713746,-0.0239759651780128,0.145288));
#5112=CARTESIAN_POINT('',(3.14312686109745E-10,-0.0239759651780128,0.145288));
#5113=CARTESIAN_POINT('',(0.0130709415999999,-0.0239759651780128,0.145288));
#5114=CARTESIAN_POINT('',(0.0130709415999999,-0.0239759651780128,0.145288));
#5115=CARTESIAN_POINT('',(0.0130709415999999,-0.0180838299751282,0.134276591458321));
#5116=CARTESIAN_POINT('',(0.0159919415999999,-0.0180838299751282,0.134276591458321));
#5117=CARTESIAN_POINT('',(0.0159919415999999,-0.0180838299751282,0.134276591458321));
#5118=CARTESIAN_POINT('',(0.0159919415999999,-0.0381,0.122084591458321));
#5119=CARTESIAN_POINT('',(0.0159919415999999,-0.0381,0.122084591458321));
#5120=CARTESIAN_POINT('',(0.00146050031431269,-0.0180838299751282,0.122084591458321));
#5121=CARTESIAN_POINT('',(0.0130709415999999,-0.0180838299751282,0.122084591458321));
#5122=CARTESIAN_POINT('',(0.0130709415999999,-0.0239759651780128,0.145288));
#5123=CARTESIAN_POINT('',(3.14312700866459E-10,-0.0381,0.105865798890591));
#5124=MECHANICAL_DESIGN_GEOMETRIC_PRESENTATION_REPRESENTATION('',(#2113),
#5126);
#5125=MECHANICAL_DESIGN_GEOMETRIC_PRESENTATION_REPRESENTATION('',(#2114),
#5127);
#5126=(
GEOMETRIC_REPRESENTATION_CONTEXT(3)
GLOBAL_UNCERTAINTY_ASSIGNED_CONTEXT((#5128))
GLOBAL_UNIT_ASSIGNED_CONTEXT((#5134,#5132,#5130))
REPRESENTATION_CONTEXT('Top Extension/Pen hole',
'TOP_LEVEL_ASSEMBLY_PART')
);
#5127=(
GEOMETRIC_REPRESENTATION_CONTEXT(3)
GLOBAL_UNCERTAINTY_ASSIGNED_CONTEXT((#5129))
GLOBAL_UNIT_ASSIGNED_CONTEXT((#5135,#5133,#5131))
REPRESENTATION_CONTEXT('Base/Clamp','TOP_LEVEL_ASSEMBLY_PART')
);
#5128=UNCERTAINTY_MEASURE_WITH_UNIT(LENGTH_MEASURE(1.E-8),#5134,
'DISTANCE_ACCURACY_VALUE','Maximum Tolerance applied to model');
#5129=UNCERTAINTY_MEASURE_WITH_UNIT(LENGTH_MEASURE(2.61799502563505E-5),
#5135,'DISTANCE_ACCURACY_VALUE','Maximum Tolerance applied to model');
#5130=(
NAMED_UNIT(*)
SI_UNIT($,.STERADIAN.)
SOLID_ANGLE_UNIT()
);
#5131=(
NAMED_UNIT(*)
SI_UNIT($,.STERADIAN.)
SOLID_ANGLE_UNIT()
);
#5132=(
NAMED_UNIT(*)
PLANE_ANGLE_UNIT()
SI_UNIT($,.RADIAN.)
);
#5133=(
NAMED_UNIT(*)
PLANE_ANGLE_UNIT()
SI_UNIT($,.RADIAN.)
);
#5134=(
LENGTH_UNIT()
NAMED_UNIT(*)
SI_UNIT($,.METRE.)
);
#5135=(
LENGTH_UNIT()
NAMED_UNIT(*)
SI_UNIT($,.METRE.)
);
#5136=PRODUCT_DEFINITION_SHAPE('','',#5138);
#5137=PRODUCT_DEFINITION_SHAPE('','',#5139);
#5138=PRODUCT_DEFINITION('','',#5142,#5140);
#5139=PRODUCT_DEFINITION('','',#5143,#5141);
#5140=PRODUCT_DEFINITION_CONTEXT('',#5154,'design');
#5141=PRODUCT_DEFINITION_CONTEXT('',#5155,'design');
#5142=PRODUCT_DEFINITION_FORMATION_WITH_SPECIFIED_SOURCE('','',#5146,
 .NOT_KNOWN.);
#5143=PRODUCT_DEFINITION_FORMATION_WITH_SPECIFIED_SOURCE('','',#5147,
 .NOT_KNOWN.);
#5144=PRODUCT_RELATED_PRODUCT_CATEGORY('','',(#5146));
#5145=PRODUCT_RELATED_PRODUCT_CATEGORY('','',(#5147));
#5146=PRODUCT('Top Extension/Pen hole','Top Extension/Pen hole',
'Top Extension/Pen hole',(#5150));
#5147=PRODUCT('Base/Clamp','Base/Clamp','Base/Clamp',(#5151));
#5148=PRODUCT_CATEGORY('','');
#5149=PRODUCT_CATEGORY('','');
#5150=PRODUCT_CONTEXT('',#5154,'mechanical');
#5151=PRODUCT_CONTEXT('',#5155,'mechanical');
#5152=APPLICATION_PROTOCOL_DEFINITION('international standard',
'ap242_managed_model_based_3d_engineering',2020,#5154);
#5153=APPLICATION_PROTOCOL_DEFINITION('international standard',
'ap242_managed_model_based_3d_engineering',2020,#5155);
#5154=APPLICATION_CONTEXT('managed model based 3d engineering');
#5155=APPLICATION_CONTEXT('managed model based 3d engineering');
ENDSEC;
END-ISO-10303-21;
