ISO-10303-21;
HEADER;
/* Generated by software containing ST-Developer
 * from STEP Tools, Inc. (www.steptools.com) 
 */
/* OPTION: using custom renumber hook */

FILE_DESCRIPTION(
/* description */ ('STEP AP242 Edition 2',
'CAx-IF Rec.Pracs.---Representation and Presentation of Product Manufa
cturing Information (PMI)---4.0---2014-10-13',
'CAx-IF Rec.Pracs.---3D Tessellated Geometry---0.4---2014-09-14','2;1',
'CAx-IF Rec.Pracs.---User Defined Attributes---1.5---2016-08-15'),
/* implementation_level */ '2;1');

FILE_NAME(
/* name */ 'Screw - Part 1',
/* time_stamp */ '2026-09-26T02:48:01Z',
/* author */ (''),
/* organization */ (''),
/* preprocessor_version */ 'ST-DEVELOPER v20',
/* originating_system */ 'ONSHAPE BY PTC INC, 1.221',
/* authorisation */ '  ');

FILE_SCHEMA (('AP242_MANAGED_MODEL_BASED_3D_ENGINEERING_MIM_LF { 1 0 10303 442 3 1 4 }'));
ENDSEC;

DATA;
#10=SHAPE_REPRESENTATION_RELATIONSHIP('','',#784,#11);
#11=ADVANCED_BREP_SHAPE_REPRESENTATION('',(#782),#5365);
#12=(
BOUNDED_SURFACE()
B_SPLINE_SURFACE(1,2,((#2264,#2265,#2266,#2267,#2268,#2269,#2270,#2271,
#2272,#2273,#2274,#2275,#2276,#2277,#2278,#2279,#2280,#2281,#2282,#2283,
#2284,#2285,#2286,#2287,#2288,#2289,#2290),(#2291,#2292,#2293,#2294,#2295,
#2296,#2297,#2298,#2299,#2300,#2301,#2302,#2303,#2304,#2305,#2306,#2307,
#2308,#2309,#2310,#2311,#2312,#2313,#2314,#2315,#2316,#2317)),
 .UNSPECIFIED.,.F.,.F.,.F.)
B_SPLINE_SURFACE_WITH_KNOTS((2,2),(3,2,2,2,2,2,2,2,2,2,2,2,2,3),(0.,1.),
(0.0391937002292064,0.0416666666666667,0.0833333333333333,0.125,0.166666666666667,
0.208333333333334,0.25,0.291666666666667,0.333333333333334,0.375,0.416666666666667,
0.458333333333333,0.5,0.521224845760336),.PIECEWISE_BEZIER_KNOTS.)
GEOMETRIC_REPRESENTATION_ITEM()
RATIONAL_B_SPLINE_SURFACE(((0.996195371112322,0.997977657088688,1.,0.965925826289068,
1.,0.965925826289068,1.,0.965925826289068,1.,0.965925826289068,1.,0.965925826289068,
1.,0.965925826289068,1.,0.965925826289068,1.,0.965925826289068,1.,0.965925826289068,
1.,0.965925826289068,1.,0.965925826289068,1.,0.98264274204579,0.982968929990802),
(0.996195371112322,0.997977657088688,1.,0.965925826289068,1.,0.965925826289068,
1.,0.965925826289068,1.,0.965925826289068,1.,0.965925826289068,1.,0.965925826289068,
1.,0.965925826289068,1.,0.965925826289068,1.,0.965925826289068,1.,0.965925826289068,
1.,0.965925826289068,1.,0.98264274204579,0.982968929990802)))
REPRESENTATION_ITEM('')
SURFACE()
);
#13=(
BOUNDED_SURFACE()
B_SPLINE_SURFACE(3,2,((#2367,#2368,#2369,#2370,#2371,#2372,#2373,#2374,
#2375,#2376,#2377,#2378,#2379,#2380,#2381,#2382,#2383,#2384,#2385,#2386,
#2387,#2388,#2389,#2390,#2391,#2392,#2393),(#2394,#2395,#2396,#2397,#2398,
#2399,#2400,#2401,#2402,#2403,#2404,#2405,#2406,#2407,#2408,#2409,#2410,
#2411,#2412,#2413,#2414,#2415,#2416,#2417,#2418,#2419,#2420),(#2421,#2422,
#2423,#2424,#2425,#2426,#2427,#2428,#2429,#2430,#2431,#2432,#2433,#2434,
#2435,#2436,#2437,#2438,#2439,#2440,#2441,#2442,#2443,#2444,#2445,#2446,
#2447),(#2448,#2449,#2450,#2451,#2452,#2453,#2454,#2455,#2456,#2457,#2458,
#2459,#2460,#2461,#2462,#2463,#2464,#2465,#2466,#2467,#2468,#2469,#2470,
#2471,#2472,#2473,#2474)),.UNSPECIFIED.,.F.,.F.,.F.)
B_SPLINE_SURFACE_WITH_KNOTS((4,4),(3,2,2,2,2,2,2,2,2,2,2,2,2,3),(0.,1.),
(0.0258077043547496,0.0416666666666667,0.0833333333333333,0.125,0.166666666666667,
0.208333333333334,0.25,0.291666666666667,0.333333333333334,0.375,0.416666666666667,
0.458333333333333,0.5,0.504557563213374),.PIECEWISE_BEZIER_KNOTS.)
GEOMETRIC_REPRESENTATION_ITEM()
RATIONAL_B_SPLINE_SURFACE(((0.983934214873011,0.987030855119407,1.,0.965925826289068,
1.,0.965925826289068,1.,0.965925826289068,1.,0.965925826289068,1.,0.965925826289068,
1.,0.965925826289068,1.,0.965925826289068,1.,0.965925826289068,1.,0.965925826289068,
1.,0.965925826289068,1.,0.965925826289068,1.,0.996272915184855,0.993361178752748),
(0.642927143446601,0.644950565376444,0.65342492793543,0.631160013433905,
0.65342492793543,0.631160013433905,0.65342492793543,0.631160013433905,0.65342492793543,
0.631160013433905,0.65342492793543,0.631160013433905,0.65342492793543,0.631160013433905,
0.65342492793543,0.631160013433905,0.65342492793543,0.631160013433905,0.65342492793543,
0.631160013433905,0.65342492793543,0.631160013433905,0.65342492793543,0.631160013433905,
0.65342492793543,0.650989557808685,0.649086956640368),(0.642927143446601,
0.644950565376444,0.65342492793543,0.631160013433905,0.65342492793543,0.631160013433905,
0.65342492793543,0.631160013433905,0.65342492793543,0.631160013433905,0.65342492793543,
0.631160013433905,0.65342492793543,0.631160013433905,0.65342492793543,0.631160013433905,
0.65342492793543,0.631160013433905,0.65342492793543,0.631160013433905,0.65342492793543,
0.631160013433905,0.65342492793543,0.631160013433905,0.65342492793543,0.650989557808685,
0.649086956640368),(0.983934214873011,0.987030855119407,1.,0.965925826289068,
1.,0.965925826289068,1.,0.965925826289068,1.,0.965925826289068,1.,0.965925826289068,
1.,0.965925826289068,1.,0.965925826289068,1.,0.965925826289068,1.,0.965925826289068,
1.,0.965925826289068,1.,0.965925826289068,1.,0.996272915184855,0.993361178752748)))
REPRESENTATION_ITEM('')
SURFACE()
);
#14=(
BOUNDED_SURFACE()
B_SPLINE_SURFACE(1,2,((#2524,#2525,#2526,#2527,#2528,#2529,#2530,#2531,
#2532,#2533,#2534,#2535,#2536,#2537,#2538,#2539,#2540,#2541,#2542,#2543,
#2544,#2545,#2546,#2547,#2548),(#2549,#2550,#2551,#2552,#2553,#2554,#2555,
#2556,#2557,#2558,#2559,#2560,#2561,#2562,#2563,#2564,#2565,#2566,#2567,
#2568,#2569,#2570,#2571,#2572,#2573)),.UNSPECIFIED.,.F.,.F.,.F.)
B_SPLINE_SURFACE_WITH_KNOTS((2,2),(3,2,2,2,2,2,2,2,2,2,2,2,3),(0.,1.),(0.0116136372348616,
0.0416666666666667,0.0833333333333333,0.125,0.166666666666667,0.208333333333334,
0.25,0.291666666666667,0.333333333333334,0.375,0.416666666666667,0.458333333333333,
0.491106513393276),.PIECEWISE_BEZIER_KNOTS.)
GEOMETRIC_REPRESENTATION_ITEM()
RATIONAL_B_SPLINE_SURFACE(((0.986299565992766,0.975423228510422,1.,0.965925826289068,
1.,0.965925826289068,1.,0.965925826289068,1.,0.965925826289068,1.,0.965925826289068,
1.,0.965925826289068,1.,0.965925826289068,1.,0.965925826289068,1.,0.965925826289068,
1.,0.965925826289068,1.,0.973198743269868,0.988558882346906),(0.986299565992766,
0.975423228510422,1.,0.965925826289068,1.,0.965925826289068,1.,0.965925826289068,
1.,0.965925826289068,1.,0.965925826289068,1.,0.965925826289068,1.,0.965925826289068,
1.,0.965925826289068,1.,0.965925826289068,1.,0.965925826289068,1.,0.973198743269868,
0.988558882346906)))
REPRESENTATION_ITEM('')
SURFACE()
);
#15=(
BOUNDED_SURFACE()
B_SPLINE_SURFACE(1,2,((#2574,#2575,#2576,#2577,#2578,#2579,#2580,#2581,
#2582,#2583,#2584,#2585,#2586,#2587,#2588,#2589,#2590,#2591,#2592,#2593,
#2594,#2595,#2596,#2597,#2598,#2599,#2600),(#2601,#2602,#2603,#2604,#2605,
#2606,#2607,#2608,#2609,#2610,#2611,#2612,#2613,#2614,#2615,#2616,#2617,
#2618,#2619,#2620,#2621,#2622,#2623,#2624,#2625,#2626,#2627)),
 .UNSPECIFIED.,.F.,.F.,.F.)
B_SPLINE_SURFACE_WITH_KNOTS((2,2),(3,2,2,2,2,2,2,2,2,2,2,2,2,3),(0.,1.),
(0.0391937056200921,0.0416666666666667,0.0833333333333333,0.125,0.166666666666667,
0.208333333333334,0.25,0.291666666666667,0.333333333333334,0.375,0.416666666666667,
0.458333333333333,0.5,0.521223941888494),.PIECEWISE_BEZIER_KNOTS.)
GEOMETRIC_REPRESENTATION_ITEM()
RATIONAL_B_SPLINE_SURFACE(((0.996195378882829,0.997977661497248,1.,0.965925826289068,
1.,0.965925826289068,1.,0.965925826289068,1.,0.965925826289068,1.,0.965925826289068,
1.,0.965925826289068,1.,0.965925826289068,1.,0.965925826289068,1.,0.965925826289068,
1.,0.965925826289068,1.,0.965925826289068,1.,0.982643481214258,0.982968902241082),
(0.996195378882829,0.997977661497248,1.,0.965925826289068,1.,0.965925826289068,
1.,0.965925826289068,1.,0.965925826289068,1.,0.965925826289068,1.,0.965925826289068,
1.,0.965925826289068,1.,0.965925826289068,1.,0.965925826289068,1.,0.965925826289068,
1.,0.965925826289068,1.,0.982643481214258,0.982968902241082)))
REPRESENTATION_ITEM('')
SURFACE()
);
#16=(
BOUNDED_SURFACE()
B_SPLINE_SURFACE(3,2,((#2677,#2678,#2679,#2680,#2681,#2682,#2683,#2684,
#2685,#2686,#2687,#2688,#2689,#2690,#2691,#2692,#2693,#2694,#2695,#2696,
#2697,#2698,#2699,#2700,#2701,#2702,#2703),(#2704,#2705,#2706,#2707,#2708,
#2709,#2710,#2711,#2712,#2713,#2714,#2715,#2716,#2717,#2718,#2719,#2720,
#2721,#2722,#2723,#2724,#2725,#2726,#2727,#2728,#2729,#2730),(#2731,#2732,
#2733,#2734,#2735,#2736,#2737,#2738,#2739,#2740,#2741,#2742,#2743,#2744,
#2745,#2746,#2747,#2748,#2749,#2750,#2751,#2752,#2753,#2754,#2755,#2756,
#2757),(#2758,#2759,#2760,#2761,#2762,#2763,#2764,#2765,#2766,#2767,#2768,
#2769,#2770,#2771,#2772,#2773,#2774,#2775,#2776,#2777,#2778,#2779,#2780,
#2781,#2782,#2783,#2784)),.UNSPECIFIED.,.F.,.F.,.F.)
B_SPLINE_SURFACE_WITH_KNOTS((4,4),(3,2,2,2,2,2,2,2,2,2,2,2,2,3),(0.,1.),
(0.0258077043547496,0.0416666666666667,0.0833333333333333,0.125,0.166666666666667,
0.208333333333334,0.25,0.291666666666667,0.333333333333334,0.375,0.416666666666667,
0.458333333333333,0.5,0.504557563213373),.PIECEWISE_BEZIER_KNOTS.)
GEOMETRIC_REPRESENTATION_ITEM()
RATIONAL_B_SPLINE_SURFACE(((0.983934214873011,0.987030855119407,1.,0.965925826289068,
1.,0.965925826289068,1.,0.965925826289068,1.,0.965925826289068,1.,0.965925826289068,
1.,0.965925826289068,1.,0.965925826289068,1.,0.965925826289068,1.,0.965925826289068,
1.,0.965925826289068,1.,0.965925826289068,1.,0.996272915184855,0.993361178752748),
(0.642927143446601,0.644950565376444,0.65342492793543,0.631160013433905,
0.65342492793543,0.631160013433905,0.65342492793543,0.631160013433905,0.65342492793543,
0.631160013433905,0.65342492793543,0.631160013433905,0.65342492793543,0.631160013433905,
0.65342492793543,0.631160013433905,0.65342492793543,0.631160013433905,0.65342492793543,
0.631160013433905,0.65342492793543,0.631160013433905,0.65342492793543,0.631160013433905,
0.65342492793543,0.650989557808685,0.649086956640368),(0.642927143446601,
0.644950565376444,0.65342492793543,0.631160013433905,0.65342492793543,0.631160013433905,
0.65342492793543,0.631160013433905,0.65342492793543,0.631160013433905,0.65342492793543,
0.631160013433905,0.65342492793543,0.631160013433905,0.65342492793543,0.631160013433905,
0.65342492793543,0.631160013433905,0.65342492793543,0.631160013433905,0.65342492793543,
0.631160013433905,0.65342492793543,0.631160013433905,0.65342492793543,0.650989557808685,
0.649086956640368),(0.983934214873011,0.987030855119407,1.,0.965925826289068,
1.,0.965925826289068,1.,0.965925826289068,1.,0.965925826289068,1.,0.965925826289068,
1.,0.965925826289068,1.,0.965925826289068,1.,0.965925826289068,1.,0.965925826289068,
1.,0.965925826289068,1.,0.965925826289068,1.,0.996272915184855,0.993361178752748)))
REPRESENTATION_ITEM('')
SURFACE()
);
#17=(
BOUNDED_SURFACE()
B_SPLINE_SURFACE(1,2,((#2834,#2835,#2836,#2837,#2838,#2839,#2840,#2841,
#2842,#2843,#2844,#2845,#2846,#2847,#2848,#2849,#2850,#2851,#2852,#2853,
#2854,#2855,#2856,#2857,#2858),(#2859,#2860,#2861,#2862,#2863,#2864,#2865,
#2866,#2867,#2868,#2869,#2870,#2871,#2872,#2873,#2874,#2875,#2876,#2877,
#2878,#2879,#2880,#2881,#2882,#2883)),.UNSPECIFIED.,.F.,.F.,.F.)
B_SPLINE_SURFACE_WITH_KNOTS((2,2),(3,2,2,2,2,2,2,2,2,2,2,2,3),(0.,1.),(0.0116136372348616,
0.0416666666666667,0.0833333333333333,0.125,0.166666666666667,0.208333333333334,
0.25,0.291666666666667,0.333333333333334,0.375,0.416666666666667,0.458333333333333,
0.491106513393276),.PIECEWISE_BEZIER_KNOTS.)
GEOMETRIC_REPRESENTATION_ITEM()
RATIONAL_B_SPLINE_SURFACE(((0.986299565992766,0.975423228510422,1.,0.965925826289068,
1.,0.965925826289068,1.,0.965925826289068,1.,0.965925826289068,1.,0.965925826289068,
1.,0.965925826289068,1.,0.965925826289068,1.,0.965925826289068,1.,0.965925826289068,
1.,0.965925826289068,1.,0.973198743269868,0.988558882346906),(0.986299565992766,
0.975423228510422,1.,0.965925826289068,1.,0.965925826289068,1.,0.965925826289068,
1.,0.965925826289068,1.,0.965925826289068,1.,0.965925826289068,1.,0.965925826289068,
1.,0.965925826289068,1.,0.965925826289068,1.,0.965925826289068,1.,0.973198743269868,
0.988558882346906)))
REPRESENTATION_ITEM('')
SURFACE()
);
#18=(
BOUNDED_SURFACE()
B_SPLINE_SURFACE(1,2,((#2884,#2885,#2886,#2887,#2888,#2889,#2890,#2891,
#2892,#2893,#2894,#2895,#2896,#2897,#2898,#2899,#2900,#2901,#2902,#2903,
#2904,#2905,#2906,#2907,#2908,#2909,#2910),(#2911,#2912,#2913,#2914,#2915,
#2916,#2917,#2918,#2919,#2920,#2921,#2922,#2923,#2924,#2925,#2926,#2927,
#2928,#2929,#2930,#2931,#2932,#2933,#2934,#2935,#2936,#2937)),
 .UNSPECIFIED.,.F.,.F.,.F.)
B_SPLINE_SURFACE_WITH_KNOTS((2,2),(3,2,2,2,2,2,2,2,2,2,2,2,2,3),(0.,1.),
(0.0391937025881735,0.0416666666666667,0.0833333333333333,0.125,0.166666666666667,
0.208333333333334,0.25,0.291666666666667,0.333333333333334,0.375,0.416666666666667,
0.458333333333333,0.5,0.521224450240196),.PIECEWISE_BEZIER_KNOTS.)
GEOMETRIC_REPRESENTATION_ITEM()
RATIONAL_B_SPLINE_SURFACE(((0.996195374512574,0.997977659017805,1.,0.965925826289068,
1.,0.965925826289068,1.,0.965925826289068,1.,0.965925826289068,1.,0.965925826289068,
1.,0.965925826289068,1.,0.965925826289068,1.,0.965925826289068,1.,0.965925826289068,
1.,0.965925826289068,1.,0.965925826289068,1.,0.982643065494317,0.982968917840068),
(0.996195374512574,0.997977659017805,1.,0.965925826289068,1.,0.965925826289068,
1.,0.965925826289068,1.,0.965925826289068,1.,0.965925826289068,1.,0.965925826289068,
1.,0.965925826289068,1.,0.965925826289068,1.,0.965925826289068,1.,0.965925826289068,
1.,0.965925826289068,1.,0.982643065494317,0.982968917840068)))
REPRESENTATION_ITEM('')
SURFACE()
);
#19=(
BOUNDED_SURFACE()
B_SPLINE_SURFACE(3,2,((#2987,#2988,#2989,#2990,#2991,#2992,#2993,#2994,
#2995,#2996,#2997,#2998,#2999,#3000,#3001,#3002,#3003,#3004,#3005,#3006,
#3007,#3008,#3009,#3010,#3011,#3012,#3013),(#3014,#3015,#3016,#3017,#3018,
#3019,#3020,#3021,#3022,#3023,#3024,#3025,#3026,#3027,#3028,#3029,#3030,
#3031,#3032,#3033,#3034,#3035,#3036,#3037,#3038,#3039,#3040),(#3041,#3042,
#3043,#3044,#3045,#3046,#3047,#3048,#3049,#3050,#3051,#3052,#3053,#3054,
#3055,#3056,#3057,#3058,#3059,#3060,#3061,#3062,#3063,#3064,#3065,#3066,
#3067),(#3068,#3069,#3070,#3071,#3072,#3073,#3074,#3075,#3076,#3077,#3078,
#3079,#3080,#3081,#3082,#3083,#3084,#3085,#3086,#3087,#3088,#3089,#3090,
#3091,#3092,#3093,#3094)),.UNSPECIFIED.,.F.,.F.,.F.)
B_SPLINE_SURFACE_WITH_KNOTS((4,4),(3,2,2,2,2,2,2,2,2,2,2,2,2,3),(0.,1.),
(0.0258077043547496,0.0416666666666667,0.0833333333333333,0.125,0.166666666666667,
0.208333333333334,0.25,0.291666666666667,0.333333333333334,0.375,0.416666666666667,
0.458333333333333,0.5,0.504557563213373),.PIECEWISE_BEZIER_KNOTS.)
GEOMETRIC_REPRESENTATION_ITEM()
RATIONAL_B_SPLINE_SURFACE(((0.983934214873011,0.987030855119407,1.,0.965925826289068,
1.,0.965925826289068,1.,0.965925826289068,1.,0.965925826289068,1.,0.965925826289068,
1.,0.965925826289068,1.,0.965925826289068,1.,0.965925826289068,1.,0.965925826289068,
1.,0.965925826289068,1.,0.965925826289068,1.,0.996272915184855,0.993361178752748),
(0.642927143446601,0.644950565376444,0.65342492793543,0.631160013433905,
0.65342492793543,0.631160013433905,0.65342492793543,0.631160013433905,0.65342492793543,
0.631160013433905,0.65342492793543,0.631160013433905,0.65342492793543,0.631160013433905,
0.65342492793543,0.631160013433905,0.65342492793543,0.631160013433905,0.65342492793543,
0.631160013433905,0.65342492793543,0.631160013433905,0.65342492793543,0.631160013433905,
0.65342492793543,0.650989557808685,0.649086956640368),(0.642927143446601,
0.644950565376444,0.65342492793543,0.631160013433905,0.65342492793543,0.631160013433905,
0.65342492793543,0.631160013433905,0.65342492793543,0.631160013433905,0.65342492793543,
0.631160013433905,0.65342492793543,0.631160013433905,0.65342492793543,0.631160013433905,
0.65342492793543,0.631160013433905,0.65342492793543,0.631160013433905,0.65342492793543,
0.631160013433905,0.65342492793543,0.631160013433905,0.65342492793543,0.650989557808685,
0.649086956640368),(0.983934214873011,0.987030855119407,1.,0.965925826289068,
1.,0.965925826289068,1.,0.965925826289068,1.,0.965925826289068,1.,0.965925826289068,
1.,0.965925826289068,1.,0.965925826289068,1.,0.965925826289068,1.,0.965925826289068,
1.,0.965925826289068,1.,0.965925826289068,1.,0.996272915184855,0.993361178752748)))
REPRESENTATION_ITEM('')
SURFACE()
);
#20=(
BOUNDED_SURFACE()
B_SPLINE_SURFACE(1,2,((#3144,#3145,#3146,#3147,#3148,#3149,#3150,#3151,
#3152,#3153,#3154,#3155,#3156,#3157,#3158,#3159,#3160,#3161,#3162,#3163,
#3164,#3165,#3166,#3167,#3168),(#3169,#3170,#3171,#3172,#3173,#3174,#3175,
#3176,#3177,#3178,#3179,#3180,#3181,#3182,#3183,#3184,#3185,#3186,#3187,
#3188,#3189,#3190,#3191,#3192,#3193)),.UNSPECIFIED.,.F.,.F.,.F.)
B_SPLINE_SURFACE_WITH_KNOTS((2,2),(3,2,2,2,2,2,2,2,2,2,2,2,3),(0.,1.),(0.0116136372348616,
0.0416666666666667,0.0833333333333333,0.125,0.166666666666667,0.208333333333334,
0.25,0.291666666666667,0.333333333333334,0.375,0.416666666666667,0.458333333333333,
0.491106513393276),.PIECEWISE_BEZIER_KNOTS.)
GEOMETRIC_REPRESENTATION_ITEM()
RATIONAL_B_SPLINE_SURFACE(((0.986299565992766,0.975423228510422,1.,0.965925826289068,
1.,0.965925826289068,1.,0.965925826289068,1.,0.965925826289068,1.,0.965925826289068,
1.,0.965925826289068,1.,0.965925826289068,1.,0.965925826289068,1.,0.965925826289068,
1.,0.965925826289068,1.,0.973198743269868,0.988558882346906),(0.986299565992766,
0.975423228510422,1.,0.965925826289068,1.,0.965925826289068,1.,0.965925826289068,
1.,0.965925826289068,1.,0.965925826289068,1.,0.965925826289068,1.,0.965925826289068,
1.,0.965925826289068,1.,0.965925826289068,1.,0.965925826289068,1.,0.973198743269868,
0.988558882346906)))
REPRESENTATION_ITEM('')
SURFACE()
);
#21=(
BOUNDED_SURFACE()
B_SPLINE_SURFACE(1,2,((#3194,#3195,#3196,#3197,#3198,#3199,#3200,#3201,
#3202,#3203,#3204,#3205,#3206,#3207,#3208,#3209,#3210,#3211,#3212,#3213,
#3214,#3215,#3216,#3217,#3218,#3219,#3220),(#3221,#3222,#3223,#3224,#3225,
#3226,#3227,#3228,#3229,#3230,#3231,#3232,#3233,#3234,#3235,#3236,#3237,
#3238,#3239,#3240,#3241,#3242,#3243,#3244,#3245,#3246,#3247)),
 .UNSPECIFIED.,.F.,.F.,.F.)
B_SPLINE_SURFACE_WITH_KNOTS((2,2),(3,2,2,2,2,2,2,2,2,2,2,2,2,3),(0.,1.),
(0.0391937056200921,0.0416666666666667,0.0833333333333333,0.125,0.166666666666667,
0.208333333333334,0.25,0.291666666666667,0.333333333333334,0.375,0.416666666666667,
0.458333333333333,0.5,0.521223941888493),.PIECEWISE_BEZIER_KNOTS.)
GEOMETRIC_REPRESENTATION_ITEM()
RATIONAL_B_SPLINE_SURFACE(((0.996195378882829,0.997977661497248,1.,0.965925826289068,
1.,0.965925826289068,1.,0.965925826289068,1.,0.965925826289068,1.,0.965925826289068,
1.,0.965925826289068,1.,0.965925826289068,1.,0.965925826289068,1.,0.965925826289068,
1.,0.965925826289068,1.,0.965925826289068,1.,0.982643481214258,0.982968902241082),
(0.996195378882829,0.997977661497248,1.,0.965925826289068,1.,0.965925826289068,
1.,0.965925826289068,1.,0.965925826289068,1.,0.965925826289068,1.,0.965925826289068,
1.,0.965925826289068,1.,0.965925826289068,1.,0.965925826289068,1.,0.965925826289068,
1.,0.965925826289068,1.,0.982643481214258,0.982968902241082)))
REPRESENTATION_ITEM('')
SURFACE()
);
#22=(
BOUNDED_SURFACE()
B_SPLINE_SURFACE(3,2,((#3297,#3298,#3299,#3300,#3301,#3302,#3303,#3304,
#3305,#3306,#3307,#3308,#3309,#3310,#3311,#3312,#3313,#3314,#3315,#3316,
#3317,#3318,#3319,#3320,#3321,#3322,#3323),(#3324,#3325,#3326,#3327,#3328,
#3329,#3330,#3331,#3332,#3333,#3334,#3335,#3336,#3337,#3338,#3339,#3340,
#3341,#3342,#3343,#3344,#3345,#3346,#3347,#3348,#3349,#3350),(#3351,#3352,
#3353,#3354,#3355,#3356,#3357,#3358,#3359,#3360,#3361,#3362,#3363,#3364,
#3365,#3366,#3367,#3368,#3369,#3370,#3371,#3372,#3373,#3374,#3375,#3376,
#3377),(#3378,#3379,#3380,#3381,#3382,#3383,#3384,#3385,#3386,#3387,#3388,
#3389,#3390,#3391,#3392,#3393,#3394,#3395,#3396,#3397,#3398,#3399,#3400,
#3401,#3402,#3403,#3404)),.UNSPECIFIED.,.F.,.F.,.F.)
B_SPLINE_SURFACE_WITH_KNOTS((4,4),(3,2,2,2,2,2,2,2,2,2,2,2,2,3),(0.,1.),
(0.0258077043547496,0.0416666666666667,0.0833333333333333,0.125,0.166666666666667,
0.208333333333334,0.25,0.291666666666667,0.333333333333334,0.375,0.416666666666667,
0.458333333333333,0.5,0.504557563213373),.PIECEWISE_BEZIER_KNOTS.)
GEOMETRIC_REPRESENTATION_ITEM()
RATIONAL_B_SPLINE_SURFACE(((0.983934214873011,0.987030855119407,1.,0.965925826289068,
1.,0.965925826289068,1.,0.965925826289068,1.,0.965925826289068,1.,0.965925826289068,
1.,0.965925826289068,1.,0.965925826289068,1.,0.965925826289068,1.,0.965925826289068,
1.,0.965925826289068,1.,0.965925826289068,1.,0.996272915184855,0.993361178752748),
(0.642927143446601,0.644950565376444,0.65342492793543,0.631160013433905,
0.65342492793543,0.631160013433905,0.65342492793543,0.631160013433905,0.65342492793543,
0.631160013433905,0.65342492793543,0.631160013433905,0.65342492793543,0.631160013433905,
0.65342492793543,0.631160013433905,0.65342492793543,0.631160013433905,0.65342492793543,
0.631160013433905,0.65342492793543,0.631160013433905,0.65342492793543,0.631160013433905,
0.65342492793543,0.650989557808685,0.649086956640368),(0.642927143446601,
0.644950565376444,0.65342492793543,0.631160013433905,0.65342492793543,0.631160013433905,
0.65342492793543,0.631160013433905,0.65342492793543,0.631160013433905,0.65342492793543,
0.631160013433905,0.65342492793543,0.631160013433905,0.65342492793543,0.631160013433905,
0.65342492793543,0.631160013433905,0.65342492793543,0.631160013433905,0.65342492793543,
0.631160013433905,0.65342492793543,0.631160013433905,0.65342492793543,0.650989557808685,
0.649086956640368),(0.983934214873011,0.987030855119407,1.,0.965925826289068,
1.,0.965925826289068,1.,0.965925826289068,1.,0.965925826289068,1.,0.965925826289068,
1.,0.965925826289068,1.,0.965925826289068,1.,0.965925826289068,1.,0.965925826289068,
1.,0.965925826289068,1.,0.965925826289068,1.,0.996272915184855,0.993361178752748)))
REPRESENTATION_ITEM('')
SURFACE()
);
#23=(
BOUNDED_SURFACE()
B_SPLINE_SURFACE(1,2,((#3454,#3455,#3456,#3457,#3458,#3459,#3460,#3461,
#3462,#3463,#3464,#3465,#3466,#3467,#3468,#3469,#3470,#3471,#3472,#3473,
#3474,#3475,#3476,#3477,#3478),(#3479,#3480,#3481,#3482,#3483,#3484,#3485,
#3486,#3487,#3488,#3489,#3490,#3491,#3492,#3493,#3494,#3495,#3496,#3497,
#3498,#3499,#3500,#3501,#3502,#3503)),.UNSPECIFIED.,.F.,.F.,.F.)
B_SPLINE_SURFACE_WITH_KNOTS((2,2),(3,2,2,2,2,2,2,2,2,2,2,2,3),(0.,1.),(0.0116136372348617,
0.0416666666666667,0.0833333333333333,0.125,0.166666666666667,0.208333333333334,
0.25,0.291666666666667,0.333333333333334,0.375,0.416666666666667,0.458333333333333,
0.491106513393276),.PIECEWISE_BEZIER_KNOTS.)
GEOMETRIC_REPRESENTATION_ITEM()
RATIONAL_B_SPLINE_SURFACE(((0.986299565992766,0.975423228510422,1.,0.965925826289068,
1.,0.965925826289068,1.,0.965925826289068,1.,0.965925826289068,1.,0.965925826289068,
1.,0.965925826289068,1.,0.965925826289068,1.,0.965925826289068,1.,0.965925826289068,
1.,0.965925826289068,1.,0.973198743269868,0.988558882346906),(0.986299565992766,
0.975423228510422,1.,0.965925826289068,1.,0.965925826289068,1.,0.965925826289068,
1.,0.965925826289068,1.,0.965925826289068,1.,0.965925826289068,1.,0.965925826289068,
1.,0.965925826289068,1.,0.965925826289068,1.,0.965925826289068,1.,0.973198743269868,
0.988558882346906)))
REPRESENTATION_ITEM('')
SURFACE()
);
#24=(
BOUNDED_SURFACE()
B_SPLINE_SURFACE(1,2,((#3504,#3505,#3506,#3507,#3508,#3509,#3510,#3511,
#3512,#3513,#3514,#3515,#3516,#3517,#3518,#3519,#3520,#3521,#3522,#3523,
#3524,#3525,#3526,#3527,#3528,#3529,#3530),(#3531,#3532,#3533,#3534,#3535,
#3536,#3537,#3538,#3539,#3540,#3541,#3542,#3543,#3544,#3545,#3546,#3547,
#3548,#3549,#3550,#3551,#3552,#3553,#3554,#3555,#3556,#3557)),
 .UNSPECIFIED.,.F.,.F.,.F.)
B_SPLINE_SURFACE_WITH_KNOTS((2,2),(3,2,2,2,2,2,2,2,2,2,2,2,2,3),(0.,1.),
(0.0391937057118418,0.0416666666666667,0.0833333333333333,0.125,0.166666666666667,
0.208333333333334,0.25,0.291666666666667,0.333333333333334,0.375,0.416666666666667,
0.458333333333333,0.5,0.521223926505135),.PIECEWISE_BEZIER_KNOTS.)
GEOMETRIC_REPRESENTATION_ITEM()
RATIONAL_B_SPLINE_SURFACE(((0.996195379015079,0.997977661572279,1.,0.965925826289068,
1.,0.965925826289068,1.,0.965925826289068,1.,0.965925826289068,1.,0.965925826289068,
1.,0.965925826289068,1.,0.965925826289068,1.,0.965925826289068,1.,0.965925826289068,
1.,0.965925826289068,1.,0.965925826289068,1.,0.982643493794463,0.982968901769354),
(0.996195379015079,0.997977661572279,1.,0.965925826289068,1.,0.965925826289068,
1.,0.965925826289068,1.,0.965925826289068,1.,0.965925826289068,1.,0.965925826289068,
1.,0.965925826289068,1.,0.965925826289068,1.,0.965925826289068,1.,0.965925826289068,
1.,0.965925826289068,1.,0.982643493794463,0.982968901769354)))
REPRESENTATION_ITEM('')
SURFACE()
);
#25=(
BOUNDED_SURFACE()
B_SPLINE_SURFACE(3,2,((#3607,#3608,#3609,#3610,#3611,#3612,#3613,#3614,
#3615,#3616,#3617,#3618,#3619,#3620,#3621,#3622,#3623,#3624,#3625,#3626,
#3627,#3628,#3629,#3630,#3631,#3632,#3633),(#3634,#3635,#3636,#3637,#3638,
#3639,#3640,#3641,#3642,#3643,#3644,#3645,#3646,#3647,#3648,#3649,#3650,
#3651,#3652,#3653,#3654,#3655,#3656,#3657,#3658,#3659,#3660),(#3661,#3662,
#3663,#3664,#3665,#3666,#3667,#3668,#3669,#3670,#3671,#3672,#3673,#3674,
#3675,#3676,#3677,#3678,#3679,#3680,#3681,#3682,#3683,#3684,#3685,#3686,
#3687),(#3688,#3689,#3690,#3691,#3692,#3693,#3694,#3695,#3696,#3697,#3698,
#3699,#3700,#3701,#3702,#3703,#3704,#3705,#3706,#3707,#3708,#3709,#3710,
#3711,#3712,#3713,#3714)),.UNSPECIFIED.,.F.,.F.,.F.)
B_SPLINE_SURFACE_WITH_KNOTS((4,4),(3,2,2,2,2,2,2,2,2,2,2,2,2,3),(0.,1.),
(0.0258077043547495,0.0416666666666667,0.0833333333333333,0.125,0.166666666666667,
0.208333333333334,0.25,0.291666666666667,0.333333333333334,0.375,0.416666666666667,
0.458333333333333,0.5,0.504557563213373),.PIECEWISE_BEZIER_KNOTS.)
GEOMETRIC_REPRESENTATION_ITEM()
RATIONAL_B_SPLINE_SURFACE(((0.983934214873011,0.987030855119407,1.,0.965925826289068,
1.,0.965925826289068,1.,0.965925826289068,1.,0.965925826289068,1.,0.965925826289068,
1.,0.965925826289068,1.,0.965925826289068,1.,0.965925826289068,1.,0.965925826289068,
1.,0.965925826289068,1.,0.965925826289068,1.,0.996272915184855,0.993361178752748),
(0.642927143446601,0.644950565376444,0.65342492793543,0.631160013433905,
0.65342492793543,0.631160013433905,0.65342492793543,0.631160013433905,0.65342492793543,
0.631160013433905,0.65342492793543,0.631160013433905,0.65342492793543,0.631160013433905,
0.65342492793543,0.631160013433905,0.65342492793543,0.631160013433905,0.65342492793543,
0.631160013433905,0.65342492793543,0.631160013433905,0.65342492793543,0.631160013433905,
0.65342492793543,0.650989557808685,0.649086956640368),(0.642927143446601,
0.644950565376444,0.65342492793543,0.631160013433905,0.65342492793543,0.631160013433905,
0.65342492793543,0.631160013433905,0.65342492793543,0.631160013433905,0.65342492793543,
0.631160013433905,0.65342492793543,0.631160013433905,0.65342492793543,0.631160013433905,
0.65342492793543,0.631160013433905,0.65342492793543,0.631160013433905,0.65342492793543,
0.631160013433905,0.65342492793543,0.631160013433905,0.65342492793543,0.650989557808685,
0.649086956640368),(0.983934214873011,0.987030855119407,1.,0.965925826289068,
1.,0.965925826289068,1.,0.965925826289068,1.,0.965925826289068,1.,0.965925826289068,
1.,0.965925826289068,1.,0.965925826289068,1.,0.965925826289068,1.,0.965925826289068,
1.,0.965925826289068,1.,0.965925826289068,1.,0.996272915184855,0.993361178752748)))
REPRESENTATION_ITEM('')
SURFACE()
);
#26=(
BOUNDED_SURFACE()
B_SPLINE_SURFACE(1,2,((#3764,#3765,#3766,#3767,#3768,#3769,#3770,#3771,
#3772,#3773,#3774,#3775,#3776,#3777,#3778,#3779,#3780,#3781,#3782,#3783,
#3784,#3785,#3786,#3787,#3788),(#3789,#3790,#3791,#3792,#3793,#3794,#3795,
#3796,#3797,#3798,#3799,#3800,#3801,#3802,#3803,#3804,#3805,#3806,#3807,
#3808,#3809,#3810,#3811,#3812,#3813)),.UNSPECIFIED.,.F.,.F.,.F.)
B_SPLINE_SURFACE_WITH_KNOTS((2,2),(3,2,2,2,2,2,2,2,2,2,2,2,3),(0.,1.),(0.0116136372348616,
0.0416666666666667,0.0833333333333333,0.125,0.166666666666667,0.208333333333334,
0.25,0.291666666666667,0.333333333333334,0.375,0.416666666666667,0.458333333333333,
0.491106513393276),.PIECEWISE_BEZIER_KNOTS.)
GEOMETRIC_REPRESENTATION_ITEM()
RATIONAL_B_SPLINE_SURFACE(((0.986299565992766,0.975423228510422,1.,0.965925826289068,
1.,0.965925826289068,1.,0.965925826289068,1.,0.965925826289068,1.,0.965925826289068,
1.,0.965925826289068,1.,0.965925826289068,1.,0.965925826289068,1.,0.965925826289068,
1.,0.965925826289068,1.,0.973198743269868,0.988558882346906),(0.986299565992766,
0.975423228510422,1.,0.965925826289068,1.,0.965925826289068,1.,0.965925826289068,
1.,0.965925826289068,1.,0.965925826289068,1.,0.965925826289068,1.,0.965925826289068,
1.,0.965925826289068,1.,0.965925826289068,1.,0.965925826289068,1.,0.973198743269868,
0.988558882346906)))
REPRESENTATION_ITEM('')
SURFACE()
);
#27=(
BOUNDED_SURFACE()
B_SPLINE_SURFACE(1,2,((#3814,#3815,#3816,#3817,#3818,#3819,#3820,#3821,
#3822,#3823,#3824,#3825,#3826,#3827,#3828,#3829,#3830,#3831,#3832,#3833,
#3834,#3835,#3836,#3837,#3838,#3839,#3840),(#3841,#3842,#3843,#3844,#3845,
#3846,#3847,#3848,#3849,#3850,#3851,#3852,#3853,#3854,#3855,#3856,#3857,
#3858,#3859,#3860,#3861,#3862,#3863,#3864,#3865,#3866,#3867)),
 .UNSPECIFIED.,.F.,.F.,.F.)
B_SPLINE_SURFACE_WITH_KNOTS((2,2),(3,2,2,2,2,2,2,2,2,2,2,2,2,3),(0.,1.),
(0.0391937023782725,0.0416666666666667,0.0833333333333333,0.125,0.166666666666667,
0.208333333333334,0.25,0.291666666666667,0.333333333333334,0.375,0.416666666666667,
0.458333333333333,0.5,0.521224485433585),.PIECEWISE_BEZIER_KNOTS.)
GEOMETRIC_REPRESENTATION_ITEM()
RATIONAL_B_SPLINE_SURFACE(((0.99619537421002,0.997977658846152,1.,0.965925826289068,
1.,0.965925826289068,1.,0.965925826289068,1.,0.965925826289068,1.,0.965925826289068,
1.,0.965925826289068,1.,0.965925826289068,1.,0.965925826289068,1.,0.965925826289068,
1.,0.965925826289068,1.,0.965925826289068,1.,0.982643036713861,0.982968918920742),
(0.99619537421002,0.997977658846152,1.,0.965925826289068,1.,0.965925826289068,
1.,0.965925826289068,1.,0.965925826289068,1.,0.965925826289068,1.,0.965925826289068,
1.,0.965925826289068,1.,0.965925826289068,1.,0.965925826289068,1.,0.965925826289068,
1.,0.965925826289068,1.,0.982643036713861,0.982968918920742)))
REPRESENTATION_ITEM('')
SURFACE()
);
#28=(
BOUNDED_SURFACE()
B_SPLINE_SURFACE(3,2,((#3917,#3918,#3919,#3920,#3921,#3922,#3923,#3924,
#3925,#3926,#3927,#3928,#3929,#3930,#3931,#3932,#3933,#3934,#3935,#3936,
#3937,#3938,#3939,#3940,#3941,#3942,#3943),(#3944,#3945,#3946,#3947,#3948,
#3949,#3950,#3951,#3952,#3953,#3954,#3955,#3956,#3957,#3958,#3959,#3960,
#3961,#3962,#3963,#3964,#3965,#3966,#3967,#3968,#3969,#3970),(#3971,#3972,
#3973,#3974,#3975,#3976,#3977,#3978,#3979,#3980,#3981,#3982,#3983,#3984,
#3985,#3986,#3987,#3988,#3989,#3990,#3991,#3992,#3993,#3994,#3995,#3996,
#3997),(#3998,#3999,#4000,#4001,#4002,#4003,#4004,#4005,#4006,#4007,#4008,
#4009,#4010,#4011,#4012,#4013,#4014,#4015,#4016,#4017,#4018,#4019,#4020,
#4021,#4022,#4023,#4024)),.UNSPECIFIED.,.F.,.F.,.F.)
B_SPLINE_SURFACE_WITH_KNOTS((4,4),(3,2,2,2,2,2,2,2,2,2,2,2,2,3),(0.,1.),
(0.0258077043547495,0.0416666666666667,0.0833333333333333,0.125,0.166666666666667,
0.208333333333334,0.25,0.291666666666667,0.333333333333334,0.375,0.416666666666667,
0.458333333333333,0.5,0.504557563213373),.PIECEWISE_BEZIER_KNOTS.)
GEOMETRIC_REPRESENTATION_ITEM()
RATIONAL_B_SPLINE_SURFACE(((0.983934214873011,0.987030855119407,1.,0.965925826289068,
1.,0.965925826289068,1.,0.965925826289068,1.,0.965925826289068,1.,0.965925826289068,
1.,0.965925826289068,1.,0.965925826289068,1.,0.965925826289068,1.,0.965925826289068,
1.,0.965925826289068,1.,0.965925826289068,1.,0.996272915184855,0.993361178752748),
(0.642927143446601,0.644950565376444,0.65342492793543,0.631160013433905,
0.65342492793543,0.631160013433905,0.65342492793543,0.631160013433905,0.65342492793543,
0.631160013433905,0.65342492793543,0.631160013433905,0.65342492793543,0.631160013433905,
0.65342492793543,0.631160013433905,0.65342492793543,0.631160013433905,0.65342492793543,
0.631160013433905,0.65342492793543,0.631160013433905,0.65342492793543,0.631160013433905,
0.65342492793543,0.650989557808685,0.649086956640368),(0.642927143446601,
0.644950565376444,0.65342492793543,0.631160013433905,0.65342492793543,0.631160013433905,
0.65342492793543,0.631160013433905,0.65342492793543,0.631160013433905,0.65342492793543,
0.631160013433905,0.65342492793543,0.631160013433905,0.65342492793543,0.631160013433905,
0.65342492793543,0.631160013433905,0.65342492793543,0.631160013433905,0.65342492793543,
0.631160013433905,0.65342492793543,0.631160013433905,0.65342492793543,0.650989557808685,
0.649086956640368),(0.983934214873011,0.987030855119407,1.,0.965925826289068,
1.,0.965925826289068,1.,0.965925826289068,1.,0.965925826289068,1.,0.965925826289068,
1.,0.965925826289068,1.,0.965925826289068,1.,0.965925826289068,1.,0.965925826289068,
1.,0.965925826289068,1.,0.965925826289068,1.,0.996272915184855,0.993361178752748)))
REPRESENTATION_ITEM('')
SURFACE()
);
#29=(
BOUNDED_SURFACE()
B_SPLINE_SURFACE(1,2,((#4074,#4075,#4076,#4077,#4078,#4079,#4080,#4081,
#4082,#4083,#4084,#4085,#4086,#4087,#4088,#4089,#4090,#4091,#4092,#4093,
#4094,#4095,#4096,#4097,#4098),(#4099,#4100,#4101,#4102,#4103,#4104,#4105,
#4106,#4107,#4108,#4109,#4110,#4111,#4112,#4113,#4114,#4115,#4116,#4117,
#4118,#4119,#4120,#4121,#4122,#4123)),.UNSPECIFIED.,.F.,.F.,.F.)
B_SPLINE_SURFACE_WITH_KNOTS((2,2),(3,2,2,2,2,2,2,2,2,2,2,2,3),(0.,1.),(0.0116136372348615,
0.0416666666666667,0.0833333333333333,0.125,0.166666666666667,0.208333333333334,
0.25,0.291666666666667,0.333333333333334,0.375,0.416666666666667,0.458333333333333,
0.491106513393276),.PIECEWISE_BEZIER_KNOTS.)
GEOMETRIC_REPRESENTATION_ITEM()
RATIONAL_B_SPLINE_SURFACE(((0.986299565992766,0.975423228510422,1.,0.965925826289068,
1.,0.965925826289068,1.,0.965925826289068,1.,0.965925826289068,1.,0.965925826289068,
1.,0.965925826289068,1.,0.965925826289068,1.,0.965925826289068,1.,0.965925826289068,
1.,0.965925826289068,1.,0.973198743269868,0.988558882346906),(0.986299565992766,
0.975423228510422,1.,0.965925826289068,1.,0.965925826289068,1.,0.965925826289068,
1.,0.965925826289068,1.,0.965925826289068,1.,0.965925826289068,1.,0.965925826289068,
1.,0.965925826289068,1.,0.965925826289068,1.,0.965925826289068,1.,0.973198743269868,
0.988558882346906)))
REPRESENTATION_ITEM('')
SURFACE()
);
#30=(
BOUNDED_SURFACE()
B_SPLINE_SURFACE(1,2,((#4124,#4125,#4126,#4127,#4128,#4129,#4130,#4131,
#4132,#4133,#4134,#4135,#4136,#4137,#4138,#4139,#4140,#4141,#4142,#4143,
#4144,#4145,#4146,#4147,#4148,#4149,#4150),(#4151,#4152,#4153,#4154,#4155,
#4156,#4157,#4158,#4159,#4160,#4161,#4162,#4163,#4164,#4165,#4166,#4167,
#4168,#4169,#4170,#4171,#4172,#4173,#4174,#4175,#4176,#4177)),
 .UNSPECIFIED.,.F.,.F.,.F.)
B_SPLINE_SURFACE_WITH_KNOTS((2,2),(3,2,2,2,2,2,2,2,2,2,2,2,2,3),(0.,1.),
(0.0391937023782725,0.0416666666666667,0.0833333333333333,0.125,0.166666666666667,
0.208333333333334,0.25,0.291666666666667,0.333333333333334,0.375,0.416666666666667,
0.458333333333333,0.5,0.521224485433585),.PIECEWISE_BEZIER_KNOTS.)
GEOMETRIC_REPRESENTATION_ITEM()
RATIONAL_B_SPLINE_SURFACE(((0.99619537421002,0.997977658846152,1.,0.965925826289068,
1.,0.965925826289068,1.,0.965925826289068,1.,0.965925826289068,1.,0.965925826289068,
1.,0.965925826289068,1.,0.965925826289068,1.,0.965925826289068,1.,0.965925826289068,
1.,0.965925826289068,1.,0.965925826289068,1.,0.982643036713861,0.982968918920743),
(0.99619537421002,0.997977658846152,1.,0.965925826289068,1.,0.965925826289068,
1.,0.965925826289068,1.,0.965925826289068,1.,0.965925826289068,1.,0.965925826289068,
1.,0.965925826289068,1.,0.965925826289068,1.,0.965925826289068,1.,0.965925826289068,
1.,0.965925826289068,1.,0.982643036713861,0.982968918920743)))
REPRESENTATION_ITEM('')
SURFACE()
);
#31=(
BOUNDED_SURFACE()
B_SPLINE_SURFACE(3,2,((#4227,#4228,#4229,#4230,#4231,#4232,#4233,#4234,
#4235,#4236,#4237,#4238,#4239,#4240,#4241,#4242,#4243,#4244,#4245,#4246,
#4247,#4248,#4249,#4250,#4251,#4252,#4253),(#4254,#4255,#4256,#4257,#4258,
#4259,#4260,#4261,#4262,#4263,#4264,#4265,#4266,#4267,#4268,#4269,#4270,
#4271,#4272,#4273,#4274,#4275,#4276,#4277,#4278,#4279,#4280),(#4281,#4282,
#4283,#4284,#4285,#4286,#4287,#4288,#4289,#4290,#4291,#4292,#4293,#4294,
#4295,#4296,#4297,#4298,#4299,#4300,#4301,#4302,#4303,#4304,#4305,#4306,
#4307),(#4308,#4309,#4310,#4311,#4312,#4313,#4314,#4315,#4316,#4317,#4318,
#4319,#4320,#4321,#4322,#4323,#4324,#4325,#4326,#4327,#4328,#4329,#4330,
#4331,#4332,#4333,#4334)),.UNSPECIFIED.,.F.,.F.,.F.)
B_SPLINE_SURFACE_WITH_KNOTS((4,4),(3,2,2,2,2,2,2,2,2,2,2,2,2,3),(0.,1.),
(0.0258077043547495,0.0416666666666667,0.0833333333333333,0.125,0.166666666666667,
0.208333333333334,0.25,0.291666666666667,0.333333333333334,0.375,0.416666666666667,
0.458333333333333,0.5,0.504557563213373),.PIECEWISE_BEZIER_KNOTS.)
GEOMETRIC_REPRESENTATION_ITEM()
RATIONAL_B_SPLINE_SURFACE(((0.983934214873011,0.987030855119407,1.,0.965925826289068,
1.,0.965925826289068,1.,0.965925826289068,1.,0.965925826289068,1.,0.965925826289068,
1.,0.965925826289068,1.,0.965925826289068,1.,0.965925826289068,1.,0.965925826289068,
1.,0.965925826289068,1.,0.965925826289068,1.,0.996272915184855,0.993361178752748),
(0.642927143446601,0.644950565376444,0.65342492793543,0.631160013433905,
0.65342492793543,0.631160013433905,0.65342492793543,0.631160013433905,0.65342492793543,
0.631160013433905,0.65342492793543,0.631160013433905,0.65342492793543,0.631160013433905,
0.65342492793543,0.631160013433905,0.65342492793543,0.631160013433905,0.65342492793543,
0.631160013433905,0.65342492793543,0.631160013433905,0.65342492793543,0.631160013433905,
0.65342492793543,0.650989557808685,0.649086956640368),(0.642927143446601,
0.644950565376444,0.65342492793543,0.631160013433905,0.65342492793543,0.631160013433905,
0.65342492793543,0.631160013433905,0.65342492793543,0.631160013433905,0.65342492793543,
0.631160013433905,0.65342492793543,0.631160013433905,0.65342492793543,0.631160013433905,
0.65342492793543,0.631160013433905,0.65342492793543,0.631160013433905,0.65342492793543,
0.631160013433905,0.65342492793543,0.631160013433905,0.65342492793543,0.650989557808685,
0.649086956640368),(0.983934214873011,0.987030855119407,1.,0.965925826289068,
1.,0.965925826289068,1.,0.965925826289068,1.,0.965925826289068,1.,0.965925826289068,
1.,0.965925826289068,1.,0.965925826289068,1.,0.965925826289068,1.,0.965925826289068,
1.,0.965925826289068,1.,0.965925826289068,1.,0.996272915184855,0.993361178752748)))
REPRESENTATION_ITEM('')
SURFACE()
);
#32=(
BOUNDED_SURFACE()
B_SPLINE_SURFACE(1,2,((#4384,#4385,#4386,#4387,#4388,#4389,#4390,#4391,
#4392,#4393,#4394,#4395,#4396,#4397,#4398,#4399,#4400,#4401,#4402,#4403,
#4404,#4405,#4406,#4407,#4408),(#4409,#4410,#4411,#4412,#4413,#4414,#4415,
#4416,#4417,#4418,#4419,#4420,#4421,#4422,#4423,#4424,#4425,#4426,#4427,
#4428,#4429,#4430,#4431,#4432,#4433)),.UNSPECIFIED.,.F.,.F.,.F.)
B_SPLINE_SURFACE_WITH_KNOTS((2,2),(3,2,2,2,2,2,2,2,2,2,2,2,3),(0.,1.),(0.0116136372348615,
0.0416666666666667,0.0833333333333333,0.125,0.166666666666667,0.208333333333334,
0.25,0.291666666666667,0.333333333333334,0.375,0.416666666666667,0.458333333333333,
0.491106513393276),.PIECEWISE_BEZIER_KNOTS.)
GEOMETRIC_REPRESENTATION_ITEM()
RATIONAL_B_SPLINE_SURFACE(((0.986299565992766,0.975423228510422,1.,0.965925826289068,
1.,0.965925826289068,1.,0.965925826289068,1.,0.965925826289068,1.,0.965925826289068,
1.,0.965925826289068,1.,0.965925826289068,1.,0.965925826289068,1.,0.965925826289068,
1.,0.965925826289068,1.,0.973198743269868,0.988558882346906),(0.986299565992766,
0.975423228510422,1.,0.965925826289068,1.,0.965925826289068,1.,0.965925826289068,
1.,0.965925826289068,1.,0.965925826289068,1.,0.965925826289068,1.,0.965925826289068,
1.,0.965925826289068,1.,0.965925826289068,1.,0.965925826289068,1.,0.973198743269868,
0.988558882346906)))
REPRESENTATION_ITEM('')
SURFACE()
);
#33=(
BOUNDED_SURFACE()
B_SPLINE_SURFACE(1,2,((#4434,#4435,#4436,#4437,#4438,#4439,#4440,#4441,
#4442,#4443,#4444,#4445,#4446,#4447,#4448,#4449,#4450,#4451,#4452,#4453,
#4454,#4455,#4456,#4457,#4458,#4459,#4460),(#4461,#4462,#4463,#4464,#4465,
#4466,#4467,#4468,#4469,#4470,#4471,#4472,#4473,#4474,#4475,#4476,#4477,
#4478,#4479,#4480,#4481,#4482,#4483,#4484,#4485,#4486,#4487)),
 .UNSPECIFIED.,.F.,.F.,.F.)
B_SPLINE_SURFACE_WITH_KNOTS((2,2),(3,2,2,2,2,2,2,2,2,2,2,2,2,3),(0.,1.),
(0.0391937025881735,0.0416666666666667,0.0833333333333333,0.125,0.166666666666667,
0.208333333333334,0.25,0.291666666666667,0.333333333333334,0.375,0.416666666666667,
0.458333333333333,0.5,0.521224450240196),.PIECEWISE_BEZIER_KNOTS.)
GEOMETRIC_REPRESENTATION_ITEM()
RATIONAL_B_SPLINE_SURFACE(((0.996195374512574,0.997977659017805,1.,0.965925826289068,
1.,0.965925826289068,1.,0.965925826289068,1.,0.965925826289068,1.,0.965925826289068,
1.,0.965925826289068,1.,0.965925826289068,1.,0.965925826289068,1.,0.965925826289068,
1.,0.965925826289068,1.,0.965925826289068,1.,0.982643065494317,0.982968917840068),
(0.996195374512574,0.997977659017805,1.,0.965925826289068,1.,0.965925826289068,
1.,0.965925826289068,1.,0.965925826289068,1.,0.965925826289068,1.,0.965925826289068,
1.,0.965925826289068,1.,0.965925826289068,1.,0.965925826289068,1.,0.965925826289068,
1.,0.965925826289068,1.,0.982643065494317,0.982968917840068)))
REPRESENTATION_ITEM('')
SURFACE()
);
#34=(
BOUNDED_SURFACE()
B_SPLINE_SURFACE(3,2,((#4537,#4538,#4539,#4540,#4541,#4542,#4543,#4544,
#4545,#4546,#4547,#4548,#4549,#4550,#4551,#4552,#4553,#4554,#4555,#4556,
#4557,#4558,#4559,#4560,#4561,#4562,#4563),(#4564,#4565,#4566,#4567,#4568,
#4569,#4570,#4571,#4572,#4573,#4574,#4575,#4576,#4577,#4578,#4579,#4580,
#4581,#4582,#4583,#4584,#4585,#4586,#4587,#4588,#4589,#4590),(#4591,#4592,
#4593,#4594,#4595,#4596,#4597,#4598,#4599,#4600,#4601,#4602,#4603,#4604,
#4605,#4606,#4607,#4608,#4609,#4610,#4611,#4612,#4613,#4614,#4615,#4616,
#4617),(#4618,#4619,#4620,#4621,#4622,#4623,#4624,#4625,#4626,#4627,#4628,
#4629,#4630,#4631,#4632,#4633,#4634,#4635,#4636,#4637,#4638,#4639,#4640,
#4641,#4642,#4643,#4644)),.UNSPECIFIED.,.F.,.F.,.F.)
B_SPLINE_SURFACE_WITH_KNOTS((4,4),(3,2,2,2,2,2,2,2,2,2,2,2,2,3),(0.,1.),
(0.0258077043547495,0.0416666666666667,0.0833333333333333,0.125,0.166666666666667,
0.208333333333334,0.25,0.291666666666667,0.333333333333334,0.375,0.416666666666667,
0.458333333333333,0.5,0.504557563213373),.PIECEWISE_BEZIER_KNOTS.)
GEOMETRIC_REPRESENTATION_ITEM()
RATIONAL_B_SPLINE_SURFACE(((0.983934214873011,0.987030855119407,1.,0.965925826289068,
1.,0.965925826289068,1.,0.965925826289068,1.,0.965925826289068,1.,0.965925826289068,
1.,0.965925826289068,1.,0.965925826289068,1.,0.965925826289068,1.,0.965925826289068,
1.,0.965925826289068,1.,0.965925826289068,1.,0.996272915184855,0.993361178752748),
(0.642927143446601,0.644950565376444,0.65342492793543,0.631160013433905,
0.65342492793543,0.631160013433905,0.65342492793543,0.631160013433905,0.65342492793543,
0.631160013433905,0.65342492793543,0.631160013433905,0.65342492793543,0.631160013433905,
0.65342492793543,0.631160013433905,0.65342492793543,0.631160013433905,0.65342492793543,
0.631160013433905,0.65342492793543,0.631160013433905,0.65342492793543,0.631160013433905,
0.65342492793543,0.650989557808685,0.649086956640368),(0.642927143446601,
0.644950565376444,0.65342492793543,0.631160013433905,0.65342492793543,0.631160013433905,
0.65342492793543,0.631160013433905,0.65342492793543,0.631160013433905,0.65342492793543,
0.631160013433905,0.65342492793543,0.631160013433905,0.65342492793543,0.631160013433905,
0.65342492793543,0.631160013433905,0.65342492793543,0.631160013433905,0.65342492793543,
0.631160013433905,0.65342492793543,0.631160013433905,0.65342492793543,0.650989557808685,
0.649086956640368),(0.983934214873011,0.987030855119407,1.,0.965925826289068,
1.,0.965925826289068,1.,0.965925826289068,1.,0.965925826289068,1.,0.965925826289068,
1.,0.965925826289068,1.,0.965925826289068,1.,0.965925826289068,1.,0.965925826289068,
1.,0.965925826289068,1.,0.965925826289068,1.,0.996272915184855,0.993361178752748)))
REPRESENTATION_ITEM('')
SURFACE()
);
#35=(
BOUNDED_SURFACE()
B_SPLINE_SURFACE(1,2,((#4694,#4695,#4696,#4697,#4698,#4699,#4700,#4701,
#4702,#4703,#4704,#4705,#4706,#4707,#4708,#4709,#4710,#4711,#4712,#4713,
#4714,#4715,#4716,#4717,#4718),(#4719,#4720,#4721,#4722,#4723,#4724,#4725,
#4726,#4727,#4728,#4729,#4730,#4731,#4732,#4733,#4734,#4735,#4736,#4737,
#4738,#4739,#4740,#4741,#4742,#4743)),.UNSPECIFIED.,.F.,.F.,.F.)
B_SPLINE_SURFACE_WITH_KNOTS((2,2),(3,2,2,2,2,2,2,2,2,2,2,2,3),(0.,1.),(0.0116136372348615,
0.0416666666666667,0.0833333333333333,0.125,0.166666666666667,0.208333333333334,
0.25,0.291666666666667,0.333333333333334,0.375,0.416666666666667,0.458333333333333,
0.491106513393276),.PIECEWISE_BEZIER_KNOTS.)
GEOMETRIC_REPRESENTATION_ITEM()
RATIONAL_B_SPLINE_SURFACE(((0.986299565992766,0.975423228510422,1.,0.965925826289068,
1.,0.965925826289068,1.,0.965925826289068,1.,0.965925826289068,1.,0.965925826289068,
1.,0.965925826289068,1.,0.965925826289068,1.,0.965925826289068,1.,0.965925826289068,
1.,0.965925826289068,1.,0.973198743269868,0.988558882346906),(0.986299565992766,
0.975423228510422,1.,0.965925826289068,1.,0.965925826289068,1.,0.965925826289068,
1.,0.965925826289068,1.,0.965925826289068,1.,0.965925826289068,1.,0.965925826289068,
1.,0.965925826289068,1.,0.965925826289068,1.,0.965925826289068,1.,0.973198743269868,
0.988558882346906)))
REPRESENTATION_ITEM('')
SURFACE()
);
#36=(
BOUNDED_SURFACE()
B_SPLINE_SURFACE(1,2,((#4744,#4745,#4746,#4747,#4748,#4749,#4750,#4751,
#4752,#4753,#4754,#4755,#4756,#4757,#4758,#4759,#4760,#4761,#4762,#4763,
#4764,#4765,#4766,#4767,#4768,#4769,#4770),(#4771,#4772,#4773,#4774,#4775,
#4776,#4777,#4778,#4779,#4780,#4781,#4782,#4783,#4784,#4785,#4786,#4787,
#4788,#4789,#4790,#4791,#4792,#4793,#4794,#4795,#4796,#4797)),
 .UNSPECIFIED.,.F.,.F.,.F.)
B_SPLINE_SURFACE_WITH_KNOTS((2,2),(3,2,2,2,2,2,2,2,2,2,2,2,2,3),(0.,1.),
(0.0391937002292065,0.0416666666666667,0.0833333333333333,0.125,0.166666666666667,
0.208333333333334,0.25,0.291666666666667,0.333333333333334,0.375,0.416666666666667,
0.458333333333333,0.5,0.521224845760335),.PIECEWISE_BEZIER_KNOTS.)
GEOMETRIC_REPRESENTATION_ITEM()
RATIONAL_B_SPLINE_SURFACE(((0.996195371112323,0.997977657088688,1.,0.965925826289068,
1.,0.965925826289068,1.,0.965925826289068,1.,0.965925826289068,1.,0.965925826289068,
1.,0.965925826289068,1.,0.965925826289068,1.,0.965925826289068,1.,0.965925826289068,
1.,0.965925826289068,1.,0.965925826289068,1.,0.98264274204579,0.982968929990802),
(0.996195371112323,0.997977657088688,1.,0.965925826289068,1.,0.965925826289068,
1.,0.965925826289068,1.,0.965925826289068,1.,0.965925826289068,1.,0.965925826289068,
1.,0.965925826289068,1.,0.965925826289068,1.,0.965925826289068,1.,0.965925826289068,
1.,0.965925826289068,1.,0.98264274204579,0.982968929990802)))
REPRESENTATION_ITEM('')
SURFACE()
);
#37=(
BOUNDED_SURFACE()
B_SPLINE_SURFACE(3,2,((#4847,#4848,#4849,#4850,#4851,#4852,#4853,#4854,
#4855,#4856,#4857,#4858,#4859,#4860,#4861,#4862,#4863,#4864,#4865,#4866,
#4867,#4868,#4869,#4870,#4871,#4872,#4873),(#4874,#4875,#4876,#4877,#4878,
#4879,#4880,#4881,#4882,#4883,#4884,#4885,#4886,#4887,#4888,#4889,#4890,
#4891,#4892,#4893,#4894,#4895,#4896,#4897,#4898,#4899,#4900),(#4901,#4902,
#4903,#4904,#4905,#4906,#4907,#4908,#4909,#4910,#4911,#4912,#4913,#4914,
#4915,#4916,#4917,#4918,#4919,#4920,#4921,#4922,#4923,#4924,#4925,#4926,
#4927),(#4928,#4929,#4930,#4931,#4932,#4933,#4934,#4935,#4936,#4937,#4938,
#4939,#4940,#4941,#4942,#4943,#4944,#4945,#4946,#4947,#4948,#4949,#4950,
#4951,#4952,#4953,#4954)),.UNSPECIFIED.,.F.,.F.,.F.)
B_SPLINE_SURFACE_WITH_KNOTS((4,4),(3,2,2,2,2,2,2,2,2,2,2,2,2,3),(0.,1.),
(0.0258077043547495,0.0416666666666667,0.0833333333333333,0.125,0.166666666666667,
0.208333333333334,0.25,0.291666666666667,0.333333333333334,0.375,0.416666666666667,
0.458333333333333,0.5,0.504557563213374),.PIECEWISE_BEZIER_KNOTS.)
GEOMETRIC_REPRESENTATION_ITEM()
RATIONAL_B_SPLINE_SURFACE(((0.983934214873011,0.987030855119407,1.,0.965925826289068,
1.,0.965925826289068,1.,0.965925826289068,1.,0.965925826289068,1.,0.965925826289068,
1.,0.965925826289068,1.,0.965925826289068,1.,0.965925826289068,1.,0.965925826289068,
1.,0.965925826289068,1.,0.965925826289068,1.,0.996272915184855,0.993361178752748),
(0.642927143446601,0.644950565376444,0.65342492793543,0.631160013433905,
0.65342492793543,0.631160013433905,0.65342492793543,0.631160013433905,0.65342492793543,
0.631160013433905,0.65342492793543,0.631160013433905,0.65342492793543,0.631160013433905,
0.65342492793543,0.631160013433905,0.65342492793543,0.631160013433905,0.65342492793543,
0.631160013433905,0.65342492793543,0.631160013433905,0.65342492793543,0.631160013433905,
0.65342492793543,0.650989557808685,0.649086956640368),(0.642927143446601,
0.644950565376444,0.65342492793543,0.631160013433905,0.65342492793543,0.631160013433905,
0.65342492793543,0.631160013433905,0.65342492793543,0.631160013433905,0.65342492793543,
0.631160013433905,0.65342492793543,0.631160013433905,0.65342492793543,0.631160013433905,
0.65342492793543,0.631160013433905,0.65342492793543,0.631160013433905,0.65342492793543,
0.631160013433905,0.65342492793543,0.631160013433905,0.65342492793543,0.650989557808685,
0.649086956640368),(0.983934214873011,0.987030855119407,1.,0.965925826289068,
1.,0.965925826289068,1.,0.965925826289068,1.,0.965925826289068,1.,0.965925826289068,
1.,0.965925826289068,1.,0.965925826289068,1.,0.965925826289068,1.,0.965925826289068,
1.,0.965925826289068,1.,0.965925826289068,1.,0.996272915184855,0.993361178752748)))
REPRESENTATION_ITEM('')
SURFACE()
);
#38=(
BOUNDED_SURFACE()
B_SPLINE_SURFACE(1,2,((#5004,#5005,#5006,#5007,#5008,#5009,#5010,#5011,
#5012,#5013,#5014,#5015,#5016,#5017,#5018,#5019,#5020,#5021,#5022,#5023,
#5024,#5025,#5026,#5027,#5028),(#5029,#5030,#5031,#5032,#5033,#5034,#5035,
#5036,#5037,#5038,#5039,#5040,#5041,#5042,#5043,#5044,#5045,#5046,#5047,
#5048,#5049,#5050,#5051,#5052,#5053)),.UNSPECIFIED.,.F.,.F.,.F.)
B_SPLINE_SURFACE_WITH_KNOTS((2,2),(3,2,2,2,2,2,2,2,2,2,2,2,3),(0.,1.),(0.0116136372348616,
0.0416666666666667,0.0833333333333333,0.125,0.166666666666667,0.208333333333334,
0.25,0.291666666666667,0.333333333333334,0.375,0.416666666666667,0.458333333333333,
0.491106513393276),.PIECEWISE_BEZIER_KNOTS.)
GEOMETRIC_REPRESENTATION_ITEM()
RATIONAL_B_SPLINE_SURFACE(((0.986299565992766,0.975423228510422,1.,0.965925826289068,
1.,0.965925826289068,1.,0.965925826289068,1.,0.965925826289068,1.,0.965925826289068,
1.,0.965925826289068,1.,0.965925826289068,1.,0.965925826289068,1.,0.965925826289068,
1.,0.965925826289068,1.,0.973198743269868,0.988558882346906),(0.986299565992766,
0.975423228510422,1.,0.965925826289068,1.,0.965925826289068,1.,0.965925826289068,
1.,0.965925826289068,1.,0.965925826289068,1.,0.965925826289068,1.,0.965925826289068,
1.,0.965925826289068,1.,0.965925826289068,1.,0.965925826289068,1.,0.973198743269868,
0.988558882346906)))
REPRESENTATION_ITEM('')
SURFACE()
);
#39=(
BOUNDED_SURFACE()
B_SPLINE_SURFACE(1,2,((#5054,#5055,#5056,#5057,#5058,#5059,#5060,#5061,
#5062,#5063,#5064,#5065,#5066,#5067,#5068,#5069,#5070,#5071,#5072,#5073,
#5074,#5075,#5076,#5077,#5078,#5079,#5080),(#5081,#5082,#5083,#5084,#5085,
#5086,#5087,#5088,#5089,#5090,#5091,#5092,#5093,#5094,#5095,#5096,#5097,
#5098,#5099,#5100,#5101,#5102,#5103,#5104,#5105,#5106,#5107)),
 .UNSPECIFIED.,.F.,.F.,.F.)
B_SPLINE_SURFACE_WITH_KNOTS((2,2),(3,2,2,2,2,2,2,2,2,2,2,2,2,3),(0.,1.),
(0.0391937055434289,0.0416666666666667,0.0833333333333333,0.125,0.166666666666667,
0.208333333333334,0.25,0.291666666666667,0.333333333333334,0.375,0.416666666666667,
0.458333333333333,0.5,0.521223954742358),.PIECEWISE_BEZIER_KNOTS.)
GEOMETRIC_REPRESENTATION_ITEM()
RATIONAL_B_SPLINE_SURFACE(((0.996195378772326,0.997977661434554,1.,0.965925826289068,
1.,0.965925826289068,1.,0.965925826289068,1.,0.965925826289068,1.,0.965925826289068,
1.,0.965925826289068,1.,0.965925826289068,1.,0.965925826289068,1.,0.965925826289068,
1.,0.965925826289068,1.,0.965925826289068,1.,0.982643470702622,0.982968902635259),
(0.996195378772326,0.997977661434554,1.,0.965925826289068,1.,0.965925826289068,
1.,0.965925826289068,1.,0.965925826289068,1.,0.965925826289068,1.,0.965925826289068,
1.,0.965925826289068,1.,0.965925826289068,1.,0.965925826289068,1.,0.965925826289068,
1.,0.965925826289068,1.,0.982643470702622,0.982968902635259)))
REPRESENTATION_ITEM('')
SURFACE()
);
#40=(
BOUNDED_SURFACE()
B_SPLINE_SURFACE(3,2,((#5157,#5158,#5159,#5160,#5161,#5162,#5163,#5164,
#5165,#5166,#5167,#5168,#5169,#5170,#5171,#5172,#5173,#5174,#5175,#5176,
#5177,#5178,#5179,#5180,#5181,#5182,#5183),(#5184,#5185,#5186,#5187,#5188,
#5189,#5190,#5191,#5192,#5193,#5194,#5195,#5196,#5197,#5198,#5199,#5200,
#5201,#5202,#5203,#5204,#5205,#5206,#5207,#5208,#5209,#5210),(#5211,#5212,
#5213,#5214,#5215,#5216,#5217,#5218,#5219,#5220,#5221,#5222,#5223,#5224,
#5225,#5226,#5227,#5228,#5229,#5230,#5231,#5232,#5233,#5234,#5235,#5236,
#5237),(#5238,#5239,#5240,#5241,#5242,#5243,#5244,#5245,#5246,#5247,#5248,
#5249,#5250,#5251,#5252,#5253,#5254,#5255,#5256,#5257,#5258,#5259,#5260,
#5261,#5262,#5263,#5264)),.UNSPECIFIED.,.F.,.F.,.F.)
B_SPLINE_SURFACE_WITH_KNOTS((4,4),(3,2,2,2,2,2,2,2,2,2,2,2,2,3),(0.,1.),
(0.0258077043547496,0.0416666666666667,0.0833333333333333,0.125,0.166666666666667,
0.208333333333334,0.25,0.291666666666667,0.333333333333334,0.375,0.416666666666667,
0.458333333333333,0.5,0.504557563213373),.PIECEWISE_BEZIER_KNOTS.)
GEOMETRIC_REPRESENTATION_ITEM()
RATIONAL_B_SPLINE_SURFACE(((0.983934214873011,0.987030855119407,1.,0.965925826289068,
1.,0.965925826289068,1.,0.965925826289068,1.,0.965925826289068,1.,0.965925826289068,
1.,0.965925826289068,1.,0.965925826289068,1.,0.965925826289068,1.,0.965925826289068,
1.,0.965925826289068,1.,0.965925826289068,1.,0.996272915184855,0.993361178752748),
(0.642927143446601,0.644950565376444,0.65342492793543,0.631160013433905,
0.65342492793543,0.631160013433905,0.65342492793543,0.631160013433905,0.65342492793543,
0.631160013433905,0.65342492793543,0.631160013433905,0.65342492793543,0.631160013433905,
0.65342492793543,0.631160013433905,0.65342492793543,0.631160013433905,0.65342492793543,
0.631160013433905,0.65342492793543,0.631160013433905,0.65342492793543,0.631160013433905,
0.65342492793543,0.650989557808685,0.649086956640368),(0.642927143446601,
0.644950565376444,0.65342492793543,0.631160013433905,0.65342492793543,0.631160013433905,
0.65342492793543,0.631160013433905,0.65342492793543,0.631160013433905,0.65342492793543,
0.631160013433905,0.65342492793543,0.631160013433905,0.65342492793543,0.631160013433905,
0.65342492793543,0.631160013433905,0.65342492793543,0.631160013433905,0.65342492793543,
0.631160013433905,0.65342492793543,0.631160013433905,0.65342492793543,0.650989557808685,
0.649086956640368),(0.983934214873011,0.987030855119407,1.,0.965925826289068,
1.,0.965925826289068,1.,0.965925826289068,1.,0.965925826289068,1.,0.965925826289068,
1.,0.965925826289068,1.,0.965925826289068,1.,0.965925826289068,1.,0.965925826289068,
1.,0.965925826289068,1.,0.965925826289068,1.,0.996272915184855,0.993361178752748)))
REPRESENTATION_ITEM('')
SURFACE()
);
#41=(
BOUNDED_SURFACE()
B_SPLINE_SURFACE(1,2,((#5314,#5315,#5316,#5317,#5318,#5319,#5320,#5321,
#5322,#5323,#5324,#5325,#5326,#5327,#5328,#5329,#5330,#5331,#5332,#5333,
#5334,#5335,#5336,#5337,#5338),(#5339,#5340,#5341,#5342,#5343,#5344,#5345,
#5346,#5347,#5348,#5349,#5350,#5351,#5352,#5353,#5354,#5355,#5356,#5357,
#5358,#5359,#5360,#5361,#5362,#5363)),.UNSPECIFIED.,.F.,.F.,.F.)
B_SPLINE_SURFACE_WITH_KNOTS((2,2),(3,2,2,2,2,2,2,2,2,2,2,2,3),(0.,1.),(0.0116136253870896,
0.0416666666666667,0.0833333333333333,0.125,0.166666666666667,0.208333333333334,
0.25,0.291666666666667,0.333333333333334,0.375,0.416666666666667,0.458333333333333,
0.491106513463939),.PIECEWISE_BEZIER_KNOTS.)
GEOMETRIC_REPRESENTATION_ITEM()
RATIONAL_B_SPLINE_SURFACE(((0.986299574568304,0.975423218821549,1.,0.965925826289068,
1.,0.965925826289068,1.,0.965925826289068,1.,0.965925826289068,1.,0.965925826289068,
1.,0.965925826289068,1.,0.965925826289068,1.,0.965925826289068,1.,0.965925826289068,
1.,0.965925826289068,1.,0.973198743212082,0.988558882413143),(0.986299574568304,
0.975423218821549,1.,0.965925826289068,1.,0.965925826289068,1.,0.965925826289068,
1.,0.965925826289068,1.,0.965925826289068,1.,0.965925826289068,1.,0.965925826289068,
1.,0.965925826289068,1.,0.965925826289068,1.,0.965925826289068,1.,0.973198743212082,
0.988558882413143)))
REPRESENTATION_ITEM('')
SURFACE()
);
#42=CONICAL_SURFACE('',#821,0.00412251313333334,1.49225651045515);
#43=B_SPLINE_CURVE_WITH_KNOTS('',3,(#1959,#1960,#1961,#1962),
 .UNSPECIFIED.,.F.,.F.,(4,4),(0.00882471488928924,0.0109320005599273),
 .UNSPECIFIED.);
#44=B_SPLINE_CURVE_WITH_KNOTS('',3,(#1964,#1965,#1966,#1967,#1968),
 .UNSPECIFIED.,.F.,.F.,(4,1,4),(0.0035227304560175,0.00398472190648898,
0.00444671335696046),.UNSPECIFIED.);
#45=B_SPLINE_CURVE_WITH_KNOTS('',3,(#1970,#1971,#1972,#1973),
 .UNSPECIFIED.,.F.,.F.,(4,4),(0.00751570282014602,0.00963312564756744),
 .UNSPECIFIED.);
#46=B_SPLINE_CURVE_WITH_KNOTS('',3,(#1974,#1975,#1976,#1977),
 .UNSPECIFIED.,.F.,.F.,(4,4),(0.00577644014751505,0.00788625996421292),
 .UNSPECIFIED.);
#47=B_SPLINE_CURVE_WITH_KNOTS('',3,(#1979,#1980,#1981,#1982,#1983),
 .UNSPECIFIED.,.F.,.F.,(4,1,4),(0.00352273045601753,0.00398472190648901,
0.00444671335696049),.UNSPECIFIED.);
#48=B_SPLINE_CURVE_WITH_KNOTS('',3,(#1985,#1986,#1987,#1988),
 .UNSPECIFIED.,.F.,.F.,(4,4),(0.00751570282014603,0.00963315331690736),
 .UNSPECIFIED.);
#49=B_SPLINE_CURVE_WITH_KNOTS('',3,(#1989,#1990,#1991,#1992),
 .UNSPECIFIED.,.F.,.F.,(4,4),(0.00577643884354369,0.00788625602025957),
 .UNSPECIFIED.);
#50=B_SPLINE_CURVE_WITH_KNOTS('',3,(#1994,#1995,#1996,#1997,#1998),
 .UNSPECIFIED.,.F.,.F.,(4,1,4),(0.00352273045601755,0.00398472190648903,
0.00444671335696051),.UNSPECIFIED.);
#51=B_SPLINE_CURVE_WITH_KNOTS('',3,(#2000,#2001,#2002,#2003),
 .UNSPECIFIED.,.F.,.F.,(4,4),(0.00751570282014601,0.00963315130650467),
 .UNSPECIFIED.);
#52=B_SPLINE_CURVE_WITH_KNOTS('',3,(#2004,#2005,#2006,#2007),
 .UNSPECIFIED.,.F.,.F.,(4,4),(0.00577645590873021,0.00788630763506366),
 .UNSPECIFIED.);
#53=B_SPLINE_CURVE_WITH_KNOTS('',3,(#2009,#2010,#2011,#2012,#2013),
 .UNSPECIFIED.,.F.,.F.,(4,1,4),(0.0035227304560175,0.00398472190648898,
0.00444671335696046),.UNSPECIFIED.);
#54=B_SPLINE_CURVE_WITH_KNOTS('',3,(#2015,#2016,#2017,#2018),
 .UNSPECIFIED.,.F.,.F.,(4,4),(0.00751570282014601,0.00963312504795517),
 .UNSPECIFIED.);
#55=B_SPLINE_CURVE_WITH_KNOTS('',3,(#2019,#2020,#2021,#2022),
 .UNSPECIFIED.,.F.,.F.,(4,4),(0.00577643048753968,0.00788623074691964),
 .UNSPECIFIED.);
#56=B_SPLINE_CURVE_WITH_KNOTS('',3,(#2024,#2025,#2026,#2027,#2028),
 .UNSPECIFIED.,.F.,.F.,(4,1,4),(0.00352273045601754,0.00398472190648902,
0.0044467133569605),.UNSPECIFIED.);
#57=B_SPLINE_CURVE_WITH_KNOTS('',3,(#2030,#2031,#2032,#2033),
 .UNSPECIFIED.,.F.,.F.,(4,4),(0.00751570282014603,0.00963317244409906),
 .UNSPECIFIED.);
#58=B_SPLINE_CURVE_WITH_KNOTS('',3,(#2034,#2035,#2036,#2037),
 .UNSPECIFIED.,.F.,.F.,(4,4),(0.00882471496744857,0.010932000760707),
 .UNSPECIFIED.);
#59=B_SPLINE_CURVE_WITH_KNOTS('',3,(#2039,#2040,#2041,#2042,#2043),
 .UNSPECIFIED.,.F.,.F.,(4,1,4),(0.0035227304560175,0.00398472190648898,
0.00444671335696046),.UNSPECIFIED.);
#60=B_SPLINE_CURVE_WITH_KNOTS('',3,(#2045,#2046,#2047,#2048),
 .UNSPECIFIED.,.F.,.F.,(4,4),(0.00751570282014601,0.00963312421226557),
 .UNSPECIFIED.);
#61=B_SPLINE_CURVE_WITH_KNOTS('',3,(#2049,#2050,#2051,#2052),
 .UNSPECIFIED.,.F.,.F.,(4,4),(0.00577643966469707,0.00788625850389594),
 .UNSPECIFIED.);
#62=B_SPLINE_CURVE_WITH_KNOTS('',3,(#2054,#2055,#2056,#2057,#2058),
 .UNSPECIFIED.,.F.,.F.,(4,1,4),(0.00352273045601752,0.003984721906489,0.00444671335696048),
 .UNSPECIFIED.);
#63=B_SPLINE_CURVE_WITH_KNOTS('',3,(#2060,#2061,#2062,#2063),
 .UNSPECIFIED.,.F.,.F.,(4,4),(0.00751570282014602,0.00963315331690734),
 .UNSPECIFIED.);
#64=B_SPLINE_CURVE_WITH_KNOTS('',3,(#2064,#2065,#2066,#2067),
 .UNSPECIFIED.,.F.,.F.,(4,4),(0.00577643884354368,0.00788625602025955),
 .UNSPECIFIED.);
#65=B_SPLINE_CURVE_WITH_KNOTS('',3,(#2069,#2070,#2071,#2072,#2073),
 .UNSPECIFIED.,.F.,.F.,(4,1,4),(0.00352273045601754,0.00398472190648902,
0.0044467133569605),.UNSPECIFIED.);
#66=B_SPLINE_CURVE_WITH_KNOTS('',3,(#2075,#2076,#2077,#2078),
 .UNSPECIFIED.,.F.,.F.,(4,4),(0.007515702820146,0.00963315130650467),
 .UNSPECIFIED.);
#67=B_SPLINE_CURVE_WITH_KNOTS('',3,(#2079,#2080,#2081,#2082),
 .UNSPECIFIED.,.F.,.F.,(4,4),(0.0057764559087302,0.00788630763506365),
 .UNSPECIFIED.);
#68=B_SPLINE_CURVE_WITH_KNOTS('',3,(#2084,#2085,#2086,#2087,#2088),
 .UNSPECIFIED.,.F.,.F.,(4,1,4),(0.0035227304560175,0.00398472190648898,
0.00444671335696046),.UNSPECIFIED.);
#69=B_SPLINE_CURVE_WITH_KNOTS('',3,(#2090,#2091,#2092,#2093),
 .UNSPECIFIED.,.F.,.F.,(4,4),(0.00751570282014602,0.00963312504795517),
 .UNSPECIFIED.);
#70=B_SPLINE_CURVE_WITH_KNOTS('',3,(#2094,#2095,#2096,#2097),
 .UNSPECIFIED.,.F.,.F.,(4,4),(0.0057764304875397,0.00788623074691963),
 .UNSPECIFIED.);
#71=B_SPLINE_CURVE_WITH_KNOTS('',3,(#2099,#2100,#2101,#2102,#2103),
 .UNSPECIFIED.,.F.,.F.,(4,1,4),(0.00352273045601754,0.00398472190648902,
0.00444671335696049),.UNSPECIFIED.);
#72=B_SPLINE_CURVE_WITH_KNOTS('',3,(#2105,#2106,#2107,#2108),
 .UNSPECIFIED.,.F.,.F.,(4,4),(0.00751570282014602,0.00963317244409906),
 .UNSPECIFIED.);
#73=B_SPLINE_CURVE_WITH_KNOTS('',3,(#2111,#2112,#2113,#2114),
 .UNSPECIFIED.,.F.,.F.,(4,4),(3.49644694633735E-18,0.00223104557261861),
 .UNSPECIFIED.);
#74=B_SPLINE_CURVE_WITH_KNOTS('',3,(#2116,#2117,#2118,#2119,#2120),
 .UNSPECIFIED.,.F.,.F.,(4,1,4),(3.98042498461196E-17,0.000456247709973427,
0.000912495419946815),.UNSPECIFIED.);
#75=B_SPLINE_CURVE_WITH_KNOTS('',3,(#2122,#2123,#2124,#2125),
 .UNSPECIFIED.,.F.,.F.,(4,4),(0.,0.00206912653691358),.UNSPECIFIED.);
#76=B_SPLINE_CURVE_WITH_KNOTS('',3,(#2126,#2127,#2128,#2129),
 .UNSPECIFIED.,.F.,.F.,(4,4),(1.0842021724855E-19,0.00223104557261865),
 .UNSPECIFIED.);
#77=B_SPLINE_CURVE_WITH_KNOTS('',3,(#2131,#2132,#2133,#2134,#2135),
 .UNSPECIFIED.,.F.,.F.,(4,1,4),(4.09736626608409E-17,0.000456247709973435,
0.000912495419946829),.UNSPECIFIED.);
#78=B_SPLINE_CURVE_WITH_KNOTS('',3,(#2137,#2138,#2139,#2140),
 .UNSPECIFIED.,.F.,.F.,(4,4),(0.,0.00206912653691358),.UNSPECIFIED.);
#79=B_SPLINE_CURVE_WITH_KNOTS('',3,(#2141,#2142,#2143,#2144),
 .UNSPECIFIED.,.F.,.F.,(4,4),(6.1331736667335E-18,0.00223104557261862),
 .UNSPECIFIED.);
#80=B_SPLINE_CURVE_WITH_KNOTS('',3,(#2146,#2147,#2148,#2149,#2150),
 .UNSPECIFIED.,.F.,.F.,(4,1,4),(4.01828202132391E-17,0.000456247709973432,
0.000912495419946823),.UNSPECIFIED.);
#81=B_SPLINE_CURVE_WITH_KNOTS('',3,(#2152,#2153,#2154,#2155),
 .UNSPECIFIED.,.F.,.F.,(4,4),(0.,0.00206912653691358),.UNSPECIFIED.);
#82=B_SPLINE_CURVE_WITH_KNOTS('',3,(#2156,#2157,#2158,#2159),
 .UNSPECIFIED.,.F.,.F.,(4,4),(2.4532694666934E-18,0.00223104557261863),
 .UNSPECIFIED.);
#83=B_SPLINE_CURVE_WITH_KNOTS('',3,(#2161,#2162,#2163,#2164,#2165),
 .UNSPECIFIED.,.F.,.F.,(4,1,4),(4.16253246576229E-17,0.000456247709973432,
0.000912495419946823),.UNSPECIFIED.);
#84=B_SPLINE_CURVE_WITH_KNOTS('',3,(#2167,#2168,#2169,#2170),
 .UNSPECIFIED.,.F.,.F.,(4,4),(0.,0.00206912653691357),.UNSPECIFIED.);
#85=B_SPLINE_CURVE_WITH_KNOTS('',3,(#2171,#2172,#2173,#2174),
 .UNSPECIFIED.,.F.,.F.,(4,4),(7.02308642695668E-18,0.00223104557261864),
 .UNSPECIFIED.);
#86=B_SPLINE_CURVE_WITH_KNOTS('',3,(#2176,#2177,#2178,#2179,#2180),
 .UNSPECIFIED.,.F.,.F.,(4,1,4),(3.97711603862204E-17,0.000456247709973433,
0.000912495419946826),.UNSPECIFIED.);
#87=B_SPLINE_CURVE_WITH_KNOTS('',3,(#2182,#2183,#2184,#2185),
 .UNSPECIFIED.,.F.,.F.,(4,4),(0.,0.00206912653691358),.UNSPECIFIED.);
#88=B_SPLINE_CURVE_WITH_KNOTS('',3,(#2186,#2187,#2188,#2189),
 .UNSPECIFIED.,.F.,.F.,(4,4),(4.33680868994202E-19,0.00223104557261862),
 .UNSPECIFIED.);
#89=B_SPLINE_CURVE_WITH_KNOTS('',3,(#2191,#2192,#2193,#2194,#2195),
 .UNSPECIFIED.,.F.,.F.,(4,1,4),(4.06973161315166E-17,0.000456247709973436,
0.000912495419946831),.UNSPECIFIED.);
#90=B_SPLINE_CURVE_WITH_KNOTS('',3,(#2197,#2198,#2199,#2200),
 .UNSPECIFIED.,.F.,.F.,(4,4),(0.,0.00206912653691358),.UNSPECIFIED.);
#91=B_SPLINE_CURVE_WITH_KNOTS('',3,(#2201,#2202,#2203,#2204),
 .UNSPECIFIED.,.F.,.F.,(4,4),(6.88788443567308E-18,0.00223104557261865),
 .UNSPECIFIED.);
#92=B_SPLINE_CURVE_WITH_KNOTS('',3,(#2206,#2207,#2208,#2209,#2210),
 .UNSPECIFIED.,.F.,.F.,(4,1,4),(4.09736626608409E-17,0.000456247709973429,
0.000912495419946817),.UNSPECIFIED.);
#93=B_SPLINE_CURVE_WITH_KNOTS('',3,(#2212,#2213,#2214,#2215),
 .UNSPECIFIED.,.F.,.F.,(4,4),(0.,0.00206912653691358),.UNSPECIFIED.);
#94=B_SPLINE_CURVE_WITH_KNOTS('',3,(#2216,#2217,#2218,#2219),
 .UNSPECIFIED.,.F.,.F.,(4,4),(6.1331736667335E-18,0.00223104557261864),
 .UNSPECIFIED.);
#95=B_SPLINE_CURVE_WITH_KNOTS('',3,(#2221,#2222,#2223,#2224,#2225),
 .UNSPECIFIED.,.F.,.F.,(4,1,4),(4.23877294195484E-17,0.00045624770997343,
0.000912495419946818),.UNSPECIFIED.);
#96=B_SPLINE_CURVE_WITH_KNOTS('',3,(#2227,#2228,#2229,#2230),
 .UNSPECIFIED.,.F.,.F.,(4,4),(0.,0.00206912653691358),.UNSPECIFIED.);
#97=B_SPLINE_CURVE_WITH_KNOTS('',3,(#2231,#2232,#2233,#2234),
 .UNSPECIFIED.,.F.,.F.,(4,4),(3.91665690075488E-18,0.00223104557261862),
 .UNSPECIFIED.);
#98=B_SPLINE_CURVE_WITH_KNOTS('',3,(#2236,#2237,#2238,#2239,#2240),
 .UNSPECIFIED.,.F.,.F.,(4,1,4),(4.28054033274797E-17,0.000456247709973435,
0.000912495419946828),.UNSPECIFIED.);
#99=B_SPLINE_CURVE_WITH_KNOTS('',3,(#2242,#2243,#2244,#2245),
 .UNSPECIFIED.,.F.,.F.,(4,4),(0.,0.00206912653691358),.UNSPECIFIED.);
#100=B_SPLINE_CURVE_WITH_KNOTS('',3,(#2246,#2247,#2248,#2249),
 .UNSPECIFIED.,.F.,.F.,(4,4),(1.74822347316868E-18,0.00223104557261865),
 .UNSPECIFIED.);
#101=B_SPLINE_CURVE_WITH_KNOTS('',3,(#2251,#2252,#2253,#2254,#2255),
 .UNSPECIFIED.,.F.,.F.,(4,1,4),(3.95886739871941E-17,0.000456247709973431,
0.000912495419946822),.UNSPECIFIED.);
#102=B_SPLINE_CURVE_WITH_KNOTS('',3,(#2257,#2258,#2259,#2260),
 .UNSPECIFIED.,.F.,.F.,(4,4),(0.,0.00206912653691359),.UNSPECIFIED.);
#103=PLANE('',#819);
#104=PLANE('',#820);
#105=PLANE('',#823);
#106=CIRCLE('',#787,0.00625030754);
#107=CIRCLE('',#788,0.00625030754);
#108=CIRCLE('',#790,0.00625030754);
#109=CIRCLE('',#791,0.00625030754);
#110=CIRCLE('',#793,0.00625030754);
#111=CIRCLE('',#794,0.00625030754);
#112=CIRCLE('',#796,0.00625030754);
#113=CIRCLE('',#797,0.00625030754);
#114=CIRCLE('',#799,0.00625030754);
#115=CIRCLE('',#800,0.00625030754);
#116=CIRCLE('',#802,0.00625030754);
#117=CIRCLE('',#803,0.00625030754);
#118=CIRCLE('',#805,0.00625030754);
#119=CIRCLE('',#806,0.00625030754);
#120=CIRCLE('',#808,0.00625030754);
#121=CIRCLE('',#809,0.00625030754);
#122=CIRCLE('',#811,0.00625030754);
#123=CIRCLE('',#812,0.00625030754);
#124=CIRCLE('',#814,0.00625030754);
#125=CIRCLE('',#815,0.00625030754);
#126=CIRCLE('',#817,0.00904508253987453);
#127=CIRCLE('',#818,0.00904508253987453);
#128=CIRCLE('',#822,0.00412251313333334);
#129=ORIENTED_EDGE('',*,*,#375,.F.);
#130=ORIENTED_EDGE('',*,*,#376,.F.);
#131=ORIENTED_EDGE('',*,*,#377,.T.);
#132=ORIENTED_EDGE('',*,*,#378,.T.);
#133=ORIENTED_EDGE('',*,*,#379,.F.);
#134=ORIENTED_EDGE('',*,*,#380,.T.);
#135=ORIENTED_EDGE('',*,*,#381,.T.);
#136=ORIENTED_EDGE('',*,*,#382,.F.);
#137=ORIENTED_EDGE('',*,*,#383,.F.);
#138=ORIENTED_EDGE('',*,*,#384,.F.);
#139=ORIENTED_EDGE('',*,*,#385,.T.);
#140=ORIENTED_EDGE('',*,*,#386,.T.);
#141=ORIENTED_EDGE('',*,*,#387,.F.);
#142=ORIENTED_EDGE('',*,*,#388,.T.);
#143=ORIENTED_EDGE('',*,*,#389,.T.);
#144=ORIENTED_EDGE('',*,*,#390,.F.);
#145=ORIENTED_EDGE('',*,*,#391,.F.);
#146=ORIENTED_EDGE('',*,*,#392,.F.);
#147=ORIENTED_EDGE('',*,*,#393,.T.);
#148=ORIENTED_EDGE('',*,*,#394,.T.);
#149=ORIENTED_EDGE('',*,*,#395,.F.);
#150=ORIENTED_EDGE('',*,*,#396,.T.);
#151=ORIENTED_EDGE('',*,*,#397,.T.);
#152=ORIENTED_EDGE('',*,*,#398,.F.);
#153=ORIENTED_EDGE('',*,*,#399,.F.);
#154=ORIENTED_EDGE('',*,*,#400,.T.);
#155=ORIENTED_EDGE('',*,*,#401,.T.);
#156=ORIENTED_EDGE('',*,*,#402,.F.);
#157=ORIENTED_EDGE('',*,*,#403,.F.);
#158=ORIENTED_EDGE('',*,*,#404,.T.);
#159=ORIENTED_EDGE('',*,*,#405,.T.);
#160=ORIENTED_EDGE('',*,*,#406,.F.);
#161=ORIENTED_EDGE('',*,*,#407,.F.);
#162=ORIENTED_EDGE('',*,*,#408,.F.);
#163=ORIENTED_EDGE('',*,*,#409,.T.);
#164=ORIENTED_EDGE('',*,*,#410,.T.);
#165=ORIENTED_EDGE('',*,*,#411,.F.);
#166=ORIENTED_EDGE('',*,*,#412,.T.);
#167=ORIENTED_EDGE('',*,*,#413,.T.);
#168=ORIENTED_EDGE('',*,*,#414,.F.);
#169=ORIENTED_EDGE('',*,*,#415,.F.);
#170=ORIENTED_EDGE('',*,*,#416,.T.);
#171=ORIENTED_EDGE('',*,*,#415,.T.);
#172=ORIENTED_EDGE('',*,*,#381,.F.);
#173=ORIENTED_EDGE('',*,*,#417,.T.);
#174=ORIENTED_EDGE('',*,*,#418,.T.);
#175=ORIENTED_EDGE('',*,*,#419,.T.);
#176=ORIENTED_EDGE('',*,*,#378,.F.);
#177=ORIENTED_EDGE('',*,*,#420,.T.);
#178=ORIENTED_EDGE('',*,*,#421,.T.);
#179=ORIENTED_EDGE('',*,*,#422,.T.);
#180=ORIENTED_EDGE('',*,*,#389,.F.);
#181=ORIENTED_EDGE('',*,*,#423,.T.);
#182=ORIENTED_EDGE('',*,*,#424,.T.);
#183=ORIENTED_EDGE('',*,*,#425,.T.);
#184=ORIENTED_EDGE('',*,*,#386,.F.);
#185=ORIENTED_EDGE('',*,*,#426,.T.);
#186=ORIENTED_EDGE('',*,*,#427,.T.);
#187=ORIENTED_EDGE('',*,*,#428,.T.);
#188=ORIENTED_EDGE('',*,*,#410,.F.);
#189=ORIENTED_EDGE('',*,*,#429,.T.);
#190=ORIENTED_EDGE('',*,*,#430,.T.);
#191=ORIENTED_EDGE('',*,*,#431,.T.);
#192=ORIENTED_EDGE('',*,*,#413,.F.);
#193=ORIENTED_EDGE('',*,*,#432,.T.);
#194=ORIENTED_EDGE('',*,*,#433,.T.);
#195=ORIENTED_EDGE('',*,*,#434,.T.);
#196=ORIENTED_EDGE('',*,*,#397,.F.);
#197=ORIENTED_EDGE('',*,*,#435,.T.);
#198=ORIENTED_EDGE('',*,*,#436,.T.);
#199=ORIENTED_EDGE('',*,*,#437,.T.);
#200=ORIENTED_EDGE('',*,*,#394,.F.);
#201=ORIENTED_EDGE('',*,*,#438,.T.);
#202=ORIENTED_EDGE('',*,*,#439,.T.);
#203=ORIENTED_EDGE('',*,*,#440,.T.);
#204=ORIENTED_EDGE('',*,*,#405,.F.);
#205=ORIENTED_EDGE('',*,*,#441,.T.);
#206=ORIENTED_EDGE('',*,*,#442,.T.);
#207=ORIENTED_EDGE('',*,*,#443,.T.);
#208=ORIENTED_EDGE('',*,*,#401,.F.);
#209=ORIENTED_EDGE('',*,*,#444,.T.);
#210=ORIENTED_EDGE('',*,*,#445,.T.);
#211=ORIENTED_EDGE('',*,*,#446,.T.);
#212=ORIENTED_EDGE('',*,*,#416,.F.);
#213=ORIENTED_EDGE('',*,*,#447,.F.);
#214=ORIENTED_EDGE('',*,*,#448,.F.);
#215=ORIENTED_EDGE('',*,*,#449,.F.);
#216=ORIENTED_EDGE('',*,*,#379,.T.);
#217=ORIENTED_EDGE('',*,*,#450,.F.);
#218=ORIENTED_EDGE('',*,*,#451,.F.);
#219=ORIENTED_EDGE('',*,*,#452,.F.);
#220=ORIENTED_EDGE('',*,*,#399,.T.);
#221=ORIENTED_EDGE('',*,*,#453,.F.);
#222=ORIENTED_EDGE('',*,*,#454,.F.);
#223=ORIENTED_EDGE('',*,*,#455,.F.);
#224=ORIENTED_EDGE('',*,*,#403,.T.);
#225=ORIENTED_EDGE('',*,*,#456,.F.);
#226=ORIENTED_EDGE('',*,*,#457,.F.);
#227=ORIENTED_EDGE('',*,*,#458,.F.);
#228=ORIENTED_EDGE('',*,*,#392,.T.);
#229=ORIENTED_EDGE('',*,*,#459,.F.);
#230=ORIENTED_EDGE('',*,*,#460,.F.);
#231=ORIENTED_EDGE('',*,*,#461,.F.);
#232=ORIENTED_EDGE('',*,*,#395,.T.);
#233=ORIENTED_EDGE('',*,*,#462,.F.);
#234=ORIENTED_EDGE('',*,*,#463,.F.);
#235=ORIENTED_EDGE('',*,*,#464,.F.);
#236=ORIENTED_EDGE('',*,*,#411,.T.);
#237=ORIENTED_EDGE('',*,*,#465,.F.);
#238=ORIENTED_EDGE('',*,*,#466,.F.);
#239=ORIENTED_EDGE('',*,*,#467,.F.);
#240=ORIENTED_EDGE('',*,*,#408,.T.);
#241=ORIENTED_EDGE('',*,*,#468,.F.);
#242=ORIENTED_EDGE('',*,*,#469,.F.);
#243=ORIENTED_EDGE('',*,*,#470,.F.);
#244=ORIENTED_EDGE('',*,*,#384,.T.);
#245=ORIENTED_EDGE('',*,*,#471,.F.);
#246=ORIENTED_EDGE('',*,*,#472,.F.);
#247=ORIENTED_EDGE('',*,*,#473,.F.);
#248=ORIENTED_EDGE('',*,*,#387,.T.);
#249=ORIENTED_EDGE('',*,*,#474,.F.);
#250=ORIENTED_EDGE('',*,*,#475,.F.);
#251=ORIENTED_EDGE('',*,*,#476,.F.);
#252=ORIENTED_EDGE('',*,*,#376,.T.);
#253=ORIENTED_EDGE('',*,*,#477,.F.);
#254=ORIENTED_EDGE('',*,*,#477,.T.);
#255=ORIENTED_EDGE('',*,*,#465,.T.);
#256=ORIENTED_EDGE('',*,*,#414,.T.);
#257=ORIENTED_EDGE('',*,*,#431,.F.);
#258=ORIENTED_EDGE('',*,*,#478,.F.);
#259=ORIENTED_EDGE('',*,*,#466,.T.);
#260=ORIENTED_EDGE('',*,*,#478,.T.);
#261=ORIENTED_EDGE('',*,*,#430,.F.);
#262=ORIENTED_EDGE('',*,*,#479,.F.);
#263=ORIENTED_EDGE('',*,*,#467,.T.);
#264=ORIENTED_EDGE('',*,*,#479,.T.);
#265=ORIENTED_EDGE('',*,*,#429,.F.);
#266=ORIENTED_EDGE('',*,*,#409,.F.);
#267=ORIENTED_EDGE('',*,*,#468,.T.);
#268=ORIENTED_EDGE('',*,*,#407,.T.);
#269=ORIENTED_EDGE('',*,*,#428,.F.);
#270=ORIENTED_EDGE('',*,*,#480,.F.);
#271=ORIENTED_EDGE('',*,*,#469,.T.);
#272=ORIENTED_EDGE('',*,*,#480,.T.);
#273=ORIENTED_EDGE('',*,*,#427,.F.);
#274=ORIENTED_EDGE('',*,*,#481,.F.);
#275=ORIENTED_EDGE('',*,*,#470,.T.);
#276=ORIENTED_EDGE('',*,*,#481,.T.);
#277=ORIENTED_EDGE('',*,*,#426,.F.);
#278=ORIENTED_EDGE('',*,*,#385,.F.);
#279=ORIENTED_EDGE('',*,*,#456,.T.);
#280=ORIENTED_EDGE('',*,*,#406,.T.);
#281=ORIENTED_EDGE('',*,*,#440,.F.);
#282=ORIENTED_EDGE('',*,*,#482,.F.);
#283=ORIENTED_EDGE('',*,*,#457,.T.);
#284=ORIENTED_EDGE('',*,*,#482,.T.);
#285=ORIENTED_EDGE('',*,*,#439,.F.);
#286=ORIENTED_EDGE('',*,*,#483,.F.);
#287=ORIENTED_EDGE('',*,*,#458,.T.);
#288=ORIENTED_EDGE('',*,*,#483,.T.);
#289=ORIENTED_EDGE('',*,*,#438,.F.);
#290=ORIENTED_EDGE('',*,*,#393,.F.);
#291=ORIENTED_EDGE('',*,*,#453,.T.);
#292=ORIENTED_EDGE('',*,*,#402,.T.);
#293=ORIENTED_EDGE('',*,*,#443,.F.);
#294=ORIENTED_EDGE('',*,*,#484,.F.);
#295=ORIENTED_EDGE('',*,*,#454,.T.);
#296=ORIENTED_EDGE('',*,*,#484,.T.);
#297=ORIENTED_EDGE('',*,*,#442,.F.);
#298=ORIENTED_EDGE('',*,*,#485,.F.);
#299=ORIENTED_EDGE('',*,*,#455,.T.);
#300=ORIENTED_EDGE('',*,*,#485,.T.);
#301=ORIENTED_EDGE('',*,*,#441,.F.);
#302=ORIENTED_EDGE('',*,*,#404,.F.);
#303=ORIENTED_EDGE('',*,*,#462,.T.);
#304=ORIENTED_EDGE('',*,*,#398,.T.);
#305=ORIENTED_EDGE('',*,*,#434,.F.);
#306=ORIENTED_EDGE('',*,*,#486,.F.);
#307=ORIENTED_EDGE('',*,*,#463,.T.);
#308=ORIENTED_EDGE('',*,*,#486,.T.);
#309=ORIENTED_EDGE('',*,*,#433,.F.);
#310=ORIENTED_EDGE('',*,*,#487,.F.);
#311=ORIENTED_EDGE('',*,*,#464,.T.);
#312=ORIENTED_EDGE('',*,*,#487,.T.);
#313=ORIENTED_EDGE('',*,*,#432,.F.);
#314=ORIENTED_EDGE('',*,*,#412,.F.);
#315=ORIENTED_EDGE('',*,*,#459,.T.);
#316=ORIENTED_EDGE('',*,*,#391,.T.);
#317=ORIENTED_EDGE('',*,*,#437,.F.);
#318=ORIENTED_EDGE('',*,*,#488,.F.);
#319=ORIENTED_EDGE('',*,*,#460,.T.);
#320=ORIENTED_EDGE('',*,*,#488,.T.);
#321=ORIENTED_EDGE('',*,*,#436,.F.);
#322=ORIENTED_EDGE('',*,*,#489,.F.);
#323=ORIENTED_EDGE('',*,*,#461,.T.);
#324=ORIENTED_EDGE('',*,*,#489,.T.);
#325=ORIENTED_EDGE('',*,*,#435,.F.);
#326=ORIENTED_EDGE('',*,*,#396,.F.);
#327=ORIENTED_EDGE('',*,*,#474,.T.);
#328=ORIENTED_EDGE('',*,*,#390,.T.);
#329=ORIENTED_EDGE('',*,*,#422,.F.);
#330=ORIENTED_EDGE('',*,*,#490,.F.);
#331=ORIENTED_EDGE('',*,*,#475,.T.);
#332=ORIENTED_EDGE('',*,*,#490,.T.);
#333=ORIENTED_EDGE('',*,*,#421,.F.);
#334=ORIENTED_EDGE('',*,*,#491,.F.);
#335=ORIENTED_EDGE('',*,*,#476,.T.);
#336=ORIENTED_EDGE('',*,*,#491,.T.);
#337=ORIENTED_EDGE('',*,*,#420,.F.);
#338=ORIENTED_EDGE('',*,*,#377,.F.);
#339=ORIENTED_EDGE('',*,*,#471,.T.);
#340=ORIENTED_EDGE('',*,*,#383,.T.);
#341=ORIENTED_EDGE('',*,*,#425,.F.);
#342=ORIENTED_EDGE('',*,*,#492,.F.);
#343=ORIENTED_EDGE('',*,*,#472,.T.);
#344=ORIENTED_EDGE('',*,*,#492,.T.);
#345=ORIENTED_EDGE('',*,*,#424,.F.);
#346=ORIENTED_EDGE('',*,*,#493,.F.);
#347=ORIENTED_EDGE('',*,*,#473,.T.);
#348=ORIENTED_EDGE('',*,*,#493,.T.);
#349=ORIENTED_EDGE('',*,*,#423,.F.);
#350=ORIENTED_EDGE('',*,*,#388,.F.);
#351=ORIENTED_EDGE('',*,*,#450,.T.);
#352=ORIENTED_EDGE('',*,*,#382,.T.);
#353=ORIENTED_EDGE('',*,*,#446,.F.);
#354=ORIENTED_EDGE('',*,*,#494,.F.);
#355=ORIENTED_EDGE('',*,*,#451,.T.);
#356=ORIENTED_EDGE('',*,*,#494,.T.);
#357=ORIENTED_EDGE('',*,*,#445,.F.);
#358=ORIENTED_EDGE('',*,*,#495,.F.);
#359=ORIENTED_EDGE('',*,*,#452,.T.);
#360=ORIENTED_EDGE('',*,*,#495,.T.);
#361=ORIENTED_EDGE('',*,*,#444,.F.);
#362=ORIENTED_EDGE('',*,*,#400,.F.);
#363=ORIENTED_EDGE('',*,*,#447,.T.);
#364=ORIENTED_EDGE('',*,*,#375,.T.);
#365=ORIENTED_EDGE('',*,*,#419,.F.);
#366=ORIENTED_EDGE('',*,*,#496,.F.);
#367=ORIENTED_EDGE('',*,*,#448,.T.);
#368=ORIENTED_EDGE('',*,*,#496,.T.);
#369=ORIENTED_EDGE('',*,*,#418,.F.);
#370=ORIENTED_EDGE('',*,*,#497,.F.);
#371=ORIENTED_EDGE('',*,*,#449,.T.);
#372=ORIENTED_EDGE('',*,*,#497,.T.);
#373=ORIENTED_EDGE('',*,*,#417,.F.);
#374=ORIENTED_EDGE('',*,*,#380,.F.);
#375=EDGE_CURVE('',#498,#499,#581,.T.);
#376=EDGE_CURVE('',#500,#498,#106,.F.);
#377=EDGE_CURVE('',#500,#501,#582,.T.);
#378=EDGE_CURVE('',#501,#499,#107,.T.);
#379=EDGE_CURVE('',#502,#503,#108,.F.);
#380=EDGE_CURVE('',#502,#504,#583,.T.);
#381=EDGE_CURVE('',#504,#505,#109,.T.);
#382=EDGE_CURVE('',#503,#505,#584,.T.);
#383=EDGE_CURVE('',#506,#507,#585,.T.);
#384=EDGE_CURVE('',#508,#506,#110,.F.);
#385=EDGE_CURVE('',#508,#509,#586,.T.);
#386=EDGE_CURVE('',#509,#507,#111,.T.);
#387=EDGE_CURVE('',#510,#511,#112,.F.);
#388=EDGE_CURVE('',#510,#512,#587,.T.);
#389=EDGE_CURVE('',#512,#513,#113,.T.);
#390=EDGE_CURVE('',#511,#513,#588,.T.);
#391=EDGE_CURVE('',#514,#515,#589,.T.);
#392=EDGE_CURVE('',#516,#514,#114,.F.);
#393=EDGE_CURVE('',#516,#517,#590,.T.);
#394=EDGE_CURVE('',#517,#515,#115,.T.);
#395=EDGE_CURVE('',#518,#519,#116,.F.);
#396=EDGE_CURVE('',#518,#520,#591,.T.);
#397=EDGE_CURVE('',#520,#521,#117,.T.);
#398=EDGE_CURVE('',#519,#521,#592,.T.);
#399=EDGE_CURVE('',#522,#523,#118,.F.);
#400=EDGE_CURVE('',#522,#524,#593,.T.);
#401=EDGE_CURVE('',#524,#525,#119,.T.);
#402=EDGE_CURVE('',#523,#525,#594,.T.);
#403=EDGE_CURVE('',#526,#527,#120,.F.);
#404=EDGE_CURVE('',#526,#528,#595,.T.);
#405=EDGE_CURVE('',#528,#529,#121,.T.);
#406=EDGE_CURVE('',#527,#529,#596,.T.);
#407=EDGE_CURVE('',#530,#531,#597,.T.);
#408=EDGE_CURVE('',#532,#530,#122,.F.);
#409=EDGE_CURVE('',#532,#533,#598,.T.);
#410=EDGE_CURVE('',#533,#531,#123,.T.);
#411=EDGE_CURVE('',#534,#535,#124,.F.);
#412=EDGE_CURVE('',#534,#536,#599,.T.);
#413=EDGE_CURVE('',#536,#537,#125,.T.);
#414=EDGE_CURVE('',#535,#537,#600,.T.);
#415=EDGE_CURVE('',#538,#538,#126,.T.);
#416=EDGE_CURVE('',#539,#539,#127,.T.);
#417=EDGE_CURVE('',#504,#540,#43,.T.);
#418=EDGE_CURVE('',#540,#541,#44,.T.);
#419=EDGE_CURVE('',#541,#499,#45,.T.);
#420=EDGE_CURVE('',#501,#542,#46,.T.);
#421=EDGE_CURVE('',#542,#543,#47,.T.);
#422=EDGE_CURVE('',#543,#513,#48,.T.);
#423=EDGE_CURVE('',#512,#544,#49,.T.);
#424=EDGE_CURVE('',#544,#545,#50,.T.);
#425=EDGE_CURVE('',#545,#507,#51,.T.);
#426=EDGE_CURVE('',#509,#546,#52,.T.);
#427=EDGE_CURVE('',#546,#547,#53,.T.);
#428=EDGE_CURVE('',#547,#531,#54,.T.);
#429=EDGE_CURVE('',#533,#548,#55,.T.);
#430=EDGE_CURVE('',#548,#549,#56,.T.);
#431=EDGE_CURVE('',#549,#537,#57,.T.);
#432=EDGE_CURVE('',#536,#550,#58,.T.);
#433=EDGE_CURVE('',#550,#551,#59,.T.);
#434=EDGE_CURVE('',#551,#521,#60,.T.);
#435=EDGE_CURVE('',#520,#552,#61,.T.);
#436=EDGE_CURVE('',#552,#553,#62,.T.);
#437=EDGE_CURVE('',#553,#515,#63,.T.);
#438=EDGE_CURVE('',#517,#554,#64,.T.);
#439=EDGE_CURVE('',#554,#555,#65,.T.);
#440=EDGE_CURVE('',#555,#529,#66,.T.);
#441=EDGE_CURVE('',#528,#556,#67,.T.);
#442=EDGE_CURVE('',#556,#557,#68,.T.);
#443=EDGE_CURVE('',#557,#525,#69,.T.);
#444=EDGE_CURVE('',#524,#558,#70,.T.);
#445=EDGE_CURVE('',#558,#559,#71,.T.);
#446=EDGE_CURVE('',#559,#505,#72,.T.);
#447=EDGE_CURVE('',#560,#498,#73,.T.);
#448=EDGE_CURVE('',#561,#560,#74,.T.);
#449=EDGE_CURVE('',#502,#561,#75,.T.);
#450=EDGE_CURVE('',#562,#503,#76,.T.);
#451=EDGE_CURVE('',#563,#562,#77,.T.);
#452=EDGE_CURVE('',#522,#563,#78,.T.);
#453=EDGE_CURVE('',#564,#523,#79,.T.);
#454=EDGE_CURVE('',#565,#564,#80,.T.);
#455=EDGE_CURVE('',#526,#565,#81,.T.);
#456=EDGE_CURVE('',#566,#527,#82,.T.);
#457=EDGE_CURVE('',#567,#566,#83,.T.);
#458=EDGE_CURVE('',#516,#567,#84,.T.);
#459=EDGE_CURVE('',#568,#514,#85,.T.);
#460=EDGE_CURVE('',#569,#568,#86,.T.);
#461=EDGE_CURVE('',#518,#569,#87,.T.);
#462=EDGE_CURVE('',#570,#519,#88,.T.);
#463=EDGE_CURVE('',#571,#570,#89,.T.);
#464=EDGE_CURVE('',#534,#571,#90,.T.);
#465=EDGE_CURVE('',#572,#535,#91,.T.);
#466=EDGE_CURVE('',#573,#572,#92,.T.);
#467=EDGE_CURVE('',#532,#573,#93,.T.);
#468=EDGE_CURVE('',#574,#530,#94,.T.);
#469=EDGE_CURVE('',#575,#574,#95,.T.);
#470=EDGE_CURVE('',#508,#575,#96,.T.);
#471=EDGE_CURVE('',#576,#506,#97,.T.);
#472=EDGE_CURVE('',#577,#576,#98,.T.);
#473=EDGE_CURVE('',#510,#577,#99,.T.);
#474=EDGE_CURVE('',#578,#511,#100,.T.);
#475=EDGE_CURVE('',#579,#578,#101,.T.);
#476=EDGE_CURVE('',#500,#579,#102,.T.);
#477=EDGE_CURVE('',#580,#580,#128,.T.);
#478=EDGE_CURVE('',#572,#549,#601,.T.);
#479=EDGE_CURVE('',#573,#548,#602,.T.);
#480=EDGE_CURVE('',#574,#547,#603,.T.);
#481=EDGE_CURVE('',#575,#546,#604,.T.);
#482=EDGE_CURVE('',#566,#555,#605,.T.);
#483=EDGE_CURVE('',#567,#554,#606,.T.);
#484=EDGE_CURVE('',#564,#557,#607,.T.);
#485=EDGE_CURVE('',#565,#556,#608,.T.);
#486=EDGE_CURVE('',#570,#551,#609,.T.);
#487=EDGE_CURVE('',#571,#550,#610,.T.);
#488=EDGE_CURVE('',#568,#553,#611,.T.);
#489=EDGE_CURVE('',#569,#552,#612,.T.);
#490=EDGE_CURVE('',#578,#543,#613,.T.);
#491=EDGE_CURVE('',#579,#542,#614,.T.);
#492=EDGE_CURVE('',#576,#545,#615,.T.);
#493=EDGE_CURVE('',#577,#544,#616,.T.);
#494=EDGE_CURVE('',#562,#559,#617,.T.);
#495=EDGE_CURVE('',#563,#558,#618,.T.);
#496=EDGE_CURVE('',#560,#541,#619,.T.);
#497=EDGE_CURVE('',#561,#540,#620,.T.);
#498=VERTEX_POINT('',#953);
#499=VERTEX_POINT('',#954);
#500=VERTEX_POINT('',#956);
#501=VERTEX_POINT('',#1006);
#502=VERTEX_POINT('',#1010);
#503=VERTEX_POINT('',#1011);
#504=VERTEX_POINT('',#1061);
#505=VERTEX_POINT('',#1063);
#506=VERTEX_POINT('',#1163);
#507=VERTEX_POINT('',#1164);
#508=VERTEX_POINT('',#1166);
#509=VERTEX_POINT('',#1216);
#510=VERTEX_POINT('',#1220);
#511=VERTEX_POINT('',#1221);
#512=VERTEX_POINT('',#1271);
#513=VERTEX_POINT('',#1273);
#514=VERTEX_POINT('',#1373);
#515=VERTEX_POINT('',#1374);
#516=VERTEX_POINT('',#1376);
#517=VERTEX_POINT('',#1426);
#518=VERTEX_POINT('',#1430);
#519=VERTEX_POINT('',#1431);
#520=VERTEX_POINT('',#1481);
#521=VERTEX_POINT('',#1483);
#522=VERTEX_POINT('',#1535);
#523=VERTEX_POINT('',#1536);
#524=VERTEX_POINT('',#1586);
#525=VERTEX_POINT('',#1588);
#526=VERTEX_POINT('',#1640);
#527=VERTEX_POINT('',#1641);
#528=VERTEX_POINT('',#1691);
#529=VERTEX_POINT('',#1693);
#530=VERTEX_POINT('',#1793);
#531=VERTEX_POINT('',#1794);
#532=VERTEX_POINT('',#1796);
#533=VERTEX_POINT('',#1846);
#534=VERTEX_POINT('',#1850);
#535=VERTEX_POINT('',#1851);
#536=VERTEX_POINT('',#1901);
#537=VERTEX_POINT('',#1903);
#538=VERTEX_POINT('',#1955);
#539=VERTEX_POINT('',#1957);
#540=VERTEX_POINT('',#1963);
#541=VERTEX_POINT('',#1969);
#542=VERTEX_POINT('',#1978);
#543=VERTEX_POINT('',#1984);
#544=VERTEX_POINT('',#1993);
#545=VERTEX_POINT('',#1999);
#546=VERTEX_POINT('',#2008);
#547=VERTEX_POINT('',#2014);
#548=VERTEX_POINT('',#2023);
#549=VERTEX_POINT('',#2029);
#550=VERTEX_POINT('',#2038);
#551=VERTEX_POINT('',#2044);
#552=VERTEX_POINT('',#2053);
#553=VERTEX_POINT('',#2059);
#554=VERTEX_POINT('',#2068);
#555=VERTEX_POINT('',#2074);
#556=VERTEX_POINT('',#2083);
#557=VERTEX_POINT('',#2089);
#558=VERTEX_POINT('',#2098);
#559=VERTEX_POINT('',#2104);
#560=VERTEX_POINT('',#2115);
#561=VERTEX_POINT('',#2121);
#562=VERTEX_POINT('',#2130);
#563=VERTEX_POINT('',#2136);
#564=VERTEX_POINT('',#2145);
#565=VERTEX_POINT('',#2151);
#566=VERTEX_POINT('',#2160);
#567=VERTEX_POINT('',#2166);
#568=VERTEX_POINT('',#2175);
#569=VERTEX_POINT('',#2181);
#570=VERTEX_POINT('',#2190);
#571=VERTEX_POINT('',#2196);
#572=VERTEX_POINT('',#2205);
#573=VERTEX_POINT('',#2211);
#574=VERTEX_POINT('',#2220);
#575=VERTEX_POINT('',#2226);
#576=VERTEX_POINT('',#2235);
#577=VERTEX_POINT('',#2241);
#578=VERTEX_POINT('',#2250);
#579=VERTEX_POINT('',#2256);
#580=VERTEX_POINT('',#2262);
#581=(
BOUNDED_CURVE()
B_SPLINE_CURVE(2,(#904,#905,#906,#907,#908,#909,#910,#911,#912,#913,#914,
#915,#916,#917,#918,#919,#920,#921,#922,#923,#924,#925,#926,#927,#928,#929,
#930,#931,#932,#933,#934,#935,#936,#937,#938,#939,#940,#941,#942,#943,#944,
#945,#946,#947,#948,#949,#950,#951,#952),.UNSPECIFIED.,.F.,.F.)
B_SPLINE_CURVE_WITH_KNOTS((3,2,2,2,2,2,2,2,2,2,2,2,2,2,2,2,2,2,2,2,2,2,
2,2,3),(0.,0.0416666666666667,0.0833333333333333,0.125,0.166666666666667,
0.208333333333334,0.25,0.291666666666667,0.333333333333334,0.375,0.416666666666667,
0.458333333333333,0.5,0.541666666666667,0.583333333333333,0.625,0.666666666666667,
0.708333333333333,0.75,0.791666666666667,0.833333333333333,0.875,0.916666666666667,
0.958333333333333,1.),.UNSPECIFIED.)
CURVE()
GEOMETRIC_REPRESENTATION_ITEM()
RATIONAL_B_SPLINE_CURVE((1.,0.965925826289068,1.,0.965925826289068,1.,0.965925826289068,
1.,0.965925826289068,1.,0.965925826289068,1.,0.965925826289068,1.,0.965925826289068,
1.,0.965925826289068,1.,0.965925826289068,1.,0.965925826289068,1.,0.965925826289068,
1.,0.965925826289068,1.,0.965925826289068,1.,0.965925826289068,1.,0.965925826289068,
1.,0.965925826289068,1.,0.965925826289068,1.,0.965925826289068,1.,0.965925826289068,
1.,0.965925826289068,1.,0.965925826289068,1.,0.965925826289068,1.,0.965925826289068,
1.,0.965925826289068,1.))
REPRESENTATION_ITEM('')
);
#582=(
BOUNDED_CURVE()
B_SPLINE_CURVE(2,(#957,#958,#959,#960,#961,#962,#963,#964,#965,#966,#967,
#968,#969,#970,#971,#972,#973,#974,#975,#976,#977,#978,#979,#980,#981,#982,
#983,#984,#985,#986,#987,#988,#989,#990,#991,#992,#993,#994,#995,#996,#997,
#998,#999,#1000,#1001,#1002,#1003,#1004,#1005),.UNSPECIFIED.,.F.,.F.)
B_SPLINE_CURVE_WITH_KNOTS((3,2,2,2,2,2,2,2,2,2,2,2,2,2,2,2,2,2,2,2,2,2,
2,2,3),(0.,0.0416666666666667,0.0833333333333333,0.125,0.166666666666667,
0.208333333333334,0.25,0.291666666666667,0.333333333333334,0.375,0.416666666666667,
0.458333333333333,0.5,0.541666666666667,0.583333333333333,0.625,0.666666666666667,
0.708333333333333,0.75,0.791666666666667,0.833333333333333,0.875,0.916666666666667,
0.958333333333333,1.),.UNSPECIFIED.)
CURVE()
GEOMETRIC_REPRESENTATION_ITEM()
RATIONAL_B_SPLINE_CURVE((1.,0.965925826289068,1.,0.965925826289068,1.,0.965925826289068,
1.,0.965925826289068,1.,0.965925826289068,1.,0.965925826289068,1.,0.965925826289068,
1.,0.965925826289068,1.,0.965925826289068,1.,0.965925826289068,1.,0.965925826289068,
1.,0.965925826289068,1.,0.965925826289068,1.,0.965925826289068,1.,0.965925826289068,
1.,0.965925826289068,1.,0.965925826289068,1.,0.965925826289068,1.,0.965925826289068,
1.,0.965925826289068,1.,0.965925826289068,1.,0.965925826289068,1.,0.965925826289068,
1.,0.965925826289068,1.))
REPRESENTATION_ITEM('')
);
#583=(
BOUNDED_CURVE()
B_SPLINE_CURVE(2,(#1012,#1013,#1014,#1015,#1016,#1017,#1018,#1019,#1020,
#1021,#1022,#1023,#1024,#1025,#1026,#1027,#1028,#1029,#1030,#1031,#1032,
#1033,#1034,#1035,#1036,#1037,#1038,#1039,#1040,#1041,#1042,#1043,#1044,
#1045,#1046,#1047,#1048,#1049,#1050,#1051,#1052,#1053,#1054,#1055,#1056,
#1057,#1058,#1059,#1060),.UNSPECIFIED.,.F.,.F.)
B_SPLINE_CURVE_WITH_KNOTS((3,2,2,2,2,2,2,2,2,2,2,2,2,2,2,2,2,2,2,2,2,2,
2,2,3),(0.,0.0416666666666667,0.0833333333333333,0.125,0.166666666666667,
0.208333333333334,0.25,0.291666666666667,0.333333333333334,0.375,0.416666666666667,
0.458333333333333,0.5,0.541666666666667,0.583333333333333,0.625,0.666666666666667,
0.708333333333333,0.75,0.791666666666667,0.833333333333333,0.875,0.916666666666667,
0.958333333333333,1.),.UNSPECIFIED.)
CURVE()
GEOMETRIC_REPRESENTATION_ITEM()
RATIONAL_B_SPLINE_CURVE((1.,0.965925826289068,1.,0.965925826289068,1.,0.965925826289068,
1.,0.965925826289068,1.,0.965925826289068,1.,0.965925826289068,1.,0.965925826289068,
1.,0.965925826289068,1.,0.965925826289068,1.,0.965925826289068,1.,0.965925826289068,
1.,0.965925826289068,1.,0.965925826289068,1.,0.965925826289068,1.,0.965925826289068,
1.,0.965925826289068,1.,0.965925826289068,1.,0.965925826289068,1.,0.965925826289068,
1.,0.965925826289068,1.,0.965925826289068,1.,0.965925826289068,1.,0.965925826289068,
1.,0.965925826289068,1.))
REPRESENTATION_ITEM('')
);
#584=(
BOUNDED_CURVE()
B_SPLINE_CURVE(2,(#1064,#1065,#1066,#1067,#1068,#1069,#1070,#1071,#1072,
#1073,#1074,#1075,#1076,#1077,#1078,#1079,#1080,#1081,#1082,#1083,#1084,
#1085,#1086,#1087,#1088,#1089,#1090,#1091,#1092,#1093,#1094,#1095,#1096,
#1097,#1098,#1099,#1100,#1101,#1102,#1103,#1104,#1105,#1106,#1107,#1108,
#1109,#1110,#1111,#1112),.UNSPECIFIED.,.F.,.F.)
B_SPLINE_CURVE_WITH_KNOTS((3,2,2,2,2,2,2,2,2,2,2,2,2,2,2,2,2,2,2,2,2,2,
2,2,3),(0.,0.0416666666666667,0.0833333333333333,0.125,0.166666666666667,
0.208333333333334,0.25,0.291666666666667,0.333333333333334,0.375,0.416666666666667,
0.458333333333333,0.5,0.541666666666667,0.583333333333333,0.625,0.666666666666667,
0.708333333333333,0.75,0.791666666666667,0.833333333333333,0.875,0.916666666666667,
0.958333333333333,1.),.UNSPECIFIED.)
CURVE()
GEOMETRIC_REPRESENTATION_ITEM()
RATIONAL_B_SPLINE_CURVE((1.,0.965925826289068,1.,0.965925826289068,1.,0.965925826289068,
1.,0.965925826289068,1.,0.965925826289068,1.,0.965925826289068,1.,0.965925826289068,
1.,0.965925826289068,1.,0.965925826289068,1.,0.965925826289068,1.,0.965925826289068,
1.,0.965925826289068,1.,0.965925826289068,1.,0.965925826289068,1.,0.965925826289068,
1.,0.965925826289068,1.,0.965925826289068,1.,0.965925826289068,1.,0.965925826289068,
1.,0.965925826289068,1.,0.965925826289068,1.,0.965925826289068,1.,0.965925826289068,
1.,0.965925826289068,1.))
REPRESENTATION_ITEM('')
);
#585=(
BOUNDED_CURVE()
B_SPLINE_CURVE(2,(#1114,#1115,#1116,#1117,#1118,#1119,#1120,#1121,#1122,
#1123,#1124,#1125,#1126,#1127,#1128,#1129,#1130,#1131,#1132,#1133,#1134,
#1135,#1136,#1137,#1138,#1139,#1140,#1141,#1142,#1143,#1144,#1145,#1146,
#1147,#1148,#1149,#1150,#1151,#1152,#1153,#1154,#1155,#1156,#1157,#1158,
#1159,#1160,#1161,#1162),.UNSPECIFIED.,.F.,.F.)
B_SPLINE_CURVE_WITH_KNOTS((3,2,2,2,2,2,2,2,2,2,2,2,2,2,2,2,2,2,2,2,2,2,
2,2,3),(0.,0.0416666666666667,0.0833333333333333,0.125,0.166666666666667,
0.208333333333334,0.25,0.291666666666667,0.333333333333334,0.375,0.416666666666667,
0.458333333333333,0.5,0.541666666666667,0.583333333333333,0.625,0.666666666666667,
0.708333333333333,0.75,0.791666666666667,0.833333333333333,0.875,0.916666666666667,
0.958333333333333,1.),.UNSPECIFIED.)
CURVE()
GEOMETRIC_REPRESENTATION_ITEM()
RATIONAL_B_SPLINE_CURVE((1.,0.965925826289068,1.,0.965925826289068,1.,0.965925826289068,
1.,0.965925826289068,1.,0.965925826289068,1.,0.965925826289068,1.,0.965925826289068,
1.,0.965925826289068,1.,0.965925826289068,1.,0.965925826289068,1.,0.965925826289068,
1.,0.965925826289068,1.,0.965925826289068,1.,0.965925826289068,1.,0.965925826289068,
1.,0.965925826289068,1.,0.965925826289068,1.,0.965925826289068,1.,0.965925826289068,
1.,0.965925826289068,1.,0.965925826289068,1.,0.965925826289068,1.,0.965925826289068,
1.,0.965925826289068,1.))
REPRESENTATION_ITEM('')
);
#586=(
BOUNDED_CURVE()
B_SPLINE_CURVE(2,(#1167,#1168,#1169,#1170,#1171,#1172,#1173,#1174,#1175,
#1176,#1177,#1178,#1179,#1180,#1181,#1182,#1183,#1184,#1185,#1186,#1187,
#1188,#1189,#1190,#1191,#1192,#1193,#1194,#1195,#1196,#1197,#1198,#1199,
#1200,#1201,#1202,#1203,#1204,#1205,#1206,#1207,#1208,#1209,#1210,#1211,
#1212,#1213,#1214,#1215),.UNSPECIFIED.,.F.,.F.)
B_SPLINE_CURVE_WITH_KNOTS((3,2,2,2,2,2,2,2,2,2,2,2,2,2,2,2,2,2,2,2,2,2,
2,2,3),(0.,0.0416666666666667,0.0833333333333333,0.125,0.166666666666667,
0.208333333333334,0.25,0.291666666666667,0.333333333333334,0.375,0.416666666666667,
0.458333333333333,0.5,0.541666666666667,0.583333333333333,0.625,0.666666666666667,
0.708333333333333,0.75,0.791666666666667,0.833333333333333,0.875,0.916666666666667,
0.958333333333333,1.),.UNSPECIFIED.)
CURVE()
GEOMETRIC_REPRESENTATION_ITEM()
RATIONAL_B_SPLINE_CURVE((1.,0.965925826289068,1.,0.965925826289068,1.,0.965925826289068,
1.,0.965925826289068,1.,0.965925826289068,1.,0.965925826289068,1.,0.965925826289068,
1.,0.965925826289068,1.,0.965925826289068,1.,0.965925826289068,1.,0.965925826289068,
1.,0.965925826289068,1.,0.965925826289068,1.,0.965925826289068,1.,0.965925826289068,
1.,0.965925826289068,1.,0.965925826289068,1.,0.965925826289068,1.,0.965925826289068,
1.,0.965925826289068,1.,0.965925826289068,1.,0.965925826289068,1.,0.965925826289068,
1.,0.965925826289068,1.))
REPRESENTATION_ITEM('')
);
#587=(
BOUNDED_CURVE()
B_SPLINE_CURVE(2,(#1222,#1223,#1224,#1225,#1226,#1227,#1228,#1229,#1230,
#1231,#1232,#1233,#1234,#1235,#1236,#1237,#1238,#1239,#1240,#1241,#1242,
#1243,#1244,#1245,#1246,#1247,#1248,#1249,#1250,#1251,#1252,#1253,#1254,
#1255,#1256,#1257,#1258,#1259,#1260,#1261,#1262,#1263,#1264,#1265,#1266,
#1267,#1268,#1269,#1270),.UNSPECIFIED.,.F.,.F.)
B_SPLINE_CURVE_WITH_KNOTS((3,2,2,2,2,2,2,2,2,2,2,2,2,2,2,2,2,2,2,2,2,2,
2,2,3),(0.,0.0416666666666667,0.0833333333333333,0.125,0.166666666666667,
0.208333333333334,0.25,0.291666666666667,0.333333333333334,0.375,0.416666666666667,
0.458333333333333,0.5,0.541666666666667,0.583333333333333,0.625,0.666666666666667,
0.708333333333333,0.75,0.791666666666667,0.833333333333333,0.875,0.916666666666667,
0.958333333333333,1.),.UNSPECIFIED.)
CURVE()
GEOMETRIC_REPRESENTATION_ITEM()
RATIONAL_B_SPLINE_CURVE((1.,0.965925826289068,1.,0.965925826289068,1.,0.965925826289068,
1.,0.965925826289068,1.,0.965925826289068,1.,0.965925826289068,1.,0.965925826289068,
1.,0.965925826289068,1.,0.965925826289068,1.,0.965925826289068,1.,0.965925826289068,
1.,0.965925826289068,1.,0.965925826289068,1.,0.965925826289068,1.,0.965925826289068,
1.,0.965925826289068,1.,0.965925826289068,1.,0.965925826289068,1.,0.965925826289068,
1.,0.965925826289068,1.,0.965925826289068,1.,0.965925826289068,1.,0.965925826289068,
1.,0.965925826289068,1.))
REPRESENTATION_ITEM('')
);
#588=(
BOUNDED_CURVE()
B_SPLINE_CURVE(2,(#1274,#1275,#1276,#1277,#1278,#1279,#1280,#1281,#1282,
#1283,#1284,#1285,#1286,#1287,#1288,#1289,#1290,#1291,#1292,#1293,#1294,
#1295,#1296,#1297,#1298,#1299,#1300,#1301,#1302,#1303,#1304,#1305,#1306,
#1307,#1308,#1309,#1310,#1311,#1312,#1313,#1314,#1315,#1316,#1317,#1318,
#1319,#1320,#1321,#1322),.UNSPECIFIED.,.F.,.F.)
B_SPLINE_CURVE_WITH_KNOTS((3,2,2,2,2,2,2,2,2,2,2,2,2,2,2,2,2,2,2,2,2,2,
2,2,3),(0.,0.0416666666666667,0.0833333333333333,0.125,0.166666666666667,
0.208333333333334,0.25,0.291666666666667,0.333333333333334,0.375,0.416666666666667,
0.458333333333333,0.5,0.541666666666667,0.583333333333333,0.625,0.666666666666667,
0.708333333333333,0.75,0.791666666666667,0.833333333333333,0.875,0.916666666666667,
0.958333333333333,1.),.UNSPECIFIED.)
CURVE()
GEOMETRIC_REPRESENTATION_ITEM()
RATIONAL_B_SPLINE_CURVE((1.,0.965925826289068,1.,0.965925826289068,1.,0.965925826289068,
1.,0.965925826289068,1.,0.965925826289068,1.,0.965925826289068,1.,0.965925826289068,
1.,0.965925826289068,1.,0.965925826289068,1.,0.965925826289068,1.,0.965925826289068,
1.,0.965925826289068,1.,0.965925826289068,1.,0.965925826289068,1.,0.965925826289068,
1.,0.965925826289068,1.,0.965925826289068,1.,0.965925826289068,1.,0.965925826289068,
1.,0.965925826289068,1.,0.965925826289068,1.,0.965925826289068,1.,0.965925826289068,
1.,0.965925826289068,1.))
REPRESENTATION_ITEM('')
);
#589=(
BOUNDED_CURVE()
B_SPLINE_CURVE(2,(#1324,#1325,#1326,#1327,#1328,#1329,#1330,#1331,#1332,
#1333,#1334,#1335,#1336,#1337,#1338,#1339,#1340,#1341,#1342,#1343,#1344,
#1345,#1346,#1347,#1348,#1349,#1350,#1351,#1352,#1353,#1354,#1355,#1356,
#1357,#1358,#1359,#1360,#1361,#1362,#1363,#1364,#1365,#1366,#1367,#1368,
#1369,#1370,#1371,#1372),.UNSPECIFIED.,.F.,.F.)
B_SPLINE_CURVE_WITH_KNOTS((3,2,2,2,2,2,2,2,2,2,2,2,2,2,2,2,2,2,2,2,2,2,
2,2,3),(0.,0.0416666666666667,0.0833333333333333,0.125,0.166666666666667,
0.208333333333334,0.25,0.291666666666667,0.333333333333334,0.375,0.416666666666667,
0.458333333333333,0.5,0.541666666666667,0.583333333333333,0.625,0.666666666666667,
0.708333333333333,0.75,0.791666666666667,0.833333333333333,0.875,0.916666666666667,
0.958333333333333,1.),.UNSPECIFIED.)
CURVE()
GEOMETRIC_REPRESENTATION_ITEM()
RATIONAL_B_SPLINE_CURVE((1.,0.965925826289068,1.,0.965925826289068,1.,0.965925826289068,
1.,0.965925826289068,1.,0.965925826289068,1.,0.965925826289068,1.,0.965925826289068,
1.,0.965925826289068,1.,0.965925826289068,1.,0.965925826289068,1.,0.965925826289068,
1.,0.965925826289068,1.,0.965925826289068,1.,0.965925826289068,1.,0.965925826289068,
1.,0.965925826289068,1.,0.965925826289068,1.,0.965925826289068,1.,0.965925826289068,
1.,0.965925826289068,1.,0.965925826289068,1.,0.965925826289068,1.,0.965925826289068,
1.,0.965925826289068,1.))
REPRESENTATION_ITEM('')
);
#590=(
BOUNDED_CURVE()
B_SPLINE_CURVE(2,(#1377,#1378,#1379,#1380,#1381,#1382,#1383,#1384,#1385,
#1386,#1387,#1388,#1389,#1390,#1391,#1392,#1393,#1394,#1395,#1396,#1397,
#1398,#1399,#1400,#1401,#1402,#1403,#1404,#1405,#1406,#1407,#1408,#1409,
#1410,#1411,#1412,#1413,#1414,#1415,#1416,#1417,#1418,#1419,#1420,#1421,
#1422,#1423,#1424,#1425),.UNSPECIFIED.,.F.,.F.)
B_SPLINE_CURVE_WITH_KNOTS((3,2,2,2,2,2,2,2,2,2,2,2,2,2,2,2,2,2,2,2,2,2,
2,2,3),(0.,0.0416666666666667,0.0833333333333333,0.125,0.166666666666667,
0.208333333333334,0.25,0.291666666666667,0.333333333333334,0.375,0.416666666666667,
0.458333333333333,0.5,0.541666666666667,0.583333333333333,0.625,0.666666666666667,
0.708333333333333,0.75,0.791666666666667,0.833333333333333,0.875,0.916666666666667,
0.958333333333333,1.),.UNSPECIFIED.)
CURVE()
GEOMETRIC_REPRESENTATION_ITEM()
RATIONAL_B_SPLINE_CURVE((1.,0.965925826289068,1.,0.965925826289068,1.,0.965925826289068,
1.,0.965925826289068,1.,0.965925826289068,1.,0.965925826289068,1.,0.965925826289068,
1.,0.965925826289068,1.,0.965925826289068,1.,0.965925826289068,1.,0.965925826289068,
1.,0.965925826289068,1.,0.965925826289068,1.,0.965925826289068,1.,0.965925826289068,
1.,0.965925826289068,1.,0.965925826289068,1.,0.965925826289068,1.,0.965925826289068,
1.,0.965925826289068,1.,0.965925826289068,1.,0.965925826289068,1.,0.965925826289068,
1.,0.965925826289068,1.))
REPRESENTATION_ITEM('')
);
#591=(
BOUNDED_CURVE()
B_SPLINE_CURVE(2,(#1432,#1433,#1434,#1435,#1436,#1437,#1438,#1439,#1440,
#1441,#1442,#1443,#1444,#1445,#1446,#1447,#1448,#1449,#1450,#1451,#1452,
#1453,#1454,#1455,#1456,#1457,#1458,#1459,#1460,#1461,#1462,#1463,#1464,
#1465,#1466,#1467,#1468,#1469,#1470,#1471,#1472,#1473,#1474,#1475,#1476,
#1477,#1478,#1479,#1480),.UNSPECIFIED.,.F.,.F.)
B_SPLINE_CURVE_WITH_KNOTS((3,2,2,2,2,2,2,2,2,2,2,2,2,2,2,2,2,2,2,2,2,2,
2,2,3),(0.,0.0416666666666667,0.0833333333333333,0.125,0.166666666666667,
0.208333333333334,0.25,0.291666666666667,0.333333333333334,0.375,0.416666666666667,
0.458333333333333,0.5,0.541666666666667,0.583333333333333,0.625,0.666666666666667,
0.708333333333333,0.75,0.791666666666667,0.833333333333333,0.875,0.916666666666667,
0.958333333333333,1.),.UNSPECIFIED.)
CURVE()
GEOMETRIC_REPRESENTATION_ITEM()
RATIONAL_B_SPLINE_CURVE((1.,0.965925826289068,1.,0.965925826289068,1.,0.965925826289068,
1.,0.965925826289068,1.,0.965925826289068,1.,0.965925826289068,1.,0.965925826289068,
1.,0.965925826289068,1.,0.965925826289068,1.,0.965925826289068,1.,0.965925826289068,
1.,0.965925826289068,1.,0.965925826289068,1.,0.965925826289068,1.,0.965925826289068,
1.,0.965925826289068,1.,0.965925826289068,1.,0.965925826289068,1.,0.965925826289068,
1.,0.965925826289068,1.,0.965925826289068,1.,0.965925826289068,1.,0.965925826289068,
1.,0.965925826289068,1.))
REPRESENTATION_ITEM('')
);
#592=(
BOUNDED_CURVE()
B_SPLINE_CURVE(2,(#1484,#1485,#1486,#1487,#1488,#1489,#1490,#1491,#1492,
#1493,#1494,#1495,#1496,#1497,#1498,#1499,#1500,#1501,#1502,#1503,#1504,
#1505,#1506,#1507,#1508,#1509,#1510,#1511,#1512,#1513,#1514,#1515,#1516,
#1517,#1518,#1519,#1520,#1521,#1522,#1523,#1524,#1525,#1526,#1527,#1528,
#1529,#1530,#1531,#1532),.UNSPECIFIED.,.F.,.F.)
B_SPLINE_CURVE_WITH_KNOTS((3,2,2,2,2,2,2,2,2,2,2,2,2,2,2,2,2,2,2,2,2,2,
2,2,3),(0.,0.0416666666666667,0.0833333333333333,0.125,0.166666666666667,
0.208333333333334,0.25,0.291666666666667,0.333333333333334,0.375,0.416666666666667,
0.458333333333333,0.5,0.541666666666667,0.583333333333333,0.625,0.666666666666667,
0.708333333333333,0.75,0.791666666666667,0.833333333333333,0.875,0.916666666666667,
0.958333333333333,1.),.UNSPECIFIED.)
CURVE()
GEOMETRIC_REPRESENTATION_ITEM()
RATIONAL_B_SPLINE_CURVE((1.,0.965925826289068,1.,0.965925826289068,1.,0.965925826289068,
1.,0.965925826289068,1.,0.965925826289068,1.,0.965925826289068,1.,0.965925826289068,
1.,0.965925826289068,1.,0.965925826289068,1.,0.965925826289068,1.,0.965925826289068,
1.,0.965925826289068,1.,0.965925826289068,1.,0.965925826289068,1.,0.965925826289068,
1.,0.965925826289068,1.,0.965925826289068,1.,0.965925826289068,1.,0.965925826289068,
1.,0.965925826289068,1.,0.965925826289068,1.,0.965925826289068,1.,0.965925826289068,
1.,0.965925826289068,1.))
REPRESENTATION_ITEM('')
);
#593=(
BOUNDED_CURVE()
B_SPLINE_CURVE(2,(#1537,#1538,#1539,#1540,#1541,#1542,#1543,#1544,#1545,
#1546,#1547,#1548,#1549,#1550,#1551,#1552,#1553,#1554,#1555,#1556,#1557,
#1558,#1559,#1560,#1561,#1562,#1563,#1564,#1565,#1566,#1567,#1568,#1569,
#1570,#1571,#1572,#1573,#1574,#1575,#1576,#1577,#1578,#1579,#1580,#1581,
#1582,#1583,#1584,#1585),.UNSPECIFIED.,.F.,.F.)
B_SPLINE_CURVE_WITH_KNOTS((3,2,2,2,2,2,2,2,2,2,2,2,2,2,2,2,2,2,2,2,2,2,
2,2,3),(0.,0.0416666666666667,0.0833333333333333,0.125,0.166666666666667,
0.208333333333334,0.25,0.291666666666667,0.333333333333334,0.375,0.416666666666667,
0.458333333333333,0.5,0.541666666666667,0.583333333333333,0.625,0.666666666666667,
0.708333333333333,0.75,0.791666666666667,0.833333333333333,0.875,0.916666666666667,
0.958333333333333,1.),.UNSPECIFIED.)
CURVE()
GEOMETRIC_REPRESENTATION_ITEM()
RATIONAL_B_SPLINE_CURVE((1.,0.965925826289068,1.,0.965925826289068,1.,0.965925826289068,
1.,0.965925826289068,1.,0.965925826289068,1.,0.965925826289068,1.,0.965925826289068,
1.,0.965925826289068,1.,0.965925826289068,1.,0.965925826289068,1.,0.965925826289068,
1.,0.965925826289068,1.,0.965925826289068,1.,0.965925826289068,1.,0.965925826289068,
1.,0.965925826289068,1.,0.965925826289068,1.,0.965925826289068,1.,0.965925826289068,
1.,0.965925826289068,1.,0.965925826289068,1.,0.965925826289068,1.,0.965925826289068,
1.,0.965925826289068,1.))
REPRESENTATION_ITEM('')
);
#594=(
BOUNDED_CURVE()
B_SPLINE_CURVE(2,(#1589,#1590,#1591,#1592,#1593,#1594,#1595,#1596,#1597,
#1598,#1599,#1600,#1601,#1602,#1603,#1604,#1605,#1606,#1607,#1608,#1609,
#1610,#1611,#1612,#1613,#1614,#1615,#1616,#1617,#1618,#1619,#1620,#1621,
#1622,#1623,#1624,#1625,#1626,#1627,#1628,#1629,#1630,#1631,#1632,#1633,
#1634,#1635,#1636,#1637),.UNSPECIFIED.,.F.,.F.)
B_SPLINE_CURVE_WITH_KNOTS((3,2,2,2,2,2,2,2,2,2,2,2,2,2,2,2,2,2,2,2,2,2,
2,2,3),(0.,0.0416666666666667,0.0833333333333333,0.125,0.166666666666667,
0.208333333333334,0.25,0.291666666666667,0.333333333333334,0.375,0.416666666666667,
0.458333333333333,0.5,0.541666666666667,0.583333333333333,0.625,0.666666666666667,
0.708333333333333,0.75,0.791666666666667,0.833333333333333,0.875,0.916666666666667,
0.958333333333333,1.),.UNSPECIFIED.)
CURVE()
GEOMETRIC_REPRESENTATION_ITEM()
RATIONAL_B_SPLINE_CURVE((1.,0.965925826289068,1.,0.965925826289068,1.,0.965925826289068,
1.,0.965925826289068,1.,0.965925826289068,1.,0.965925826289068,1.,0.965925826289068,
1.,0.965925826289068,1.,0.965925826289068,1.,0.965925826289068,1.,0.965925826289068,
1.,0.965925826289068,1.,0.965925826289068,1.,0.965925826289068,1.,0.965925826289068,
1.,0.965925826289068,1.,0.965925826289068,1.,0.965925826289068,1.,0.965925826289068,
1.,0.965925826289068,1.,0.965925826289068,1.,0.965925826289068,1.,0.965925826289068,
1.,0.965925826289068,1.))
REPRESENTATION_ITEM('')
);
#595=(
BOUNDED_CURVE()
B_SPLINE_CURVE(2,(#1642,#1643,#1644,#1645,#1646,#1647,#1648,#1649,#1650,
#1651,#1652,#1653,#1654,#1655,#1656,#1657,#1658,#1659,#1660,#1661,#1662,
#1663,#1664,#1665,#1666,#1667,#1668,#1669,#1670,#1671,#1672,#1673,#1674,
#1675,#1676,#1677,#1678,#1679,#1680,#1681,#1682,#1683,#1684,#1685,#1686,
#1687,#1688,#1689,#1690),.UNSPECIFIED.,.F.,.F.)
B_SPLINE_CURVE_WITH_KNOTS((3,2,2,2,2,2,2,2,2,2,2,2,2,2,2,2,2,2,2,2,2,2,
2,2,3),(0.,0.0416666666666667,0.0833333333333333,0.125,0.166666666666667,
0.208333333333334,0.25,0.291666666666667,0.333333333333334,0.375,0.416666666666667,
0.458333333333333,0.5,0.541666666666667,0.583333333333333,0.625,0.666666666666667,
0.708333333333333,0.75,0.791666666666667,0.833333333333333,0.875,0.916666666666667,
0.958333333333333,1.),.UNSPECIFIED.)
CURVE()
GEOMETRIC_REPRESENTATION_ITEM()
RATIONAL_B_SPLINE_CURVE((1.,0.965925826289068,1.,0.965925826289068,1.,0.965925826289068,
1.,0.965925826289068,1.,0.965925826289068,1.,0.965925826289068,1.,0.965925826289068,
1.,0.965925826289068,1.,0.965925826289068,1.,0.965925826289068,1.,0.965925826289068,
1.,0.965925826289068,1.,0.965925826289068,1.,0.965925826289068,1.,0.965925826289068,
1.,0.965925826289068,1.,0.965925826289068,1.,0.965925826289068,1.,0.965925826289068,
1.,0.965925826289068,1.,0.965925826289068,1.,0.965925826289068,1.,0.965925826289068,
1.,0.965925826289068,1.))
REPRESENTATION_ITEM('')
);
#596=(
BOUNDED_CURVE()
B_SPLINE_CURVE(2,(#1694,#1695,#1696,#1697,#1698,#1699,#1700,#1701,#1702,
#1703,#1704,#1705,#1706,#1707,#1708,#1709,#1710,#1711,#1712,#1713,#1714,
#1715,#1716,#1717,#1718,#1719,#1720,#1721,#1722,#1723,#1724,#1725,#1726,
#1727,#1728,#1729,#1730,#1731,#1732,#1733,#1734,#1735,#1736,#1737,#1738,
#1739,#1740,#1741,#1742),.UNSPECIFIED.,.F.,.F.)
B_SPLINE_CURVE_WITH_KNOTS((3,2,2,2,2,2,2,2,2,2,2,2,2,2,2,2,2,2,2,2,2,2,
2,2,3),(0.,0.0416666666666667,0.0833333333333333,0.125,0.166666666666667,
0.208333333333334,0.25,0.291666666666667,0.333333333333334,0.375,0.416666666666667,
0.458333333333333,0.5,0.541666666666667,0.583333333333333,0.625,0.666666666666667,
0.708333333333333,0.75,0.791666666666667,0.833333333333333,0.875,0.916666666666667,
0.958333333333333,1.),.UNSPECIFIED.)
CURVE()
GEOMETRIC_REPRESENTATION_ITEM()
RATIONAL_B_SPLINE_CURVE((1.,0.965925826289068,1.,0.965925826289068,1.,0.965925826289068,
1.,0.965925826289068,1.,0.965925826289068,1.,0.965925826289068,1.,0.965925826289068,
1.,0.965925826289068,1.,0.965925826289068,1.,0.965925826289068,1.,0.965925826289068,
1.,0.965925826289068,1.,0.965925826289068,1.,0.965925826289068,1.,0.965925826289068,
1.,0.965925826289068,1.,0.965925826289068,1.,0.965925826289068,1.,0.965925826289068,
1.,0.965925826289068,1.,0.965925826289068,1.,0.965925826289068,1.,0.965925826289068,
1.,0.965925826289068,1.))
REPRESENTATION_ITEM('')
);
#597=(
BOUNDED_CURVE()
B_SPLINE_CURVE(2,(#1744,#1745,#1746,#1747,#1748,#1749,#1750,#1751,#1752,
#1753,#1754,#1755,#1756,#1757,#1758,#1759,#1760,#1761,#1762,#1763,#1764,
#1765,#1766,#1767,#1768,#1769,#1770,#1771,#1772,#1773,#1774,#1775,#1776,
#1777,#1778,#1779,#1780,#1781,#1782,#1783,#1784,#1785,#1786,#1787,#1788,
#1789,#1790,#1791,#1792),.UNSPECIFIED.,.F.,.F.)
B_SPLINE_CURVE_WITH_KNOTS((3,2,2,2,2,2,2,2,2,2,2,2,2,2,2,2,2,2,2,2,2,2,
2,2,3),(0.,0.0416666666666667,0.0833333333333333,0.125,0.166666666666667,
0.208333333333334,0.25,0.291666666666667,0.333333333333334,0.375,0.416666666666667,
0.458333333333333,0.5,0.541666666666667,0.583333333333333,0.625,0.666666666666667,
0.708333333333333,0.75,0.791666666666667,0.833333333333333,0.875,0.916666666666667,
0.958333333333333,1.),.UNSPECIFIED.)
CURVE()
GEOMETRIC_REPRESENTATION_ITEM()
RATIONAL_B_SPLINE_CURVE((1.,0.965925826289068,1.,0.965925826289068,1.,0.965925826289068,
1.,0.965925826289068,1.,0.965925826289068,1.,0.965925826289068,1.,0.965925826289068,
1.,0.965925826289068,1.,0.965925826289068,1.,0.965925826289068,1.,0.965925826289068,
1.,0.965925826289068,1.,0.965925826289068,1.,0.965925826289068,1.,0.965925826289068,
1.,0.965925826289068,1.,0.965925826289068,1.,0.965925826289068,1.,0.965925826289068,
1.,0.965925826289068,1.,0.965925826289068,1.,0.965925826289068,1.,0.965925826289068,
1.,0.965925826289068,1.))
REPRESENTATION_ITEM('')
);
#598=(
BOUNDED_CURVE()
B_SPLINE_CURVE(2,(#1797,#1798,#1799,#1800,#1801,#1802,#1803,#1804,#1805,
#1806,#1807,#1808,#1809,#1810,#1811,#1812,#1813,#1814,#1815,#1816,#1817,
#1818,#1819,#1820,#1821,#1822,#1823,#1824,#1825,#1826,#1827,#1828,#1829,
#1830,#1831,#1832,#1833,#1834,#1835,#1836,#1837,#1838,#1839,#1840,#1841,
#1842,#1843,#1844,#1845),.UNSPECIFIED.,.F.,.F.)
B_SPLINE_CURVE_WITH_KNOTS((3,2,2,2,2,2,2,2,2,2,2,2,2,2,2,2,2,2,2,2,2,2,
2,2,3),(0.,0.0416666666666667,0.0833333333333333,0.125,0.166666666666667,
0.208333333333334,0.25,0.291666666666667,0.333333333333334,0.375,0.416666666666667,
0.458333333333333,0.5,0.541666666666667,0.583333333333333,0.625,0.666666666666667,
0.708333333333333,0.75,0.791666666666667,0.833333333333333,0.875,0.916666666666667,
0.958333333333333,1.),.UNSPECIFIED.)
CURVE()
GEOMETRIC_REPRESENTATION_ITEM()
RATIONAL_B_SPLINE_CURVE((1.,0.965925826289068,1.,0.965925826289068,1.,0.965925826289068,
1.,0.965925826289068,1.,0.965925826289068,1.,0.965925826289068,1.,0.965925826289068,
1.,0.965925826289068,1.,0.965925826289068,1.,0.965925826289068,1.,0.965925826289068,
1.,0.965925826289068,1.,0.965925826289068,1.,0.965925826289068,1.,0.965925826289068,
1.,0.965925826289068,1.,0.965925826289068,1.,0.965925826289068,1.,0.965925826289068,
1.,0.965925826289068,1.,0.965925826289068,1.,0.965925826289068,1.,0.965925826289068,
1.,0.965925826289068,1.))
REPRESENTATION_ITEM('')
);
#599=(
BOUNDED_CURVE()
B_SPLINE_CURVE(2,(#1852,#1853,#1854,#1855,#1856,#1857,#1858,#1859,#1860,
#1861,#1862,#1863,#1864,#1865,#1866,#1867,#1868,#1869,#1870,#1871,#1872,
#1873,#1874,#1875,#1876,#1877,#1878,#1879,#1880,#1881,#1882,#1883,#1884,
#1885,#1886,#1887,#1888,#1889,#1890,#1891,#1892,#1893,#1894,#1895,#1896,
#1897,#1898,#1899,#1900),.UNSPECIFIED.,.F.,.F.)
B_SPLINE_CURVE_WITH_KNOTS((3,2,2,2,2,2,2,2,2,2,2,2,2,2,2,2,2,2,2,2,2,2,
2,2,3),(0.,0.0416666666666667,0.0833333333333333,0.125,0.166666666666667,
0.208333333333334,0.25,0.291666666666667,0.333333333333334,0.375,0.416666666666667,
0.458333333333333,0.5,0.541666666666667,0.583333333333333,0.625,0.666666666666667,
0.708333333333333,0.75,0.791666666666667,0.833333333333333,0.875,0.916666666666667,
0.958333333333333,1.),.UNSPECIFIED.)
CURVE()
GEOMETRIC_REPRESENTATION_ITEM()
RATIONAL_B_SPLINE_CURVE((1.,0.965925826289068,1.,0.965925826289068,1.,0.965925826289068,
1.,0.965925826289068,1.,0.965925826289068,1.,0.965925826289068,1.,0.965925826289068,
1.,0.965925826289068,1.,0.965925826289068,1.,0.965925826289068,1.,0.965925826289068,
1.,0.965925826289068,1.,0.965925826289068,1.,0.965925826289068,1.,0.965925826289068,
1.,0.965925826289068,1.,0.965925826289068,1.,0.965925826289068,1.,0.965925826289068,
1.,0.965925826289068,1.,0.965925826289068,1.,0.965925826289068,1.,0.965925826289068,
1.,0.965925826289068,1.))
REPRESENTATION_ITEM('')
);
#600=(
BOUNDED_CURVE()
B_SPLINE_CURVE(2,(#1904,#1905,#1906,#1907,#1908,#1909,#1910,#1911,#1912,
#1913,#1914,#1915,#1916,#1917,#1918,#1919,#1920,#1921,#1922,#1923,#1924,
#1925,#1926,#1927,#1928,#1929,#1930,#1931,#1932,#1933,#1934,#1935,#1936,
#1937,#1938,#1939,#1940,#1941,#1942,#1943,#1944,#1945,#1946,#1947,#1948,
#1949,#1950,#1951,#1952),.UNSPECIFIED.,.F.,.F.)
B_SPLINE_CURVE_WITH_KNOTS((3,2,2,2,2,2,2,2,2,2,2,2,2,2,2,2,2,2,2,2,2,2,
2,2,3),(0.,0.0416666666666667,0.0833333333333333,0.125,0.166666666666667,
0.208333333333334,0.25,0.291666666666667,0.333333333333334,0.375,0.416666666666667,
0.458333333333333,0.5,0.541666666666667,0.583333333333333,0.625,0.666666666666667,
0.708333333333333,0.75,0.791666666666667,0.833333333333333,0.875,0.916666666666667,
0.958333333333333,1.),.UNSPECIFIED.)
CURVE()
GEOMETRIC_REPRESENTATION_ITEM()
RATIONAL_B_SPLINE_CURVE((1.,0.965925826289068,1.,0.965925826289068,1.,0.965925826289068,
1.,0.965925826289068,1.,0.965925826289068,1.,0.965925826289068,1.,0.965925826289068,
1.,0.965925826289068,1.,0.965925826289068,1.,0.965925826289068,1.,0.965925826289068,
1.,0.965925826289068,1.,0.965925826289068,1.,0.965925826289068,1.,0.965925826289068,
1.,0.965925826289068,1.,0.965925826289068,1.,0.965925826289068,1.,0.965925826289068,
1.,0.965925826289068,1.,0.965925826289068,1.,0.965925826289068,1.,0.965925826289068,
1.,0.965925826289068,1.))
REPRESENTATION_ITEM('')
);
#601=(
BOUNDED_CURVE()
B_SPLINE_CURVE(2,(#2318,#2319,#2320,#2321,#2322,#2323,#2324,#2325,#2326,
#2327,#2328,#2329,#2330,#2331,#2332,#2333,#2334,#2335,#2336,#2337,#2338,
#2339,#2340,#2341,#2342,#2343,#2344,#2345,#2346,#2347,#2348,#2349,#2350,
#2351,#2352,#2353,#2354,#2355,#2356,#2357,#2358,#2359,#2360,#2361,#2362,
#2363,#2364,#2365,#2366),.UNSPECIFIED.,.F.,.F.)
B_SPLINE_CURVE_WITH_KNOTS((3,2,2,2,2,2,2,2,2,2,2,2,2,2,2,2,2,2,2,2,2,2,
2,2,3),(0.,0.0416666666666667,0.0833333333333333,0.125,0.166666666666667,
0.208333333333334,0.25,0.291666666666667,0.333333333333334,0.375,0.416666666666667,
0.458333333333333,0.5,0.541666666666667,0.583333333333333,0.625,0.666666666666667,
0.708333333333333,0.75,0.791666666666667,0.833333333333333,0.875,0.916666666666667,
0.958333333333333,1.),.UNSPECIFIED.)
CURVE()
GEOMETRIC_REPRESENTATION_ITEM()
RATIONAL_B_SPLINE_CURVE((1.,0.965925826289068,1.,0.965925826289068,1.,0.965925826289068,
1.,0.965925826289068,1.,0.965925826289068,1.,0.965925826289068,1.,0.965925826289068,
1.,0.965925826289068,1.,0.965925826289068,1.,0.965925826289068,1.,0.965925826289068,
1.,0.965925826289068,1.,0.965925826289068,1.,0.965925826289068,1.,0.965925826289068,
1.,0.965925826289068,1.,0.965925826289068,1.,0.965925826289068,1.,0.965925826289068,
1.,0.965925826289068,1.,0.965925826289068,1.,0.965925826289068,1.,0.965925826289068,
1.,0.965925826289068,1.))
REPRESENTATION_ITEM('')
);
#602=(
BOUNDED_CURVE()
B_SPLINE_CURVE(2,(#2475,#2476,#2477,#2478,#2479,#2480,#2481,#2482,#2483,
#2484,#2485,#2486,#2487,#2488,#2489,#2490,#2491,#2492,#2493,#2494,#2495,
#2496,#2497,#2498,#2499,#2500,#2501,#2502,#2503,#2504,#2505,#2506,#2507,
#2508,#2509,#2510,#2511,#2512,#2513,#2514,#2515,#2516,#2517,#2518,#2519,
#2520,#2521,#2522,#2523),.UNSPECIFIED.,.F.,.F.)
B_SPLINE_CURVE_WITH_KNOTS((3,2,2,2,2,2,2,2,2,2,2,2,2,2,2,2,2,2,2,2,2,2,
2,2,3),(0.,0.0416666666666667,0.0833333333333333,0.125,0.166666666666667,
0.208333333333334,0.25,0.291666666666667,0.333333333333334,0.375,0.416666666666667,
0.458333333333333,0.5,0.541666666666667,0.583333333333333,0.625,0.666666666666667,
0.708333333333333,0.75,0.791666666666667,0.833333333333333,0.875,0.916666666666667,
0.958333333333333,1.),.UNSPECIFIED.)
CURVE()
GEOMETRIC_REPRESENTATION_ITEM()
RATIONAL_B_SPLINE_CURVE((1.,0.965925826289068,1.,0.965925826289068,1.,0.965925826289068,
1.,0.965925826289068,1.,0.965925826289068,1.,0.965925826289068,1.,0.965925826289068,
1.,0.965925826289068,1.,0.965925826289068,1.,0.965925826289068,1.,0.965925826289068,
1.,0.965925826289068,1.,0.965925826289068,1.,0.965925826289068,1.,0.965925826289068,
1.,0.965925826289068,1.,0.965925826289068,1.,0.965925826289068,1.,0.965925826289068,
1.,0.965925826289068,1.,0.965925826289068,1.,0.965925826289068,1.,0.965925826289068,
1.,0.965925826289068,1.))
REPRESENTATION_ITEM('')
);
#603=(
BOUNDED_CURVE()
B_SPLINE_CURVE(2,(#2628,#2629,#2630,#2631,#2632,#2633,#2634,#2635,#2636,
#2637,#2638,#2639,#2640,#2641,#2642,#2643,#2644,#2645,#2646,#2647,#2648,
#2649,#2650,#2651,#2652,#2653,#2654,#2655,#2656,#2657,#2658,#2659,#2660,
#2661,#2662,#2663,#2664,#2665,#2666,#2667,#2668,#2669,#2670,#2671,#2672,
#2673,#2674,#2675,#2676),.UNSPECIFIED.,.F.,.F.)
B_SPLINE_CURVE_WITH_KNOTS((3,2,2,2,2,2,2,2,2,2,2,2,2,2,2,2,2,2,2,2,2,2,
2,2,3),(0.,0.0416666666666667,0.0833333333333333,0.125,0.166666666666667,
0.208333333333334,0.25,0.291666666666667,0.333333333333334,0.375,0.416666666666667,
0.458333333333333,0.5,0.541666666666667,0.583333333333333,0.625,0.666666666666667,
0.708333333333333,0.75,0.791666666666667,0.833333333333333,0.875,0.916666666666667,
0.958333333333333,1.),.UNSPECIFIED.)
CURVE()
GEOMETRIC_REPRESENTATION_ITEM()
RATIONAL_B_SPLINE_CURVE((1.,0.965925826289068,1.,0.965925826289068,1.,0.965925826289068,
1.,0.965925826289068,1.,0.965925826289068,1.,0.965925826289068,1.,0.965925826289068,
1.,0.965925826289068,1.,0.965925826289068,1.,0.965925826289068,1.,0.965925826289068,
1.,0.965925826289068,1.,0.965925826289068,1.,0.965925826289068,1.,0.965925826289068,
1.,0.965925826289068,1.,0.965925826289068,1.,0.965925826289068,1.,0.965925826289068,
1.,0.965925826289068,1.,0.965925826289068,1.,0.965925826289068,1.,0.965925826289068,
1.,0.965925826289068,1.))
REPRESENTATION_ITEM('')
);
#604=(
BOUNDED_CURVE()
B_SPLINE_CURVE(2,(#2785,#2786,#2787,#2788,#2789,#2790,#2791,#2792,#2793,
#2794,#2795,#2796,#2797,#2798,#2799,#2800,#2801,#2802,#2803,#2804,#2805,
#2806,#2807,#2808,#2809,#2810,#2811,#2812,#2813,#2814,#2815,#2816,#2817,
#2818,#2819,#2820,#2821,#2822,#2823,#2824,#2825,#2826,#2827,#2828,#2829,
#2830,#2831,#2832,#2833),.UNSPECIFIED.,.F.,.F.)
B_SPLINE_CURVE_WITH_KNOTS((3,2,2,2,2,2,2,2,2,2,2,2,2,2,2,2,2,2,2,2,2,2,
2,2,3),(0.,0.0416666666666667,0.0833333333333333,0.125,0.166666666666667,
0.208333333333334,0.25,0.291666666666667,0.333333333333334,0.375,0.416666666666667,
0.458333333333333,0.5,0.541666666666667,0.583333333333333,0.625,0.666666666666667,
0.708333333333333,0.75,0.791666666666667,0.833333333333333,0.875,0.916666666666667,
0.958333333333333,1.),.UNSPECIFIED.)
CURVE()
GEOMETRIC_REPRESENTATION_ITEM()
RATIONAL_B_SPLINE_CURVE((1.,0.965925826289068,1.,0.965925826289068,1.,0.965925826289068,
1.,0.965925826289068,1.,0.965925826289068,1.,0.965925826289068,1.,0.965925826289068,
1.,0.965925826289068,1.,0.965925826289068,1.,0.965925826289068,1.,0.965925826289068,
1.,0.965925826289068,1.,0.965925826289068,1.,0.965925826289068,1.,0.965925826289068,
1.,0.965925826289068,1.,0.965925826289068,1.,0.965925826289068,1.,0.965925826289068,
1.,0.965925826289068,1.,0.965925826289068,1.,0.965925826289068,1.,0.965925826289068,
1.,0.965925826289068,1.))
REPRESENTATION_ITEM('')
);
#605=(
BOUNDED_CURVE()
B_SPLINE_CURVE(2,(#2938,#2939,#2940,#2941,#2942,#2943,#2944,#2945,#2946,
#2947,#2948,#2949,#2950,#2951,#2952,#2953,#2954,#2955,#2956,#2957,#2958,
#2959,#2960,#2961,#2962,#2963,#2964,#2965,#2966,#2967,#2968,#2969,#2970,
#2971,#2972,#2973,#2974,#2975,#2976,#2977,#2978,#2979,#2980,#2981,#2982,
#2983,#2984,#2985,#2986),.UNSPECIFIED.,.F.,.F.)
B_SPLINE_CURVE_WITH_KNOTS((3,2,2,2,2,2,2,2,2,2,2,2,2,2,2,2,2,2,2,2,2,2,
2,2,3),(0.,0.0416666666666667,0.0833333333333333,0.125,0.166666666666667,
0.208333333333334,0.25,0.291666666666667,0.333333333333334,0.375,0.416666666666667,
0.458333333333333,0.5,0.541666666666667,0.583333333333333,0.625,0.666666666666667,
0.708333333333333,0.75,0.791666666666667,0.833333333333333,0.875,0.916666666666667,
0.958333333333333,1.),.UNSPECIFIED.)
CURVE()
GEOMETRIC_REPRESENTATION_ITEM()
RATIONAL_B_SPLINE_CURVE((1.,0.965925826289068,1.,0.965925826289068,1.,0.965925826289068,
1.,0.965925826289068,1.,0.965925826289068,1.,0.965925826289068,1.,0.965925826289068,
1.,0.965925826289068,1.,0.965925826289068,1.,0.965925826289068,1.,0.965925826289068,
1.,0.965925826289068,1.,0.965925826289068,1.,0.965925826289068,1.,0.965925826289068,
1.,0.965925826289068,1.,0.965925826289068,1.,0.965925826289068,1.,0.965925826289068,
1.,0.965925826289068,1.,0.965925826289068,1.,0.965925826289068,1.,0.965925826289068,
1.,0.965925826289068,1.))
REPRESENTATION_ITEM('')
);
#606=(
BOUNDED_CURVE()
B_SPLINE_CURVE(2,(#3095,#3096,#3097,#3098,#3099,#3100,#3101,#3102,#3103,
#3104,#3105,#3106,#3107,#3108,#3109,#3110,#3111,#3112,#3113,#3114,#3115,
#3116,#3117,#3118,#3119,#3120,#3121,#3122,#3123,#3124,#3125,#3126,#3127,
#3128,#3129,#3130,#3131,#3132,#3133,#3134,#3135,#3136,#3137,#3138,#3139,
#3140,#3141,#3142,#3143),.UNSPECIFIED.,.F.,.F.)
B_SPLINE_CURVE_WITH_KNOTS((3,2,2,2,2,2,2,2,2,2,2,2,2,2,2,2,2,2,2,2,2,2,
2,2,3),(0.,0.0416666666666667,0.0833333333333333,0.125,0.166666666666667,
0.208333333333334,0.25,0.291666666666667,0.333333333333334,0.375,0.416666666666667,
0.458333333333333,0.5,0.541666666666667,0.583333333333333,0.625,0.666666666666667,
0.708333333333333,0.75,0.791666666666667,0.833333333333333,0.875,0.916666666666667,
0.958333333333333,1.),.UNSPECIFIED.)
CURVE()
GEOMETRIC_REPRESENTATION_ITEM()
RATIONAL_B_SPLINE_CURVE((1.,0.965925826289068,1.,0.965925826289068,1.,0.965925826289068,
1.,0.965925826289068,1.,0.965925826289068,1.,0.965925826289068,1.,0.965925826289068,
1.,0.965925826289068,1.,0.965925826289068,1.,0.965925826289068,1.,0.965925826289068,
1.,0.965925826289068,1.,0.965925826289068,1.,0.965925826289068,1.,0.965925826289068,
1.,0.965925826289068,1.,0.965925826289068,1.,0.965925826289068,1.,0.965925826289068,
1.,0.965925826289068,1.,0.965925826289068,1.,0.965925826289068,1.,0.965925826289068,
1.,0.965925826289068,1.))
REPRESENTATION_ITEM('')
);
#607=(
BOUNDED_CURVE()
B_SPLINE_CURVE(2,(#3248,#3249,#3250,#3251,#3252,#3253,#3254,#3255,#3256,
#3257,#3258,#3259,#3260,#3261,#3262,#3263,#3264,#3265,#3266,#3267,#3268,
#3269,#3270,#3271,#3272,#3273,#3274,#3275,#3276,#3277,#3278,#3279,#3280,
#3281,#3282,#3283,#3284,#3285,#3286,#3287,#3288,#3289,#3290,#3291,#3292,
#3293,#3294,#3295,#3296),.UNSPECIFIED.,.F.,.F.)
B_SPLINE_CURVE_WITH_KNOTS((3,2,2,2,2,2,2,2,2,2,2,2,2,2,2,2,2,2,2,2,2,2,
2,2,3),(0.,0.0416666666666667,0.0833333333333333,0.125,0.166666666666667,
0.208333333333334,0.25,0.291666666666667,0.333333333333334,0.375,0.416666666666667,
0.458333333333333,0.5,0.541666666666667,0.583333333333333,0.625,0.666666666666667,
0.708333333333333,0.75,0.791666666666667,0.833333333333333,0.875,0.916666666666667,
0.958333333333333,1.),.UNSPECIFIED.)
CURVE()
GEOMETRIC_REPRESENTATION_ITEM()
RATIONAL_B_SPLINE_CURVE((1.,0.965925826289068,1.,0.965925826289068,1.,0.965925826289068,
1.,0.965925826289068,1.,0.965925826289068,1.,0.965925826289068,1.,0.965925826289068,
1.,0.965925826289068,1.,0.965925826289068,1.,0.965925826289068,1.,0.965925826289068,
1.,0.965925826289068,1.,0.965925826289068,1.,0.965925826289068,1.,0.965925826289068,
1.,0.965925826289068,1.,0.965925826289068,1.,0.965925826289068,1.,0.965925826289068,
1.,0.965925826289068,1.,0.965925826289068,1.,0.965925826289068,1.,0.965925826289068,
1.,0.965925826289068,1.))
REPRESENTATION_ITEM('')
);
#608=(
BOUNDED_CURVE()
B_SPLINE_CURVE(2,(#3405,#3406,#3407,#3408,#3409,#3410,#3411,#3412,#3413,
#3414,#3415,#3416,#3417,#3418,#3419,#3420,#3421,#3422,#3423,#3424,#3425,
#3426,#3427,#3428,#3429,#3430,#3431,#3432,#3433,#3434,#3435,#3436,#3437,
#3438,#3439,#3440,#3441,#3442,#3443,#3444,#3445,#3446,#3447,#3448,#3449,
#3450,#3451,#3452,#3453),.UNSPECIFIED.,.F.,.F.)
B_SPLINE_CURVE_WITH_KNOTS((3,2,2,2,2,2,2,2,2,2,2,2,2,2,2,2,2,2,2,2,2,2,
2,2,3),(0.,0.0416666666666667,0.0833333333333333,0.125,0.166666666666667,
0.208333333333334,0.25,0.291666666666667,0.333333333333334,0.375,0.416666666666667,
0.458333333333333,0.5,0.541666666666667,0.583333333333333,0.625,0.666666666666667,
0.708333333333333,0.75,0.791666666666667,0.833333333333333,0.875,0.916666666666667,
0.958333333333333,1.),.UNSPECIFIED.)
CURVE()
GEOMETRIC_REPRESENTATION_ITEM()
RATIONAL_B_SPLINE_CURVE((1.,0.965925826289068,1.,0.965925826289068,1.,0.965925826289068,
1.,0.965925826289068,1.,0.965925826289068,1.,0.965925826289068,1.,0.965925826289068,
1.,0.965925826289068,1.,0.965925826289068,1.,0.965925826289068,1.,0.965925826289068,
1.,0.965925826289068,1.,0.965925826289068,1.,0.965925826289068,1.,0.965925826289068,
1.,0.965925826289068,1.,0.965925826289068,1.,0.965925826289068,1.,0.965925826289068,
1.,0.965925826289068,1.,0.965925826289068,1.,0.965925826289068,1.,0.965925826289068,
1.,0.965925826289068,1.))
REPRESENTATION_ITEM('')
);
#609=(
BOUNDED_CURVE()
B_SPLINE_CURVE(2,(#3558,#3559,#3560,#3561,#3562,#3563,#3564,#3565,#3566,
#3567,#3568,#3569,#3570,#3571,#3572,#3573,#3574,#3575,#3576,#3577,#3578,
#3579,#3580,#3581,#3582,#3583,#3584,#3585,#3586,#3587,#3588,#3589,#3590,
#3591,#3592,#3593,#3594,#3595,#3596,#3597,#3598,#3599,#3600,#3601,#3602,
#3603,#3604,#3605,#3606),.UNSPECIFIED.,.F.,.F.)
B_SPLINE_CURVE_WITH_KNOTS((3,2,2,2,2,2,2,2,2,2,2,2,2,2,2,2,2,2,2,2,2,2,
2,2,3),(0.,0.0416666666666667,0.0833333333333333,0.125,0.166666666666667,
0.208333333333334,0.25,0.291666666666667,0.333333333333334,0.375,0.416666666666667,
0.458333333333333,0.5,0.541666666666667,0.583333333333333,0.625,0.666666666666667,
0.708333333333333,0.75,0.791666666666667,0.833333333333333,0.875,0.916666666666667,
0.958333333333333,1.),.UNSPECIFIED.)
CURVE()
GEOMETRIC_REPRESENTATION_ITEM()
RATIONAL_B_SPLINE_CURVE((1.,0.965925826289068,1.,0.965925826289068,1.,0.965925826289068,
1.,0.965925826289068,1.,0.965925826289068,1.,0.965925826289068,1.,0.965925826289068,
1.,0.965925826289068,1.,0.965925826289068,1.,0.965925826289068,1.,0.965925826289068,
1.,0.965925826289068,1.,0.965925826289068,1.,0.965925826289068,1.,0.965925826289068,
1.,0.965925826289068,1.,0.965925826289068,1.,0.965925826289068,1.,0.965925826289068,
1.,0.965925826289068,1.,0.965925826289068,1.,0.965925826289068,1.,0.965925826289068,
1.,0.965925826289068,1.))
REPRESENTATION_ITEM('')
);
#610=(
BOUNDED_CURVE()
B_SPLINE_CURVE(2,(#3715,#3716,#3717,#3718,#3719,#3720,#3721,#3722,#3723,
#3724,#3725,#3726,#3727,#3728,#3729,#3730,#3731,#3732,#3733,#3734,#3735,
#3736,#3737,#3738,#3739,#3740,#3741,#3742,#3743,#3744,#3745,#3746,#3747,
#3748,#3749,#3750,#3751,#3752,#3753,#3754,#3755,#3756,#3757,#3758,#3759,
#3760,#3761,#3762,#3763),.UNSPECIFIED.,.F.,.F.)
B_SPLINE_CURVE_WITH_KNOTS((3,2,2,2,2,2,2,2,2,2,2,2,2,2,2,2,2,2,2,2,2,2,
2,2,3),(0.,0.0416666666666667,0.0833333333333333,0.125,0.166666666666667,
0.208333333333334,0.25,0.291666666666667,0.333333333333334,0.375,0.416666666666667,
0.458333333333333,0.5,0.541666666666667,0.583333333333333,0.625,0.666666666666667,
0.708333333333333,0.75,0.791666666666667,0.833333333333333,0.875,0.916666666666667,
0.958333333333333,1.),.UNSPECIFIED.)
CURVE()
GEOMETRIC_REPRESENTATION_ITEM()
RATIONAL_B_SPLINE_CURVE((1.,0.965925826289068,1.,0.965925826289068,1.,0.965925826289068,
1.,0.965925826289068,1.,0.965925826289068,1.,0.965925826289068,1.,0.965925826289068,
1.,0.965925826289068,1.,0.965925826289068,1.,0.965925826289068,1.,0.965925826289068,
1.,0.965925826289068,1.,0.965925826289068,1.,0.965925826289068,1.,0.965925826289068,
1.,0.965925826289068,1.,0.965925826289068,1.,0.965925826289068,1.,0.965925826289068,
1.,0.965925826289068,1.,0.965925826289068,1.,0.965925826289068,1.,0.965925826289068,
1.,0.965925826289068,1.))
REPRESENTATION_ITEM('')
);
#611=(
BOUNDED_CURVE()
B_SPLINE_CURVE(2,(#3868,#3869,#3870,#3871,#3872,#3873,#3874,#3875,#3876,
#3877,#3878,#3879,#3880,#3881,#3882,#3883,#3884,#3885,#3886,#3887,#3888,
#3889,#3890,#3891,#3892,#3893,#3894,#3895,#3896,#3897,#3898,#3899,#3900,
#3901,#3902,#3903,#3904,#3905,#3906,#3907,#3908,#3909,#3910,#3911,#3912,
#3913,#3914,#3915,#3916),.UNSPECIFIED.,.F.,.F.)
B_SPLINE_CURVE_WITH_KNOTS((3,2,2,2,2,2,2,2,2,2,2,2,2,2,2,2,2,2,2,2,2,2,
2,2,3),(0.,0.0416666666666667,0.0833333333333333,0.125,0.166666666666667,
0.208333333333334,0.25,0.291666666666667,0.333333333333334,0.375,0.416666666666667,
0.458333333333333,0.5,0.541666666666667,0.583333333333333,0.625,0.666666666666667,
0.708333333333333,0.75,0.791666666666667,0.833333333333333,0.875,0.916666666666667,
0.958333333333333,1.),.UNSPECIFIED.)
CURVE()
GEOMETRIC_REPRESENTATION_ITEM()
RATIONAL_B_SPLINE_CURVE((1.,0.965925826289068,1.,0.965925826289068,1.,0.965925826289068,
1.,0.965925826289068,1.,0.965925826289068,1.,0.965925826289068,1.,0.965925826289068,
1.,0.965925826289068,1.,0.965925826289068,1.,0.965925826289068,1.,0.965925826289068,
1.,0.965925826289068,1.,0.965925826289068,1.,0.965925826289068,1.,0.965925826289068,
1.,0.965925826289068,1.,0.965925826289068,1.,0.965925826289068,1.,0.965925826289068,
1.,0.965925826289068,1.,0.965925826289068,1.,0.965925826289068,1.,0.965925826289068,
1.,0.965925826289068,1.))
REPRESENTATION_ITEM('')
);
#612=(
BOUNDED_CURVE()
B_SPLINE_CURVE(2,(#4025,#4026,#4027,#4028,#4029,#4030,#4031,#4032,#4033,
#4034,#4035,#4036,#4037,#4038,#4039,#4040,#4041,#4042,#4043,#4044,#4045,
#4046,#4047,#4048,#4049,#4050,#4051,#4052,#4053,#4054,#4055,#4056,#4057,
#4058,#4059,#4060,#4061,#4062,#4063,#4064,#4065,#4066,#4067,#4068,#4069,
#4070,#4071,#4072,#4073),.UNSPECIFIED.,.F.,.F.)
B_SPLINE_CURVE_WITH_KNOTS((3,2,2,2,2,2,2,2,2,2,2,2,2,2,2,2,2,2,2,2,2,2,
2,2,3),(0.,0.0416666666666667,0.0833333333333333,0.125,0.166666666666667,
0.208333333333334,0.25,0.291666666666667,0.333333333333334,0.375,0.416666666666667,
0.458333333333333,0.5,0.541666666666667,0.583333333333333,0.625,0.666666666666667,
0.708333333333333,0.75,0.791666666666667,0.833333333333333,0.875,0.916666666666667,
0.958333333333333,1.),.UNSPECIFIED.)
CURVE()
GEOMETRIC_REPRESENTATION_ITEM()
RATIONAL_B_SPLINE_CURVE((1.,0.965925826289068,1.,0.965925826289068,1.,0.965925826289068,
1.,0.965925826289068,1.,0.965925826289068,1.,0.965925826289068,1.,0.965925826289068,
1.,0.965925826289068,1.,0.965925826289068,1.,0.965925826289068,1.,0.965925826289068,
1.,0.965925826289068,1.,0.965925826289068,1.,0.965925826289068,1.,0.965925826289068,
1.,0.965925826289068,1.,0.965925826289068,1.,0.965925826289068,1.,0.965925826289068,
1.,0.965925826289068,1.,0.965925826289068,1.,0.965925826289068,1.,0.965925826289068,
1.,0.965925826289068,1.))
REPRESENTATION_ITEM('')
);
#613=(
BOUNDED_CURVE()
B_SPLINE_CURVE(2,(#4178,#4179,#4180,#4181,#4182,#4183,#4184,#4185,#4186,
#4187,#4188,#4189,#4190,#4191,#4192,#4193,#4194,#4195,#4196,#4197,#4198,
#4199,#4200,#4201,#4202,#4203,#4204,#4205,#4206,#4207,#4208,#4209,#4210,
#4211,#4212,#4213,#4214,#4215,#4216,#4217,#4218,#4219,#4220,#4221,#4222,
#4223,#4224,#4225,#4226),.UNSPECIFIED.,.F.,.F.)
B_SPLINE_CURVE_WITH_KNOTS((3,2,2,2,2,2,2,2,2,2,2,2,2,2,2,2,2,2,2,2,2,2,
2,2,3),(0.,0.0416666666666667,0.0833333333333333,0.125,0.166666666666667,
0.208333333333334,0.25,0.291666666666667,0.333333333333334,0.375,0.416666666666667,
0.458333333333333,0.5,0.541666666666667,0.583333333333333,0.625,0.666666666666667,
0.708333333333333,0.75,0.791666666666667,0.833333333333333,0.875,0.916666666666667,
0.958333333333333,1.),.UNSPECIFIED.)
CURVE()
GEOMETRIC_REPRESENTATION_ITEM()
RATIONAL_B_SPLINE_CURVE((1.,0.965925826289068,1.,0.965925826289068,1.,0.965925826289068,
1.,0.965925826289068,1.,0.965925826289068,1.,0.965925826289068,1.,0.965925826289068,
1.,0.965925826289068,1.,0.965925826289068,1.,0.965925826289068,1.,0.965925826289068,
1.,0.965925826289068,1.,0.965925826289068,1.,0.965925826289068,1.,0.965925826289068,
1.,0.965925826289068,1.,0.965925826289068,1.,0.965925826289068,1.,0.965925826289068,
1.,0.965925826289068,1.,0.965925826289068,1.,0.965925826289068,1.,0.965925826289068,
1.,0.965925826289068,1.))
REPRESENTATION_ITEM('')
);
#614=(
BOUNDED_CURVE()
B_SPLINE_CURVE(2,(#4335,#4336,#4337,#4338,#4339,#4340,#4341,#4342,#4343,
#4344,#4345,#4346,#4347,#4348,#4349,#4350,#4351,#4352,#4353,#4354,#4355,
#4356,#4357,#4358,#4359,#4360,#4361,#4362,#4363,#4364,#4365,#4366,#4367,
#4368,#4369,#4370,#4371,#4372,#4373,#4374,#4375,#4376,#4377,#4378,#4379,
#4380,#4381,#4382,#4383),.UNSPECIFIED.,.F.,.F.)
B_SPLINE_CURVE_WITH_KNOTS((3,2,2,2,2,2,2,2,2,2,2,2,2,2,2,2,2,2,2,2,2,2,
2,2,3),(0.,0.0416666666666667,0.0833333333333333,0.125,0.166666666666667,
0.208333333333334,0.25,0.291666666666667,0.333333333333334,0.375,0.416666666666667,
0.458333333333333,0.5,0.541666666666667,0.583333333333333,0.625,0.666666666666667,
0.708333333333333,0.75,0.791666666666667,0.833333333333333,0.875,0.916666666666667,
0.958333333333333,1.),.UNSPECIFIED.)
CURVE()
GEOMETRIC_REPRESENTATION_ITEM()
RATIONAL_B_SPLINE_CURVE((1.,0.965925826289068,1.,0.965925826289068,1.,0.965925826289068,
1.,0.965925826289068,1.,0.965925826289068,1.,0.965925826289068,1.,0.965925826289068,
1.,0.965925826289068,1.,0.965925826289068,1.,0.965925826289068,1.,0.965925826289068,
1.,0.965925826289068,1.,0.965925826289068,1.,0.965925826289068,1.,0.965925826289068,
1.,0.965925826289068,1.,0.965925826289068,1.,0.965925826289068,1.,0.965925826289068,
1.,0.965925826289068,1.,0.965925826289068,1.,0.965925826289068,1.,0.965925826289068,
1.,0.965925826289068,1.))
REPRESENTATION_ITEM('')
);
#615=(
BOUNDED_CURVE()
B_SPLINE_CURVE(2,(#4488,#4489,#4490,#4491,#4492,#4493,#4494,#4495,#4496,
#4497,#4498,#4499,#4500,#4501,#4502,#4503,#4504,#4505,#4506,#4507,#4508,
#4509,#4510,#4511,#4512,#4513,#4514,#4515,#4516,#4517,#4518,#4519,#4520,
#4521,#4522,#4523,#4524,#4525,#4526,#4527,#4528,#4529,#4530,#4531,#4532,
#4533,#4534,#4535,#4536),.UNSPECIFIED.,.F.,.F.)
B_SPLINE_CURVE_WITH_KNOTS((3,2,2,2,2,2,2,2,2,2,2,2,2,2,2,2,2,2,2,2,2,2,
2,2,3),(0.,0.0416666666666667,0.0833333333333333,0.125,0.166666666666667,
0.208333333333334,0.25,0.291666666666667,0.333333333333334,0.375,0.416666666666667,
0.458333333333333,0.5,0.541666666666667,0.583333333333333,0.625,0.666666666666667,
0.708333333333333,0.75,0.791666666666667,0.833333333333333,0.875,0.916666666666667,
0.958333333333333,1.),.UNSPECIFIED.)
CURVE()
GEOMETRIC_REPRESENTATION_ITEM()
RATIONAL_B_SPLINE_CURVE((1.,0.965925826289068,1.,0.965925826289068,1.,0.965925826289068,
1.,0.965925826289068,1.,0.965925826289068,1.,0.965925826289068,1.,0.965925826289068,
1.,0.965925826289068,1.,0.965925826289068,1.,0.965925826289068,1.,0.965925826289068,
1.,0.965925826289068,1.,0.965925826289068,1.,0.965925826289068,1.,0.965925826289068,
1.,0.965925826289068,1.,0.965925826289068,1.,0.965925826289068,1.,0.965925826289068,
1.,0.965925826289068,1.,0.965925826289068,1.,0.965925826289068,1.,0.965925826289068,
1.,0.965925826289068,1.))
REPRESENTATION_ITEM('')
);
#616=(
BOUNDED_CURVE()
B_SPLINE_CURVE(2,(#4645,#4646,#4647,#4648,#4649,#4650,#4651,#4652,#4653,
#4654,#4655,#4656,#4657,#4658,#4659,#4660,#4661,#4662,#4663,#4664,#4665,
#4666,#4667,#4668,#4669,#4670,#4671,#4672,#4673,#4674,#4675,#4676,#4677,
#4678,#4679,#4680,#4681,#4682,#4683,#4684,#4685,#4686,#4687,#4688,#4689,
#4690,#4691,#4692,#4693),.UNSPECIFIED.,.F.,.F.)
B_SPLINE_CURVE_WITH_KNOTS((3,2,2,2,2,2,2,2,2,2,2,2,2,2,2,2,2,2,2,2,2,2,
2,2,3),(0.,0.0416666666666667,0.0833333333333333,0.125,0.166666666666667,
0.208333333333334,0.25,0.291666666666667,0.333333333333334,0.375,0.416666666666667,
0.458333333333333,0.5,0.541666666666667,0.583333333333333,0.625,0.666666666666667,
0.708333333333333,0.75,0.791666666666667,0.833333333333333,0.875,0.916666666666667,
0.958333333333333,1.),.UNSPECIFIED.)
CURVE()
GEOMETRIC_REPRESENTATION_ITEM()
RATIONAL_B_SPLINE_CURVE((1.,0.965925826289068,1.,0.965925826289068,1.,0.965925826289068,
1.,0.965925826289068,1.,0.965925826289068,1.,0.965925826289068,1.,0.965925826289068,
1.,0.965925826289068,1.,0.965925826289068,1.,0.965925826289068,1.,0.965925826289068,
1.,0.965925826289068,1.,0.965925826289068,1.,0.965925826289068,1.,0.965925826289068,
1.,0.965925826289068,1.,0.965925826289068,1.,0.965925826289068,1.,0.965925826289068,
1.,0.965925826289068,1.,0.965925826289068,1.,0.965925826289068,1.,0.965925826289068,
1.,0.965925826289068,1.))
REPRESENTATION_ITEM('')
);
#617=(
BOUNDED_CURVE()
B_SPLINE_CURVE(2,(#4798,#4799,#4800,#4801,#4802,#4803,#4804,#4805,#4806,
#4807,#4808,#4809,#4810,#4811,#4812,#4813,#4814,#4815,#4816,#4817,#4818,
#4819,#4820,#4821,#4822,#4823,#4824,#4825,#4826,#4827,#4828,#4829,#4830,
#4831,#4832,#4833,#4834,#4835,#4836,#4837,#4838,#4839,#4840,#4841,#4842,
#4843,#4844,#4845,#4846),.UNSPECIFIED.,.F.,.F.)
B_SPLINE_CURVE_WITH_KNOTS((3,2,2,2,2,2,2,2,2,2,2,2,2,2,2,2,2,2,2,2,2,2,
2,2,3),(0.,0.0416666666666667,0.0833333333333333,0.125,0.166666666666667,
0.208333333333334,0.25,0.291666666666667,0.333333333333334,0.375,0.416666666666667,
0.458333333333333,0.5,0.541666666666667,0.583333333333333,0.625,0.666666666666667,
0.708333333333333,0.75,0.791666666666667,0.833333333333333,0.875,0.916666666666667,
0.958333333333333,1.),.UNSPECIFIED.)
CURVE()
GEOMETRIC_REPRESENTATION_ITEM()
RATIONAL_B_SPLINE_CURVE((1.,0.965925826289068,1.,0.965925826289068,1.,0.965925826289068,
1.,0.965925826289068,1.,0.965925826289068,1.,0.965925826289068,1.,0.965925826289068,
1.,0.965925826289068,1.,0.965925826289068,1.,0.965925826289068,1.,0.965925826289068,
1.,0.965925826289068,1.,0.965925826289068,1.,0.965925826289068,1.,0.965925826289068,
1.,0.965925826289068,1.,0.965925826289068,1.,0.965925826289068,1.,0.965925826289068,
1.,0.965925826289068,1.,0.965925826289068,1.,0.965925826289068,1.,0.965925826289068,
1.,0.965925826289068,1.))
REPRESENTATION_ITEM('')
);
#618=(
BOUNDED_CURVE()
B_SPLINE_CURVE(2,(#4955,#4956,#4957,#4958,#4959,#4960,#4961,#4962,#4963,
#4964,#4965,#4966,#4967,#4968,#4969,#4970,#4971,#4972,#4973,#4974,#4975,
#4976,#4977,#4978,#4979,#4980,#4981,#4982,#4983,#4984,#4985,#4986,#4987,
#4988,#4989,#4990,#4991,#4992,#4993,#4994,#4995,#4996,#4997,#4998,#4999,
#5000,#5001,#5002,#5003),.UNSPECIFIED.,.F.,.F.)
B_SPLINE_CURVE_WITH_KNOTS((3,2,2,2,2,2,2,2,2,2,2,2,2,2,2,2,2,2,2,2,2,2,
2,2,3),(0.,0.0416666666666667,0.0833333333333333,0.125,0.166666666666667,
0.208333333333334,0.25,0.291666666666667,0.333333333333334,0.375,0.416666666666667,
0.458333333333333,0.5,0.541666666666667,0.583333333333333,0.625,0.666666666666667,
0.708333333333333,0.75,0.791666666666667,0.833333333333333,0.875,0.916666666666667,
0.958333333333333,1.),.UNSPECIFIED.)
CURVE()
GEOMETRIC_REPRESENTATION_ITEM()
RATIONAL_B_SPLINE_CURVE((1.,0.965925826289068,1.,0.965925826289068,1.,0.965925826289068,
1.,0.965925826289068,1.,0.965925826289068,1.,0.965925826289068,1.,0.965925826289068,
1.,0.965925826289068,1.,0.965925826289068,1.,0.965925826289068,1.,0.965925826289068,
1.,0.965925826289068,1.,0.965925826289068,1.,0.965925826289068,1.,0.965925826289068,
1.,0.965925826289068,1.,0.965925826289068,1.,0.965925826289068,1.,0.965925826289068,
1.,0.965925826289068,1.,0.965925826289068,1.,0.965925826289068,1.,0.965925826289068,
1.,0.965925826289068,1.))
REPRESENTATION_ITEM('')
);
#619=(
BOUNDED_CURVE()
B_SPLINE_CURVE(2,(#5108,#5109,#5110,#5111,#5112,#5113,#5114,#5115,#5116,
#5117,#5118,#5119,#5120,#5121,#5122,#5123,#5124,#5125,#5126,#5127,#5128,
#5129,#5130,#5131,#5132,#5133,#5134,#5135,#5136,#5137,#5138,#5139,#5140,
#5141,#5142,#5143,#5144,#5145,#5146,#5147,#5148,#5149,#5150,#5151,#5152,
#5153,#5154,#5155,#5156),.UNSPECIFIED.,.F.,.F.)
B_SPLINE_CURVE_WITH_KNOTS((3,2,2,2,2,2,2,2,2,2,2,2,2,2,2,2,2,2,2,2,2,2,
2,2,3),(0.,0.0416666666666667,0.0833333333333333,0.125,0.166666666666667,
0.208333333333334,0.25,0.291666666666667,0.333333333333334,0.375,0.416666666666667,
0.458333333333333,0.5,0.541666666666667,0.583333333333333,0.625,0.666666666666667,
0.708333333333333,0.75,0.791666666666667,0.833333333333333,0.875,0.916666666666667,
0.958333333333333,1.),.UNSPECIFIED.)
CURVE()
GEOMETRIC_REPRESENTATION_ITEM()
RATIONAL_B_SPLINE_CURVE((1.,0.965925826289068,1.,0.965925826289068,1.,0.965925826289068,
1.,0.965925826289068,1.,0.965925826289068,1.,0.965925826289068,1.,0.965925826289068,
1.,0.965925826289068,1.,0.965925826289068,1.,0.965925826289068,1.,0.965925826289068,
1.,0.965925826289068,1.,0.965925826289068,1.,0.965925826289068,1.,0.965925826289068,
1.,0.965925826289068,1.,0.965925826289068,1.,0.965925826289068,1.,0.965925826289068,
1.,0.965925826289068,1.,0.965925826289068,1.,0.965925826289068,1.,0.965925826289068,
1.,0.965925826289068,1.))
REPRESENTATION_ITEM('')
);
#620=(
BOUNDED_CURVE()
B_SPLINE_CURVE(2,(#5265,#5266,#5267,#5268,#5269,#5270,#5271,#5272,#5273,
#5274,#5275,#5276,#5277,#5278,#5279,#5280,#5281,#5282,#5283,#5284,#5285,
#5286,#5287,#5288,#5289,#5290,#5291,#5292,#5293,#5294,#5295,#5296,#5297,
#5298,#5299,#5300,#5301,#5302,#5303,#5304,#5305,#5306,#5307,#5308,#5309,
#5310,#5311,#5312,#5313),.UNSPECIFIED.,.F.,.F.)
B_SPLINE_CURVE_WITH_KNOTS((3,2,2,2,2,2,2,2,2,2,2,2,2,2,2,2,2,2,2,2,2,2,
2,2,3),(0.,0.0416666666666667,0.0833333333333333,0.125,0.166666666666667,
0.208333333333334,0.25,0.291666666666667,0.333333333333334,0.375,0.416666666666667,
0.458333333333333,0.5,0.541666666666667,0.583333333333333,0.625,0.666666666666667,
0.708333333333333,0.75,0.791666666666667,0.833333333333333,0.875,0.916666666666667,
0.958333333333333,1.),.UNSPECIFIED.)
CURVE()
GEOMETRIC_REPRESENTATION_ITEM()
RATIONAL_B_SPLINE_CURVE((1.,0.965925826289068,1.,0.965925826289068,1.,0.965925826289068,
1.,0.965925826289068,1.,0.965925826289068,1.,0.965925826289068,1.,0.965925826289068,
1.,0.965925826289068,1.,0.965925826289068,1.,0.965925826289068,1.,0.965925826289068,
1.,0.965925826289068,1.,0.965925826289068,1.,0.965925826289068,1.,0.965925826289068,
1.,0.965925826289068,1.,0.965925826289068,1.,0.965925826289068,1.,0.965925826289068,
1.,0.965925826289068,1.,0.965925826289068,1.,0.965925826289068,1.,0.965925826289068,
1.,0.965925826289068,1.))
REPRESENTATION_ITEM('')
);
#621=EDGE_LOOP('',(#129,#130,#131,#132));
#622=EDGE_LOOP('',(#133,#134,#135,#136));
#623=EDGE_LOOP('',(#137,#138,#139,#140));
#624=EDGE_LOOP('',(#141,#142,#143,#144));
#625=EDGE_LOOP('',(#145,#146,#147,#148));
#626=EDGE_LOOP('',(#149,#150,#151,#152));
#627=EDGE_LOOP('',(#153,#154,#155,#156));
#628=EDGE_LOOP('',(#157,#158,#159,#160));
#629=EDGE_LOOP('',(#161,#162,#163,#164));
#630=EDGE_LOOP('',(#165,#166,#167,#168));
#631=EDGE_LOOP('',(#169));
#632=EDGE_LOOP('',(#170));
#633=EDGE_LOOP('',(#171));
#634=EDGE_LOOP('',(#172,#173,#174,#175,#176,#177,#178,#179,#180,#181,#182,
#183,#184,#185,#186,#187,#188,#189,#190,#191,#192,#193,#194,#195,#196,#197,
#198,#199,#200,#201,#202,#203,#204,#205,#206,#207,#208,#209,#210,#211));
#635=EDGE_LOOP('',(#212));
#636=EDGE_LOOP('',(#213,#214,#215,#216,#217,#218,#219,#220,#221,#222,#223,
#224,#225,#226,#227,#228,#229,#230,#231,#232,#233,#234,#235,#236,#237,#238,
#239,#240,#241,#242,#243,#244,#245,#246,#247,#248,#249,#250,#251,#252));
#637=EDGE_LOOP('',(#253));
#638=EDGE_LOOP('',(#254));
#639=EDGE_LOOP('',(#255,#256,#257,#258));
#640=EDGE_LOOP('',(#259,#260,#261,#262));
#641=EDGE_LOOP('',(#263,#264,#265,#266));
#642=EDGE_LOOP('',(#267,#268,#269,#270));
#643=EDGE_LOOP('',(#271,#272,#273,#274));
#644=EDGE_LOOP('',(#275,#276,#277,#278));
#645=EDGE_LOOP('',(#279,#280,#281,#282));
#646=EDGE_LOOP('',(#283,#284,#285,#286));
#647=EDGE_LOOP('',(#287,#288,#289,#290));
#648=EDGE_LOOP('',(#291,#292,#293,#294));
#649=EDGE_LOOP('',(#295,#296,#297,#298));
#650=EDGE_LOOP('',(#299,#300,#301,#302));
#651=EDGE_LOOP('',(#303,#304,#305,#306));
#652=EDGE_LOOP('',(#307,#308,#309,#310));
#653=EDGE_LOOP('',(#311,#312,#313,#314));
#654=EDGE_LOOP('',(#315,#316,#317,#318));
#655=EDGE_LOOP('',(#319,#320,#321,#322));
#656=EDGE_LOOP('',(#323,#324,#325,#326));
#657=EDGE_LOOP('',(#327,#328,#329,#330));
#658=EDGE_LOOP('',(#331,#332,#333,#334));
#659=EDGE_LOOP('',(#335,#336,#337,#338));
#660=EDGE_LOOP('',(#339,#340,#341,#342));
#661=EDGE_LOOP('',(#343,#344,#345,#346));
#662=EDGE_LOOP('',(#347,#348,#349,#350));
#663=EDGE_LOOP('',(#351,#352,#353,#354));
#664=EDGE_LOOP('',(#355,#356,#357,#358));
#665=EDGE_LOOP('',(#359,#360,#361,#362));
#666=EDGE_LOOP('',(#363,#364,#365,#366));
#667=EDGE_LOOP('',(#367,#368,#369,#370));
#668=EDGE_LOOP('',(#371,#372,#373,#374));
#669=FACE_BOUND('',#621,.T.);
#670=FACE_BOUND('',#622,.T.);
#671=FACE_BOUND('',#623,.T.);
#672=FACE_BOUND('',#624,.T.);
#673=FACE_BOUND('',#625,.T.);
#674=FACE_BOUND('',#626,.T.);
#675=FACE_BOUND('',#627,.T.);
#676=FACE_BOUND('',#628,.T.);
#677=FACE_BOUND('',#629,.T.);
#678=FACE_BOUND('',#630,.T.);
#679=FACE_BOUND('',#631,.T.);
#680=FACE_BOUND('',#632,.T.);
#681=FACE_BOUND('',#633,.T.);
#682=FACE_BOUND('',#634,.T.);
#683=FACE_BOUND('',#635,.T.);
#684=FACE_BOUND('',#636,.T.);
#685=FACE_BOUND('',#637,.T.);
#686=FACE_BOUND('',#638,.T.);
#687=FACE_BOUND('',#639,.T.);
#688=FACE_BOUND('',#640,.T.);
#689=FACE_BOUND('',#641,.T.);
#690=FACE_BOUND('',#642,.T.);
#691=FACE_BOUND('',#643,.T.);
#692=FACE_BOUND('',#644,.T.);
#693=FACE_BOUND('',#645,.T.);
#694=FACE_BOUND('',#646,.T.);
#695=FACE_BOUND('',#647,.T.);
#696=FACE_BOUND('',#648,.T.);
#697=FACE_BOUND('',#649,.T.);
#698=FACE_BOUND('',#650,.T.);
#699=FACE_BOUND('',#651,.T.);
#700=FACE_BOUND('',#652,.T.);
#701=FACE_BOUND('',#653,.T.);
#702=FACE_BOUND('',#654,.T.);
#703=FACE_BOUND('',#655,.T.);
#704=FACE_BOUND('',#656,.T.);
#705=FACE_BOUND('',#657,.T.);
#706=FACE_BOUND('',#658,.T.);
#707=FACE_BOUND('',#659,.T.);
#708=FACE_BOUND('',#660,.T.);
#709=FACE_BOUND('',#661,.T.);
#710=FACE_BOUND('',#662,.T.);
#711=FACE_BOUND('',#663,.T.);
#712=FACE_BOUND('',#664,.T.);
#713=FACE_BOUND('',#665,.T.);
#714=FACE_BOUND('',#666,.T.);
#715=FACE_BOUND('',#667,.T.);
#716=FACE_BOUND('',#668,.T.);
#717=CYLINDRICAL_SURFACE('',#786,0.00625030754);
#718=CYLINDRICAL_SURFACE('',#789,0.00625030754);
#719=CYLINDRICAL_SURFACE('',#792,0.00625030754);
#720=CYLINDRICAL_SURFACE('',#795,0.00625030754);
#721=CYLINDRICAL_SURFACE('',#798,0.00625030754);
#722=CYLINDRICAL_SURFACE('',#801,0.00625030754);
#723=CYLINDRICAL_SURFACE('',#804,0.00625030754);
#724=CYLINDRICAL_SURFACE('',#807,0.00625030754);
#725=CYLINDRICAL_SURFACE('',#810,0.00625030754);
#726=CYLINDRICAL_SURFACE('',#813,0.00625030754);
#727=CYLINDRICAL_SURFACE('',#816,0.00904508253987453);
#728=ADVANCED_FACE('',(#669),#717,.T.);
#729=ADVANCED_FACE('',(#670),#718,.T.);
#730=ADVANCED_FACE('',(#671),#719,.T.);
#731=ADVANCED_FACE('',(#672),#720,.T.);
#732=ADVANCED_FACE('',(#673),#721,.T.);
#733=ADVANCED_FACE('',(#674),#722,.T.);
#734=ADVANCED_FACE('',(#675),#723,.T.);
#735=ADVANCED_FACE('',(#676),#724,.T.);
#736=ADVANCED_FACE('',(#677),#725,.T.);
#737=ADVANCED_FACE('',(#678),#726,.T.);
#738=ADVANCED_FACE('',(#679,#680),#727,.T.);
#739=ADVANCED_FACE('',(#681,#682),#103,.T.);
#740=ADVANCED_FACE('',(#683),#104,.F.);
#741=ADVANCED_FACE('',(#684,#685),#42,.T.);
#742=ADVANCED_FACE('',(#686),#105,.T.);
#743=ADVANCED_FACE('',(#687),#12,.F.);
#744=ADVANCED_FACE('',(#688),#13,.F.);
#745=ADVANCED_FACE('',(#689),#14,.F.);
#746=ADVANCED_FACE('',(#690),#15,.F.);
#747=ADVANCED_FACE('',(#691),#16,.F.);
#748=ADVANCED_FACE('',(#692),#17,.F.);
#749=ADVANCED_FACE('',(#693),#18,.F.);
#750=ADVANCED_FACE('',(#694),#19,.F.);
#751=ADVANCED_FACE('',(#695),#20,.F.);
#752=ADVANCED_FACE('',(#696),#21,.F.);
#753=ADVANCED_FACE('',(#697),#22,.F.);
#754=ADVANCED_FACE('',(#698),#23,.F.);
#755=ADVANCED_FACE('',(#699),#24,.F.);
#756=ADVANCED_FACE('',(#700),#25,.F.);
#757=ADVANCED_FACE('',(#701),#26,.F.);
#758=ADVANCED_FACE('',(#702),#27,.F.);
#759=ADVANCED_FACE('',(#703),#28,.F.);
#760=ADVANCED_FACE('',(#704),#29,.F.);
#761=ADVANCED_FACE('',(#705),#30,.F.);
#762=ADVANCED_FACE('',(#706),#31,.F.);
#763=ADVANCED_FACE('',(#707),#32,.F.);
#764=ADVANCED_FACE('',(#708),#33,.F.);
#765=ADVANCED_FACE('',(#709),#34,.F.);
#766=ADVANCED_FACE('',(#710),#35,.F.);
#767=ADVANCED_FACE('',(#711),#36,.F.);
#768=ADVANCED_FACE('',(#712),#37,.F.);
#769=ADVANCED_FACE('',(#713),#38,.F.);
#770=ADVANCED_FACE('',(#714),#39,.F.);
#771=ADVANCED_FACE('',(#715),#40,.F.);
#772=ADVANCED_FACE('',(#716),#41,.F.);
#773=CLOSED_SHELL('',(#728,#729,#730,#731,#732,#733,#734,#735,#736,#737,
#738,#739,#740,#741,#742,#743,#744,#745,#746,#747,#748,#749,#750,#751,#752,
#753,#754,#755,#756,#757,#758,#759,#760,#761,#762,#763,#764,#765,#766,#767,
#768,#769,#770,#771,#772));
#774=STYLED_ITEM('',(#775),#782);
#775=PRESENTATION_STYLE_ASSIGNMENT((#776));
#776=SURFACE_STYLE_USAGE(.BOTH.,#777);
#777=SURFACE_SIDE_STYLE('',(#778));
#778=SURFACE_STYLE_FILL_AREA(#779);
#779=FILL_AREA_STYLE('',(#780));
#780=FILL_AREA_STYLE_COLOUR('',#781);
#781=COLOUR_RGB('',0.615686274509804,0.811764705882353,0.929411764705882);
#782=MANIFOLD_SOLID_BREP('Part 1',#773);
#783=SHAPE_DEFINITION_REPRESENTATION(#5370,#784);
#784=SHAPE_REPRESENTATION('Part 1',(#785),#5365);
#785=AXIS2_PLACEMENT_3D('',#902,#824,#825);
#786=AXIS2_PLACEMENT_3D('',#903,#826,#827);
#787=AXIS2_PLACEMENT_3D('',#955,#828,#829);
#788=AXIS2_PLACEMENT_3D('',#1007,#830,#831);
#789=AXIS2_PLACEMENT_3D('',#1008,#832,#833);
#790=AXIS2_PLACEMENT_3D('',#1009,#834,#835);
#791=AXIS2_PLACEMENT_3D('',#1062,#836,#837);
#792=AXIS2_PLACEMENT_3D('',#1113,#838,#839);
#793=AXIS2_PLACEMENT_3D('',#1165,#840,#841);
#794=AXIS2_PLACEMENT_3D('',#1217,#842,#843);
#795=AXIS2_PLACEMENT_3D('',#1218,#844,#845);
#796=AXIS2_PLACEMENT_3D('',#1219,#846,#847);
#797=AXIS2_PLACEMENT_3D('',#1272,#848,#849);
#798=AXIS2_PLACEMENT_3D('',#1323,#850,#851);
#799=AXIS2_PLACEMENT_3D('',#1375,#852,#853);
#800=AXIS2_PLACEMENT_3D('',#1427,#854,#855);
#801=AXIS2_PLACEMENT_3D('',#1428,#856,#857);
#802=AXIS2_PLACEMENT_3D('',#1429,#858,#859);
#803=AXIS2_PLACEMENT_3D('',#1482,#860,#861);
#804=AXIS2_PLACEMENT_3D('',#1533,#862,#863);
#805=AXIS2_PLACEMENT_3D('',#1534,#864,#865);
#806=AXIS2_PLACEMENT_3D('',#1587,#866,#867);
#807=AXIS2_PLACEMENT_3D('',#1638,#868,#869);
#808=AXIS2_PLACEMENT_3D('',#1639,#870,#871);
#809=AXIS2_PLACEMENT_3D('',#1692,#872,#873);
#810=AXIS2_PLACEMENT_3D('',#1743,#874,#875);
#811=AXIS2_PLACEMENT_3D('',#1795,#876,#877);
#812=AXIS2_PLACEMENT_3D('',#1847,#878,#879);
#813=AXIS2_PLACEMENT_3D('',#1848,#880,#881);
#814=AXIS2_PLACEMENT_3D('',#1849,#882,#883);
#815=AXIS2_PLACEMENT_3D('',#1902,#884,#885);
#816=AXIS2_PLACEMENT_3D('',#1953,#886,#887);
#817=AXIS2_PLACEMENT_3D('',#1954,#888,#889);
#818=AXIS2_PLACEMENT_3D('',#1956,#890,#891);
#819=AXIS2_PLACEMENT_3D('',#1958,#892,#893);
#820=AXIS2_PLACEMENT_3D('',#2109,#894,#895);
#821=AXIS2_PLACEMENT_3D('',#2110,#896,#897);
#822=AXIS2_PLACEMENT_3D('',#2261,#898,#899);
#823=AXIS2_PLACEMENT_3D('',#2263,#900,#901);
#824=DIRECTION('',(0.,0.,1.));
#825=DIRECTION('',(1.,0.,0.));
#826=DIRECTION('',(0.,0.,1.));
#827=DIRECTION('',(1.,0.,0.));
#828=DIRECTION('',(0.,0.,-1.));
#829=DIRECTION('',(-1.,0.,0.));
#830=DIRECTION('',(0.,0.,1.));
#831=DIRECTION('',(1.,0.,0.));
#832=DIRECTION('',(0.,0.,1.));
#833=DIRECTION('',(1.,0.,0.));
#834=DIRECTION('',(0.,0.,-1.));
#835=DIRECTION('',(-1.,0.,0.));
#836=DIRECTION('',(0.,0.,1.));
#837=DIRECTION('',(1.,0.,0.));
#838=DIRECTION('',(0.,0.,1.));
#839=DIRECTION('',(1.,0.,0.));
#840=DIRECTION('',(0.,0.,-1.));
#841=DIRECTION('',(-1.,0.,0.));
#842=DIRECTION('',(0.,0.,1.));
#843=DIRECTION('',(1.,0.,0.));
#844=DIRECTION('',(0.,0.,1.));
#845=DIRECTION('',(1.,0.,0.));
#846=DIRECTION('',(0.,0.,-1.));
#847=DIRECTION('',(-1.,0.,0.));
#848=DIRECTION('',(0.,0.,1.));
#849=DIRECTION('',(1.,0.,0.));
#850=DIRECTION('',(0.,0.,1.));
#851=DIRECTION('',(1.,0.,0.));
#852=DIRECTION('',(0.,0.,-1.));
#853=DIRECTION('',(-1.,0.,0.));
#854=DIRECTION('',(0.,0.,1.));
#855=DIRECTION('',(1.,0.,0.));
#856=DIRECTION('',(0.,0.,1.));
#857=DIRECTION('',(1.,0.,0.));
#858=DIRECTION('',(0.,0.,-1.));
#859=DIRECTION('',(-1.,0.,0.));
#860=DIRECTION('',(0.,0.,1.));
#861=DIRECTION('',(1.,0.,0.));
#862=DIRECTION('',(0.,0.,1.));
#863=DIRECTION('',(1.,0.,0.));
#864=DIRECTION('',(0.,0.,-1.));
#865=DIRECTION('',(-1.,0.,0.));
#866=DIRECTION('',(0.,0.,1.));
#867=DIRECTION('',(1.,0.,0.));
#868=DIRECTION('',(0.,0.,1.));
#869=DIRECTION('',(1.,0.,0.));
#870=DIRECTION('',(0.,0.,-1.));
#871=DIRECTION('',(-1.,0.,0.));
#872=DIRECTION('',(0.,0.,1.));
#873=DIRECTION('',(1.,0.,0.));
#874=DIRECTION('',(0.,0.,1.));
#875=DIRECTION('',(1.,0.,0.));
#876=DIRECTION('',(0.,0.,-1.));
#877=DIRECTION('',(-1.,0.,0.));
#878=DIRECTION('',(0.,0.,1.));
#879=DIRECTION('',(1.,0.,0.));
#880=DIRECTION('',(0.,0.,1.));
#881=DIRECTION('',(1.,0.,0.));
#882=DIRECTION('',(0.,0.,-1.));
#883=DIRECTION('',(-1.,0.,0.));
#884=DIRECTION('',(0.,0.,1.));
#885=DIRECTION('',(1.,0.,0.));
#886=DIRECTION('',(0.,0.,-1.));
#887=DIRECTION('',(-1.,0.,0.));
#888=DIRECTION('',(0.,0.,1.));
#889=DIRECTION('',(1.,-6.12323399573677E-17,0.));
#890=DIRECTION('',(0.,0.,1.));
#891=DIRECTION('',(1.,-6.12323399573677E-17,0.));
#892=DIRECTION('',(0.,0.,1.));
#893=DIRECTION('',(1.,0.,0.));
#894=DIRECTION('',(0.,0.,1.));
#895=DIRECTION('',(1.,0.,0.));
#896=DIRECTION('',(0.,0.,-1.));
#897=DIRECTION('',(-1.,0.,0.));
#898=DIRECTION('',(0.,0.,1.));
#899=DIRECTION('',(1.,0.,0.));
#900=DIRECTION('',(0.,0.,1.));
#901=DIRECTION('',(1.,0.,0.));
#902=CARTESIAN_POINT('',(0.,0.,0.));
#903=CARTESIAN_POINT('',(0.,3.88825358729284E-19,0.019939));
#904=CARTESIAN_POINT('',(0.00625505479999918,-3.1904029262203E-9,0.0382481111726211));
#905=CARTESIAN_POINT('',(0.0062550539451333,-0.00167604007267513,0.0369251945059544));
#906=CARTESIAN_POINT('',(0.00541703476366162,-0.00312753016296958,0.0356022778392877));
#907=CARTESIAN_POINT('',(0.00457901558218995,-0.00457902025326402,0.0342793611726211));
#908=CARTESIAN_POINT('',(0.00312752463702961,-0.00541703795406455,0.0329564445059543));
#909=CARTESIAN_POINT('',(0.00167603369186927,-0.00625505565486507,0.0316335278392877));
#910=CARTESIAN_POINT('',(-3.19040292535294E-9,-0.00625505479999919,0.0303106111726211));
#911=CARTESIAN_POINT('',(-0.00167604007267513,-0.0062550539451333,0.0289876945059544));
#912=CARTESIAN_POINT('',(-0.00312753016296958,-0.00541703476366162,0.0276647778392877));
#913=CARTESIAN_POINT('',(-0.00457902025326402,-0.00457901558218995,0.026341861172621));
#914=CARTESIAN_POINT('',(-0.00541703795406455,-0.00312752463702962,0.0250189445059544));
#915=CARTESIAN_POINT('',(-0.00625505565486507,-0.00167603369186927,0.0236960278392877));
#916=CARTESIAN_POINT('',(-0.00625505479999918,3.19040292448558E-9,0.0223731111726211));
#917=CARTESIAN_POINT('',(-0.0062550539451333,0.00167604007267513,0.0210501945059544));
#918=CARTESIAN_POINT('',(-0.00541703476366162,0.00312753016296958,0.0197272778392877));
#919=CARTESIAN_POINT('',(-0.00457901558218995,0.00457902025326402,0.0184043611726211));
#920=CARTESIAN_POINT('',(-0.00312752463702962,0.00541703795406455,0.0170814445059544));
#921=CARTESIAN_POINT('',(-0.00167603369186928,0.00625505565486507,0.0157585278392877));
#922=CARTESIAN_POINT('',(3.19040292448558E-9,0.00625505479999918,0.014435611172621));
#923=CARTESIAN_POINT('',(0.00167604007267512,0.0062550539451333,0.0131126945059544));
#924=CARTESIAN_POINT('',(0.00312753016296957,0.00541703476366163,0.0117897778392877));
#925=CARTESIAN_POINT('',(0.00457902025326402,0.00457901558218995,0.010466861172621));
#926=CARTESIAN_POINT('',(0.00541703795406455,0.00312752463702962,0.00914394450595437));
#927=CARTESIAN_POINT('',(0.00625505565486507,0.00167603369186928,0.00782102783928772));
#928=CARTESIAN_POINT('',(0.00625505479999918,-3.19040292448558E-9,0.00649811117262104));
#929=CARTESIAN_POINT('',(0.0062550539451333,-0.00167604007267512,0.00517519450595438));
#930=CARTESIAN_POINT('',(0.00541703476366162,-0.00312753016296957,0.00385227783928771));
#931=CARTESIAN_POINT('',(0.00457901558218995,-0.00457902025326402,0.00252936117262105));
#932=CARTESIAN_POINT('',(0.00312752463702962,-0.00541703795406455,0.00120644450595438));
#933=CARTESIAN_POINT('',(0.00167603369186928,-0.00625505565486507,-0.00011647216071229));
#934=CARTESIAN_POINT('',(-3.19040291884773E-9,-0.00625505479999918,-0.00143938882737896));
#935=CARTESIAN_POINT('',(-0.00167604007267513,-0.0062550539451333,-0.00276230549404562));
#936=CARTESIAN_POINT('',(-0.00312753016296957,-0.00541703476366163,-0.00408522216071229));
#937=CARTESIAN_POINT('',(-0.00457902025326402,-0.00457901558218995,-0.00540813882737896));
#938=CARTESIAN_POINT('',(-0.00541703795406454,-0.00312752463702962,-0.00673105549404562));
#939=CARTESIAN_POINT('',(-0.00625505565486507,-0.00167603369186928,-0.00805397216071229));
#940=CARTESIAN_POINT('',(-0.00625505479999918,3.19040292318454E-9,-0.00937688882737896));
#941=CARTESIAN_POINT('',(-0.0062550539451333,0.00167604007267512,-0.0106998054940456));
#942=CARTESIAN_POINT('',(-0.00541703476366163,0.00312753016296957,-0.0120227221607123));
#943=CARTESIAN_POINT('',(-0.00457901558218995,0.00457902025326402,-0.013345638827379));
#944=CARTESIAN_POINT('',(-0.00312752463702962,0.00541703795406454,-0.0146685554940456));
#945=CARTESIAN_POINT('',(-0.00167603369186929,0.00625505565486507,-0.0159914721607123));
#946=CARTESIAN_POINT('',(3.19040292318454E-9,0.00625505479999918,-0.017314388827379));
#947=CARTESIAN_POINT('',(0.00167604007267512,0.0062550539451333,-0.0186373054940456));
#948=CARTESIAN_POINT('',(0.00312753016296957,0.00541703476366163,-0.0199602221607123));
#949=CARTESIAN_POINT('',(0.00457902025326402,0.00457901558218995,-0.0212831388273789));
#950=CARTESIAN_POINT('',(0.00541703795406454,0.00312752463702962,-0.0226060554940456));
#951=CARTESIAN_POINT('',(0.00625505565486507,0.00167603369186929,-0.0239289721607123));
#952=CARTESIAN_POINT('',(0.00625505479999918,-3.19040292318454E-9,-0.025251888827379));
#953=CARTESIAN_POINT('',(0.00450550789949858,-0.00433639273369773,0.0343770588421183));
#954=CARTESIAN_POINT('',(0.00608636772812922,-0.00142860545085191,0.005334));
#955=CARTESIAN_POINT('',(0.,3.88825358729284E-19,0.0343765389484235));
#956=CARTESIAN_POINT('',(0.00431447668286249,-0.00452769890671371,0.0343768792286396));
#957=CARTESIAN_POINT('',(0.00506044375867414,-0.00367663154481095,0.035288592072621));
#958=CARTESIAN_POINT('',(0.00407529330537525,-0.00503257336329081,0.0339656754059544));
#959=CARTESIAN_POINT('',(0.00254415707702874,-0.00571427819749858,0.0326427587392877));
#960=CARTESIAN_POINT('',(0.00101302084868222,-0.00639598303170636,0.031319842072621));
#961=CARTESIAN_POINT('',(-0.00065383443882444,-0.00622078862183969,0.0299969254059544));
#962=CARTESIAN_POINT('',(-0.0023206897263311,-0.00604559421197302,0.0286740087392877));
#963=CARTESIAN_POINT('',(-0.00367663154481095,-0.00506044375867414,0.0273510920726211));
#964=CARTESIAN_POINT('',(-0.0050325733632908,-0.00407529330537525,0.0260281754059544));
#965=CARTESIAN_POINT('',(-0.00571427819749858,-0.00254415707702874,0.0247052587392877));
#966=CARTESIAN_POINT('',(-0.00639598303170636,-0.00101302084868222,0.0233823420726211));
#967=CARTESIAN_POINT('',(-0.00622078862183969,0.000653834438824437,0.0220594254059544));
#968=CARTESIAN_POINT('',(-0.00604559421197302,0.0023206897263311,0.0207365087392877));
#969=CARTESIAN_POINT('',(-0.00506044375867414,0.00367663154481095,0.019413592072621));
#970=CARTESIAN_POINT('',(-0.00407529330537526,0.0050325733632908,0.0180906754059544));
#971=CARTESIAN_POINT('',(-0.00254415707702874,0.00571427819749858,0.0167677587392877));
#972=CARTESIAN_POINT('',(-0.00101302084868223,0.00639598303170636,0.015444842072621));
#973=CARTESIAN_POINT('',(0.000653834438824435,0.00622078862183969,0.0141219254059544));
#974=CARTESIAN_POINT('',(0.0023206897263311,0.00604559421197303,0.0127990087392877));
#975=CARTESIAN_POINT('',(0.00367663154481095,0.00506044375867414,0.011476092072621));
#976=CARTESIAN_POINT('',(0.0050325733632908,0.00407529330537526,0.0101531754059544));
#977=CARTESIAN_POINT('',(0.00571427819749858,0.00254415707702875,0.00883025873928771));
#978=CARTESIAN_POINT('',(0.00639598303170636,0.00101302084868222,0.00750734207262105));
#979=CARTESIAN_POINT('',(0.00622078862183969,-0.000653834438824436,0.00618442540595438));
#980=CARTESIAN_POINT('',(0.00604559421197303,-0.0023206897263311,0.00486150873928771));
#981=CARTESIAN_POINT('',(0.00506044375867414,-0.00367663154481095,0.00353859207262105));
#982=CARTESIAN_POINT('',(0.00407529330537526,-0.0050325733632908,0.00221567540595438));
#983=CARTESIAN_POINT('',(0.00254415707702874,-0.00571427819749858,0.000892758739287715));
#984=CARTESIAN_POINT('',(0.00101302084868223,-0.00639598303170636,-0.000430157927378952));
#985=CARTESIAN_POINT('',(-0.000653834438824436,-0.00622078862183969,-0.00175307459404562));
#986=CARTESIAN_POINT('',(-0.0023206897263311,-0.00604559421197303,-0.00307599126071228));
#987=CARTESIAN_POINT('',(-0.00367663154481095,-0.00506044375867414,-0.00439890792737895));
#988=CARTESIAN_POINT('',(-0.0050325733632908,-0.00407529330537526,-0.00572182459404562));
#989=CARTESIAN_POINT('',(-0.00571427819749858,-0.00254415707702875,-0.00704474126071228));
#990=CARTESIAN_POINT('',(-0.00639598303170636,-0.00101302084868223,-0.00836765792737896));
#991=CARTESIAN_POINT('',(-0.00622078862183969,0.00065383443882443,-0.00969057459404562));
#992=CARTESIAN_POINT('',(-0.00604559421197303,0.00232068972633109,-0.0110134912607123));
#993=CARTESIAN_POINT('',(-0.00506044375867414,0.00367663154481095,-0.0123364079273789));
#994=CARTESIAN_POINT('',(-0.00407529330537526,0.0050325733632908,-0.0136593245940456));
#995=CARTESIAN_POINT('',(-0.00254415707702875,0.00571427819749858,-0.0149822412607123));
#996=CARTESIAN_POINT('',(-0.00101302084868223,0.00639598303170636,-0.0163051579273789));
#997=CARTESIAN_POINT('',(0.000653834438824429,0.00622078862183969,-0.0176280745940456));
#998=CARTESIAN_POINT('',(0.00232068972633109,0.00604559421197303,-0.0189509912607123));
#999=CARTESIAN_POINT('',(0.00367663154481095,0.00506044375867414,-0.020273907927379));
#1000=CARTESIAN_POINT('',(0.0050325733632908,0.00407529330537526,-0.0215968245940456));
#1001=CARTESIAN_POINT('',(0.00571427819749858,0.00254415707702875,-0.0229197412607123));
#1002=CARTESIAN_POINT('',(0.00639598303170636,0.00101302084868223,-0.024242657927379));
#1003=CARTESIAN_POINT('',(0.00622078862183969,-0.000653834438824429,-0.0255655745940456));
#1004=CARTESIAN_POINT('',(0.00604559421197303,-0.00232068972633109,-0.0268884912607123));
#1005=CARTESIAN_POINT('',(0.00506044375867414,-0.00367663154481095,-0.0282114079273789));
#1006=CARTESIAN_POINT('',(0.00601819885095732,-0.00169254839018207,0.005334));
#1007=CARTESIAN_POINT('',(0.,3.88825358729284E-19,0.005334));
#1008=CARTESIAN_POINT('',(0.,3.88825358729284E-19,0.019939));
#1009=CARTESIAN_POINT('',(0.,3.88825358729284E-19,0.0343765389484235));
#1010=CARTESIAN_POINT('',(0.00615180020952806,-0.00112699884610424,0.0343768798869111));
#1011=CARTESIAN_POINT('',(0.00619389596261555,-0.00085996523049387,0.0343770585976273));
#1012=CARTESIAN_POINT('',(0.00625505479999918,-3.1904029262203E-9,0.035288592072621));
#1013=CARTESIAN_POINT('',(0.0062550539451333,-0.00167604007267513,0.0339656754059544));
#1014=CARTESIAN_POINT('',(0.00541703476366162,-0.00312753016296958,0.0326427587392877));
#1015=CARTESIAN_POINT('',(0.00457901558218995,-0.00457902025326402,0.031319842072621));
#1016=CARTESIAN_POINT('',(0.00312752463702961,-0.00541703795406455,0.0299969254059544));
#1017=CARTESIAN_POINT('',(0.00167603369186927,-0.00625505565486507,0.0286740087392877));
#1018=CARTESIAN_POINT('',(-3.19040292535294E-9,-0.00625505479999919,0.0273510920726211));
#1019=CARTESIAN_POINT('',(-0.00167604007267513,-0.0062550539451333,0.0260281754059544));
#1020=CARTESIAN_POINT('',(-0.00312753016296958,-0.00541703476366162,0.0247052587392877));
#1021=CARTESIAN_POINT('',(-0.00457902025326402,-0.00457901558218995,0.0233823420726211));
#1022=CARTESIAN_POINT('',(-0.00541703795406455,-0.00312752463702962,0.0220594254059544));
#1023=CARTESIAN_POINT('',(-0.00625505565486507,-0.00167603369186927,0.0207365087392877));
#1024=CARTESIAN_POINT('',(-0.00625505479999918,3.19040292448558E-9,0.019413592072621));
#1025=CARTESIAN_POINT('',(-0.0062550539451333,0.00167604007267513,0.0180906754059544));
#1026=CARTESIAN_POINT('',(-0.00541703476366162,0.00312753016296958,0.0167677587392877));
#1027=CARTESIAN_POINT('',(-0.00457901558218995,0.00457902025326402,0.015444842072621));
#1028=CARTESIAN_POINT('',(-0.00312752463702962,0.00541703795406455,0.0141219254059544));
#1029=CARTESIAN_POINT('',(-0.00167603369186928,0.00625505565486507,0.0127990087392877));
#1030=CARTESIAN_POINT('',(3.19040292448558E-9,0.00625505479999918,0.011476092072621));
#1031=CARTESIAN_POINT('',(0.00167604007267512,0.0062550539451333,0.0101531754059544));
#1032=CARTESIAN_POINT('',(0.00312753016296957,0.00541703476366163,0.00883025873928771));
#1033=CARTESIAN_POINT('',(0.00457902025326402,0.00457901558218995,0.00750734207262105));
#1034=CARTESIAN_POINT('',(0.00541703795406455,0.00312752463702962,0.00618442540595438));
#1035=CARTESIAN_POINT('',(0.00625505565486507,0.00167603369186928,0.00486150873928771));
#1036=CARTESIAN_POINT('',(0.00625505479999918,-3.19040292448558E-9,0.00353859207262105));
#1037=CARTESIAN_POINT('',(0.0062550539451333,-0.00167604007267512,0.00221567540595438));
#1038=CARTESIAN_POINT('',(0.00541703476366162,-0.00312753016296957,0.000892758739287715));
#1039=CARTESIAN_POINT('',(0.00457901558218995,-0.00457902025326402,-0.000430157927378952));
#1040=CARTESIAN_POINT('',(0.00312752463702962,-0.00541703795406455,-0.00175307459404562));
#1041=CARTESIAN_POINT('',(0.00167603369186928,-0.00625505565486507,-0.00307599126071228));
#1042=CARTESIAN_POINT('',(-3.19040291884773E-9,-0.00625505479999918,-0.00439890792737895));
#1043=CARTESIAN_POINT('',(-0.00167604007267513,-0.0062550539451333,-0.00572182459404562));
#1044=CARTESIAN_POINT('',(-0.00312753016296957,-0.00541703476366163,-0.00704474126071228));
#1045=CARTESIAN_POINT('',(-0.00457902025326402,-0.00457901558218995,-0.00836765792737896));
#1046=CARTESIAN_POINT('',(-0.00541703795406454,-0.00312752463702962,-0.00969057459404562));
#1047=CARTESIAN_POINT('',(-0.00625505565486507,-0.00167603369186928,-0.0110134912607123));
#1048=CARTESIAN_POINT('',(-0.00625505479999918,3.19040292318454E-9,-0.0123364079273789));
#1049=CARTESIAN_POINT('',(-0.0062550539451333,0.00167604007267512,-0.0136593245940456));
#1050=CARTESIAN_POINT('',(-0.00541703476366163,0.00312753016296957,-0.0149822412607123));
#1051=CARTESIAN_POINT('',(-0.00457901558218995,0.00457902025326402,-0.0163051579273789));
#1052=CARTESIAN_POINT('',(-0.00312752463702962,0.00541703795406454,-0.0176280745940456));
#1053=CARTESIAN_POINT('',(-0.00167603369186929,0.00625505565486507,-0.0189509912607123));
#1054=CARTESIAN_POINT('',(3.19040292318454E-9,0.00625505479999918,-0.020273907927379));
#1055=CARTESIAN_POINT('',(0.00167604007267512,0.0062550539451333,-0.0215968245940456));
#1056=CARTESIAN_POINT('',(0.00312753016296957,0.00541703476366163,-0.0229197412607123));
#1057=CARTESIAN_POINT('',(0.00457902025326402,0.00457901558218995,-0.024242657927379));
#1058=CARTESIAN_POINT('',(0.00541703795406454,0.00312752463702962,-0.0255655745940456));
#1059=CARTESIAN_POINT('',(0.00625505565486507,0.00167603369186929,-0.0268884912607123));
#1060=CARTESIAN_POINT('',(0.00625505479999918,-3.19040292318454E-9,-0.0282114079273789));
#1061=CARTESIAN_POINT('',(0.00586363664548735,0.00216817455705404,0.005334));
#1062=CARTESIAN_POINT('',(0.,3.88825358729284E-19,0.005334));
#1063=CARTESIAN_POINT('',(0.00576371092272123,0.00242159413275701,0.005334));
#1064=CARTESIAN_POINT('',(0.00506044750921772,0.00367662638263058,0.0382481111726211));
#1065=CARTESIAN_POINT('',(0.00604559657931454,0.00232068355919561,0.0369251945059544));
#1066=CARTESIAN_POINT('',(0.00622078928881552,0.00065382809297331,0.0356022778392877));
#1067=CARTESIAN_POINT('',(0.0063959819983165,-0.00101302737324899,0.0342793611726211));
#1068=CARTESIAN_POINT('',(0.00571427560219103,-0.00254416290618494,0.0329564445059544));
#1069=CARTESIAN_POINT('',(0.00503256920606556,-0.0040752984391209,0.0316335278392877));
#1070=CARTESIAN_POINT('',(0.00367662638263058,-0.00506044750921772,0.0303106111726211));
#1071=CARTESIAN_POINT('',(0.00232068355919561,-0.00604559657931454,0.0289876945059544));
#1072=CARTESIAN_POINT('',(0.000653828092973311,-0.00622078928881552,0.0276647778392877));
#1073=CARTESIAN_POINT('',(-0.00101302737324899,-0.0063959819983165,0.026341861172621));
#1074=CARTESIAN_POINT('',(-0.00254416290618494,-0.00571427560219103,0.0250189445059544));
#1075=CARTESIAN_POINT('',(-0.00407529843912089,-0.00503256920606556,0.0236960278392877));
#1076=CARTESIAN_POINT('',(-0.00506044750921772,-0.00367662638263058,0.0223731111726211));
#1077=CARTESIAN_POINT('',(-0.00604559657931454,-0.00232068355919561,0.0210501945059544));
#1078=CARTESIAN_POINT('',(-0.00622078928881552,-0.000653828092973311,0.0197272778392877));
#1079=CARTESIAN_POINT('',(-0.0063959819983165,0.00101302737324898,0.0184043611726211));
#1080=CARTESIAN_POINT('',(-0.00571427560219103,0.00254416290618493,0.0170814445059544));
#1081=CARTESIAN_POINT('',(-0.00503256920606556,0.00407529843912089,0.0157585278392877));
#1082=CARTESIAN_POINT('',(-0.00367662638263058,0.00506044750921772,0.014435611172621));
#1083=CARTESIAN_POINT('',(-0.00232068355919561,0.00604559657931454,0.0131126945059544));
#1084=CARTESIAN_POINT('',(-0.000653828092973314,0.00622078928881552,0.0117897778392877));
#1085=CARTESIAN_POINT('',(0.00101302737324899,0.0063959819983165,0.010466861172621));
#1086=CARTESIAN_POINT('',(0.00254416290618493,0.00571427560219103,0.00914394450595438));
#1087=CARTESIAN_POINT('',(0.00407529843912089,0.00503256920606556,0.00782102783928772));
#1088=CARTESIAN_POINT('',(0.00506044750921772,0.00367662638263058,0.00649811117262104));
#1089=CARTESIAN_POINT('',(0.00604559657931454,0.00232068355919561,0.00517519450595438));
#1090=CARTESIAN_POINT('',(0.00622078928881552,0.000653828092973313,0.00385227783928771));
#1091=CARTESIAN_POINT('',(0.0063959819983165,-0.00101302737324898,0.00252936117262105));
#1092=CARTESIAN_POINT('',(0.00571427560219103,-0.00254416290618493,0.00120644450595438));
#1093=CARTESIAN_POINT('',(0.00503256920606556,-0.00407529843912089,-0.00011647216071229));
#1094=CARTESIAN_POINT('',(0.00367662638263058,-0.00506044750921771,-0.00143938882737896));
#1095=CARTESIAN_POINT('',(0.00232068355919561,-0.00604559657931454,-0.00276230549404562));
#1096=CARTESIAN_POINT('',(0.000653828092973315,-0.00622078928881552,-0.00408522216071229));
#1097=CARTESIAN_POINT('',(-0.00101302737324898,-0.0063959819983165,-0.00540813882737896));
#1098=CARTESIAN_POINT('',(-0.00254416290618493,-0.00571427560219103,-0.00673105549404562));
#1099=CARTESIAN_POINT('',(-0.00407529843912088,-0.00503256920606556,-0.00805397216071229));
#1100=CARTESIAN_POINT('',(-0.00506044750921772,-0.00367662638263058,-0.00937688882737896));
#1101=CARTESIAN_POINT('',(-0.00604559657931454,-0.00232068355919561,-0.0106998054940456));
#1102=CARTESIAN_POINT('',(-0.00622078928881552,-0.000653828092973316,-0.0120227221607123));
#1103=CARTESIAN_POINT('',(-0.0063959819983165,0.00101302737324898,-0.013345638827379));
#1104=CARTESIAN_POINT('',(-0.00571427560219103,0.00254416290618493,-0.0146685554940456));
#1105=CARTESIAN_POINT('',(-0.00503256920606556,0.00407529843912088,-0.0159914721607123));
#1106=CARTESIAN_POINT('',(-0.00367662638263058,0.00506044750921772,-0.017314388827379));
#1107=CARTESIAN_POINT('',(-0.00232068355919561,0.00604559657931454,-0.0186373054940456));
#1108=CARTESIAN_POINT('',(-0.000653828092973315,0.00622078928881552,-0.0199602221607123));
#1109=CARTESIAN_POINT('',(0.00101302737324898,0.0063959819983165,-0.0212831388273789));
#1110=CARTESIAN_POINT('',(0.00254416290618493,0.00571427560219103,-0.0226060554940456));
#1111=CARTESIAN_POINT('',(0.00407529843912088,0.00503256920606556,-0.0239289721607123));
#1112=CARTESIAN_POINT('',(0.00506044750921772,0.00367662638263058,-0.025251888827379));
#1113=CARTESIAN_POINT('',(0.,3.88825358729284E-19,0.019939));
#1114=CARTESIAN_POINT('',(0.00193291519969285,-0.00594891161321123,0.0382481111726211));
#1115=CARTESIAN_POINT('',(0.000338909137088768,-0.00646683468000677,0.0369251945059544));
#1116=CARTESIAN_POINT('',(-0.00130050214031054,-0.00611836618175561,0.0356022778392877));
#1117=CARTESIAN_POINT('',(-0.00293991341770985,-0.00576989768350445,0.0342793611726211));
#1118=CARTESIAN_POINT('',(-0.00418545098206276,-0.00464840947290069,0.0329564445059544));
#1119=CARTESIAN_POINT('',(-0.00543098854641569,-0.00352692126229692,0.0316335278392877));
#1120=CARTESIAN_POINT('',(-0.00594891161321123,-0.00193291519969285,0.0303106111726211));
#1121=CARTESIAN_POINT('',(-0.00646683468000677,-0.000338909137088769,0.0289876945059544));
#1122=CARTESIAN_POINT('',(-0.00611836618175561,0.00130050214031054,0.0276647778392877));
#1123=CARTESIAN_POINT('',(-0.00576989768350445,0.00293991341770985,0.026341861172621));
#1124=CARTESIAN_POINT('',(-0.00464840947290069,0.00418545098206276,0.0250189445059544));
#1125=CARTESIAN_POINT('',(-0.00352692126229693,0.00543098854641569,0.0236960278392877));
#1126=CARTESIAN_POINT('',(-0.00193291519969285,0.00594891161321123,0.0223731111726211));
#1127=CARTESIAN_POINT('',(-0.000338909137088772,0.00646683468000677,0.0210501945059544));
#1128=CARTESIAN_POINT('',(0.00130050214031054,0.00611836618175561,0.0197272778392877));
#1129=CARTESIAN_POINT('',(0.00293991341770985,0.00576989768350445,0.0184043611726211));
#1130=CARTESIAN_POINT('',(0.00418545098206276,0.00464840947290069,0.0170814445059544));
#1131=CARTESIAN_POINT('',(0.00543098854641568,0.00352692126229693,0.0157585278392877));
#1132=CARTESIAN_POINT('',(0.00594891161321123,0.00193291519969285,0.014435611172621));
#1133=CARTESIAN_POINT('',(0.00646683468000677,0.000338909137088772,0.0131126945059544));
#1134=CARTESIAN_POINT('',(0.00611836618175561,-0.00130050214031053,0.0117897778392877));
#1135=CARTESIAN_POINT('',(0.00576989768350445,-0.00293991341770985,0.010466861172621));
#1136=CARTESIAN_POINT('',(0.00464840947290069,-0.00418545098206276,0.00914394450595438));
#1137=CARTESIAN_POINT('',(0.00352692126229693,-0.00543098854641569,0.00782102783928772));
#1138=CARTESIAN_POINT('',(0.00193291519969285,-0.00594891161321123,0.00649811117262104));
#1139=CARTESIAN_POINT('',(0.000338909137088772,-0.00646683468000677,0.00517519450595438));
#1140=CARTESIAN_POINT('',(-0.00130050214031053,-0.00611836618175561,0.00385227783928771));
#1141=CARTESIAN_POINT('',(-0.00293991341770984,-0.00576989768350447,0.00252936117262105));
#1142=CARTESIAN_POINT('',(-0.00418545098206276,-0.00464840947290069,0.00120644450595438));
#1143=CARTESIAN_POINT('',(-0.00543098854641569,-0.00352692126229693,-0.00011647216071229));
#1144=CARTESIAN_POINT('',(-0.00594891161321122,-0.00193291519969285,-0.00143938882737896));
#1145=CARTESIAN_POINT('',(-0.00646683468000677,-0.000338909137088772,-0.00276230549404562));
#1146=CARTESIAN_POINT('',(-0.00611836618175561,0.00130050214031053,-0.00408522216071229));
#1147=CARTESIAN_POINT('',(-0.00576989768350447,0.00293991341770984,-0.00540813882737896));
#1148=CARTESIAN_POINT('',(-0.00464840947290069,0.00418545098206276,-0.00673105549404562));
#1149=CARTESIAN_POINT('',(-0.00352692126229693,0.00543098854641568,-0.00805397216071229));
#1150=CARTESIAN_POINT('',(-0.00193291519969285,0.00594891161321122,-0.00937688882737896));
#1151=CARTESIAN_POINT('',(-0.000338909137088773,0.00646683468000677,-0.0106998054940456));
#1152=CARTESIAN_POINT('',(0.00130050214031053,0.00611836618175561,-0.0120227221607123));
#1153=CARTESIAN_POINT('',(0.00293991341770984,0.00576989768350447,-0.013345638827379));
#1154=CARTESIAN_POINT('',(0.00418545098206276,0.00464840947290069,-0.0146685554940456));
#1155=CARTESIAN_POINT('',(0.00543098854641568,0.00352692126229693,-0.0159914721607123));
#1156=CARTESIAN_POINT('',(0.00594891161321122,0.00193291519969285,-0.017314388827379));
#1157=CARTESIAN_POINT('',(0.00646683468000677,0.000338909137088773,-0.0186373054940456));
#1158=CARTESIAN_POINT('',(0.00611836618175561,-0.00130050214031053,-0.0199602221607123));
#1159=CARTESIAN_POINT('',(0.00576989768350445,-0.00293991341770984,-0.0212831388273789));
#1160=CARTESIAN_POINT('',(0.00464840947290069,-0.00418545098206276,-0.0226060554940456));
#1161=CARTESIAN_POINT('',(0.00352692126229693,-0.00543098854641568,-0.0239289721607123));
#1162=CARTESIAN_POINT('',(0.00193291519969285,-0.00594891161321122,-0.025251888827379));
#1163=CARTESIAN_POINT('',(-0.00273187611110553,-0.00562501169677846,0.0343770588262695));
#1164=CARTESIAN_POINT('',(0.000522040722411582,-0.00622993454787027,0.005334));
#1165=CARTESIAN_POINT('',(0.,3.88825358729284E-19,0.0343765389484235));
#1166=CARTESIAN_POINT('',(-0.00297285093220949,-0.00550244707122744,0.0343768792286394));
#1167=CARTESIAN_POINT('',(-0.00193292126819983,-0.00594890964143378,0.035288592072621));
#1168=CARTESIAN_POINT('',(-0.00352692680246773,-0.0054309849485867,0.0339656754059544));
#1169=CARTESIAN_POINT('',(-0.00464841374249318,-0.00418544624019991,0.0326427587392877));
#1170=CARTESIAN_POINT('',(-0.00576990068251862,-0.00293990753181314,0.031319842072621));
#1171=CARTESIAN_POINT('',(-0.00611836750839974,-0.0013004958989406,0.0299969254059544));
#1172=CARTESIAN_POINT('',(-0.00646683433428087,0.000338915733931926,0.0286740087392877));
#1173=CARTESIAN_POINT('',(-0.00594890964143378,0.00193292126819983,0.0273510920726211));
#1174=CARTESIAN_POINT('',(-0.0054309849485867,0.00352692680246773,0.0260281754059544));
#1175=CARTESIAN_POINT('',(-0.00418544624019991,0.00464841374249317,0.0247052587392877));
#1176=CARTESIAN_POINT('',(-0.00293990753181314,0.00576990068251862,0.0233823420726211));
#1177=CARTESIAN_POINT('',(-0.00130049589894061,0.00611836750839974,0.0220594254059544));
#1178=CARTESIAN_POINT('',(0.000338915733931924,0.00646683433428087,0.0207365087392878));
#1179=CARTESIAN_POINT('',(0.00193292126819982,0.00594890964143378,0.019413592072621));
#1180=CARTESIAN_POINT('',(0.00352692680246773,0.0054309849485867,0.0180906754059544));
#1181=CARTESIAN_POINT('',(0.00464841374249317,0.00418544624019992,0.0167677587392877));
#1182=CARTESIAN_POINT('',(0.00576990068251862,0.00293990753181314,0.015444842072621));
#1183=CARTESIAN_POINT('',(0.00611836750839974,0.00130049589894061,0.0141219254059544));
#1184=CARTESIAN_POINT('',(0.00646683433428087,-0.000338915733931921,0.0127990087392877));
#1185=CARTESIAN_POINT('',(0.00594890964143378,-0.00193292126819982,0.011476092072621));
#1186=CARTESIAN_POINT('',(0.0054309849485867,-0.00352692680246773,0.0101531754059544));
#1187=CARTESIAN_POINT('',(0.00418544624019992,-0.00464841374249317,0.00883025873928772));
#1188=CARTESIAN_POINT('',(0.00293990753181314,-0.00576990068251862,0.00750734207262105));
#1189=CARTESIAN_POINT('',(0.00130049589894061,-0.00611836750839974,0.00618442540595438));
#1190=CARTESIAN_POINT('',(-0.000338915733931922,-0.00646683433428087,0.00486150873928771));
#1191=CARTESIAN_POINT('',(-0.00193292126819982,-0.00594890964143378,0.00353859207262105));
#1192=CARTESIAN_POINT('',(-0.00352692680246773,-0.0054309849485867,0.00221567540595438));
#1193=CARTESIAN_POINT('',(-0.00464841374249317,-0.00418544624019992,0.000892758739287715));
#1194=CARTESIAN_POINT('',(-0.00576990068251862,-0.00293990753181314,-0.000430157927378952));
#1195=CARTESIAN_POINT('',(-0.00611836750839974,-0.00130049589894061,-0.00175307459404562));
#1196=CARTESIAN_POINT('',(-0.00646683433428087,0.000338915733931922,-0.00307599126071228));
#1197=CARTESIAN_POINT('',(-0.00594890964143378,0.00193292126819982,-0.00439890792737895));
#1198=CARTESIAN_POINT('',(-0.0054309849485867,0.00352692680246773,-0.00572182459404562));
#1199=CARTESIAN_POINT('',(-0.00418544624019992,0.00464841374249317,-0.00704474126071229));
#1200=CARTESIAN_POINT('',(-0.00293990753181314,0.00576990068251862,-0.00836765792737896));
#1201=CARTESIAN_POINT('',(-0.00130049589894061,0.00611836750839974,-0.00969057459404562));
#1202=CARTESIAN_POINT('',(0.000338915733931915,0.00646683433428087,-0.0110134912607123));
#1203=CARTESIAN_POINT('',(0.00193292126819982,0.00594890964143378,-0.0123364079273789));
#1204=CARTESIAN_POINT('',(0.00352692680246773,0.0054309849485867,-0.0136593245940456));
#1205=CARTESIAN_POINT('',(0.00464841374249317,0.00418544624019992,-0.0149822412607123));
#1206=CARTESIAN_POINT('',(0.00576990068251862,0.00293990753181314,-0.0163051579273789));
#1207=CARTESIAN_POINT('',(0.00611836750839974,0.00130049589894061,-0.0176280745940456));
#1208=CARTESIAN_POINT('',(0.00646683433428087,-0.000338915733931914,-0.0189509912607123));
#1209=CARTESIAN_POINT('',(0.00594890964143378,-0.00193292126819982,-0.020273907927379));
#1210=CARTESIAN_POINT('',(0.0054309849485867,-0.00352692680246773,-0.0215968245940456));
#1211=CARTESIAN_POINT('',(0.00418544624019992,-0.00464841374249317,-0.0229197412607123));
#1212=CARTESIAN_POINT('',(0.00293990753181314,-0.00576990068251862,-0.024242657927379));
#1213=CARTESIAN_POINT('',(0.00130049589894061,-0.00611836750839974,-0.0255655745940456));
#1214=CARTESIAN_POINT('',(-0.000338915733931914,-0.00646683433428087,-0.0268884912607123));
#1215=CARTESIAN_POINT('',(-0.00193292126819982,-0.00594890964143378,-0.0282114079273789));
#1216=CARTESIAN_POINT('',(0.000250099972363665,-0.00624664995110977,0.005334));
#1217=CARTESIAN_POINT('',(0.,3.88825358729284E-19,0.005334));
#1218=CARTESIAN_POINT('',(0.,3.88825358729284E-19,0.019939));
#1219=CARTESIAN_POINT('',(0.,3.88825358729284E-19,0.0343765389484235));
#1220=CARTESIAN_POINT('',(0.000829170369799779,-0.00619897108950235,0.0343768792260683));
#1221=CARTESIAN_POINT('',(0.00109616470946106,-0.00615648655252947,0.0343770588227837));
#1222=CARTESIAN_POINT('',(0.00193291519969285,-0.00594891161321123,0.035288592072621));
#1223=CARTESIAN_POINT('',(0.000338909137088768,-0.00646683468000677,0.0339656754059544));
#1224=CARTESIAN_POINT('',(-0.00130050214031054,-0.00611836618175561,0.0326427587392877));
#1225=CARTESIAN_POINT('',(-0.00293991341770985,-0.00576989768350445,0.031319842072621));
#1226=CARTESIAN_POINT('',(-0.00418545098206276,-0.00464840947290069,0.0299969254059544));
#1227=CARTESIAN_POINT('',(-0.00543098854641569,-0.00352692126229692,0.0286740087392877));
#1228=CARTESIAN_POINT('',(-0.00594891161321123,-0.00193291519969285,0.0273510920726211));
#1229=CARTESIAN_POINT('',(-0.00646683468000677,-0.000338909137088769,0.0260281754059544));
#1230=CARTESIAN_POINT('',(-0.00611836618175561,0.00130050214031054,0.0247052587392877));
#1231=CARTESIAN_POINT('',(-0.00576989768350445,0.00293991341770985,0.0233823420726211));
#1232=CARTESIAN_POINT('',(-0.00464840947290069,0.00418545098206276,0.0220594254059544));
#1233=CARTESIAN_POINT('',(-0.00352692126229693,0.00543098854641569,0.0207365087392878));
#1234=CARTESIAN_POINT('',(-0.00193291519969285,0.00594891161321123,0.019413592072621));
#1235=CARTESIAN_POINT('',(-0.000338909137088772,0.00646683468000677,0.0180906754059544));
#1236=CARTESIAN_POINT('',(0.00130050214031054,0.00611836618175561,0.0167677587392877));
#1237=CARTESIAN_POINT('',(0.00293991341770985,0.00576989768350445,0.015444842072621));
#1238=CARTESIAN_POINT('',(0.00418545098206276,0.00464840947290069,0.0141219254059544));
#1239=CARTESIAN_POINT('',(0.00543098854641568,0.00352692126229693,0.0127990087392877));
#1240=CARTESIAN_POINT('',(0.00594891161321123,0.00193291519969285,0.011476092072621));
#1241=CARTESIAN_POINT('',(0.00646683468000677,0.000338909137088772,0.0101531754059544));
#1242=CARTESIAN_POINT('',(0.00611836618175561,-0.00130050214031053,0.00883025873928772));
#1243=CARTESIAN_POINT('',(0.00576989768350445,-0.00293991341770985,0.00750734207262105));
#1244=CARTESIAN_POINT('',(0.00464840947290069,-0.00418545098206276,0.00618442540595438));
#1245=CARTESIAN_POINT('',(0.00352692126229693,-0.00543098854641569,0.00486150873928771));
#1246=CARTESIAN_POINT('',(0.00193291519969285,-0.00594891161321123,0.00353859207262105));
#1247=CARTESIAN_POINT('',(0.000338909137088772,-0.00646683468000677,0.00221567540595438));
#1248=CARTESIAN_POINT('',(-0.00130050214031053,-0.00611836618175561,0.000892758739287715));
#1249=CARTESIAN_POINT('',(-0.00293991341770984,-0.00576989768350447,-0.000430157927378952));
#1250=CARTESIAN_POINT('',(-0.00418545098206276,-0.00464840947290069,-0.00175307459404562));
#1251=CARTESIAN_POINT('',(-0.00543098854641569,-0.00352692126229693,-0.00307599126071228));
#1252=CARTESIAN_POINT('',(-0.00594891161321122,-0.00193291519969285,-0.00439890792737895));
#1253=CARTESIAN_POINT('',(-0.00646683468000677,-0.000338909137088772,-0.00572182459404562));
#1254=CARTESIAN_POINT('',(-0.00611836618175561,0.00130050214031053,-0.00704474126071229));
#1255=CARTESIAN_POINT('',(-0.00576989768350447,0.00293991341770984,-0.00836765792737896));
#1256=CARTESIAN_POINT('',(-0.00464840947290069,0.00418545098206276,-0.00969057459404562));
#1257=CARTESIAN_POINT('',(-0.00352692126229693,0.00543098854641568,-0.0110134912607123));
#1258=CARTESIAN_POINT('',(-0.00193291519969285,0.00594891161321122,-0.0123364079273789));
#1259=CARTESIAN_POINT('',(-0.000338909137088773,0.00646683468000677,-0.0136593245940456));
#1260=CARTESIAN_POINT('',(0.00130050214031053,0.00611836618175561,-0.0149822412607123));
#1261=CARTESIAN_POINT('',(0.00293991341770984,0.00576989768350447,-0.0163051579273789));
#1262=CARTESIAN_POINT('',(0.00418545098206276,0.00464840947290069,-0.0176280745940456));
#1263=CARTESIAN_POINT('',(0.00543098854641568,0.00352692126229693,-0.0189509912607123));
#1264=CARTESIAN_POINT('',(0.00594891161321122,0.00193291519969285,-0.020273907927379));
#1265=CARTESIAN_POINT('',(0.00646683468000677,0.000338909137088773,-0.0215968245940456));
#1266=CARTESIAN_POINT('',(0.00611836618175561,-0.00130050214031053,-0.0229197412607123));
#1267=CARTESIAN_POINT('',(0.00576989768350445,-0.00293991341770984,-0.024242657927379));
#1268=CARTESIAN_POINT('',(0.00464840947290069,-0.00418545098206276,-0.0255655745940456));
#1269=CARTESIAN_POINT('',(0.00352692126229693,-0.00543098854641568,-0.0268884912607123));
#1270=CARTESIAN_POINT('',(0.00193291519969285,-0.00594891161321122,-0.0282114079273789));
#1271=CARTESIAN_POINT('',(0.00387396475832033,-0.00490671785236546,0.005334));
#1272=CARTESIAN_POINT('',(0.,3.88825358729284E-19,0.005334));
#1273=CARTESIAN_POINT('',(0.00408419948169193,-0.00473327752110823,0.005334));
#1274=CARTESIAN_POINT('',(0.00506044375867414,-0.00367663154481095,0.0382481111726211));
#1275=CARTESIAN_POINT('',(0.00407529330537525,-0.00503257336329081,0.0369251945059544));
#1276=CARTESIAN_POINT('',(0.00254415707702874,-0.00571427819749858,0.0356022778392877));
#1277=CARTESIAN_POINT('',(0.00101302084868222,-0.00639598303170636,0.0342793611726211));
#1278=CARTESIAN_POINT('',(-0.00065383443882444,-0.00622078862183969,0.0329564445059543));
#1279=CARTESIAN_POINT('',(-0.0023206897263311,-0.00604559421197302,0.0316335278392877));
#1280=CARTESIAN_POINT('',(-0.00367663154481095,-0.00506044375867414,0.0303106111726211));
#1281=CARTESIAN_POINT('',(-0.0050325733632908,-0.00407529330537525,0.0289876945059544));
#1282=CARTESIAN_POINT('',(-0.00571427819749858,-0.00254415707702874,0.0276647778392877));
#1283=CARTESIAN_POINT('',(-0.00639598303170636,-0.00101302084868222,0.026341861172621));
#1284=CARTESIAN_POINT('',(-0.00622078862183969,0.000653834438824437,0.0250189445059544));
#1285=CARTESIAN_POINT('',(-0.00604559421197302,0.0023206897263311,0.0236960278392877));
#1286=CARTESIAN_POINT('',(-0.00506044375867414,0.00367663154481095,0.0223731111726211));
#1287=CARTESIAN_POINT('',(-0.00407529330537526,0.0050325733632908,0.0210501945059544));
#1288=CARTESIAN_POINT('',(-0.00254415707702874,0.00571427819749858,0.0197272778392877));
#1289=CARTESIAN_POINT('',(-0.00101302084868223,0.00639598303170636,0.0184043611726211));
#1290=CARTESIAN_POINT('',(0.000653834438824435,0.00622078862183969,0.0170814445059544));
#1291=CARTESIAN_POINT('',(0.0023206897263311,0.00604559421197303,0.0157585278392877));
#1292=CARTESIAN_POINT('',(0.00367663154481095,0.00506044375867414,0.014435611172621));
#1293=CARTESIAN_POINT('',(0.0050325733632908,0.00407529330537526,0.0131126945059544));
#1294=CARTESIAN_POINT('',(0.00571427819749858,0.00254415707702875,0.0117897778392877));
#1295=CARTESIAN_POINT('',(0.00639598303170636,0.00101302084868222,0.010466861172621));
#1296=CARTESIAN_POINT('',(0.00622078862183969,-0.000653834438824436,0.00914394450595437));
#1297=CARTESIAN_POINT('',(0.00604559421197303,-0.0023206897263311,0.00782102783928772));
#1298=CARTESIAN_POINT('',(0.00506044375867414,-0.00367663154481095,0.00649811117262104));
#1299=CARTESIAN_POINT('',(0.00407529330537526,-0.0050325733632908,0.00517519450595438));
#1300=CARTESIAN_POINT('',(0.00254415707702874,-0.00571427819749858,0.00385227783928771));
#1301=CARTESIAN_POINT('',(0.00101302084868223,-0.00639598303170636,0.00252936117262105));
#1302=CARTESIAN_POINT('',(-0.000653834438824436,-0.00622078862183969,0.00120644450595438));
#1303=CARTESIAN_POINT('',(-0.0023206897263311,-0.00604559421197303,-0.00011647216071229));
#1304=CARTESIAN_POINT('',(-0.00367663154481095,-0.00506044375867414,-0.00143938882737896));
#1305=CARTESIAN_POINT('',(-0.0050325733632908,-0.00407529330537526,-0.00276230549404562));
#1306=CARTESIAN_POINT('',(-0.00571427819749858,-0.00254415707702875,-0.00408522216071229));
#1307=CARTESIAN_POINT('',(-0.00639598303170636,-0.00101302084868223,-0.00540813882737896));
#1308=CARTESIAN_POINT('',(-0.00622078862183969,0.00065383443882443,-0.00673105549404562));
#1309=CARTESIAN_POINT('',(-0.00604559421197303,0.00232068972633109,-0.00805397216071229));
#1310=CARTESIAN_POINT('',(-0.00506044375867414,0.00367663154481095,-0.00937688882737896));
#1311=CARTESIAN_POINT('',(-0.00407529330537526,0.0050325733632908,-0.0106998054940456));
#1312=CARTESIAN_POINT('',(-0.00254415707702875,0.00571427819749858,-0.0120227221607123));
#1313=CARTESIAN_POINT('',(-0.00101302084868223,0.00639598303170636,-0.013345638827379));
#1314=CARTESIAN_POINT('',(0.000653834438824429,0.00622078862183969,-0.0146685554940456));
#1315=CARTESIAN_POINT('',(0.00232068972633109,0.00604559421197303,-0.0159914721607123));
#1316=CARTESIAN_POINT('',(0.00367663154481095,0.00506044375867414,-0.017314388827379));
#1317=CARTESIAN_POINT('',(0.0050325733632908,0.00407529330537526,-0.0186373054940456));
#1318=CARTESIAN_POINT('',(0.00571427819749858,0.00254415707702875,-0.0199602221607123));
#1319=CARTESIAN_POINT('',(0.00639598303170636,0.00101302084868223,-0.0212831388273789));
#1320=CARTESIAN_POINT('',(0.00622078862183969,-0.000653834438824429,-0.0226060554940456));
#1321=CARTESIAN_POINT('',(0.00604559421197303,-0.00232068972633109,-0.0239289721607123));
#1322=CARTESIAN_POINT('',(0.00506044375867414,-0.00367663154481095,-0.025251888827379));
#1323=CARTESIAN_POINT('',(0.,3.88825358729284E-19,0.019939));
#1324=CARTESIAN_POINT('',(-0.00506044375867414,0.00367663154481096,0.0382481111726211));
#1325=CARTESIAN_POINT('',(-0.00407529330537525,0.00503257336329081,0.0369251945059544));
#1326=CARTESIAN_POINT('',(-0.00254415707702874,0.00571427819749858,0.0356022778392877));
#1327=CARTESIAN_POINT('',(-0.00101302084868222,0.00639598303170636,0.0342793611726211));
#1328=CARTESIAN_POINT('',(0.00065383443882444,0.00622078862183969,0.0329564445059544));
#1329=CARTESIAN_POINT('',(0.0023206897263311,0.00604559421197302,0.0316335278392877));
#1330=CARTESIAN_POINT('',(0.00367663154481095,0.00506044375867414,0.0303106111726211));
#1331=CARTESIAN_POINT('',(0.00503257336329081,0.00407529330537525,0.0289876945059544));
#1332=CARTESIAN_POINT('',(0.00571427819749858,0.00254415707702874,0.0276647778392877));
#1333=CARTESIAN_POINT('',(0.00639598303170636,0.00101302084868222,0.026341861172621));
#1334=CARTESIAN_POINT('',(0.00622078862183969,-0.000653834438824437,0.0250189445059544));
#1335=CARTESIAN_POINT('',(0.00604559421197302,-0.0023206897263311,0.0236960278392877));
#1336=CARTESIAN_POINT('',(0.00506044375867414,-0.00367663154481095,0.0223731111726211));
#1337=CARTESIAN_POINT('',(0.00407529330537526,-0.0050325733632908,0.0210501945059544));
#1338=CARTESIAN_POINT('',(0.00254415707702874,-0.00571427819749858,0.0197272778392877));
#1339=CARTESIAN_POINT('',(0.00101302084868223,-0.00639598303170636,0.0184043611726211));
#1340=CARTESIAN_POINT('',(-0.000653834438824436,-0.00622078862183969,0.0170814445059544));
#1341=CARTESIAN_POINT('',(-0.0023206897263311,-0.00604559421197302,0.0157585278392877));
#1342=CARTESIAN_POINT('',(-0.00367663154481095,-0.00506044375867414,0.014435611172621));
#1343=CARTESIAN_POINT('',(-0.0050325733632908,-0.00407529330537526,0.0131126945059544));
#1344=CARTESIAN_POINT('',(-0.00571427819749858,-0.00254415707702874,0.0117897778392877));
#1345=CARTESIAN_POINT('',(-0.00639598303170636,-0.00101302084868222,0.010466861172621));
#1346=CARTESIAN_POINT('',(-0.00622078862183969,0.000653834438824437,0.00914394450595438));
#1347=CARTESIAN_POINT('',(-0.00604559421197303,0.0023206897263311,0.00782102783928772));
#1348=CARTESIAN_POINT('',(-0.00506044375867414,0.00367663154481095,0.00649811117262104));
#1349=CARTESIAN_POINT('',(-0.00407529330537526,0.0050325733632908,0.00517519450595438));
#1350=CARTESIAN_POINT('',(-0.00254415707702874,0.00571427819749858,0.00385227783928771));
#1351=CARTESIAN_POINT('',(-0.00101302084868223,0.00639598303170636,0.00252936117262105));
#1352=CARTESIAN_POINT('',(0.000653834438824437,0.00622078862183969,0.00120644450595438));
#1353=CARTESIAN_POINT('',(0.0023206897263311,0.00604559421197303,-0.00011647216071229));
#1354=CARTESIAN_POINT('',(0.00367663154481095,0.00506044375867414,-0.00143938882737896));
#1355=CARTESIAN_POINT('',(0.0050325733632908,0.00407529330537526,-0.00276230549404562));
#1356=CARTESIAN_POINT('',(0.00571427819749858,0.00254415707702875,-0.00408522216071229));
#1357=CARTESIAN_POINT('',(0.00639598303170636,0.00101302084868223,-0.00540813882737896));
#1358=CARTESIAN_POINT('',(0.00622078862183969,-0.00065383443882443,-0.00673105549404562));
#1359=CARTESIAN_POINT('',(0.00604559421197303,-0.00232068972633109,-0.00805397216071229));
#1360=CARTESIAN_POINT('',(0.00506044375867414,-0.00367663154481095,-0.00937688882737896));
#1361=CARTESIAN_POINT('',(0.00407529330537526,-0.0050325733632908,-0.0106998054940456));
#1362=CARTESIAN_POINT('',(0.00254415707702875,-0.00571427819749858,-0.0120227221607123));
#1363=CARTESIAN_POINT('',(0.00101302084868223,-0.00639598303170636,-0.013345638827379));
#1364=CARTESIAN_POINT('',(-0.00065383443882443,-0.00622078862183969,-0.0146685554940456));
#1365=CARTESIAN_POINT('',(-0.00232068972633109,-0.00604559421197303,-0.0159914721607123));
#1366=CARTESIAN_POINT('',(-0.00367663154481095,-0.00506044375867414,-0.017314388827379));
#1367=CARTESIAN_POINT('',(-0.0050325733632908,-0.00407529330537526,-0.0186373054940456));
#1368=CARTESIAN_POINT('',(-0.00571427819749858,-0.00254415707702875,-0.0199602221607123));
#1369=CARTESIAN_POINT('',(-0.00639598303170636,-0.00101302084868223,-0.0212831388273789));
#1370=CARTESIAN_POINT('',(-0.00622078862183969,0.00065383443882443,-0.0226060554940456));
#1371=CARTESIAN_POINT('',(-0.00604559421197303,0.00232068972633109,-0.0239289721607123));
#1372=CARTESIAN_POINT('',(-0.00506044375867414,0.00367663154481095,-0.025251888827379));
#1373=CARTESIAN_POINT('',(-0.0010961480154138,0.00615648848302873,0.0343770586455157));
#1374=CARTESIAN_POINT('',(-0.00408419948169193,0.00473327752110822,0.005334));
#1375=CARTESIAN_POINT('',(0.,3.88825358729284E-19,0.0343765389484235));
#1376=CARTESIAN_POINT('',(-0.00082917036979977,0.00619897108950236,0.0343768792260683));
#1377=CARTESIAN_POINT('',(-0.00193291519969285,0.00594891161321123,0.035288592072621));
#1378=CARTESIAN_POINT('',(-0.000338909137088767,0.00646683468000677,0.0339656754059544));
#1379=CARTESIAN_POINT('',(0.00130050214031054,0.00611836618175561,0.0326427587392877));
#1380=CARTESIAN_POINT('',(0.00293991341770985,0.00576989768350445,0.031319842072621));
#1381=CARTESIAN_POINT('',(0.00418545098206277,0.00464840947290069,0.0299969254059544));
#1382=CARTESIAN_POINT('',(0.00543098854641569,0.00352692126229692,0.0286740087392877));
#1383=CARTESIAN_POINT('',(0.00594891161321123,0.00193291519969285,0.0273510920726211));
#1384=CARTESIAN_POINT('',(0.00646683468000677,0.000338909137088769,0.0260281754059544));
#1385=CARTESIAN_POINT('',(0.00611836618175561,-0.00130050214031054,0.0247052587392877));
#1386=CARTESIAN_POINT('',(0.00576989768350445,-0.00293991341770985,0.0233823420726211));
#1387=CARTESIAN_POINT('',(0.00464840947290069,-0.00418545098206276,0.0220594254059544));
#1388=CARTESIAN_POINT('',(0.00352692126229692,-0.00543098854641569,0.0207365087392878));
#1389=CARTESIAN_POINT('',(0.00193291519969285,-0.00594891161321123,0.019413592072621));
#1390=CARTESIAN_POINT('',(0.000338909137088771,-0.00646683468000677,0.0180906754059544));
#1391=CARTESIAN_POINT('',(-0.00130050214031054,-0.00611836618175561,0.0167677587392877));
#1392=CARTESIAN_POINT('',(-0.00293991341770985,-0.00576989768350445,0.015444842072621));
#1393=CARTESIAN_POINT('',(-0.00418545098206276,-0.00464840947290069,0.0141219254059544));
#1394=CARTESIAN_POINT('',(-0.00543098854641569,-0.00352692126229693,0.0127990087392877));
#1395=CARTESIAN_POINT('',(-0.00594891161321123,-0.00193291519969285,0.011476092072621));
#1396=CARTESIAN_POINT('',(-0.00646683468000677,-0.000338909137088772,0.0101531754059544));
#1397=CARTESIAN_POINT('',(-0.00611836618175561,0.00130050214031053,0.00883025873928772));
#1398=CARTESIAN_POINT('',(-0.00576989768350445,0.00293991341770985,0.00750734207262105));
#1399=CARTESIAN_POINT('',(-0.00464840947290069,0.00418545098206276,0.00618442540595438));
#1400=CARTESIAN_POINT('',(-0.00352692126229693,0.00543098854641569,0.00486150873928771));
#1401=CARTESIAN_POINT('',(-0.00193291519969285,0.00594891161321123,0.00353859207262105));
#1402=CARTESIAN_POINT('',(-0.000338909137088772,0.00646683468000677,0.00221567540595438));
#1403=CARTESIAN_POINT('',(0.00130050214031053,0.00611836618175561,0.000892758739287715));
#1404=CARTESIAN_POINT('',(0.00293991341770984,0.00576989768350445,-0.000430157927378952));
#1405=CARTESIAN_POINT('',(0.00418545098206276,0.00464840947290069,-0.00175307459404562));
#1406=CARTESIAN_POINT('',(0.00543098854641569,0.00352692126229693,-0.00307599126071228));
#1407=CARTESIAN_POINT('',(0.00594891161321122,0.00193291519969285,-0.00439890792737895));
#1408=CARTESIAN_POINT('',(0.00646683468000677,0.000338909137088771,-0.00572182459404562));
#1409=CARTESIAN_POINT('',(0.00611836618175561,-0.00130050214031053,-0.00704474126071229));
#1410=CARTESIAN_POINT('',(0.00576989768350447,-0.00293991341770984,-0.00836765792737896));
#1411=CARTESIAN_POINT('',(0.00464840947290069,-0.00418545098206276,-0.00969057459404562));
#1412=CARTESIAN_POINT('',(0.00352692126229693,-0.00543098854641568,-0.0110134912607123));
#1413=CARTESIAN_POINT('',(0.00193291519969285,-0.00594891161321123,-0.0123364079273789));
#1414=CARTESIAN_POINT('',(0.000338909137088772,-0.00646683468000677,-0.0136593245940456));
#1415=CARTESIAN_POINT('',(-0.00130050214031053,-0.00611836618175561,-0.0149822412607123));
#1416=CARTESIAN_POINT('',(-0.00293991341770984,-0.00576989768350447,-0.0163051579273789));
#1417=CARTESIAN_POINT('',(-0.00418545098206276,-0.00464840947290069,-0.0176280745940456));
#1418=CARTESIAN_POINT('',(-0.00543098854641568,-0.00352692126229693,-0.0189509912607123));
#1419=CARTESIAN_POINT('',(-0.00594891161321123,-0.00193291519969285,-0.020273907927379));
#1420=CARTESIAN_POINT('',(-0.00646683468000677,-0.000338909137088772,-0.0215968245940456));
#1421=CARTESIAN_POINT('',(-0.00611836618175561,0.00130050214031053,-0.0229197412607123));
#1422=CARTESIAN_POINT('',(-0.00576989768350445,0.00293991341770984,-0.024242657927379));
#1423=CARTESIAN_POINT('',(-0.00464840947290069,0.00418545098206276,-0.0255655745940456));
#1424=CARTESIAN_POINT('',(-0.00352692126229693,0.00543098854641568,-0.0268884912607123));
#1425=CARTESIAN_POINT('',(-0.00193291519969285,0.00594891161321123,-0.0282114079273789));
#1426=CARTESIAN_POINT('',(-0.00387396475832031,0.00490671785236548,0.005334));
#1427=CARTESIAN_POINT('',(0.,3.88825358729284E-19,0.005334));
#1428=CARTESIAN_POINT('',(0.,3.88825358729284E-19,0.019939));
#1429=CARTESIAN_POINT('',(0.,3.88825358729284E-19,0.0343765389484235));
#1430=CARTESIAN_POINT('',(-0.00431447668286248,0.00452769890671371,0.0343768792286396));
#1431=CARTESIAN_POINT('',(-0.004505495519523,0.00433640411636185,0.0343770586647302));
#1432=CARTESIAN_POINT('',(-0.00506044375867414,0.00367663154481096,0.035288592072621));
#1433=CARTESIAN_POINT('',(-0.00407529330537525,0.00503257336329081,0.0339656754059544));
#1434=CARTESIAN_POINT('',(-0.00254415707702874,0.00571427819749858,0.0326427587392877));
#1435=CARTESIAN_POINT('',(-0.00101302084868222,0.00639598303170636,0.031319842072621));
#1436=CARTESIAN_POINT('',(0.00065383443882444,0.00622078862183969,0.0299969254059544));
#1437=CARTESIAN_POINT('',(0.0023206897263311,0.00604559421197302,0.0286740087392877));
#1438=CARTESIAN_POINT('',(0.00367663154481095,0.00506044375867414,0.0273510920726211));
#1439=CARTESIAN_POINT('',(0.00503257336329081,0.00407529330537525,0.0260281754059544));
#1440=CARTESIAN_POINT('',(0.00571427819749858,0.00254415707702874,0.0247052587392877));
#1441=CARTESIAN_POINT('',(0.00639598303170636,0.00101302084868222,0.0233823420726211));
#1442=CARTESIAN_POINT('',(0.00622078862183969,-0.000653834438824437,0.0220594254059544));
#1443=CARTESIAN_POINT('',(0.00604559421197302,-0.0023206897263311,0.0207365087392878));
#1444=CARTESIAN_POINT('',(0.00506044375867414,-0.00367663154481095,0.019413592072621));
#1445=CARTESIAN_POINT('',(0.00407529330537526,-0.0050325733632908,0.0180906754059544));
#1446=CARTESIAN_POINT('',(0.00254415707702874,-0.00571427819749858,0.0167677587392877));
#1447=CARTESIAN_POINT('',(0.00101302084868223,-0.00639598303170636,0.015444842072621));
#1448=CARTESIAN_POINT('',(-0.000653834438824436,-0.00622078862183969,0.0141219254059544));
#1449=CARTESIAN_POINT('',(-0.0023206897263311,-0.00604559421197302,0.0127990087392877));
#1450=CARTESIAN_POINT('',(-0.00367663154481095,-0.00506044375867414,0.011476092072621));
#1451=CARTESIAN_POINT('',(-0.0050325733632908,-0.00407529330537526,0.0101531754059544));
#1452=CARTESIAN_POINT('',(-0.00571427819749858,-0.00254415707702874,0.00883025873928772));
#1453=CARTESIAN_POINT('',(-0.00639598303170636,-0.00101302084868222,0.00750734207262105));
#1454=CARTESIAN_POINT('',(-0.00622078862183969,0.000653834438824437,0.00618442540595438));
#1455=CARTESIAN_POINT('',(-0.00604559421197303,0.0023206897263311,0.00486150873928771));
#1456=CARTESIAN_POINT('',(-0.00506044375867414,0.00367663154481095,0.00353859207262105));
#1457=CARTESIAN_POINT('',(-0.00407529330537526,0.0050325733632908,0.00221567540595438));
#1458=CARTESIAN_POINT('',(-0.00254415707702874,0.00571427819749858,0.000892758739287715));
#1459=CARTESIAN_POINT('',(-0.00101302084868223,0.00639598303170636,-0.000430157927378952));
#1460=CARTESIAN_POINT('',(0.000653834438824437,0.00622078862183969,-0.00175307459404562));
#1461=CARTESIAN_POINT('',(0.0023206897263311,0.00604559421197303,-0.00307599126071228));
#1462=CARTESIAN_POINT('',(0.00367663154481095,0.00506044375867414,-0.00439890792737895));
#1463=CARTESIAN_POINT('',(0.0050325733632908,0.00407529330537526,-0.00572182459404562));
#1464=CARTESIAN_POINT('',(0.00571427819749858,0.00254415707702875,-0.00704474126071229));
#1465=CARTESIAN_POINT('',(0.00639598303170636,0.00101302084868223,-0.00836765792737896));
#1466=CARTESIAN_POINT('',(0.00622078862183969,-0.00065383443882443,-0.00969057459404562));
#1467=CARTESIAN_POINT('',(0.00604559421197303,-0.00232068972633109,-0.0110134912607123));
#1468=CARTESIAN_POINT('',(0.00506044375867414,-0.00367663154481095,-0.0123364079273789));
#1469=CARTESIAN_POINT('',(0.00407529330537526,-0.0050325733632908,-0.0136593245940456));
#1470=CARTESIAN_POINT('',(0.00254415707702875,-0.00571427819749858,-0.0149822412607123));
#1471=CARTESIAN_POINT('',(0.00101302084868223,-0.00639598303170636,-0.0163051579273789));
#1472=CARTESIAN_POINT('',(-0.00065383443882443,-0.00622078862183969,-0.0176280745940456));
#1473=CARTESIAN_POINT('',(-0.00232068972633109,-0.00604559421197303,-0.0189509912607123));
#1474=CARTESIAN_POINT('',(-0.00367663154481095,-0.00506044375867414,-0.020273907927379));
#1475=CARTESIAN_POINT('',(-0.0050325733632908,-0.00407529330537526,-0.0215968245940456));
#1476=CARTESIAN_POINT('',(-0.00571427819749858,-0.00254415707702875,-0.0229197412607123));
#1477=CARTESIAN_POINT('',(-0.00639598303170636,-0.00101302084868223,-0.024242657927379));
#1478=CARTESIAN_POINT('',(-0.00622078862183969,0.00065383443882443,-0.0255655745940456));
#1479=CARTESIAN_POINT('',(-0.00604559421197303,0.00232068972633109,-0.0268884912607123));
#1480=CARTESIAN_POINT('',(-0.00506044375867414,0.00367663154481095,-0.0282114079273789));
#1481=CARTESIAN_POINT('',(-0.00601819874811352,0.00169255104965173,0.005334));
#1482=CARTESIAN_POINT('',(0.,3.88825358729284E-19,0.005334));
#1483=CARTESIAN_POINT('',(-0.00608636938056578,0.00142860204108855,0.005334));
#1484=CARTESIAN_POINT('',(-0.00625505479999918,3.19040292752134E-9,0.0382481111726211));
#1485=CARTESIAN_POINT('',(-0.0062550539451333,0.00167604007267513,0.0369251945059544));
#1486=CARTESIAN_POINT('',(-0.00541703476366162,0.00312753016296958,0.0356022778392877));
#1487=CARTESIAN_POINT('',(-0.00457901558218995,0.00457902025326402,0.0342793611726211));
#1488=CARTESIAN_POINT('',(-0.00312752463702961,0.00541703795406455,0.0329564445059544));
#1489=CARTESIAN_POINT('',(-0.00167603369186927,0.00625505565486507,0.0316335278392877));
#1490=CARTESIAN_POINT('',(3.19040292665399E-9,0.00625505479999918,0.0303106111726211));
#1491=CARTESIAN_POINT('',(0.00167604007267513,0.0062550539451333,0.0289876945059544));
#1492=CARTESIAN_POINT('',(0.00312753016296958,0.00541703476366162,0.0276647778392877));
#1493=CARTESIAN_POINT('',(0.00457902025326402,0.00457901558218995,0.026341861172621));
#1494=CARTESIAN_POINT('',(0.00541703795406455,0.00312752463702961,0.0250189445059544));
#1495=CARTESIAN_POINT('',(0.00625505565486507,0.00167603369186927,0.0236960278392877));
#1496=CARTESIAN_POINT('',(0.00625505479999918,-3.19040292578662E-9,0.0223731111726211));
#1497=CARTESIAN_POINT('',(0.0062550539451333,-0.00167604007267513,0.0210501945059544));
#1498=CARTESIAN_POINT('',(0.00541703476366162,-0.00312753016296958,0.0197272778392877));
#1499=CARTESIAN_POINT('',(0.00457901558218995,-0.00457902025326402,0.0184043611726211));
#1500=CARTESIAN_POINT('',(0.00312752463702962,-0.00541703795406455,0.0170814445059544));
#1501=CARTESIAN_POINT('',(0.00167603369186928,-0.00625505565486507,0.0157585278392877));
#1502=CARTESIAN_POINT('',(-3.19040292578662E-9,-0.00625505479999918,0.014435611172621));
#1503=CARTESIAN_POINT('',(-0.00167604007267513,-0.0062550539451333,0.0131126945059544));
#1504=CARTESIAN_POINT('',(-0.00312753016296957,-0.00541703476366162,0.0117897778392877));
#1505=CARTESIAN_POINT('',(-0.00457902025326402,-0.00457901558218995,0.010466861172621));
#1506=CARTESIAN_POINT('',(-0.00541703795406455,-0.00312752463702961,0.00914394450595438));
#1507=CARTESIAN_POINT('',(-0.00625505565486507,-0.00167603369186928,0.00782102783928772));
#1508=CARTESIAN_POINT('',(-0.00625505479999918,3.19040292578662E-9,0.00649811117262104));
#1509=CARTESIAN_POINT('',(-0.0062550539451333,0.00167604007267513,0.00517519450595438));
#1510=CARTESIAN_POINT('',(-0.00541703476366162,0.00312753016296957,0.00385227783928771));
#1511=CARTESIAN_POINT('',(-0.00457901558218995,0.00457902025326402,0.00252936117262105));
#1512=CARTESIAN_POINT('',(-0.00312752463702962,0.00541703795406455,0.00120644450595438));
#1513=CARTESIAN_POINT('',(-0.00167603369186928,0.00625505565486507,-0.00011647216071229));
#1514=CARTESIAN_POINT('',(3.19040291971509E-9,0.00625505479999918,-0.00143938882737896));
#1515=CARTESIAN_POINT('',(0.00167604007267513,0.0062550539451333,-0.00276230549404562));
#1516=CARTESIAN_POINT('',(0.00312753016296957,0.00541703476366163,-0.00408522216071229));
#1517=CARTESIAN_POINT('',(0.00457902025326402,0.00457901558218995,-0.00540813882737896));
#1518=CARTESIAN_POINT('',(0.00541703795406455,0.00312752463702962,-0.00673105549404562));
#1519=CARTESIAN_POINT('',(0.00625505565486507,0.00167603369186928,-0.00805397216071229));
#1520=CARTESIAN_POINT('',(0.00625505479999918,-3.1904029240519E-9,-0.00937688882737896));
#1521=CARTESIAN_POINT('',(0.0062550539451333,-0.00167604007267512,-0.0106998054940456));
#1522=CARTESIAN_POINT('',(0.00541703476366163,-0.00312753016296957,-0.0120227221607123));
#1523=CARTESIAN_POINT('',(0.00457901558218995,-0.00457902025326402,-0.013345638827379));
#1524=CARTESIAN_POINT('',(0.00312752463702962,-0.00541703795406454,-0.0146685554940456));
#1525=CARTESIAN_POINT('',(0.00167603369186928,-0.00625505565486507,-0.0159914721607123));
#1526=CARTESIAN_POINT('',(-3.1904029240519E-9,-0.00625505479999918,-0.017314388827379));
#1527=CARTESIAN_POINT('',(-0.00167604007267512,-0.0062550539451333,-0.0186373054940456));
#1528=CARTESIAN_POINT('',(-0.00312753016296957,-0.00541703476366163,-0.0199602221607123));
#1529=CARTESIAN_POINT('',(-0.00457902025326402,-0.00457901558218995,-0.0212831388273789));
#1530=CARTESIAN_POINT('',(-0.00541703795406454,-0.00312752463702962,-0.0226060554940456));
#1531=CARTESIAN_POINT('',(-0.00625505565486507,-0.00167603369186928,-0.0239289721607123));
#1532=CARTESIAN_POINT('',(-0.00625505479999918,3.1904029240519E-9,-0.025251888827379));
#1533=CARTESIAN_POINT('',(0.,3.88825358729284E-19,0.019939));
#1534=CARTESIAN_POINT('',(0.,3.88825358729284E-19,0.0343765389484235));
#1535=CARTESIAN_POINT('',(0.00563934416585306,0.00270417525608292,0.0343768792286376));
#1536=CARTESIAN_POINT('',(0.00551644008511089,0.00294495829880843,0.0343770586616043));
#1537=CARTESIAN_POINT('',(0.00506044750921772,0.00367662638263058,0.035288592072621));
#1538=CARTESIAN_POINT('',(0.00604559657931454,0.00232068355919561,0.0339656754059544));
#1539=CARTESIAN_POINT('',(0.00622078928881552,0.00065382809297331,0.0326427587392877));
#1540=CARTESIAN_POINT('',(0.0063959819983165,-0.00101302737324899,0.031319842072621));
#1541=CARTESIAN_POINT('',(0.00571427560219103,-0.00254416290618494,0.0299969254059544));
#1542=CARTESIAN_POINT('',(0.00503256920606556,-0.0040752984391209,0.0286740087392877));
#1543=CARTESIAN_POINT('',(0.00367662638263058,-0.00506044750921772,0.0273510920726211));
#1544=CARTESIAN_POINT('',(0.00232068355919561,-0.00604559657931454,0.0260281754059544));
#1545=CARTESIAN_POINT('',(0.000653828092973311,-0.00622078928881552,0.0247052587392877));
#1546=CARTESIAN_POINT('',(-0.00101302737324899,-0.0063959819983165,0.0233823420726211));
#1547=CARTESIAN_POINT('',(-0.00254416290618494,-0.00571427560219103,0.0220594254059544));
#1548=CARTESIAN_POINT('',(-0.00407529843912089,-0.00503256920606556,0.0207365087392878));
#1549=CARTESIAN_POINT('',(-0.00506044750921772,-0.00367662638263058,0.019413592072621));
#1550=CARTESIAN_POINT('',(-0.00604559657931454,-0.00232068355919561,0.0180906754059544));
#1551=CARTESIAN_POINT('',(-0.00622078928881552,-0.000653828092973311,0.0167677587392877));
#1552=CARTESIAN_POINT('',(-0.0063959819983165,0.00101302737324898,0.015444842072621));
#1553=CARTESIAN_POINT('',(-0.00571427560219103,0.00254416290618493,0.0141219254059544));
#1554=CARTESIAN_POINT('',(-0.00503256920606556,0.00407529843912089,0.0127990087392877));
#1555=CARTESIAN_POINT('',(-0.00367662638263058,0.00506044750921772,0.011476092072621));
#1556=CARTESIAN_POINT('',(-0.00232068355919561,0.00604559657931454,0.0101531754059544));
#1557=CARTESIAN_POINT('',(-0.000653828092973314,0.00622078928881552,0.00883025873928772));
#1558=CARTESIAN_POINT('',(0.00101302737324899,0.0063959819983165,0.00750734207262105));
#1559=CARTESIAN_POINT('',(0.00254416290618493,0.00571427560219103,0.00618442540595438));
#1560=CARTESIAN_POINT('',(0.00407529843912089,0.00503256920606556,0.00486150873928771));
#1561=CARTESIAN_POINT('',(0.00506044750921772,0.00367662638263058,0.00353859207262105));
#1562=CARTESIAN_POINT('',(0.00604559657931454,0.00232068355919561,0.00221567540595438));
#1563=CARTESIAN_POINT('',(0.00622078928881552,0.000653828092973313,0.000892758739287715));
#1564=CARTESIAN_POINT('',(0.0063959819983165,-0.00101302737324898,-0.000430157927378952));
#1565=CARTESIAN_POINT('',(0.00571427560219103,-0.00254416290618493,-0.00175307459404562));
#1566=CARTESIAN_POINT('',(0.00503256920606556,-0.00407529843912089,-0.00307599126071228));
#1567=CARTESIAN_POINT('',(0.00367662638263058,-0.00506044750921771,-0.00439890792737895));
#1568=CARTESIAN_POINT('',(0.00232068355919561,-0.00604559657931454,-0.00572182459404562));
#1569=CARTESIAN_POINT('',(0.000653828092973315,-0.00622078928881552,-0.00704474126071229));
#1570=CARTESIAN_POINT('',(-0.00101302737324898,-0.0063959819983165,-0.00836765792737896));
#1571=CARTESIAN_POINT('',(-0.00254416290618493,-0.00571427560219103,-0.00969057459404562));
#1572=CARTESIAN_POINT('',(-0.00407529843912088,-0.00503256920606556,-0.0110134912607123));
#1573=CARTESIAN_POINT('',(-0.00506044750921772,-0.00367662638263058,-0.0123364079273789));
#1574=CARTESIAN_POINT('',(-0.00604559657931454,-0.00232068355919561,-0.0136593245940456));
#1575=CARTESIAN_POINT('',(-0.00622078928881552,-0.000653828092973316,-0.0149822412607123));
#1576=CARTESIAN_POINT('',(-0.0063959819983165,0.00101302737324898,-0.0163051579273789));
#1577=CARTESIAN_POINT('',(-0.00571427560219103,0.00254416290618493,-0.0176280745940456));
#1578=CARTESIAN_POINT('',(-0.00503256920606556,0.00407529843912088,-0.0189509912607123));
#1579=CARTESIAN_POINT('',(-0.00367662638263058,0.00506044750921772,-0.020273907927379));
#1580=CARTESIAN_POINT('',(-0.00232068355919561,0.00604559657931454,-0.0215968245940456));
#1581=CARTESIAN_POINT('',(-0.000653828092973315,0.00622078928881552,-0.0229197412607123));
#1582=CARTESIAN_POINT('',(0.00101302737324898,0.0063959819983165,-0.024242657927379));
#1583=CARTESIAN_POINT('',(0.00254416290618493,0.00571427560219103,-0.0255655745940456));
#1584=CARTESIAN_POINT('',(0.00407529843912088,0.00503256920606556,-0.0268884912607123));
#1585=CARTESIAN_POINT('',(0.00506044750921772,0.00367662638263058,-0.0282114079273789));
#1586=CARTESIAN_POINT('',(0.00346949107696778,0.00520060279432018,0.005334));
#1587=CARTESIAN_POINT('',(0.,3.88825358729284E-19,0.005334));
#1588=CARTESIAN_POINT('',(0.00323947437609254,0.00534701757794322,0.005334));
#1589=CARTESIAN_POINT('',(0.00193292126819983,0.00594890964143378,0.0382481111726211));
#1590=CARTESIAN_POINT('',(0.00352692680246773,0.0054309849485867,0.0369251945059544));
#1591=CARTESIAN_POINT('',(0.00464841374249318,0.00418544624019991,0.0356022778392877));
#1592=CARTESIAN_POINT('',(0.00576990068251862,0.00293990753181314,0.0342793611726211));
#1593=CARTESIAN_POINT('',(0.00611836750839974,0.0013004958989406,0.0329564445059544));
#1594=CARTESIAN_POINT('',(0.00646683433428087,-0.000338915733931926,0.0316335278392877));
#1595=CARTESIAN_POINT('',(0.00594890964143378,-0.00193292126819983,0.0303106111726211));
#1596=CARTESIAN_POINT('',(0.0054309849485867,-0.00352692680246773,0.0289876945059544));
#1597=CARTESIAN_POINT('',(0.00418544624019991,-0.00464841374249317,0.0276647778392877));
#1598=CARTESIAN_POINT('',(0.00293990753181314,-0.00576990068251862,0.026341861172621));
#1599=CARTESIAN_POINT('',(0.00130049589894061,-0.00611836750839974,0.0250189445059544));
#1600=CARTESIAN_POINT('',(-0.000338915733931925,-0.00646683433428087,0.0236960278392877));
#1601=CARTESIAN_POINT('',(-0.00193292126819983,-0.00594890964143378,0.0223731111726211));
#1602=CARTESIAN_POINT('',(-0.00352692680246773,-0.0054309849485867,0.0210501945059544));
#1603=CARTESIAN_POINT('',(-0.00464841374249317,-0.00418544624019991,0.0197272778392877));
#1604=CARTESIAN_POINT('',(-0.00576990068251862,-0.00293990753181314,0.0184043611726211));
#1605=CARTESIAN_POINT('',(-0.00611836750839974,-0.00130049589894061,0.0170814445059544));
#1606=CARTESIAN_POINT('',(-0.00646683433428087,0.000338915733931922,0.0157585278392877));
#1607=CARTESIAN_POINT('',(-0.00594890964143378,0.00193292126819983,0.014435611172621));
#1608=CARTESIAN_POINT('',(-0.0054309849485867,0.00352692680246773,0.0131126945059544));
#1609=CARTESIAN_POINT('',(-0.00418544624019992,0.00464841374249317,0.0117897778392877));
#1610=CARTESIAN_POINT('',(-0.00293990753181314,0.00576990068251862,0.010466861172621));
#1611=CARTESIAN_POINT('',(-0.00130049589894061,0.00611836750839974,0.00914394450595438));
#1612=CARTESIAN_POINT('',(0.000338915733931922,0.00646683433428087,0.00782102783928772));
#1613=CARTESIAN_POINT('',(0.00193292126819983,0.00594890964143378,0.00649811117262104));
#1614=CARTESIAN_POINT('',(0.00352692680246773,0.0054309849485867,0.00517519450595438));
#1615=CARTESIAN_POINT('',(0.00464841374249317,0.00418544624019992,0.00385227783928771));
#1616=CARTESIAN_POINT('',(0.00576990068251862,0.00293990753181314,0.00252936117262105));
#1617=CARTESIAN_POINT('',(0.00611836750839974,0.00130049589894061,0.00120644450595438));
#1618=CARTESIAN_POINT('',(0.00646683433428087,-0.000338915733931922,-0.00011647216071229));
#1619=CARTESIAN_POINT('',(0.00594890964143378,-0.00193292126819982,-0.00143938882737896));
#1620=CARTESIAN_POINT('',(0.0054309849485867,-0.00352692680246773,-0.00276230549404562));
#1621=CARTESIAN_POINT('',(0.00418544624019992,-0.00464841374249317,-0.00408522216071229));
#1622=CARTESIAN_POINT('',(0.00293990753181314,-0.00576990068251862,-0.00540813882737896));
#1623=CARTESIAN_POINT('',(0.00130049589894061,-0.00611836750839974,-0.00673105549404562));
#1624=CARTESIAN_POINT('',(-0.000338915733931915,-0.00646683433428087,-0.00805397216071229));
#1625=CARTESIAN_POINT('',(-0.00193292126819982,-0.00594890964143378,-0.00937688882737896));
#1626=CARTESIAN_POINT('',(-0.00352692680246773,-0.0054309849485867,-0.0106998054940456));
#1627=CARTESIAN_POINT('',(-0.00464841374249317,-0.00418544624019992,-0.0120227221607123));
#1628=CARTESIAN_POINT('',(-0.00576990068251862,-0.00293990753181314,-0.013345638827379));
#1629=CARTESIAN_POINT('',(-0.00611836750839974,-0.00130049589894061,-0.0146685554940456));
#1630=CARTESIAN_POINT('',(-0.00646683433428087,0.000338915733931914,-0.0159914721607123));
#1631=CARTESIAN_POINT('',(-0.00594890964143378,0.00193292126819982,-0.017314388827379));
#1632=CARTESIAN_POINT('',(-0.0054309849485867,0.00352692680246773,-0.0186373054940456));
#1633=CARTESIAN_POINT('',(-0.00418544624019992,0.00464841374249317,-0.0199602221607123));
#1634=CARTESIAN_POINT('',(-0.00293990753181314,0.00576990068251862,-0.0212831388273789));
#1635=CARTESIAN_POINT('',(-0.00130049589894061,0.00611836750839974,-0.0226060554940456));
#1636=CARTESIAN_POINT('',(0.000338915733931914,0.00646683433428087,-0.0239289721607123));
#1637=CARTESIAN_POINT('',(0.00193292126819982,0.00594890964143378,-0.025251888827379));
#1638=CARTESIAN_POINT('',(0.,3.88825358729284E-19,0.019939));
#1639=CARTESIAN_POINT('',(0.,3.88825358729284E-19,0.0343765389484235));
#1640=CARTESIAN_POINT('',(0.00297285093220949,0.00550244707122743,0.0343768792286394));
#1641=CARTESIAN_POINT('',(0.00273189075164159,0.00562500344606674,0.034377058649003));
#1642=CARTESIAN_POINT('',(0.00193292126819983,0.00594890964143378,0.035288592072621));
#1643=CARTESIAN_POINT('',(0.00352692680246773,0.0054309849485867,0.0339656754059544));
#1644=CARTESIAN_POINT('',(0.00464841374249318,0.00418544624019991,0.0326427587392877));
#1645=CARTESIAN_POINT('',(0.00576990068251862,0.00293990753181314,0.031319842072621));
#1646=CARTESIAN_POINT('',(0.00611836750839974,0.0013004958989406,0.0299969254059544));
#1647=CARTESIAN_POINT('',(0.00646683433428087,-0.000338915733931926,0.0286740087392877));
#1648=CARTESIAN_POINT('',(0.00594890964143378,-0.00193292126819983,0.0273510920726211));
#1649=CARTESIAN_POINT('',(0.0054309849485867,-0.00352692680246773,0.0260281754059544));
#1650=CARTESIAN_POINT('',(0.00418544624019991,-0.00464841374249317,0.0247052587392877));
#1651=CARTESIAN_POINT('',(0.00293990753181314,-0.00576990068251862,0.0233823420726211));
#1652=CARTESIAN_POINT('',(0.00130049589894061,-0.00611836750839974,0.0220594254059544));
#1653=CARTESIAN_POINT('',(-0.000338915733931925,-0.00646683433428087,0.0207365087392878));
#1654=CARTESIAN_POINT('',(-0.00193292126819983,-0.00594890964143378,0.019413592072621));
#1655=CARTESIAN_POINT('',(-0.00352692680246773,-0.0054309849485867,0.0180906754059544));
#1656=CARTESIAN_POINT('',(-0.00464841374249317,-0.00418544624019991,0.0167677587392877));
#1657=CARTESIAN_POINT('',(-0.00576990068251862,-0.00293990753181314,0.015444842072621));
#1658=CARTESIAN_POINT('',(-0.00611836750839974,-0.00130049589894061,0.0141219254059544));
#1659=CARTESIAN_POINT('',(-0.00646683433428087,0.000338915733931922,0.0127990087392877));
#1660=CARTESIAN_POINT('',(-0.00594890964143378,0.00193292126819983,0.011476092072621));
#1661=CARTESIAN_POINT('',(-0.0054309849485867,0.00352692680246773,0.0101531754059544));
#1662=CARTESIAN_POINT('',(-0.00418544624019992,0.00464841374249317,0.00883025873928772));
#1663=CARTESIAN_POINT('',(-0.00293990753181314,0.00576990068251862,0.00750734207262105));
#1664=CARTESIAN_POINT('',(-0.00130049589894061,0.00611836750839974,0.00618442540595438));
#1665=CARTESIAN_POINT('',(0.000338915733931922,0.00646683433428087,0.00486150873928771));
#1666=CARTESIAN_POINT('',(0.00193292126819983,0.00594890964143378,0.00353859207262105));
#1667=CARTESIAN_POINT('',(0.00352692680246773,0.0054309849485867,0.00221567540595438));
#1668=CARTESIAN_POINT('',(0.00464841374249317,0.00418544624019992,0.000892758739287715));
#1669=CARTESIAN_POINT('',(0.00576990068251862,0.00293990753181314,-0.000430157927378952));
#1670=CARTESIAN_POINT('',(0.00611836750839974,0.00130049589894061,-0.00175307459404562));
#1671=CARTESIAN_POINT('',(0.00646683433428087,-0.000338915733931922,-0.00307599126071228));
#1672=CARTESIAN_POINT('',(0.00594890964143378,-0.00193292126819982,-0.00439890792737895));
#1673=CARTESIAN_POINT('',(0.0054309849485867,-0.00352692680246773,-0.00572182459404562));
#1674=CARTESIAN_POINT('',(0.00418544624019992,-0.00464841374249317,-0.00704474126071229));
#1675=CARTESIAN_POINT('',(0.00293990753181314,-0.00576990068251862,-0.00836765792737896));
#1676=CARTESIAN_POINT('',(0.00130049589894061,-0.00611836750839974,-0.00969057459404562));
#1677=CARTESIAN_POINT('',(-0.000338915733931915,-0.00646683433428087,-0.0110134912607123));
#1678=CARTESIAN_POINT('',(-0.00193292126819982,-0.00594890964143378,-0.0123364079273789));
#1679=CARTESIAN_POINT('',(-0.00352692680246773,-0.0054309849485867,-0.0136593245940456));
#1680=CARTESIAN_POINT('',(-0.00464841374249317,-0.00418544624019992,-0.0149822412607123));
#1681=CARTESIAN_POINT('',(-0.00576990068251862,-0.00293990753181314,-0.0163051579273789));
#1682=CARTESIAN_POINT('',(-0.00611836750839974,-0.00130049589894061,-0.0176280745940456));
#1683=CARTESIAN_POINT('',(-0.00646683433428087,0.000338915733931914,-0.0189509912607123));
#1684=CARTESIAN_POINT('',(-0.00594890964143378,0.00193292126819982,-0.020273907927379));
#1685=CARTESIAN_POINT('',(-0.0054309849485867,0.00352692680246773,-0.0215968245940456));
#1686=CARTESIAN_POINT('',(-0.00418544624019992,0.00464841374249317,-0.0229197412607123));
#1687=CARTESIAN_POINT('',(-0.00293990753181314,0.00576990068251862,-0.024242657927379));
#1688=CARTESIAN_POINT('',(-0.00130049589894061,0.00611836750839974,-0.0255655745940456));
#1689=CARTESIAN_POINT('',(0.000338915733931914,0.00646683433428087,-0.0268884912607123));
#1690=CARTESIAN_POINT('',(0.00193292126819982,0.00594890964143378,-0.0282114079273789));
#1691=CARTESIAN_POINT('',(-0.000250099972363664,0.00624664995110977,0.005334));
#1692=CARTESIAN_POINT('',(0.,3.88825358729284E-19,0.005334));
#1693=CARTESIAN_POINT('',(-0.000522040722411585,0.00622993454787027,0.005334));
#1694=CARTESIAN_POINT('',(-0.00193291519969285,0.00594891161321123,0.0382481111726211));
#1695=CARTESIAN_POINT('',(-0.000338909137088767,0.00646683468000677,0.0369251945059544));
#1696=CARTESIAN_POINT('',(0.00130050214031054,0.00611836618175561,0.0356022778392877));
#1697=CARTESIAN_POINT('',(0.00293991341770985,0.00576989768350445,0.0342793611726211));
#1698=CARTESIAN_POINT('',(0.00418545098206277,0.00464840947290069,0.0329564445059544));
#1699=CARTESIAN_POINT('',(0.00543098854641569,0.00352692126229692,0.0316335278392877));
#1700=CARTESIAN_POINT('',(0.00594891161321123,0.00193291519969285,0.0303106111726211));
#1701=CARTESIAN_POINT('',(0.00646683468000677,0.000338909137088769,0.0289876945059544));
#1702=CARTESIAN_POINT('',(0.00611836618175561,-0.00130050214031054,0.0276647778392877));
#1703=CARTESIAN_POINT('',(0.00576989768350445,-0.00293991341770985,0.026341861172621));
#1704=CARTESIAN_POINT('',(0.00464840947290069,-0.00418545098206276,0.0250189445059544));
#1705=CARTESIAN_POINT('',(0.00352692126229692,-0.00543098854641569,0.0236960278392877));
#1706=CARTESIAN_POINT('',(0.00193291519969285,-0.00594891161321123,0.0223731111726211));
#1707=CARTESIAN_POINT('',(0.000338909137088771,-0.00646683468000677,0.0210501945059544));
#1708=CARTESIAN_POINT('',(-0.00130050214031054,-0.00611836618175561,0.0197272778392877));
#1709=CARTESIAN_POINT('',(-0.00293991341770985,-0.00576989768350445,0.0184043611726211));
#1710=CARTESIAN_POINT('',(-0.00418545098206276,-0.00464840947290069,0.0170814445059544));
#1711=CARTESIAN_POINT('',(-0.00543098854641569,-0.00352692126229693,0.0157585278392877));
#1712=CARTESIAN_POINT('',(-0.00594891161321123,-0.00193291519969285,0.014435611172621));
#1713=CARTESIAN_POINT('',(-0.00646683468000677,-0.000338909137088772,0.0131126945059544));
#1714=CARTESIAN_POINT('',(-0.00611836618175561,0.00130050214031053,0.0117897778392877));
#1715=CARTESIAN_POINT('',(-0.00576989768350445,0.00293991341770985,0.010466861172621));
#1716=CARTESIAN_POINT('',(-0.00464840947290069,0.00418545098206276,0.00914394450595438));
#1717=CARTESIAN_POINT('',(-0.00352692126229693,0.00543098854641569,0.00782102783928772));
#1718=CARTESIAN_POINT('',(-0.00193291519969285,0.00594891161321123,0.00649811117262104));
#1719=CARTESIAN_POINT('',(-0.000338909137088772,0.00646683468000677,0.00517519450595438));
#1720=CARTESIAN_POINT('',(0.00130050214031053,0.00611836618175561,0.00385227783928771));
#1721=CARTESIAN_POINT('',(0.00293991341770984,0.00576989768350445,0.00252936117262105));
#1722=CARTESIAN_POINT('',(0.00418545098206276,0.00464840947290069,0.00120644450595438));
#1723=CARTESIAN_POINT('',(0.00543098854641569,0.00352692126229693,-0.00011647216071229));
#1724=CARTESIAN_POINT('',(0.00594891161321122,0.00193291519969285,-0.00143938882737896));
#1725=CARTESIAN_POINT('',(0.00646683468000677,0.000338909137088771,-0.00276230549404562));
#1726=CARTESIAN_POINT('',(0.00611836618175561,-0.00130050214031053,-0.00408522216071229));
#1727=CARTESIAN_POINT('',(0.00576989768350447,-0.00293991341770984,-0.00540813882737896));
#1728=CARTESIAN_POINT('',(0.00464840947290069,-0.00418545098206276,-0.00673105549404562));
#1729=CARTESIAN_POINT('',(0.00352692126229693,-0.00543098854641568,-0.00805397216071229));
#1730=CARTESIAN_POINT('',(0.00193291519969285,-0.00594891161321123,-0.00937688882737896));
#1731=CARTESIAN_POINT('',(0.000338909137088772,-0.00646683468000677,-0.0106998054940456));
#1732=CARTESIAN_POINT('',(-0.00130050214031053,-0.00611836618175561,-0.0120227221607123));
#1733=CARTESIAN_POINT('',(-0.00293991341770984,-0.00576989768350447,-0.013345638827379));
#1734=CARTESIAN_POINT('',(-0.00418545098206276,-0.00464840947290069,-0.0146685554940456));
#1735=CARTESIAN_POINT('',(-0.00543098854641568,-0.00352692126229693,-0.0159914721607123));
#1736=CARTESIAN_POINT('',(-0.00594891161321123,-0.00193291519969285,-0.017314388827379));
#1737=CARTESIAN_POINT('',(-0.00646683468000677,-0.000338909137088772,-0.0186373054940456));
#1738=CARTESIAN_POINT('',(-0.00611836618175561,0.00130050214031053,-0.0199602221607123));
#1739=CARTESIAN_POINT('',(-0.00576989768350445,0.00293991341770984,-0.0212831388273789));
#1740=CARTESIAN_POINT('',(-0.00464840947290069,0.00418545098206276,-0.0226060554940456));
#1741=CARTESIAN_POINT('',(-0.00352692126229693,0.00543098854641568,-0.0239289721607123));
#1742=CARTESIAN_POINT('',(-0.00193291519969285,0.00594891161321123,-0.025251888827379));
#1743=CARTESIAN_POINT('',(0.,3.88825358729284E-19,0.019939));
#1744=CARTESIAN_POINT('',(-0.00193292126819983,-0.00594890964143378,0.0382481111726211));
#1745=CARTESIAN_POINT('',(-0.00352692680246773,-0.0054309849485867,0.0369251945059544));
#1746=CARTESIAN_POINT('',(-0.00464841374249318,-0.00418544624019991,0.0356022778392877));
#1747=CARTESIAN_POINT('',(-0.00576990068251862,-0.00293990753181314,0.0342793611726211));
#1748=CARTESIAN_POINT('',(-0.00611836750839974,-0.0013004958989406,0.0329564445059544));
#1749=CARTESIAN_POINT('',(-0.00646683433428087,0.000338915733931926,0.0316335278392877));
#1750=CARTESIAN_POINT('',(-0.00594890964143378,0.00193292126819983,0.0303106111726211));
#1751=CARTESIAN_POINT('',(-0.0054309849485867,0.00352692680246773,0.0289876945059544));
#1752=CARTESIAN_POINT('',(-0.00418544624019991,0.00464841374249317,0.0276647778392877));
#1753=CARTESIAN_POINT('',(-0.00293990753181314,0.00576990068251862,0.026341861172621));
#1754=CARTESIAN_POINT('',(-0.00130049589894061,0.00611836750839974,0.0250189445059544));
#1755=CARTESIAN_POINT('',(0.000338915733931924,0.00646683433428087,0.0236960278392877));
#1756=CARTESIAN_POINT('',(0.00193292126819982,0.00594890964143378,0.0223731111726211));
#1757=CARTESIAN_POINT('',(0.00352692680246773,0.0054309849485867,0.0210501945059544));
#1758=CARTESIAN_POINT('',(0.00464841374249317,0.00418544624019992,0.0197272778392877));
#1759=CARTESIAN_POINT('',(0.00576990068251862,0.00293990753181314,0.0184043611726211));
#1760=CARTESIAN_POINT('',(0.00611836750839974,0.00130049589894061,0.0170814445059544));
#1761=CARTESIAN_POINT('',(0.00646683433428087,-0.000338915733931921,0.0157585278392877));
#1762=CARTESIAN_POINT('',(0.00594890964143378,-0.00193292126819982,0.014435611172621));
#1763=CARTESIAN_POINT('',(0.0054309849485867,-0.00352692680246773,0.0131126945059544));
#1764=CARTESIAN_POINT('',(0.00418544624019992,-0.00464841374249317,0.0117897778392877));
#1765=CARTESIAN_POINT('',(0.00293990753181314,-0.00576990068251862,0.010466861172621));
#1766=CARTESIAN_POINT('',(0.00130049589894061,-0.00611836750839974,0.00914394450595438));
#1767=CARTESIAN_POINT('',(-0.000338915733931922,-0.00646683433428087,0.00782102783928772));
#1768=CARTESIAN_POINT('',(-0.00193292126819982,-0.00594890964143378,0.00649811117262104));
#1769=CARTESIAN_POINT('',(-0.00352692680246773,-0.0054309849485867,0.00517519450595438));
#1770=CARTESIAN_POINT('',(-0.00464841374249317,-0.00418544624019992,0.00385227783928771));
#1771=CARTESIAN_POINT('',(-0.00576990068251862,-0.00293990753181314,0.00252936117262105));
#1772=CARTESIAN_POINT('',(-0.00611836750839974,-0.00130049589894061,0.00120644450595438));
#1773=CARTESIAN_POINT('',(-0.00646683433428087,0.000338915733931922,-0.00011647216071229));
#1774=CARTESIAN_POINT('',(-0.00594890964143378,0.00193292126819982,-0.00143938882737896));
#1775=CARTESIAN_POINT('',(-0.0054309849485867,0.00352692680246773,-0.00276230549404562));
#1776=CARTESIAN_POINT('',(-0.00418544624019992,0.00464841374249317,-0.00408522216071229));
#1777=CARTESIAN_POINT('',(-0.00293990753181314,0.00576990068251862,-0.00540813882737896));
#1778=CARTESIAN_POINT('',(-0.00130049589894061,0.00611836750839974,-0.00673105549404562));
#1779=CARTESIAN_POINT('',(0.000338915733931915,0.00646683433428087,-0.00805397216071229));
#1780=CARTESIAN_POINT('',(0.00193292126819982,0.00594890964143378,-0.00937688882737896));
#1781=CARTESIAN_POINT('',(0.00352692680246773,0.0054309849485867,-0.0106998054940456));
#1782=CARTESIAN_POINT('',(0.00464841374249317,0.00418544624019992,-0.0120227221607123));
#1783=CARTESIAN_POINT('',(0.00576990068251862,0.00293990753181314,-0.013345638827379));
#1784=CARTESIAN_POINT('',(0.00611836750839974,0.00130049589894061,-0.0146685554940456));
#1785=CARTESIAN_POINT('',(0.00646683433428087,-0.000338915733931914,-0.0159914721607123));
#1786=CARTESIAN_POINT('',(0.00594890964143378,-0.00193292126819982,-0.017314388827379));
#1787=CARTESIAN_POINT('',(0.0054309849485867,-0.00352692680246773,-0.0186373054940456));
#1788=CARTESIAN_POINT('',(0.00418544624019992,-0.00464841374249317,-0.0199602221607123));
#1789=CARTESIAN_POINT('',(0.00293990753181314,-0.00576990068251862,-0.0212831388273789));
#1790=CARTESIAN_POINT('',(0.00130049589894061,-0.00611836750839974,-0.0226060554940456));
#1791=CARTESIAN_POINT('',(-0.000338915733931914,-0.00646683433428087,-0.0239289721607123));
#1792=CARTESIAN_POINT('',(-0.00193292126819982,-0.00594890964143378,-0.025251888827379));
#1793=CARTESIAN_POINT('',(-0.00551643308443499,-0.00294497359197316,0.034377058839014));
#1794=CARTESIAN_POINT('',(-0.00323947437609256,-0.00534701757794319,0.005334));
#1795=CARTESIAN_POINT('',(0.,3.88825358729284E-19,0.0343765389484235));
#1796=CARTESIAN_POINT('',(-0.00563934416585306,-0.00270417525608292,0.0343768792286376));
#1797=CARTESIAN_POINT('',(-0.00506044750921772,-0.00367662638263058,0.035288592072621));
#1798=CARTESIAN_POINT('',(-0.00604559657931454,-0.00232068355919561,0.0339656754059544));
#1799=CARTESIAN_POINT('',(-0.00622078928881552,-0.000653828092973309,0.0326427587392877));
#1800=CARTESIAN_POINT('',(-0.0063959819983165,0.00101302737324899,0.031319842072621));
#1801=CARTESIAN_POINT('',(-0.00571427560219103,0.00254416290618494,0.0299969254059544));
#1802=CARTESIAN_POINT('',(-0.00503256920606556,0.0040752984391209,0.0286740087392877));
#1803=CARTESIAN_POINT('',(-0.00367662638263058,0.00506044750921772,0.0273510920726211));
#1804=CARTESIAN_POINT('',(-0.00232068355919561,0.00604559657931454,0.0260281754059544));
#1805=CARTESIAN_POINT('',(-0.00065382809297331,0.00622078928881552,0.0247052587392877));
#1806=CARTESIAN_POINT('',(0.00101302737324899,0.0063959819983165,0.0233823420726211));
#1807=CARTESIAN_POINT('',(0.00254416290618494,0.00571427560219103,0.0220594254059544));
#1808=CARTESIAN_POINT('',(0.0040752984391209,0.00503256920606556,0.0207365087392878));
#1809=CARTESIAN_POINT('',(0.00506044750921772,0.00367662638263058,0.019413592072621));
#1810=CARTESIAN_POINT('',(0.00604559657931454,0.00232068355919561,0.0180906754059544));
#1811=CARTESIAN_POINT('',(0.00622078928881552,0.00065382809297331,0.0167677587392877));
#1812=CARTESIAN_POINT('',(0.0063959819983165,-0.00101302737324898,0.015444842072621));
#1813=CARTESIAN_POINT('',(0.00571427560219103,-0.00254416290618494,0.0141219254059544));
#1814=CARTESIAN_POINT('',(0.00503256920606556,-0.00407529843912089,0.0127990087392877));
#1815=CARTESIAN_POINT('',(0.00367662638263058,-0.00506044750921772,0.011476092072621));
#1816=CARTESIAN_POINT('',(0.00232068355919561,-0.00604559657931454,0.0101531754059544));
#1817=CARTESIAN_POINT('',(0.000653828092973313,-0.00622078928881552,0.00883025873928772));
#1818=CARTESIAN_POINT('',(-0.00101302737324899,-0.0063959819983165,0.00750734207262105));
#1819=CARTESIAN_POINT('',(-0.00254416290618494,-0.00571427560219103,0.00618442540595438));
#1820=CARTESIAN_POINT('',(-0.00407529843912089,-0.00503256920606556,0.00486150873928771));
#1821=CARTESIAN_POINT('',(-0.00506044750921772,-0.00367662638263058,0.00353859207262105));
#1822=CARTESIAN_POINT('',(-0.00604559657931454,-0.00232068355919561,0.00221567540595438));
#1823=CARTESIAN_POINT('',(-0.00622078928881552,-0.000653828092973313,0.000892758739287715));
#1824=CARTESIAN_POINT('',(-0.0063959819983165,0.00101302737324898,-0.000430157927378952));
#1825=CARTESIAN_POINT('',(-0.00571427560219103,0.00254416290618494,-0.00175307459404562));
#1826=CARTESIAN_POINT('',(-0.00503256920606556,0.00407529843912089,-0.00307599126071228));
#1827=CARTESIAN_POINT('',(-0.00367662638263058,0.00506044750921771,-0.00439890792737895));
#1828=CARTESIAN_POINT('',(-0.00232068355919561,0.00604559657931454,-0.00572182459404562));
#1829=CARTESIAN_POINT('',(-0.000653828092973314,0.00622078928881552,-0.00704474126071229));
#1830=CARTESIAN_POINT('',(0.00101302737324898,0.0063959819983165,-0.00836765792737896));
#1831=CARTESIAN_POINT('',(0.00254416290618493,0.00571427560219103,-0.00969057459404562));
#1832=CARTESIAN_POINT('',(0.00407529843912088,0.00503256920606556,-0.0110134912607123));
#1833=CARTESIAN_POINT('',(0.00506044750921772,0.00367662638263058,-0.0123364079273789));
#1834=CARTESIAN_POINT('',(0.00604559657931454,0.00232068355919561,-0.0136593245940456));
#1835=CARTESIAN_POINT('',(0.00622078928881552,0.000653828092973315,-0.0149822412607123));
#1836=CARTESIAN_POINT('',(0.0063959819983165,-0.00101302737324898,-0.0163051579273789));
#1837=CARTESIAN_POINT('',(0.00571427560219103,-0.00254416290618493,-0.0176280745940456));
#1838=CARTESIAN_POINT('',(0.00503256920606556,-0.00407529843912088,-0.0189509912607123));
#1839=CARTESIAN_POINT('',(0.00367662638263058,-0.00506044750921772,-0.020273907927379));
#1840=CARTESIAN_POINT('',(0.00232068355919561,-0.00604559657931454,-0.0215968245940456));
#1841=CARTESIAN_POINT('',(0.000653828092973314,-0.00622078928881552,-0.0229197412607123));
#1842=CARTESIAN_POINT('',(-0.00101302737324898,-0.0063959819983165,-0.024242657927379));
#1843=CARTESIAN_POINT('',(-0.00254416290618493,-0.00571427560219103,-0.0255655745940456));
#1844=CARTESIAN_POINT('',(-0.00407529843912088,-0.00503256920606556,-0.0268884912607123));
#1845=CARTESIAN_POINT('',(-0.00506044750921772,-0.00367662638263058,-0.0282114079273789));
#1846=CARTESIAN_POINT('',(-0.00346949107696775,-0.0052006027943202,0.005334));
#1847=CARTESIAN_POINT('',(0.,3.88825358729284E-19,0.005334));
#1848=CARTESIAN_POINT('',(0.,3.88825358729284E-19,0.019939));
#1849=CARTESIAN_POINT('',(0.,3.88825358729284E-19,0.0343765389484235));
#1850=CARTESIAN_POINT('',(-0.00615179960238344,0.00112699959513314,0.034376879228629));
#1851=CARTESIAN_POINT('',(-0.00619390017580998,0.000859944376762625,0.0343770588239723));
#1852=CARTESIAN_POINT('',(-0.00625505479999918,3.19040292752134E-9,0.035288592072621));
#1853=CARTESIAN_POINT('',(-0.0062550539451333,0.00167604007267513,0.0339656754059544));
#1854=CARTESIAN_POINT('',(-0.00541703476366162,0.00312753016296958,0.0326427587392877));
#1855=CARTESIAN_POINT('',(-0.00457901558218995,0.00457902025326402,0.031319842072621));
#1856=CARTESIAN_POINT('',(-0.00312752463702961,0.00541703795406455,0.0299969254059544));
#1857=CARTESIAN_POINT('',(-0.00167603369186927,0.00625505565486507,0.0286740087392877));
#1858=CARTESIAN_POINT('',(3.19040292665399E-9,0.00625505479999918,0.0273510920726211));
#1859=CARTESIAN_POINT('',(0.00167604007267513,0.0062550539451333,0.0260281754059544));
#1860=CARTESIAN_POINT('',(0.00312753016296958,0.00541703476366162,0.0247052587392877));
#1861=CARTESIAN_POINT('',(0.00457902025326402,0.00457901558218995,0.0233823420726211));
#1862=CARTESIAN_POINT('',(0.00541703795406455,0.00312752463702961,0.0220594254059544));
#1863=CARTESIAN_POINT('',(0.00625505565486507,0.00167603369186927,0.0207365087392878));
#1864=CARTESIAN_POINT('',(0.00625505479999918,-3.19040292578662E-9,0.019413592072621));
#1865=CARTESIAN_POINT('',(0.0062550539451333,-0.00167604007267513,0.0180906754059544));
#1866=CARTESIAN_POINT('',(0.00541703476366162,-0.00312753016296958,0.0167677587392877));
#1867=CARTESIAN_POINT('',(0.00457901558218995,-0.00457902025326402,0.015444842072621));
#1868=CARTESIAN_POINT('',(0.00312752463702962,-0.00541703795406455,0.0141219254059544));
#1869=CARTESIAN_POINT('',(0.00167603369186928,-0.00625505565486507,0.0127990087392877));
#1870=CARTESIAN_POINT('',(-3.19040292578662E-9,-0.00625505479999918,0.011476092072621));
#1871=CARTESIAN_POINT('',(-0.00167604007267513,-0.0062550539451333,0.0101531754059544));
#1872=CARTESIAN_POINT('',(-0.00312753016296957,-0.00541703476366162,0.00883025873928772));
#1873=CARTESIAN_POINT('',(-0.00457902025326402,-0.00457901558218995,0.00750734207262105));
#1874=CARTESIAN_POINT('',(-0.00541703795406455,-0.00312752463702961,0.00618442540595438));
#1875=CARTESIAN_POINT('',(-0.00625505565486507,-0.00167603369186928,0.00486150873928771));
#1876=CARTESIAN_POINT('',(-0.00625505479999918,3.19040292578662E-9,0.00353859207262105));
#1877=CARTESIAN_POINT('',(-0.0062550539451333,0.00167604007267513,0.00221567540595438));
#1878=CARTESIAN_POINT('',(-0.00541703476366162,0.00312753016296957,0.000892758739287715));
#1879=CARTESIAN_POINT('',(-0.00457901558218995,0.00457902025326402,-0.000430157927378952));
#1880=CARTESIAN_POINT('',(-0.00312752463702962,0.00541703795406455,-0.00175307459404562));
#1881=CARTESIAN_POINT('',(-0.00167603369186928,0.00625505565486507,-0.00307599126071228));
#1882=CARTESIAN_POINT('',(3.19040291971509E-9,0.00625505479999918,-0.00439890792737895));
#1883=CARTESIAN_POINT('',(0.00167604007267513,0.0062550539451333,-0.00572182459404562));
#1884=CARTESIAN_POINT('',(0.00312753016296957,0.00541703476366163,-0.00704474126071229));
#1885=CARTESIAN_POINT('',(0.00457902025326402,0.00457901558218995,-0.00836765792737896));
#1886=CARTESIAN_POINT('',(0.00541703795406455,0.00312752463702962,-0.00969057459404562));
#1887=CARTESIAN_POINT('',(0.00625505565486507,0.00167603369186928,-0.0110134912607123));
#1888=CARTESIAN_POINT('',(0.00625505479999918,-3.1904029240519E-9,-0.0123364079273789));
#1889=CARTESIAN_POINT('',(0.0062550539451333,-0.00167604007267512,-0.0136593245940456));
#1890=CARTESIAN_POINT('',(0.00541703476366163,-0.00312753016296957,-0.0149822412607123));
#1891=CARTESIAN_POINT('',(0.00457901558218995,-0.00457902025326402,-0.0163051579273789));
#1892=CARTESIAN_POINT('',(0.00312752463702962,-0.00541703795406454,-0.0176280745940456));
#1893=CARTESIAN_POINT('',(0.00167603369186928,-0.00625505565486507,-0.0189509912607123));
#1894=CARTESIAN_POINT('',(-3.1904029240519E-9,-0.00625505479999918,-0.020273907927379));
#1895=CARTESIAN_POINT('',(-0.00167604007267512,-0.0062550539451333,-0.0215968245940456));
#1896=CARTESIAN_POINT('',(-0.00312753016296957,-0.00541703476366163,-0.0229197412607123));
#1897=CARTESIAN_POINT('',(-0.00457902025326402,-0.00457901558218995,-0.024242657927379));
#1898=CARTESIAN_POINT('',(-0.00541703795406454,-0.00312752463702962,-0.0255655745940456));
#1899=CARTESIAN_POINT('',(-0.00625505565486507,-0.00167603369186928,-0.0268884912607123));
#1900=CARTESIAN_POINT('',(-0.00625505479999918,3.1904029240519E-9,-0.0282114079273789));
#1901=CARTESIAN_POINT('',(-0.005863636465908,-0.00216817483240505,0.005334));
#1902=CARTESIAN_POINT('',(0.,3.88825358729284E-19,0.005334));
#1903=CARTESIAN_POINT('',(-0.00576371092272122,-0.00242159413275701,0.005334));
#1904=CARTESIAN_POINT('',(-0.00506044750921772,-0.00367662638263058,0.0382481111726211));
#1905=CARTESIAN_POINT('',(-0.00604559657931454,-0.00232068355919561,0.0369251945059544));
#1906=CARTESIAN_POINT('',(-0.00622078928881552,-0.000653828092973309,0.0356022778392877));
#1907=CARTESIAN_POINT('',(-0.0063959819983165,0.00101302737324899,0.0342793611726211));
#1908=CARTESIAN_POINT('',(-0.00571427560219103,0.00254416290618494,0.0329564445059544));
#1909=CARTESIAN_POINT('',(-0.00503256920606556,0.0040752984391209,0.0316335278392877));
#1910=CARTESIAN_POINT('',(-0.00367662638263058,0.00506044750921772,0.0303106111726211));
#1911=CARTESIAN_POINT('',(-0.00232068355919561,0.00604559657931454,0.0289876945059544));
#1912=CARTESIAN_POINT('',(-0.00065382809297331,0.00622078928881552,0.0276647778392877));
#1913=CARTESIAN_POINT('',(0.00101302737324899,0.0063959819983165,0.026341861172621));
#1914=CARTESIAN_POINT('',(0.00254416290618494,0.00571427560219103,0.0250189445059544));
#1915=CARTESIAN_POINT('',(0.0040752984391209,0.00503256920606556,0.0236960278392877));
#1916=CARTESIAN_POINT('',(0.00506044750921772,0.00367662638263058,0.0223731111726211));
#1917=CARTESIAN_POINT('',(0.00604559657931454,0.00232068355919561,0.0210501945059544));
#1918=CARTESIAN_POINT('',(0.00622078928881552,0.00065382809297331,0.0197272778392877));
#1919=CARTESIAN_POINT('',(0.0063959819983165,-0.00101302737324898,0.0184043611726211));
#1920=CARTESIAN_POINT('',(0.00571427560219103,-0.00254416290618494,0.0170814445059544));
#1921=CARTESIAN_POINT('',(0.00503256920606556,-0.00407529843912089,0.0157585278392877));
#1922=CARTESIAN_POINT('',(0.00367662638263058,-0.00506044750921772,0.014435611172621));
#1923=CARTESIAN_POINT('',(0.00232068355919561,-0.00604559657931454,0.0131126945059544));
#1924=CARTESIAN_POINT('',(0.000653828092973313,-0.00622078928881552,0.0117897778392877));
#1925=CARTESIAN_POINT('',(-0.00101302737324899,-0.0063959819983165,0.010466861172621));
#1926=CARTESIAN_POINT('',(-0.00254416290618494,-0.00571427560219103,0.00914394450595438));
#1927=CARTESIAN_POINT('',(-0.00407529843912089,-0.00503256920606556,0.00782102783928772));
#1928=CARTESIAN_POINT('',(-0.00506044750921772,-0.00367662638263058,0.00649811117262104));
#1929=CARTESIAN_POINT('',(-0.00604559657931454,-0.00232068355919561,0.00517519450595438));
#1930=CARTESIAN_POINT('',(-0.00622078928881552,-0.000653828092973313,0.00385227783928771));
#1931=CARTESIAN_POINT('',(-0.0063959819983165,0.00101302737324898,0.00252936117262105));
#1932=CARTESIAN_POINT('',(-0.00571427560219103,0.00254416290618494,0.00120644450595438));
#1933=CARTESIAN_POINT('',(-0.00503256920606556,0.00407529843912089,-0.00011647216071229));
#1934=CARTESIAN_POINT('',(-0.00367662638263058,0.00506044750921771,-0.00143938882737896));
#1935=CARTESIAN_POINT('',(-0.00232068355919561,0.00604559657931454,-0.00276230549404562));
#1936=CARTESIAN_POINT('',(-0.000653828092973314,0.00622078928881552,-0.00408522216071229));
#1937=CARTESIAN_POINT('',(0.00101302737324898,0.0063959819983165,-0.00540813882737896));
#1938=CARTESIAN_POINT('',(0.00254416290618493,0.00571427560219103,-0.00673105549404562));
#1939=CARTESIAN_POINT('',(0.00407529843912088,0.00503256920606556,-0.00805397216071229));
#1940=CARTESIAN_POINT('',(0.00506044750921772,0.00367662638263058,-0.00937688882737896));
#1941=CARTESIAN_POINT('',(0.00604559657931454,0.00232068355919561,-0.0106998054940456));
#1942=CARTESIAN_POINT('',(0.00622078928881552,0.000653828092973315,-0.0120227221607123));
#1943=CARTESIAN_POINT('',(0.0063959819983165,-0.00101302737324898,-0.013345638827379));
#1944=CARTESIAN_POINT('',(0.00571427560219103,-0.00254416290618493,-0.0146685554940456));
#1945=CARTESIAN_POINT('',(0.00503256920606556,-0.00407529843912088,-0.0159914721607123));
#1946=CARTESIAN_POINT('',(0.00367662638263058,-0.00506044750921772,-0.017314388827379));
#1947=CARTESIAN_POINT('',(0.00232068355919561,-0.00604559657931454,-0.0186373054940456));
#1948=CARTESIAN_POINT('',(0.000653828092973314,-0.00622078928881552,-0.0199602221607123));
#1949=CARTESIAN_POINT('',(-0.00101302737324898,-0.0063959819983165,-0.0212831388273789));
#1950=CARTESIAN_POINT('',(-0.00254416290618493,-0.00571427560219103,-0.0226060554940456));
#1951=CARTESIAN_POINT('',(-0.00407529843912088,-0.00503256920606556,-0.0239289721607123));
#1952=CARTESIAN_POINT('',(-0.00506044750921772,-0.00367662638263058,-0.025251888827379));
#1953=CARTESIAN_POINT('',(0.,5.53851569024048E-19,0.005334));
#1954=CARTESIAN_POINT('',(0.,5.53851569024048E-19,0.005334));
#1955=CARTESIAN_POINT('',(0.00904508253987453,0.,0.005334));
#1956=CARTESIAN_POINT('',(0.,5.53851569024048E-19,0.));
#1957=CARTESIAN_POINT('',(0.00904508253987453,0.,0.));
#1958=CARTESIAN_POINT('',(0.,0.,0.005334));
#1959=CARTESIAN_POINT('',(0.00586443287578118,0.00216762999763749,0.005334));
#1960=CARTESIAN_POINT('',(0.00546091331972433,0.00157762184621915,0.005334));
#1961=CARTESIAN_POINT('',(0.00495829462544253,0.00105801758763158,0.005334));
#1962=CARTESIAN_POINT('',(0.00437448924039524,0.000647505512054385,0.005334));
#1963=CARTESIAN_POINT('',(0.00437448924039512,0.000647505512054553,0.00533400000000028));
#1964=CARTESIAN_POINT('',(0.00437448924039515,0.000647505512054361,0.00533400000000011));
#1965=CARTESIAN_POINT('',(0.00424653572954439,0.000561503333536178,0.00533400000000011));
#1966=CARTESIAN_POINT('',(0.00406267707480794,0.000258045818903191,0.00533400000000581));
#1967=CARTESIAN_POINT('',(0.00428416726965461,-2.41204319997473E-5,0.00533399999998827));
#1968=CARTESIAN_POINT('',(0.00442113968864767,-9.45693179890696E-5,0.00533399999998827));
#1969=CARTESIAN_POINT('',(0.00442113968865152,-9.45693179840147E-5,0.005334));
#1970=CARTESIAN_POINT('',(0.00442113968865152,-9.45693179840193E-5,0.00533399999999999));
#1971=CARTESIAN_POINT('',(0.00505074513673101,-0.000435589649299292,0.00533399999999999));
#1972=CARTESIAN_POINT('',(0.0056122521414814,-0.000892242995615336,0.005334));
#1973=CARTESIAN_POINT('',(0.00608710402059269,-0.00142795280299101,0.005334));
#1974=CARTESIAN_POINT('',(0.00601849826808578,-0.00169338783026643,0.00533399999999991));
#1975=CARTESIAN_POINT('',(0.00534525437669189,-0.00193352498372276,0.00533399999999991));
#1976=CARTESIAN_POINT('',(0.00463322184284432,-0.00205845809533305,0.005334));
#1977=CARTESIAN_POINT('',(0.00391963032795375,-0.00204741729861298,0.005334));
#1978=CARTESIAN_POINT('',(0.00391963032795375,-0.00204741729861276,0.00533400000000028));
#1979=CARTESIAN_POINT('',(0.00391963032795367,-0.00204741729861294,0.00533400000000011));
#1980=CARTESIAN_POINT('',(0.00376556295098745,-0.00204178533593029,0.00533400000000011));
#1981=CARTESIAN_POINT('',(0.00343845032294415,-0.00217921821657876,0.00533400000000581));
#1982=CARTESIAN_POINT('',(0.00345178649368712,-0.00253768417885656,0.00533399999998826));
#1983=CARTESIAN_POINT('',(0.00352119069218819,-0.00267518889271165,0.00533399999998826));
#1984=CARTESIAN_POINT('',(0.00352119069219428,-0.00267518889270982,0.005334));
#1985=CARTESIAN_POINT('',(0.00352119069219428,-0.00267518889270982,0.00533399999999999));
#1986=CARTESIAN_POINT('',(0.00383010951469451,-0.00332116137442519,0.00533399999999999));
#1987=CARTESIAN_POINT('',(0.00401596492031065,-0.00402065686170273,0.005334));
#1988=CARTESIAN_POINT('',(0.00408524371653741,-0.00473317598933138,0.005334));
#1989=CARTESIAN_POINT('',(0.00387371641987802,-0.00490756330178777,0.00533399999999991));
#1990=CARTESIAN_POINT('',(0.00318790253519967,-0.00470611547097201,0.00533399999999991));
#1991=CARTESIAN_POINT('',(0.00253842319896488,-0.00438866652606113,0.005334));
#1992=CARTESIAN_POINT('',(0.00196760585356884,-0.00396029629036467,0.005334));
#1993=CARTESIAN_POINT('',(0.00196760585356896,-0.00396029629036451,0.00533400000000028));
#1994=CARTESIAN_POINT('',(0.00196760585356879,-0.00396029629036459,0.00533400000000011));
#1995=CARTESIAN_POINT('',(0.00184627311193066,-0.00386518140480251,0.00533400000000011));
#1996=CARTESIAN_POINT('',(0.00150085241634374,-0.00378409496223054,0.00533400000000581));
#1997=CARTESIAN_POINT('',(0.00130094059903898,-0.00408193882210303,0.00533399999998827));
#1998=CARTESIAN_POINT('',(0.0012762665321826,-0.00423397723674457,0.00533399999998827));
#1999=CARTESIAN_POINT('',(0.0012762665321886,-0.00423397723674667,0.005334));
#2000=CARTESIAN_POINT('',(0.00127626653218859,-0.00423397723674667,0.00533399999999999));
#2001=CARTESIAN_POINT('',(0.00114649413454638,-0.0049381572117934,0.00533399999999999));
#2002=CARTESIAN_POINT('',(0.000885701549177775,-0.00561330341460952,0.005334));
#2003=CARTESIAN_POINT('',(0.000522941583071539,-0.00623046406345601,0.005334));
#2004=CARTESIAN_POINT('',(0.000249330456454344,-0.00624724322029431,0.00533399999999991));
#2005=CARTESIAN_POINT('',(-0.000187106837617455,-0.00568115037354754,0.00533399999999991));
#2006=CARTESIAN_POINT('',(-0.000525962585348749,-0.00504256446460214,0.005334));
#2007=CARTESIAN_POINT('',(-0.00073597718041613,-0.00436047670471719,0.005334));
#2008=CARTESIAN_POINT('',(-0.000735977180415933,-0.00436047670471712,0.00533400000000028));
#2009=CARTESIAN_POINT('',(-0.000735977180416123,-0.00436047670471709,0.00533400000000011));
#2010=CARTESIAN_POINT('',(-0.000778230303368596,-0.00421220954972424,0.00533400000000011));
#2011=CARTESIAN_POINT('',(-0.00101002010120256,-0.00394357604896751,0.00533400000000581));
#2012=CARTESIAN_POINT('',(-0.00134682038709741,-0.00406703157530385,0.00533399999998826));
#2013=CARTESIAN_POINT('',(-0.00145614806441279,-0.00417553018393442,0.00533399999998826));
#2014=CARTESIAN_POINT('',(-0.00145614806440917,-0.00417553018393965,0.005334));
#2015=CARTESIAN_POINT('',(-0.00145614806440917,-0.00417553018393965,0.00533399999999999));
#2016=CARTESIAN_POINT('',(-0.00197503630896439,-0.00466893933050304,0.00533399999999999));
#2017=CARTESIAN_POINT('',(-0.0025828544634048,-0.00506185050079597,0.005334));
#2018=CARTESIAN_POINT('',(-0.00323908184964572,-0.00534791801783551,0.005334));
#2019=CARTESIAN_POINT('',(-0.00347032633992523,-0.00520062656976881,0.00533399999999991));
#2020=CARTESIAN_POINT('',(-0.00349066411349613,-0.00448613366847863,0.00533399999999991));
#2021=CARTESIAN_POINT('',(-0.00338945217544687,-0.00377035115953079,0.005334));
#2022=CARTESIAN_POINT('',(-0.00315844194642645,-0.00309510322501987,0.005334));
#2023=CARTESIAN_POINT('',(-0.00315844194642625,-0.00309510322501994,0.00533400000000028));
#2024=CARTESIAN_POINT('',(-0.00315844194642639,-0.0030951032250198,0.00533400000000011));
#2025=CARTESIAN_POINT('',(-0.00310547619385619,-0.0029503168143882,0.00533400000000011));
#2026=CARTESIAN_POINT('',(-0.0031350992694101,-0.00259674512221891,0.00533400000000582));
#2027=CARTESIAN_POINT('',(-0.00348014176210388,-0.00249865650005763,0.00533399999998827));
#2028=CARTESIAN_POINT('',(-0.00363236359305486,-0.00252217252191243,0.00533399999998827));
#2029=CARTESIAN_POINT('',(-0.00363236359305501,-0.00252217252191879,0.005334));
#2030=CARTESIAN_POINT('',(-0.00363236359305501,-0.00252217252191878,0.00533399999999999));
#2031=CARTESIAN_POINT('',(-0.00434218750904176,-0.00261635615707995,0.00533399999999999));
#2032=CARTESIAN_POINT('',(-0.00506488623301293,-0.00257695762589748,0.005334));
#2033=CARTESIAN_POINT('',(-0.00576394654592592,-0.00242266165793862,0.005334));
#2034=CARTESIAN_POINT('',(-0.00586443294686718,-0.00216763010157623,0.005334));
#2035=CARTESIAN_POINT('',(-0.00546091337882419,-0.00157762190741966,0.005334));
#2036=CARTESIAN_POINT('',(-0.00495829465912927,-0.00105801761131895,0.005334));
#2037=CARTESIAN_POINT('',(-0.00437448924039524,-0.000647505512054381,0.005334));
#2038=CARTESIAN_POINT('',(-0.00437448924039512,-0.000647505512054553,0.00533400000000028));
#2039=CARTESIAN_POINT('',(-0.00437448924039515,-0.00064750551205436,0.00533400000000011));
#2040=CARTESIAN_POINT('',(-0.00424653572954439,-0.000561503333536177,0.00533400000000011));
#2041=CARTESIAN_POINT('',(-0.00406267707480794,-0.000258045818903185,0.00533400000000581));
#2042=CARTESIAN_POINT('',(-0.00428416726965461,2.41204319997482E-5,0.00533399999998827));
#2043=CARTESIAN_POINT('',(-0.00442113968864767,9.45693179890704E-5,0.00533399999998827));
#2044=CARTESIAN_POINT('',(-0.00442113968865152,9.45693179840155E-5,0.005334));
#2045=CARTESIAN_POINT('',(-0.00442113968865152,9.45693179840202E-5,0.00533399999999999));
#2046=CARTESIAN_POINT('',(-0.00505074470995094,0.000435589418137568,0.00533399999999999));
#2047=CARTESIAN_POINT('',(-0.00561225138746485,0.000892242384539068,0.005334));
#2048=CARTESIAN_POINT('',(-0.00608710305495297,0.0014279517135933,0.005334));
#2049=CARTESIAN_POINT('',(-0.00601849733518531,0.00169338816301956,0.00533399999999992));
#2050=CARTESIAN_POINT('',(-0.00534525371765995,0.00193352509993057,0.00533399999999992));
#2051=CARTESIAN_POINT('',(-0.00463322151896494,0.00205845809032193,0.005334));
#2052=CARTESIAN_POINT('',(-0.00391963032795375,0.00204741729861298,0.005334));
#2053=CARTESIAN_POINT('',(-0.00391963032795375,0.00204741729861276,0.00533400000000028));
#2054=CARTESIAN_POINT('',(-0.00391963032795367,0.00204741729861294,0.00533400000000011));
#2055=CARTESIAN_POINT('',(-0.00376556295098745,0.00204178533593029,0.00533400000000011));
#2056=CARTESIAN_POINT('',(-0.00343845032294415,0.00217921821657876,0.00533400000000581));
#2057=CARTESIAN_POINT('',(-0.00345178649368712,0.00253768417885656,0.00533399999998827));
#2058=CARTESIAN_POINT('',(-0.00352119069218819,0.00267518889271165,0.00533399999998827));
#2059=CARTESIAN_POINT('',(-0.00352119069219428,0.00267518889270982,0.005334));
#2060=CARTESIAN_POINT('',(-0.00352119069219428,0.00267518889270982,0.00533399999999999));
#2061=CARTESIAN_POINT('',(-0.0038301095146945,0.00332116137442519,0.00533399999999999));
#2062=CARTESIAN_POINT('',(-0.00401596492031065,0.00402065686170272,0.005334));
#2063=CARTESIAN_POINT('',(-0.00408524371653741,0.00473317598933136,0.005334));
#2064=CARTESIAN_POINT('',(-0.00387371641987801,0.00490756330178777,0.00533399999999991));
#2065=CARTESIAN_POINT('',(-0.00318790253519966,0.00470611547097201,0.00533399999999991));
#2066=CARTESIAN_POINT('',(-0.00253842319896488,0.00438866652606113,0.005334));
#2067=CARTESIAN_POINT('',(-0.00196760585356884,0.00396029629036467,0.005334));
#2068=CARTESIAN_POINT('',(-0.00196760585356896,0.00396029629036451,0.00533400000000028));
#2069=CARTESIAN_POINT('',(-0.00196760585356879,0.00396029629036459,0.00533400000000012));
#2070=CARTESIAN_POINT('',(-0.00184627311193066,0.00386518140480251,0.00533400000000012));
#2071=CARTESIAN_POINT('',(-0.00150085241634374,0.00378409496223054,0.00533400000000581));
#2072=CARTESIAN_POINT('',(-0.00130094059903898,0.00408193882210303,0.00533399999998827));
#2073=CARTESIAN_POINT('',(-0.0012762665321826,0.00423397723674457,0.00533399999998827));
#2074=CARTESIAN_POINT('',(-0.0012762665321886,0.00423397723674667,0.005334));
#2075=CARTESIAN_POINT('',(-0.00127626653218859,0.00423397723674667,0.00533399999999999));
#2076=CARTESIAN_POINT('',(-0.00114649413454638,0.00493815721179339,0.00533399999999999));
#2077=CARTESIAN_POINT('',(-0.000885701549177768,0.00561330341460953,0.00533399999999999));
#2078=CARTESIAN_POINT('',(-0.00052294158307153,0.00623046406345602,0.00533399999999999));
#2079=CARTESIAN_POINT('',(-0.000249330456454347,0.00624724322029431,0.00533399999999992));
#2080=CARTESIAN_POINT('',(0.000187106837617452,0.00568115037354754,0.00533399999999992));
#2081=CARTESIAN_POINT('',(0.000525962585348754,0.00504256446460213,0.005334));
#2082=CARTESIAN_POINT('',(0.000735977180416135,0.00436047670471718,0.005334));
#2083=CARTESIAN_POINT('',(0.000735977180415933,0.00436047670471712,0.00533400000000028));
#2084=CARTESIAN_POINT('',(0.000735977180416121,0.00436047670471709,0.00533400000000012));
#2085=CARTESIAN_POINT('',(0.000778230303368594,0.00421220954972424,0.00533400000000012));
#2086=CARTESIAN_POINT('',(0.00101002010120256,0.00394357604896751,0.0053340000000058));
#2087=CARTESIAN_POINT('',(0.00134682038709741,0.00406703157530384,0.00533399999998826));
#2088=CARTESIAN_POINT('',(0.00145614806441279,0.00417553018393442,0.00533399999998827));
#2089=CARTESIAN_POINT('',(0.00145614806440917,0.00417553018393965,0.005334));
#2090=CARTESIAN_POINT('',(0.00145614806440917,0.00417553018393965,0.00533399999999999));
#2091=CARTESIAN_POINT('',(0.00197503630896438,0.00466893933050303,0.00533399999999999));
#2092=CARTESIAN_POINT('',(0.0025828544634048,0.00506185050079597,0.005334));
#2093=CARTESIAN_POINT('',(0.00323908184964572,0.00534791801783551,0.005334));
#2094=CARTESIAN_POINT('',(0.00347032633992523,0.00520062656976879,0.00533399999999991));
#2095=CARTESIAN_POINT('',(0.00349066411349612,0.00448613366847861,0.00533399999999991));
#2096=CARTESIAN_POINT('',(0.00338945217544687,0.00377035115953078,0.005334));
#2097=CARTESIAN_POINT('',(0.00315844194642645,0.00309510322501987,0.005334));
#2098=CARTESIAN_POINT('',(0.00315844194642625,0.00309510322501994,0.00533400000000028));
#2099=CARTESIAN_POINT('',(0.00315844194642639,0.0030951032250198,0.00533400000000011));
#2100=CARTESIAN_POINT('',(0.00310547619385619,0.0029503168143882,0.00533400000000011));
#2101=CARTESIAN_POINT('',(0.0031350992694101,0.00259674512221891,0.00533400000000581));
#2102=CARTESIAN_POINT('',(0.00348014176210388,0.00249865650005763,0.00533399999998827));
#2103=CARTESIAN_POINT('',(0.00363236359305486,0.00252217252191243,0.00533399999998827));
#2104=CARTESIAN_POINT('',(0.00363236359305501,0.00252217252191879,0.005334));
#2105=CARTESIAN_POINT('',(0.00363236359305501,0.00252217252191878,0.00533399999999999));
#2106=CARTESIAN_POINT('',(0.00434218750904176,0.00261635615707995,0.00533399999999999));
#2107=CARTESIAN_POINT('',(0.00506488623301294,0.00257695762589748,0.005334));
#2108=CARTESIAN_POINT('',(0.00576394654592594,0.00242266165793861,0.005334));
#2109=CARTESIAN_POINT('',(0.,0.,0.));
#2110=CARTESIAN_POINT('',(0.,3.88825358729284E-19,0.034544));
#2111=CARTESIAN_POINT('',(0.00381907340589298,-0.00222937162063096,0.0345204179881466));
#2112=CARTESIAN_POINT('',(0.00418284293673226,-0.00287710893197926,0.0344699931359029));
#2113=CARTESIAN_POINT('',(0.00440978217583456,-0.00359550301840282,0.0344221499247527));
#2114=CARTESIAN_POINT('',(0.00450518467121318,-0.00433239603716547,0.0343765389484234));
#2115=CARTESIAN_POINT('',(0.00381907340589297,-0.00222937162063096,0.0345204179881466));
#2116=CARTESIAN_POINT('',(0.00413795527278971,-0.00155972614995887,0.0345204179881467));
#2117=CARTESIAN_POINT('',(0.0039841450428244,-0.00156379441528549,0.0345316322330737));
#2118=CARTESIAN_POINT('',(0.00367681277206482,-0.00174732996149873,0.0345488106502818));
#2119=CARTESIAN_POINT('',(0.00374107373926225,-0.00209682460188736,0.034530978517626));
#2120=CARTESIAN_POINT('',(0.00381907340589298,-0.00222937162063095,0.0345204179881466));
#2121=CARTESIAN_POINT('',(0.00413795527278968,-0.00155972614995895,0.0345204179881466));
#2122=CARTESIAN_POINT('',(0.00614722401206326,-0.00113047834569871,0.0343765389484235));
#2123=CARTESIAN_POINT('',(0.00550440155514459,-0.00137767787950178,0.034422777010107));
#2124=CARTESIAN_POINT('',(0.00482570118685311,-0.00152627404787168,0.0344706983305077));
#2125=CARTESIAN_POINT('',(0.00413795527278968,-0.00155972614995895,0.0345204179881466));
#2126=CARTESIAN_POINT('',(0.00440008704861907,0.000441195497538613,0.0345204179881466));
#2127=CARTESIAN_POINT('',(0.00507511322007397,0.000130983370227766,0.0344699931359029));
#2128=CARTESIAN_POINT('',(0.00568097237053216,-0.000316818116436555,0.0344221499247528));
#2129=CARTESIAN_POINT('',(0.00619128945954522,-0.000856900911836353,0.0343765389484234));
#2130=CARTESIAN_POINT('',(0.00440008704861908,0.000441195497538606,0.0345204179881466));
#2131=CARTESIAN_POINT('',(0.00426446016621104,0.00117038412210394,0.0345204179881467));
#2132=CARTESIAN_POINT('',(0.00414241634262178,0.00107668544149175,0.0345316322330737));
#2133=CARTESIAN_POINT('',(0.00400165879999304,0.000747556689227302,0.0345488106502818));
#2134=CARTESIAN_POINT('',(0.00425907480990642,0.000502581234526655,0.034530978517626));
#2135=CARTESIAN_POINT('',(0.00440008704861907,0.000441195497538623,0.0345204179881466));
#2136=CARTESIAN_POINT('',(0.00426446016621106,0.00117038412210385,0.0345204179881466));
#2137=CARTESIAN_POINT('',(0.00563768719362663,0.00269867142338581,0.0343765389484234));
#2138=CARTESIAN_POINT('',(0.00526293314195658,0.00212084123951836,0.034422777010107));
#2139=CARTESIAN_POINT('',(0.00480119564623523,0.00160169434680092,0.0344706983305077));
#2140=CARTESIAN_POINT('',(0.00426446016621106,0.00117038412210385,0.0345204179881466));
#2141=CARTESIAN_POINT('',(0.0033004169922309,0.00294324093133186,0.0345204179881466));
#2142=CARTESIAN_POINT('',(0.00402886275010135,0.00308904447696881,0.0344699931359029));
#2143=CARTESIAN_POINT('',(0.00478222420883552,0.00308288053775678,0.0344221499247528));
#2144=CARTESIAN_POINT('',(0.00551253210851992,0.00294590123682352,0.0343765389484235));
#2145=CARTESIAN_POINT('',(0.0033004169922309,0.00294324093133186,0.0345204179881466));
#2146=CARTESIAN_POINT('',(0.00276208621980978,0.00345344743941625,0.0345204179881467));
#2147=CARTESIAN_POINT('',(0.00271842539509068,0.00330590805481132,0.0345316322330737));
#2148=CARTESIAN_POINT('',(0.00279800717770402,0.00295690209318586,0.0345488106502818));
#2149=CARTESIAN_POINT('',(0.00315025406379483,0.00291001812145937,0.0345309785176261));
#2150=CARTESIAN_POINT('',(0.00330041699223089,0.00294324093133186,0.0345204179881466));
#2151=CARTESIAN_POINT('',(0.00276208621980985,0.00345344743941619,0.0345204179881466));
#2152=CARTESIAN_POINT('',(0.00297474548516463,0.00549702043320502,0.0343765389484234));
#2153=CARTESIAN_POINT('',(0.00301120314905943,0.00480927108978495,0.034422777010107));
#2154=CARTESIAN_POINT('',(0.00294279655539351,0.00411786994058412,0.0344706983305077));
#2155=CARTESIAN_POINT('',(0.00276208621980984,0.00345344743941619,0.0345204179881466));
#2156=CARTESIAN_POINT('',(0.00094009982185822,0.00432106836643622,0.0345204179881466));
#2157=CARTESIAN_POINT('',(0.0014437236455984,0.00486719558626791,0.0344699931359029));
#2158=CARTESIAN_POINT('',(0.00205682894118631,0.00530502360978257,0.0344221499247528));
#2159=CARTESIAN_POINT('',(0.00272817485611517,0.00562346924051714,0.0343765389484234));
#2160=CARTESIAN_POINT('',(0.000940099821858225,0.00432106836643622,0.0345204179881466));
#2161=CARTESIAN_POINT('',(0.00020468921729889,0.00441741121323284,0.0345204179881467));
#2162=CARTESIAN_POINT('',(0.000256088342515799,0.00427238615487503,0.0345316322330737));
#2163=CARTESIAN_POINT('',(0.000525611914298253,0.00403681139895313,0.0345488106502818));
#2164=CARTESIAN_POINT('',(0.000838143338511092,0.00420592699387272,0.0345309785176261));
#2165=CARTESIAN_POINT('',(0.000940099821858205,0.00432106836643623,0.0345204179881466));
#2166=CARTESIAN_POINT('',(0.000204689217298979,0.00441741121323283,0.0345204179881466));
#2167=CARTESIAN_POINT('',(-0.000824447890749952,0.00619569447439258,0.0343765389484234));
#2168=CARTESIAN_POINT('',(-0.000390704099747699,0.00566072284486593,0.034422777010107));
#2169=CARTESIAN_POINT('',(-3.96507976324254E-5,0.0050611591783157,0.0344706983305077));
#2170=CARTESIAN_POINT('',(0.000204689217298977,0.00441741121323284,0.0345204179881466));
#2171=CARTESIAN_POINT('',(-0.00177930352764658,0.00404839455327394,0.0345204179881466));
#2172=CARTESIAN_POINT('',(-0.00169286882116124,0.00478624341150614,0.0344699931359029));
#2173=CARTESIAN_POINT('',(-0.00145420507295163,0.00550082797399209,0.0344221499247528));
#2174=CARTESIAN_POINT('',(-0.00109825246407274,0.0061530631290228,0.0343765389484234));
#2175=CARTESIAN_POINT('',(-0.00177930352764658,0.00404839455327394,0.0345204179881466));
#2176=CARTESIAN_POINT('',(-0.00243089210908956,0.0036940740458794,0.0345204179881467));
#2177=CARTESIAN_POINT('',(-0.00230406575277749,0.00360695795684094,0.0345316322330737));
#2178=CARTESIAN_POINT('',(-0.00194754923547757,0.00357479595649331,0.0345488106502818));
#2179=CARTESIAN_POINT('',(-0.00179410965463957,0.00389531470882737,0.034530978517626));
#2180=CARTESIAN_POINT('',(-0.00177930352764659,0.00404839455327394,0.0345204179881466));
#2181=CARTESIAN_POINT('',(-0.00243089210908948,0.00369407404587945,0.0345204179881466));
#2182=CARTESIAN_POINT('',(-0.00430873019435123,0.00452782381027209,0.0343765389484235));
#2183=CARTESIAN_POINT('',(-0.00364337566199515,0.00434997087410113,0.034422777010107));
#2184=CARTESIAN_POINT('',(-0.00300695289364382,0.00407125763240417,0.0344706983305077));
#2185=CARTESIAN_POINT('',(-0.00243089210908948,0.00369407404587945,0.0345204179881466));
#2186=CARTESIAN_POINT('',(-0.00381907340589298,0.00222937162063096,0.0345204179881466));
#2187=CARTESIAN_POINT('',(-0.00418284293673225,0.00287710893197927,0.0344699931359029));
#2188=CARTESIAN_POINT('',(-0.00440978217583455,0.00359550301840283,0.0344221499247528));
#2189=CARTESIAN_POINT('',(-0.00450518467121318,0.00433239603716549,0.0343765389484234));
#2190=CARTESIAN_POINT('',(-0.00381907340589297,0.00222937162063096,0.0345204179881466));
#2191=CARTESIAN_POINT('',(-0.00413795527278971,0.00155972614995887,0.0345204179881467));
#2192=CARTESIAN_POINT('',(-0.0039841450428244,0.0015637944152855,0.0345316322330737));
#2193=CARTESIAN_POINT('',(-0.00367681277206482,0.00174732996149874,0.0345488106502818));
#2194=CARTESIAN_POINT('',(-0.00374107373926226,0.00209682460188735,0.0345309785176261));
#2195=CARTESIAN_POINT('',(-0.00381907340589298,0.00222937162063095,0.0345204179881466));
#2196=CARTESIAN_POINT('',(-0.00413795527278968,0.00155972614995895,0.0345204179881466));
#2197=CARTESIAN_POINT('',(-0.00614722401206326,0.00113047834569873,0.0343765389484234));
#2198=CARTESIAN_POINT('',(-0.00550440155514459,0.0013776778795018,0.034422777010107));
#2199=CARTESIAN_POINT('',(-0.00482570118685311,0.00152627404787168,0.0344706983305077));
#2200=CARTESIAN_POINT('',(-0.00413795527278968,0.00155972614995895,0.0345204179881466));
#2201=CARTESIAN_POINT('',(-0.00440008704861907,-0.000441195497538613,0.0345204179881466));
#2202=CARTESIAN_POINT('',(-0.00507511322007397,-0.000130983370227766,0.0344699931359029));
#2203=CARTESIAN_POINT('',(-0.00568097237053216,0.000316818116436559,0.0344221499247528));
#2204=CARTESIAN_POINT('',(-0.00619128945954522,0.000856900911836357,0.0343765389484234));
#2205=CARTESIAN_POINT('',(-0.00440008704861908,-0.000441195497538606,0.0345204179881466));
#2206=CARTESIAN_POINT('',(-0.00426446016621104,-0.00117038412210393,0.0345204179881467));
#2207=CARTESIAN_POINT('',(-0.00414241634262179,-0.00107668544149174,0.0345316322330737));
#2208=CARTESIAN_POINT('',(-0.00400165879999303,-0.00074755668922731,0.0345488106502818));
#2209=CARTESIAN_POINT('',(-0.00425907480990642,-0.000502581234526647,0.034530978517626));
#2210=CARTESIAN_POINT('',(-0.00440008704861907,-0.000441195497538614,0.0345204179881466));
#2211=CARTESIAN_POINT('',(-0.00426446016621106,-0.00117038412210385,0.0345204179881466));
#2212=CARTESIAN_POINT('',(-0.00563768719362663,-0.0026986714233858,0.0343765389484234));
#2213=CARTESIAN_POINT('',(-0.00526293314195658,-0.00212084123951835,0.034422777010107));
#2214=CARTESIAN_POINT('',(-0.00480119564623523,-0.00160169434680092,0.0344706983305077));
#2215=CARTESIAN_POINT('',(-0.00426446016621106,-0.00117038412210386,0.0345204179881466));
#2216=CARTESIAN_POINT('',(-0.0033004169922309,-0.00294324093133186,0.0345204179881466));
#2217=CARTESIAN_POINT('',(-0.00402886275010136,-0.00308904447696882,0.0344699931359029));
#2218=CARTESIAN_POINT('',(-0.00478222420883553,-0.00308288053775677,0.0344221499247528));
#2219=CARTESIAN_POINT('',(-0.00551253210851994,-0.00294590123682351,0.0343765389484234));
#2220=CARTESIAN_POINT('',(-0.0033004169922309,-0.00294324093133186,0.0345204179881466));
#2221=CARTESIAN_POINT('',(-0.00276208621980978,-0.00345344743941624,0.0345204179881467));
#2222=CARTESIAN_POINT('',(-0.00271842539509069,-0.00330590805481132,0.0345316322330737));
#2223=CARTESIAN_POINT('',(-0.00279800717770403,-0.00295690209318586,0.0345488106502818));
#2224=CARTESIAN_POINT('',(-0.00315025406379483,-0.00291001812145937,0.0345309785176261));
#2225=CARTESIAN_POINT('',(-0.00330041699223089,-0.00294324093133187,0.0345204179881466));
#2226=CARTESIAN_POINT('',(-0.00276208621980985,-0.00345344743941618,0.0345204179881466));
#2227=CARTESIAN_POINT('',(-0.00297474548516463,-0.00549702043320502,0.0343765389484234));
#2228=CARTESIAN_POINT('',(-0.00301120314905943,-0.00480927108978495,0.034422777010107));
#2229=CARTESIAN_POINT('',(-0.00294279655539351,-0.00411786994058412,0.0344706983305077));
#2230=CARTESIAN_POINT('',(-0.00276208621980984,-0.00345344743941619,0.0345204179881466));
#2231=CARTESIAN_POINT('',(-0.00094009982185822,-0.00432106836643622,0.0345204179881466));
#2232=CARTESIAN_POINT('',(-0.00144372364559839,-0.00486719558626791,0.0344699931359029));
#2233=CARTESIAN_POINT('',(-0.0020568289411863,-0.00530502360978257,0.0344221499247527));
#2234=CARTESIAN_POINT('',(-0.00272817485611516,-0.00562346924051714,0.0343765389484234));
#2235=CARTESIAN_POINT('',(-0.000940099821858221,-0.00432106836643623,0.0345204179881466));
#2236=CARTESIAN_POINT('',(-0.000204689217298889,-0.00441741121323284,0.0345204179881467));
#2237=CARTESIAN_POINT('',(-0.000256088342515797,-0.00427238615487502,0.0345316322330737));
#2238=CARTESIAN_POINT('',(-0.000525611914298254,-0.00403681139895313,0.0345488106502818));
#2239=CARTESIAN_POINT('',(-0.000838143338511095,-0.00420592699387272,0.0345309785176261));
#2240=CARTESIAN_POINT('',(-0.00094009982185821,-0.00432106836643623,0.0345204179881466));
#2241=CARTESIAN_POINT('',(-0.00020468921729898,-0.00441741121323283,0.0345204179881466));
#2242=CARTESIAN_POINT('',(0.000824447890749967,-0.00619569447439258,0.0343765389484235));
#2243=CARTESIAN_POINT('',(0.000390704099747711,-0.00566072284486593,0.034422777010107));
#2244=CARTESIAN_POINT('',(3.96507976324245E-5,-0.0050611591783157,0.0344706983305077));
#2245=CARTESIAN_POINT('',(-0.000204689217298979,-0.00441741121323283,0.0345204179881466));
#2246=CARTESIAN_POINT('',(0.00177930352764659,-0.00404839455327394,0.0345204179881466));
#2247=CARTESIAN_POINT('',(0.00169286882116126,-0.00478624341150615,0.0344699931359029));
#2248=CARTESIAN_POINT('',(0.00145420507295163,-0.00550082797399209,0.0344221499247528));
#2249=CARTESIAN_POINT('',(0.00109825246407274,-0.0061530631290228,0.0343765389484234));
#2250=CARTESIAN_POINT('',(0.00177930352764658,-0.00404839455327394,0.0345204179881466));
#2251=CARTESIAN_POINT('',(0.00243089210908956,-0.0036940740458794,0.0345204179881467));
#2252=CARTESIAN_POINT('',(0.00230406575277749,-0.00360695795684094,0.0345316322330737));
#2253=CARTESIAN_POINT('',(0.00194754923547757,-0.00357479595649331,0.0345488106502818));
#2254=CARTESIAN_POINT('',(0.00179410965463956,-0.00389531470882737,0.034530978517626));
#2255=CARTESIAN_POINT('',(0.00177930352764659,-0.00404839455327394,0.0345204179881466));
#2256=CARTESIAN_POINT('',(0.00243089210908948,-0.00369407404587945,0.0345204179881466));
#2257=CARTESIAN_POINT('',(0.00430873019435123,-0.00452782381027209,0.0343765389484234));
#2258=CARTESIAN_POINT('',(0.00364337566199515,-0.00434997087410113,0.034422777010107));
#2259=CARTESIAN_POINT('',(0.00300695289364382,-0.00407125763240417,0.0344706983305077));
#2260=CARTESIAN_POINT('',(0.00243089210908949,-0.00369407404587944,0.0345204179881466));
#2261=CARTESIAN_POINT('',(0.,3.88825358729284E-19,0.034544));
#2262=CARTESIAN_POINT('',(0.00412251313333334,3.88825358729284E-19,0.034544));
#2263=CARTESIAN_POINT('',(0.,0.,0.034544));
#2264=CARTESIAN_POINT('',(-0.00619771914220891,-0.000844978097526942,0.0357548585139429));
#2265=CARTESIAN_POINT('',(-0.00621072533921615,-0.000749580647113676,0.0356782728204454));
#2266=CARTESIAN_POINT('',(-0.00622078928881552,-0.000653828092973309,0.0356022778392877));
#2267=CARTESIAN_POINT('',(-0.0063959819983165,0.00101302737324899,0.0342793611726211));
#2268=CARTESIAN_POINT('',(-0.00571427560219103,0.00254416290618494,0.0329564445059544));
#2269=CARTESIAN_POINT('',(-0.00503256920606556,0.0040752984391209,0.0316335278392877));
#2270=CARTESIAN_POINT('',(-0.00367662638263058,0.00506044750921772,0.0303106111726211));
#2271=CARTESIAN_POINT('',(-0.00232068355919561,0.00604559657931454,0.0289876945059544));
#2272=CARTESIAN_POINT('',(-0.00065382809297331,0.00622078928881552,0.0276647778392877));
#2273=CARTESIAN_POINT('',(0.00101302737324899,0.0063959819983165,0.026341861172621));
#2274=CARTESIAN_POINT('',(0.00254416290618494,0.00571427560219103,0.0250189445059544));
#2275=CARTESIAN_POINT('',(0.0040752984391209,0.00503256920606556,0.0236960278392877));
#2276=CARTESIAN_POINT('',(0.00506044750921772,0.00367662638263058,0.0223731111726211));
#2277=CARTESIAN_POINT('',(0.00604559657931454,0.00232068355919561,0.0210501945059544));
#2278=CARTESIAN_POINT('',(0.00622078928881552,0.00065382809297331,0.0197272778392877));
#2279=CARTESIAN_POINT('',(0.0063959819983165,-0.00101302737324898,0.0184043611726211));
#2280=CARTESIAN_POINT('',(0.00571427560219103,-0.00254416290618494,0.0170814445059544));
#2281=CARTESIAN_POINT('',(0.00503256920606556,-0.00407529843912089,0.0157585278392877));
#2282=CARTESIAN_POINT('',(0.00367662638263058,-0.00506044750921772,0.014435611172621));
#2283=CARTESIAN_POINT('',(0.00232068355919561,-0.00604559657931454,0.0131126945059544));
#2284=CARTESIAN_POINT('',(0.000653828092973313,-0.00622078928881552,0.0117897778392877));
#2285=CARTESIAN_POINT('',(-0.00101302737324899,-0.0063959819983165,0.010466861172621));
#2286=CARTESIAN_POINT('',(-0.00254416290618494,-0.00571427560219103,0.00914394450595438));
#2287=CARTESIAN_POINT('',(-0.00407529843912089,-0.00503256920606556,0.00782102783928772));
#2288=CARTESIAN_POINT('',(-0.00506044750921772,-0.00367662638263058,0.00649811117262104));
#2289=CARTESIAN_POINT('',(-0.00555374154402393,-0.00299766466339246,0.00583568665229109));
#2290=CARTESIAN_POINT('',(-0.00585061820486291,-0.00221268551130289,0.00514990272067397));
#2291=CARTESIAN_POINT('',(-0.00438161627735639,-0.000597376180040023,0.0346966310139429));
#2292=CARTESIAN_POINT('',(-0.00439081129946143,-0.000529932817093426,0.0346200453204454));
#2293=CARTESIAN_POINT('',(-0.00439792623390219,-0.000462238405618312,0.0345440503392877));
#2294=CARTESIAN_POINT('',(-0.00452178264139827,0.000716182377127429,0.0332211336726211));
#2295=CARTESIAN_POINT('',(-0.00403983504533848,0.00179865291508082,0.0318982170059544));
#2296=CARTESIAN_POINT('',(-0.00355788744927869,0.00288112345303421,0.0305753003392877));
#2297=CARTESIAN_POINT('',(-0.00259927331882137,0.00357759663972017,0.0292523836726211));
#2298=CARTESIAN_POINT('',(-0.00164065918836405,0.00427406982640611,0.0279294670059544));
#2299=CARTESIAN_POINT('',(-0.000462238405618313,0.00439792623390219,0.0266065503392877));
#2300=CARTESIAN_POINT('',(0.000716182377127429,0.00452178264139827,0.0252836336726211));
#2301=CARTESIAN_POINT('',(0.00179865291508082,0.00403983504533848,0.0239607170059544));
#2302=CARTESIAN_POINT('',(0.00288112345303421,0.00355788744927869,0.0226378003392877));
#2303=CARTESIAN_POINT('',(0.00357759663972017,0.00259927331882137,0.021314883672621));
#2304=CARTESIAN_POINT('',(0.00427406982640611,0.00164065918836405,0.0199919670059544));
#2305=CARTESIAN_POINT('',(0.00439792623390219,0.000462238405618313,0.0186690503392877));
#2306=CARTESIAN_POINT('',(0.00452178264139827,-0.000716182377127427,0.017346133672621));
#2307=CARTESIAN_POINT('',(0.00403983504533848,-0.00179865291508082,0.0160232170059544));
#2308=CARTESIAN_POINT('',(0.00355788744927869,-0.00288112345303421,0.0147003003392877));
#2309=CARTESIAN_POINT('',(0.00259927331882137,-0.00357759663972017,0.013377383672621));
#2310=CARTESIAN_POINT('',(0.00164065918836405,-0.00427406982640611,0.0120544670059544));
#2311=CARTESIAN_POINT('',(0.000462238405618315,-0.00439792623390219,0.0107315503392877));
#2312=CARTESIAN_POINT('',(-0.000716182377127428,-0.00452178264139827,0.00940863367262105));
#2313=CARTESIAN_POINT('',(-0.00179865291508082,-0.00403983504533848,0.00808571700595438));
#2314=CARTESIAN_POINT('',(-0.00288112345303421,-0.00355788744927869,0.00676280033928772));
#2315=CARTESIAN_POINT('',(-0.00357759663972017,-0.00259927331882137,0.00543988367262105));
#2316=CARTESIAN_POINT('',(-0.0039263418995222,-0.00211926613352396,0.0047774591522911));
#2317=CARTESIAN_POINT('',(-0.00413622550019077,-0.00156430755097753,0.00409167522067398));
#2318=CARTESIAN_POINT('',(-0.00357759663972017,-0.00259927331882137,0.037189883672621));
#2319=CARTESIAN_POINT('',(-0.00427406982640611,-0.00164065918836405,0.0358669670059544));
#2320=CARTESIAN_POINT('',(-0.00439792623390219,-0.000462238405618311,0.0345440503392877));
#2321=CARTESIAN_POINT('',(-0.00452178264139827,0.00071618237712743,0.0332211336726211));
#2322=CARTESIAN_POINT('',(-0.00403983504533848,0.00179865291508083,0.0318982170059544));
#2323=CARTESIAN_POINT('',(-0.00355788744927869,0.00288112345303422,0.0305753003392877));
#2324=CARTESIAN_POINT('',(-0.00259927331882137,0.00357759663972017,0.0292523836726211));
#2325=CARTESIAN_POINT('',(-0.00164065918836405,0.00427406982640611,0.0279294670059544));
#2326=CARTESIAN_POINT('',(-0.000462238405618312,0.00439792623390219,0.0266065503392877));
#2327=CARTESIAN_POINT('',(0.00071618237712743,0.00452178264139827,0.0252836336726211));
#2328=CARTESIAN_POINT('',(0.00179865291508082,0.00403983504533848,0.0239607170059544));
#2329=CARTESIAN_POINT('',(0.00288112345303421,0.00355788744927869,0.0226378003392877));
#2330=CARTESIAN_POINT('',(0.00357759663972017,0.00259927331882137,0.021314883672621));
#2331=CARTESIAN_POINT('',(0.00427406982640611,0.00164065918836405,0.0199919670059544));
#2332=CARTESIAN_POINT('',(0.00439792623390219,0.000462238405618313,0.0186690503392877));
#2333=CARTESIAN_POINT('',(0.00452178264139827,-0.000716182377127427,0.017346133672621));
#2334=CARTESIAN_POINT('',(0.00403983504533848,-0.00179865291508082,0.0160232170059544));
#2335=CARTESIAN_POINT('',(0.00355788744927869,-0.00288112345303421,0.0147003003392877));
#2336=CARTESIAN_POINT('',(0.00259927331882137,-0.00357759663972017,0.013377383672621));
#2337=CARTESIAN_POINT('',(0.00164065918836405,-0.00427406982640611,0.0120544670059544));
#2338=CARTESIAN_POINT('',(0.000462238405618314,-0.00439792623390219,0.0107315503392877));
#2339=CARTESIAN_POINT('',(-0.000716182377127429,-0.00452178264139827,0.00940863367262105));
#2340=CARTESIAN_POINT('',(-0.00179865291508082,-0.00403983504533848,0.00808571700595438));
#2341=CARTESIAN_POINT('',(-0.00288112345303421,-0.00355788744927869,0.00676280033928772));
#2342=CARTESIAN_POINT('',(-0.00357759663972017,-0.00259927331882137,0.00543988367262105));
#2343=CARTESIAN_POINT('',(-0.00427406982640611,-0.00164065918836405,0.00411696700595439));
#2344=CARTESIAN_POINT('',(-0.00439792623390219,-0.000462238405618314,0.00279405033928772));
#2345=CARTESIAN_POINT('',(-0.00452178264139827,0.000716182377127426,0.00147113367262105));
#2346=CARTESIAN_POINT('',(-0.00403983504533848,0.00179865291508082,0.000148217005954382));
#2347=CARTESIAN_POINT('',(-0.00355788744927869,0.00288112345303421,-0.00117469966071229));
#2348=CARTESIAN_POINT('',(-0.00259927331882138,0.00357759663972017,-0.00249761632737895));
#2349=CARTESIAN_POINT('',(-0.00164065918836405,0.00427406982640611,-0.00382053299404562));
#2350=CARTESIAN_POINT('',(-0.000462238405618315,0.00439792623390219,-0.00514344966071229));
#2351=CARTESIAN_POINT('',(0.000716182377127425,0.00452178264139827,-0.00646636632737895));
#2352=CARTESIAN_POINT('',(0.00179865291508081,0.00403983504533848,-0.00778928299404562));
#2353=CARTESIAN_POINT('',(0.00288112345303421,0.00355788744927869,-0.00911219966071228));
#2354=CARTESIAN_POINT('',(0.00357759663972017,0.00259927331882137,-0.0104351163273789));
#2355=CARTESIAN_POINT('',(0.00427406982640611,0.00164065918836405,-0.0117580329940456));
#2356=CARTESIAN_POINT('',(0.00439792623390219,0.000462238405618315,-0.0130809496607123));
#2357=CARTESIAN_POINT('',(0.00452178264139827,-0.000716182377127424,-0.014403866327379));
#2358=CARTESIAN_POINT('',(0.00403983504533848,-0.00179865291508081,-0.0157267829940456));
#2359=CARTESIAN_POINT('',(0.00355788744927869,-0.00288112345303421,-0.0170496996607123));
#2360=CARTESIAN_POINT('',(0.00259927331882137,-0.00357759663972017,-0.018372616327379));
#2361=CARTESIAN_POINT('',(0.00164065918836405,-0.00427406982640611,-0.0196955329940456));
#2362=CARTESIAN_POINT('',(0.000462238405618315,-0.00439792623390219,-0.0210184496607123));
#2363=CARTESIAN_POINT('',(-0.000716182377127425,-0.00452178264139827,-0.022341366327379));
#2364=CARTESIAN_POINT('',(-0.00179865291508081,-0.00403983504533848,-0.0236642829940456));
#2365=CARTESIAN_POINT('',(-0.00288112345303421,-0.00355788744927869,-0.0249871996607123));
#2366=CARTESIAN_POINT('',(-0.00357759663972017,-0.00259927331882137,-0.0263101163273789));
#2367=CARTESIAN_POINT('',(-0.0042198176308572,-0.00132233076980776,0.0355459368445013));
#2368=CARTESIAN_POINT('',(-0.00435179261362448,-0.000901172636132641,0.035036805913205));
#2369=CARTESIAN_POINT('',(-0.00439792623390219,-0.000462238405618311,0.0345440503392877));
#2370=CARTESIAN_POINT('',(-0.00452178264139827,0.00071618237712743,0.0332211336726211));
#2371=CARTESIAN_POINT('',(-0.00403983504533848,0.00179865291508083,0.0318982170059544));
#2372=CARTESIAN_POINT('',(-0.00355788744927869,0.00288112345303422,0.0305753003392877));
#2373=CARTESIAN_POINT('',(-0.00259927331882137,0.00357759663972017,0.0292523836726211));
#2374=CARTESIAN_POINT('',(-0.00164065918836405,0.00427406982640611,0.0279294670059544));
#2375=CARTESIAN_POINT('',(-0.000462238405618312,0.00439792623390219,0.0266065503392877));
#2376=CARTESIAN_POINT('',(0.00071618237712743,0.00452178264139827,0.0252836336726211));
#2377=CARTESIAN_POINT('',(0.00179865291508082,0.00403983504533848,0.0239607170059544));
#2378=CARTESIAN_POINT('',(0.00288112345303422,0.00355788744927869,0.0226378003392877));
#2379=CARTESIAN_POINT('',(0.00357759663972017,0.00259927331882137,0.021314883672621));
#2380=CARTESIAN_POINT('',(0.00427406982640611,0.00164065918836405,0.0199919670059544));
#2381=CARTESIAN_POINT('',(0.00439792623390219,0.000462238405618313,0.0186690503392877));
#2382=CARTESIAN_POINT('',(0.00452178264139827,-0.000716182377127427,0.017346133672621));
#2383=CARTESIAN_POINT('',(0.00403983504533848,-0.00179865291508082,0.0160232170059544));
#2384=CARTESIAN_POINT('',(0.00355788744927869,-0.00288112345303421,0.0147003003392877));
#2385=CARTESIAN_POINT('',(0.00259927331882137,-0.00357759663972017,0.013377383672621));
#2386=CARTESIAN_POINT('',(0.00164065918836405,-0.00427406982640611,0.0120544670059544));
#2387=CARTESIAN_POINT('',(0.000462238405618315,-0.00439792623390219,0.0107315503392877));
#2388=CARTESIAN_POINT('',(-0.000716182377127429,-0.00452178264139827,0.00940863367262105));
#2389=CARTESIAN_POINT('',(-0.00179865291508082,-0.00403983504533848,0.00808571700595438));
#2390=CARTESIAN_POINT('',(-0.00288112345303421,-0.00355788744927869,0.00676280033928772));
#2391=CARTESIAN_POINT('',(-0.00357759663972017,-0.00259927331882137,0.00543988367262105));
#2392=CARTESIAN_POINT('',(-0.00365145740420946,-0.0024976125889048,0.00529958877222356));
#2393=CARTESIAN_POINT('',(-0.00371942607835062,-0.00239192164381675,0.00515738556138365));
#2394=CARTESIAN_POINT('',(-0.0038598204809613,-0.0012095213192596,0.0353394420196303));
#2395=CARTESIAN_POINT('',(-0.00398053653696682,-0.000824292635869209,0.034830311088334));
#2396=CARTESIAN_POINT('',(-0.00402273444881654,-0.000422804353450228,0.0343375555144167));
#2397=CARTESIAN_POINT('',(-0.00413602453387989,0.000655084093475021,0.0330146388477501));
#2398=CARTESIAN_POINT('',(-0.00369519240207902,0.00164520791348971,0.0316917221810833));
#2399=CARTESIAN_POINT('',(-0.00325436027027817,0.00263533173350441,0.0303688055144167));
#2400=CARTESIAN_POINT('',(-0.00237752653532682,0.0032723880486288,0.02904588884775));
#2401=CARTESIAN_POINT('',(-0.00150069280037548,0.00390944436375319,0.0277229721810834));
#2402=CARTESIAN_POINT('',(-0.000422804353450229,0.00402273444881654,0.0264000555144167));
#2403=CARTESIAN_POINT('',(0.000655084093475021,0.00413602453387989,0.02507713884775));
#2404=CARTESIAN_POINT('',(0.00164520791348971,0.00369519240207903,0.0237542221810834));
#2405=CARTESIAN_POINT('',(0.00263533173350441,0.00325436027027817,0.0224313055144167));
#2406=CARTESIAN_POINT('',(0.0032723880486288,0.00237752653532682,0.02110838884775));
#2407=CARTESIAN_POINT('',(0.00390944436375319,0.00150069280037548,0.0197854721810833));
#2408=CARTESIAN_POINT('',(0.00402273444881654,0.00042280435345023,0.0184625555144167));
#2409=CARTESIAN_POINT('',(0.00413602453387989,-0.000655084093475017,0.01713963884775));
#2410=CARTESIAN_POINT('',(0.00369519240207902,-0.00164520791348971,0.0158167221810833));
#2411=CARTESIAN_POINT('',(0.00325436027027817,-0.00263533173350441,0.0144938055144167));
#2412=CARTESIAN_POINT('',(0.00237752653532682,-0.0032723880486288,0.01317088884775));
#2413=CARTESIAN_POINT('',(0.00150069280037548,-0.00390944436375319,0.0118479721810834));
#2414=CARTESIAN_POINT('',(0.000422804353450231,-0.00402273444881653,0.0105250555144167));
#2415=CARTESIAN_POINT('',(-0.00065508409347502,-0.00413602453387989,0.00920213884775003));
#2416=CARTESIAN_POINT('',(-0.00164520791348971,-0.00369519240207902,0.00787922218108335));
#2417=CARTESIAN_POINT('',(-0.00263533173350441,-0.00325436027027817,0.00655630551441669));
#2418=CARTESIAN_POINT('',(-0.0032723880486288,-0.00237752653532682,0.00523338884775002));
#2419=CARTESIAN_POINT('',(-0.00333994767239797,-0.0022845385908782,0.00509309394735253));
#2420=CARTESIAN_POINT('',(-0.00340211786634082,-0.00218786425321964,0.00495089073651262));
#2421=CARTESIAN_POINT('',(-0.0038598204809613,-0.0012095213192596,0.0349093675693723));
#2422=CARTESIAN_POINT('',(-0.00398053653696682,-0.000824292635869209,0.034400236638076));
#2423=CARTESIAN_POINT('',(-0.00402273444881654,-0.000422804353450228,0.0339074810641588));
#2424=CARTESIAN_POINT('',(-0.00413602453387989,0.000655084093475021,0.0325845643974921));
#2425=CARTESIAN_POINT('',(-0.00369519240207902,0.00164520791348972,0.0312616477308254));
#2426=CARTESIAN_POINT('',(-0.00325436027027817,0.00263533173350441,0.0299387310641587));
#2427=CARTESIAN_POINT('',(-0.00237752653532682,0.0032723880486288,0.0286158143974921));
#2428=CARTESIAN_POINT('',(-0.00150069280037548,0.00390944436375319,0.0272928977308254));
#2429=CARTESIAN_POINT('',(-0.000422804353450228,0.00402273444881654,0.0259699810641587));
#2430=CARTESIAN_POINT('',(0.000655084093475021,0.00413602453387989,0.0246470643974921));
#2431=CARTESIAN_POINT('',(0.00164520791348971,0.00369519240207903,0.0233241477308254));
#2432=CARTESIAN_POINT('',(0.00263533173350441,0.00325436027027817,0.0220012310641588));
#2433=CARTESIAN_POINT('',(0.0032723880486288,0.00237752653532682,0.0206783143974921));
#2434=CARTESIAN_POINT('',(0.00390944436375319,0.00150069280037548,0.0193553977308254));
#2435=CARTESIAN_POINT('',(0.00402273444881654,0.000422804353450229,0.0180324810641588));
#2436=CARTESIAN_POINT('',(0.00413602453387989,-0.000655084093475019,0.0167095643974921));
#2437=CARTESIAN_POINT('',(0.00369519240207903,-0.00164520791348971,0.0153866477308254));
#2438=CARTESIAN_POINT('',(0.00325436027027817,-0.00263533173350441,0.0140637310641587));
#2439=CARTESIAN_POINT('',(0.00237752653532682,-0.0032723880486288,0.0127408143974921));
#2440=CARTESIAN_POINT('',(0.00150069280037548,-0.00390944436375319,0.0114178977308254));
#2441=CARTESIAN_POINT('',(0.000422804353450231,-0.00402273444881654,0.0100949810641587));
#2442=CARTESIAN_POINT('',(-0.000655084093475021,-0.00413602453387989,0.00877206439749208));
#2443=CARTESIAN_POINT('',(-0.00164520791348971,-0.00369519240207902,0.00744914773082542));
#2444=CARTESIAN_POINT('',(-0.00263533173350441,-0.00325436027027817,0.00612623106415875));
#2445=CARTESIAN_POINT('',(-0.0032723880486288,-0.00237752653532682,0.00480331439749208));
#2446=CARTESIAN_POINT('',(-0.00333994767239797,-0.0022845385908782,0.00466301949709459));
#2447=CARTESIAN_POINT('',(-0.00340211786634082,-0.00218786425321964,0.00452081628625468));
#2448=CARTESIAN_POINT('',(-0.0042198176308572,-0.00132233076980776,0.0347028727445013));
#2449=CARTESIAN_POINT('',(-0.00435179261362448,-0.000901172636132641,0.034193741813205));
#2450=CARTESIAN_POINT('',(-0.0043979262339022,-0.000462238405618311,0.0337009862392877));
#2451=CARTESIAN_POINT('',(-0.00452178264139827,0.00071618237712743,0.0323780695726211));
#2452=CARTESIAN_POINT('',(-0.00403983504533848,0.00179865291508083,0.0310551529059544));
#2453=CARTESIAN_POINT('',(-0.00355788744927869,0.00288112345303422,0.0297322362392877));
#2454=CARTESIAN_POINT('',(-0.00259927331882137,0.00357759663972017,0.0284093195726211));
#2455=CARTESIAN_POINT('',(-0.00164065918836405,0.00427406982640611,0.0270864029059544));
#2456=CARTESIAN_POINT('',(-0.000462238405618312,0.0043979262339022,0.0257634862392877));
#2457=CARTESIAN_POINT('',(0.000716182377127429,0.00452178264139827,0.0244405695726211));
#2458=CARTESIAN_POINT('',(0.00179865291508082,0.00403983504533848,0.0231176529059544));
#2459=CARTESIAN_POINT('',(0.00288112345303422,0.00355788744927869,0.0217947362392877));
#2460=CARTESIAN_POINT('',(0.00357759663972017,0.00259927331882137,0.0204718195726211));
#2461=CARTESIAN_POINT('',(0.00427406982640611,0.00164065918836405,0.0191489029059544));
#2462=CARTESIAN_POINT('',(0.0043979262339022,0.000462238405618313,0.0178259862392877));
#2463=CARTESIAN_POINT('',(0.00452178264139827,-0.000716182377127427,0.016503069572621));
#2464=CARTESIAN_POINT('',(0.00403983504533848,-0.00179865291508082,0.0151801529059544));
#2465=CARTESIAN_POINT('',(0.00355788744927869,-0.00288112345303421,0.0138572362392877));
#2466=CARTESIAN_POINT('',(0.00259927331882137,-0.00357759663972017,0.012534319572621));
#2467=CARTESIAN_POINT('',(0.00164065918836405,-0.00427406982640611,0.0112114029059544));
#2468=CARTESIAN_POINT('',(0.000462238405618314,-0.00439792623390219,0.00988848623928772));
#2469=CARTESIAN_POINT('',(-0.000716182377127429,-0.00452178264139827,0.00856556957262105));
#2470=CARTESIAN_POINT('',(-0.00179865291508082,-0.00403983504533848,0.00724265290595438));
#2471=CARTESIAN_POINT('',(-0.00288112345303421,-0.00355788744927869,0.00591973623928772));
#2472=CARTESIAN_POINT('',(-0.00357759663972017,-0.00259927331882137,0.00459681957262105));
#2473=CARTESIAN_POINT('',(-0.00365145740420946,-0.0024976125889048,0.00445652467222356));
#2474=CARTESIAN_POINT('',(-0.00371942607835062,-0.00239192164381675,0.00431432146138365));
#2475=CARTESIAN_POINT('',(-0.00357759663972017,-0.00259927331882137,0.0363468195726211));
#2476=CARTESIAN_POINT('',(-0.00427406982640611,-0.00164065918836405,0.0350239029059544));
#2477=CARTESIAN_POINT('',(-0.00439792623390219,-0.000462238405618311,0.0337009862392877));
#2478=CARTESIAN_POINT('',(-0.00452178264139827,0.00071618237712743,0.0323780695726211));
#2479=CARTESIAN_POINT('',(-0.00403983504533848,0.00179865291508083,0.0310551529059544));
#2480=CARTESIAN_POINT('',(-0.00355788744927869,0.00288112345303422,0.0297322362392877));
#2481=CARTESIAN_POINT('',(-0.00259927331882137,0.00357759663972017,0.0284093195726211));
#2482=CARTESIAN_POINT('',(-0.00164065918836405,0.00427406982640611,0.0270864029059544));
#2483=CARTESIAN_POINT('',(-0.000462238405618312,0.00439792623390219,0.0257634862392877));
#2484=CARTESIAN_POINT('',(0.00071618237712743,0.00452178264139827,0.0244405695726211));
#2485=CARTESIAN_POINT('',(0.00179865291508082,0.00403983504533848,0.0231176529059544));
#2486=CARTESIAN_POINT('',(0.00288112345303422,0.00355788744927869,0.0217947362392877));
#2487=CARTESIAN_POINT('',(0.00357759663972017,0.00259927331882137,0.0204718195726211));
#2488=CARTESIAN_POINT('',(0.00427406982640611,0.00164065918836405,0.0191489029059544));
#2489=CARTESIAN_POINT('',(0.00439792623390219,0.000462238405618313,0.0178259862392877));
#2490=CARTESIAN_POINT('',(0.00452178264139827,-0.000716182377127428,0.016503069572621));
#2491=CARTESIAN_POINT('',(0.00403983504533848,-0.00179865291508082,0.0151801529059544));
#2492=CARTESIAN_POINT('',(0.00355788744927869,-0.00288112345303421,0.0138572362392877));
#2493=CARTESIAN_POINT('',(0.00259927331882137,-0.00357759663972017,0.012534319572621));
#2494=CARTESIAN_POINT('',(0.00164065918836405,-0.00427406982640611,0.0112114029059544));
#2495=CARTESIAN_POINT('',(0.000462238405618314,-0.00439792623390219,0.00988848623928772));
#2496=CARTESIAN_POINT('',(-0.00071618237712743,-0.00452178264139827,0.00856556957262105));
#2497=CARTESIAN_POINT('',(-0.00179865291508082,-0.00403983504533848,0.00724265290595438));
#2498=CARTESIAN_POINT('',(-0.00288112345303421,-0.00355788744927869,0.00591973623928772));
#2499=CARTESIAN_POINT('',(-0.00357759663972017,-0.00259927331882137,0.00459681957262105));
#2500=CARTESIAN_POINT('',(-0.00427406982640611,-0.00164065918836405,0.00327390290595438));
#2501=CARTESIAN_POINT('',(-0.00439792623390219,-0.000462238405618314,0.00195098623928771));
#2502=CARTESIAN_POINT('',(-0.00452178264139827,0.000716182377127426,0.000628069572621049));
#2503=CARTESIAN_POINT('',(-0.00403983504533848,0.00179865291508082,-0.000694847094045617));
#2504=CARTESIAN_POINT('',(-0.00355788744927869,0.00288112345303421,-0.00201776376071228));
#2505=CARTESIAN_POINT('',(-0.00259927331882138,0.00357759663972017,-0.00334068042737895));
#2506=CARTESIAN_POINT('',(-0.00164065918836405,0.00427406982640611,-0.00466359709404562));
#2507=CARTESIAN_POINT('',(-0.000462238405618315,0.00439792623390219,-0.00598651376071228));
#2508=CARTESIAN_POINT('',(0.000716182377127425,0.00452178264139827,-0.00730943042737895));
#2509=CARTESIAN_POINT('',(0.00179865291508081,0.00403983504533848,-0.00863234709404562));
#2510=CARTESIAN_POINT('',(0.00288112345303421,0.00355788744927869,-0.00995526376071229));
#2511=CARTESIAN_POINT('',(0.00357759663972017,0.00259927331882137,-0.0112781804273789));
#2512=CARTESIAN_POINT('',(0.00427406982640611,0.00164065918836405,-0.0126010970940456));
#2513=CARTESIAN_POINT('',(0.00439792623390219,0.000462238405618315,-0.0139240137607123));
#2514=CARTESIAN_POINT('',(0.00452178264139827,-0.000716182377127424,-0.0152469304273789));
#2515=CARTESIAN_POINT('',(0.00403983504533848,-0.00179865291508081,-0.0165698470940456));
#2516=CARTESIAN_POINT('',(0.00355788744927869,-0.00288112345303421,-0.0178927637607123));
#2517=CARTESIAN_POINT('',(0.00259927331882137,-0.00357759663972017,-0.019215680427379));
#2518=CARTESIAN_POINT('',(0.00164065918836405,-0.00427406982640611,-0.0205385970940456));
#2519=CARTESIAN_POINT('',(0.000462238405618315,-0.00439792623390219,-0.0218615137607123));
#2520=CARTESIAN_POINT('',(-0.000716182377127425,-0.00452178264139827,-0.023184430427379));
#2521=CARTESIAN_POINT('',(-0.00179865291508081,-0.00403983504533848,-0.0245073470940456));
#2522=CARTESIAN_POINT('',(-0.00288112345303421,-0.00355788744927869,-0.0258302637607123));
#2523=CARTESIAN_POINT('',(-0.00357759663972017,-0.00259927331882137,-0.027153180427379));
#2524=CARTESIAN_POINT('',(-0.00391646348029354,-0.0020534686045812,0.0356174859535791));
#2525=CARTESIAN_POINT('',(-0.0043094618083191,-0.00130392532152604,0.0346458793245702));
#2526=CARTESIAN_POINT('',(-0.00439792623390219,-0.000462238405618311,0.0337009862392877));
#2527=CARTESIAN_POINT('',(-0.00452178264139827,0.000716182377127429,0.032378069572621));
#2528=CARTESIAN_POINT('',(-0.00403983504533848,0.00179865291508082,0.0310551529059544));
#2529=CARTESIAN_POINT('',(-0.00355788744927869,0.00288112345303421,0.0297322362392877));
#2530=CARTESIAN_POINT('',(-0.00259927331882137,0.00357759663972017,0.0284093195726211));
#2531=CARTESIAN_POINT('',(-0.00164065918836405,0.00427406982640611,0.0270864029059544));
#2532=CARTESIAN_POINT('',(-0.000462238405618312,0.00439792623390219,0.0257634862392877));
#2533=CARTESIAN_POINT('',(0.000716182377127429,0.00452178264139827,0.0244405695726211));
#2534=CARTESIAN_POINT('',(0.00179865291508082,0.00403983504533848,0.0231176529059544));
#2535=CARTESIAN_POINT('',(0.00288112345303421,0.00355788744927869,0.0217947362392877));
#2536=CARTESIAN_POINT('',(0.00357759663972017,0.00259927331882137,0.0204718195726211));
#2537=CARTESIAN_POINT('',(0.00427406982640611,0.00164065918836405,0.0191489029059544));
#2538=CARTESIAN_POINT('',(0.00439792623390219,0.000462238405618313,0.0178259862392877));
#2539=CARTESIAN_POINT('',(0.00452178264139827,-0.000716182377127427,0.016503069572621));
#2540=CARTESIAN_POINT('',(0.00403983504533848,-0.00179865291508082,0.0151801529059544));
#2541=CARTESIAN_POINT('',(0.00355788744927869,-0.00288112345303421,0.0138572362392877));
#2542=CARTESIAN_POINT('',(0.00259927331882137,-0.00357759663972016,0.012534319572621));
#2543=CARTESIAN_POINT('',(0.00164065918836405,-0.00427406982640611,0.0112114029059544));
#2544=CARTESIAN_POINT('',(0.000462238405618315,-0.00439792623390219,0.00988848623928771));
#2545=CARTESIAN_POINT('',(-0.000716182377127428,-0.00452178264139827,0.00856556957262104));
#2546=CARTESIAN_POINT('',(-0.00179865291508082,-0.00403983504533848,0.00724265290595438));
#2547=CARTESIAN_POINT('',(-0.00264371409019556,-0.00366358905287014,0.00620988067454945));
#2548=CARTESIAN_POINT('',(-0.0032671118341897,-0.00298016774114667,0.00515278114872219));
#2549=CARTESIAN_POINT('',(-0.00553976869380776,-0.00290459521622386,0.0345592584535791));
#2550=CARTESIAN_POINT('',(-0.00609565791510891,-0.00184437942843061,0.0335876518245702));
#2551=CARTESIAN_POINT('',(-0.00622078928881552,-0.000653828092973309,0.0326427587392877));
#2552=CARTESIAN_POINT('',(-0.0063959819983165,0.00101302737324899,0.031319842072621));
#2553=CARTESIAN_POINT('',(-0.00571427560219103,0.00254416290618494,0.0299969254059544));
#2554=CARTESIAN_POINT('',(-0.00503256920606556,0.0040752984391209,0.0286740087392877));
#2555=CARTESIAN_POINT('',(-0.00367662638263058,0.00506044750921772,0.0273510920726211));
#2556=CARTESIAN_POINT('',(-0.00232068355919561,0.00604559657931454,0.0260281754059544));
#2557=CARTESIAN_POINT('',(-0.00065382809297331,0.00622078928881552,0.0247052587392877));
#2558=CARTESIAN_POINT('',(0.00101302737324899,0.0063959819983165,0.0233823420726211));
#2559=CARTESIAN_POINT('',(0.00254416290618494,0.00571427560219103,0.0220594254059544));
#2560=CARTESIAN_POINT('',(0.0040752984391209,0.00503256920606556,0.0207365087392878));
#2561=CARTESIAN_POINT('',(0.00506044750921772,0.00367662638263058,0.019413592072621));
#2562=CARTESIAN_POINT('',(0.00604559657931454,0.00232068355919561,0.0180906754059544));
#2563=CARTESIAN_POINT('',(0.00622078928881552,0.00065382809297331,0.0167677587392877));
#2564=CARTESIAN_POINT('',(0.0063959819983165,-0.00101302737324898,0.015444842072621));
#2565=CARTESIAN_POINT('',(0.00571427560219103,-0.00254416290618494,0.0141219254059544));
#2566=CARTESIAN_POINT('',(0.00503256920606556,-0.00407529843912089,0.0127990087392877));
#2567=CARTESIAN_POINT('',(0.00367662638263058,-0.00506044750921772,0.011476092072621));
#2568=CARTESIAN_POINT('',(0.00232068355919561,-0.00604559657931454,0.0101531754059544));
#2569=CARTESIAN_POINT('',(0.000653828092973313,-0.00622078928881552,0.00883025873928772));
#2570=CARTESIAN_POINT('',(-0.00101302737324899,-0.0063959819983165,0.00750734207262105));
#2571=CARTESIAN_POINT('',(-0.00254416290618494,-0.00571427560219103,0.00618442540595438));
#2572=CARTESIAN_POINT('',(-0.00373948707193004,-0.00518208226482573,0.00515165317454946));
#2573=CARTESIAN_POINT('',(-0.00462127221389447,-0.00421539484225262,0.0040945536487222));
#2574=CARTESIAN_POINT('',(-0.0045173947390393,-0.00432652924671764,0.0357548581794431));
#2575=CARTESIAN_POINT('',(-0.00458399003776757,-0.00425699608631012,0.0356782726544462));
#2576=CARTESIAN_POINT('',(-0.00464841374249318,-0.00418544624019991,0.0356022778392877));
#2577=CARTESIAN_POINT('',(-0.00576990068251862,-0.00293990753181314,0.0342793611726211));
#2578=CARTESIAN_POINT('',(-0.00611836750839974,-0.0013004958989406,0.0329564445059544));
#2579=CARTESIAN_POINT('',(-0.00646683433428087,0.000338915733931926,0.0316335278392877));
#2580=CARTESIAN_POINT('',(-0.00594890964143378,0.00193292126819983,0.0303106111726211));
#2581=CARTESIAN_POINT('',(-0.0054309849485867,0.00352692680246773,0.0289876945059544));
#2582=CARTESIAN_POINT('',(-0.00418544624019991,0.00464841374249317,0.0276647778392877));
#2583=CARTESIAN_POINT('',(-0.00293990753181314,0.00576990068251862,0.026341861172621));
#2584=CARTESIAN_POINT('',(-0.00130049589894061,0.00611836750839974,0.0250189445059544));
#2585=CARTESIAN_POINT('',(0.000338915733931924,0.00646683433428087,0.0236960278392877));
#2586=CARTESIAN_POINT('',(0.00193292126819982,0.00594890964143378,0.0223731111726211));
#2587=CARTESIAN_POINT('',(0.00352692680246773,0.0054309849485867,0.0210501945059544));
#2588=CARTESIAN_POINT('',(0.00464841374249317,0.00418544624019992,0.0197272778392877));
#2589=CARTESIAN_POINT('',(0.00576990068251862,0.00293990753181314,0.0184043611726211));
#2590=CARTESIAN_POINT('',(0.00611836750839974,0.00130049589894061,0.0170814445059544));
#2591=CARTESIAN_POINT('',(0.00646683433428087,-0.000338915733931921,0.0157585278392877));
#2592=CARTESIAN_POINT('',(0.00594890964143378,-0.00193292126819982,0.014435611172621));
#2593=CARTESIAN_POINT('',(0.0054309849485867,-0.00352692680246773,0.0131126945059544));
#2594=CARTESIAN_POINT('',(0.00418544624019992,-0.00464841374249317,0.0117897778392877));
#2595=CARTESIAN_POINT('',(0.00293990753181314,-0.00576990068251862,0.010466861172621));
#2596=CARTESIAN_POINT('',(0.00130049589894061,-0.00611836750839974,0.00914394450595438));
#2597=CARTESIAN_POINT('',(-0.000338915733931922,-0.00646683433428087,0.00782102783928772));
#2598=CARTESIAN_POINT('',(-0.00193292126819983,-0.00594890964143378,0.00649811117262104));
#2599=CARTESIAN_POINT('',(-0.00273105362026357,-0.00568958026998101,0.00583571536027781));
#2600=CARTESIAN_POINT('',(-0.00343260590930338,-0.00522904649266179,0.00514996111027307));
#2601=CARTESIAN_POINT('',(-0.003193673328147,-0.00305873669601621,0.0346966306794431));
#2602=CARTESIAN_POINT('',(-0.0032407543652524,-0.00300957867183555,0.0346200451544462));
#2603=CARTESIAN_POINT('',(-0.00328630014536866,-0.00295899490655588,0.0345440503392877));
#2604=CARTESIAN_POINT('',(-0.00407916044098811,-0.00207843343651807,0.0332211336726211));
#2605=CARTESIAN_POINT('',(-0.00432551686362769,-0.000919414686061828,0.0318982170059544));
#2606=CARTESIAN_POINT('',(-0.00457187328626727,0.000239604064394413,0.0305753003392877));
#2607=CARTESIAN_POINT('',(-0.00420571483143048,0.00136652195707181,0.0292523836726211));
#2608=CARTESIAN_POINT('',(-0.0038395563765937,0.0024934398497492,0.0279294670059544));
#2609=CARTESIAN_POINT('',(-0.00295899490655588,0.00328630014536865,0.0266065503392877));
#2610=CARTESIAN_POINT('',(-0.00207843343651807,0.00407916044098811,0.0252836336726211));
#2611=CARTESIAN_POINT('',(-0.000919414686061829,0.00432551686362768,0.0239607170059544));
#2612=CARTESIAN_POINT('',(0.000239604064394413,0.00457187328626727,0.0226378003392877));
#2613=CARTESIAN_POINT('',(0.0013665219570718,0.00420571483143048,0.021314883672621));
#2614=CARTESIAN_POINT('',(0.0024934398497492,0.0038395563765937,0.0199919670059544));
#2615=CARTESIAN_POINT('',(0.00328630014536865,0.00295899490655588,0.0186690503392877));
#2616=CARTESIAN_POINT('',(0.00407916044098811,0.00207843343651807,0.017346133672621));
#2617=CARTESIAN_POINT('',(0.00432551686362768,0.00091941468606183,0.0160232170059544));
#2618=CARTESIAN_POINT('',(0.00457187328626727,-0.00023960406439441,0.0147003003392877));
#2619=CARTESIAN_POINT('',(0.00420571483143048,-0.0013665219570718,0.013377383672621));
#2620=CARTESIAN_POINT('',(0.0038395563765937,-0.0024934398497492,0.0120544670059544));
#2621=CARTESIAN_POINT('',(0.00295899490655588,-0.00328630014536865,0.0107315503392877));
#2622=CARTESIAN_POINT('',(0.00207843343651807,-0.00407916044098811,0.00940863367262105));
#2623=CARTESIAN_POINT('',(0.000919414686061829,-0.00432551686362768,0.00808571700595438));
#2624=CARTESIAN_POINT('',(-0.00023960406439441,-0.00457187328626727,0.00676280033928772));
#2625=CARTESIAN_POINT('',(-0.00136652195707181,-0.00420571483143048,0.00543988367262105));
#2626=CARTESIAN_POINT('',(-0.00193077948876125,-0.00402237612745218,0.00477748786027782));
#2627=CARTESIAN_POINT('',(-0.00242675758304738,-0.00369679146498632,0.00409173361027307));
#2628=CARTESIAN_POINT('',(-0.00136652195707181,-0.00420571483143048,0.037189883672621));
#2629=CARTESIAN_POINT('',(-0.0024934398497492,-0.0038395563765937,0.0358669670059544));
#2630=CARTESIAN_POINT('',(-0.00328630014536866,-0.00295899490655588,0.0345440503392877));
#2631=CARTESIAN_POINT('',(-0.00407916044098811,-0.00207843343651807,0.0332211336726211));
#2632=CARTESIAN_POINT('',(-0.00432551686362769,-0.000919414686061827,0.0318982170059544));
#2633=CARTESIAN_POINT('',(-0.00457187328626727,0.000239604064394414,0.0305753003392877));
#2634=CARTESIAN_POINT('',(-0.00420571483143048,0.00136652195707181,0.0292523836726211));
#2635=CARTESIAN_POINT('',(-0.0038395563765937,0.0024934398497492,0.0279294670059544));
#2636=CARTESIAN_POINT('',(-0.00295899490655588,0.00328630014536866,0.0266065503392877));
#2637=CARTESIAN_POINT('',(-0.00207843343651807,0.00407916044098811,0.0252836336726211));
#2638=CARTESIAN_POINT('',(-0.000919414686061829,0.00432551686362768,0.0239607170059544));
#2639=CARTESIAN_POINT('',(0.000239604064394413,0.00457187328626727,0.0226378003392877));
#2640=CARTESIAN_POINT('',(0.00136652195707181,0.00420571483143048,0.021314883672621));
#2641=CARTESIAN_POINT('',(0.0024934398497492,0.0038395563765937,0.0199919670059544));
#2642=CARTESIAN_POINT('',(0.00328630014536865,0.00295899490655588,0.0186690503392877));
#2643=CARTESIAN_POINT('',(0.00407916044098811,0.00207843343651807,0.017346133672621));
#2644=CARTESIAN_POINT('',(0.00432551686362768,0.000919414686061829,0.0160232170059544));
#2645=CARTESIAN_POINT('',(0.00457187328626727,-0.00023960406439441,0.0147003003392877));
#2646=CARTESIAN_POINT('',(0.00420571483143048,-0.0013665219570718,0.013377383672621));
#2647=CARTESIAN_POINT('',(0.0038395563765937,-0.0024934398497492,0.0120544670059544));
#2648=CARTESIAN_POINT('',(0.00295899490655588,-0.00328630014536865,0.0107315503392877));
#2649=CARTESIAN_POINT('',(0.00207843343651807,-0.00407916044098811,0.00940863367262105));
#2650=CARTESIAN_POINT('',(0.000919414686061829,-0.00432551686362768,0.00808571700595438));
#2651=CARTESIAN_POINT('',(-0.000239604064394411,-0.00457187328626727,0.00676280033928772));
#2652=CARTESIAN_POINT('',(-0.00136652195707181,-0.00420571483143048,0.00543988367262105));
#2653=CARTESIAN_POINT('',(-0.0024934398497492,-0.0038395563765937,0.00411696700595439));
#2654=CARTESIAN_POINT('',(-0.00328630014536865,-0.00295899490655588,0.00279405033928772));
#2655=CARTESIAN_POINT('',(-0.00407916044098811,-0.00207843343651807,0.00147113367262105));
#2656=CARTESIAN_POINT('',(-0.00432551686362768,-0.000919414686061829,0.000148217005954382));
#2657=CARTESIAN_POINT('',(-0.00457187328626727,0.000239604064394411,-0.00117469966071229));
#2658=CARTESIAN_POINT('',(-0.00420571483143048,0.0013665219570718,-0.00249761632737895));
#2659=CARTESIAN_POINT('',(-0.0038395563765937,0.0024934398497492,-0.00382053299404562));
#2660=CARTESIAN_POINT('',(-0.00295899490655588,0.00328630014536865,-0.00514344966071229));
#2661=CARTESIAN_POINT('',(-0.00207843343651808,0.00407916044098811,-0.00646636632737895));
#2662=CARTESIAN_POINT('',(-0.000919414686061834,0.00432551686362768,-0.00778928299404562));
#2663=CARTESIAN_POINT('',(0.000239604064394406,0.00457187328626727,-0.00911219966071228));
#2664=CARTESIAN_POINT('',(0.0013665219570718,0.00420571483143048,-0.0104351163273789));
#2665=CARTESIAN_POINT('',(0.0024934398497492,0.0038395563765937,-0.0117580329940456));
#2666=CARTESIAN_POINT('',(0.00328630014536865,0.00295899490655588,-0.0130809496607123));
#2667=CARTESIAN_POINT('',(0.00407916044098811,0.00207843343651808,-0.014403866327379));
#2668=CARTESIAN_POINT('',(0.00432551686362768,0.000919414686061834,-0.0157267829940456));
#2669=CARTESIAN_POINT('',(0.00457187328626727,-0.000239604064394405,-0.0170496996607123));
#2670=CARTESIAN_POINT('',(0.00420571483143048,-0.0013665219570718,-0.018372616327379));
#2671=CARTESIAN_POINT('',(0.0038395563765937,-0.00249343984974919,-0.0196955329940456));
#2672=CARTESIAN_POINT('',(0.00295899490655588,-0.00328630014536865,-0.0210184496607123));
#2673=CARTESIAN_POINT('',(0.00207843343651808,-0.00407916044098811,-0.022341366327379));
#2674=CARTESIAN_POINT('',(0.000919414686061833,-0.00432551686362768,-0.0236642829940456));
#2675=CARTESIAN_POINT('',(-0.000239604064394406,-0.00457187328626727,-0.0249871996607123));
#2676=CARTESIAN_POINT('',(-0.0013665219570718,-0.00420571483143048,-0.0263101163273789));
#2677=CARTESIAN_POINT('',(-0.00263665765138095,-0.00355013463574101,0.0355459368445013));
#2678=CARTESIAN_POINT('',(-0.00299097819512928,-0.00328698349682076,0.035036805913205));
#2679=CARTESIAN_POINT('',(-0.00328630014536866,-0.00295899490655588,0.0345440503392877));
#2680=CARTESIAN_POINT('',(-0.00407916044098811,-0.00207843343651807,0.0332211336726211));
#2681=CARTESIAN_POINT('',(-0.00432551686362769,-0.000919414686061827,0.0318982170059544));
#2682=CARTESIAN_POINT('',(-0.00457187328626727,0.000239604064394414,0.0305753003392877));
#2683=CARTESIAN_POINT('',(-0.00420571483143048,0.00136652195707181,0.0292523836726211));
#2684=CARTESIAN_POINT('',(-0.0038395563765937,0.0024934398497492,0.0279294670059544));
#2685=CARTESIAN_POINT('',(-0.00295899490655588,0.00328630014536866,0.0266065503392877));
#2686=CARTESIAN_POINT('',(-0.00207843343651807,0.00407916044098811,0.0252836336726211));
#2687=CARTESIAN_POINT('',(-0.000919414686061829,0.00432551686362769,0.0239607170059544));
#2688=CARTESIAN_POINT('',(0.000239604064394413,0.00457187328626727,0.0226378003392877));
#2689=CARTESIAN_POINT('',(0.00136652195707181,0.00420571483143048,0.021314883672621));
#2690=CARTESIAN_POINT('',(0.0024934398497492,0.0038395563765937,0.0199919670059544));
#2691=CARTESIAN_POINT('',(0.00328630014536865,0.00295899490655588,0.0186690503392877));
#2692=CARTESIAN_POINT('',(0.00407916044098811,0.00207843343651807,0.017346133672621));
#2693=CARTESIAN_POINT('',(0.00432551686362768,0.00091941468606183,0.0160232170059544));
#2694=CARTESIAN_POINT('',(0.00457187328626727,-0.00023960406439441,0.0147003003392877));
#2695=CARTESIAN_POINT('',(0.00420571483143048,-0.00136652195707181,0.013377383672621));
#2696=CARTESIAN_POINT('',(0.0038395563765937,-0.0024934398497492,0.0120544670059544));
#2697=CARTESIAN_POINT('',(0.00295899490655588,-0.00328630014536865,0.0107315503392877));
#2698=CARTESIAN_POINT('',(0.00207843343651807,-0.00407916044098811,0.00940863367262105));
#2699=CARTESIAN_POINT('',(0.000919414686061829,-0.00432551686362768,0.00808571700595438));
#2700=CARTESIAN_POINT('',(-0.000239604064394411,-0.00457187328626727,0.00676280033928772));
#2701=CARTESIAN_POINT('',(-0.00136652195707181,-0.00420571483143048,0.00543988367262105));
#2702=CARTESIAN_POINT('',(-0.00148603124854342,-0.00416688384135727,0.00529958877222357));
#2703=CARTESIAN_POINT('',(-0.00160314263983236,-0.00412132905490753,0.00515738556138366));
#2704=CARTESIAN_POINT('',(-0.00241172157054004,-0.00324726885754531,0.0353394420196303));
#2705=CARTESIAN_POINT('',(-0.00273581465019934,-0.00300656742339676,0.034830311088334));
#2706=CARTESIAN_POINT('',(-0.00300594236938701,-0.0027065598901402,0.0343375555144167));
#2707=CARTESIAN_POINT('',(-0.00373116290621655,-0.00190112005976845,0.0330146388477501));
#2708=CARTESIAN_POINT('',(-0.00395650239927125,-0.000840978437031923,0.0316917221810833));
#2709=CARTESIAN_POINT('',(-0.00418184189232594,0.000219163185704605,0.0303688055144167));
#2710=CARTESIAN_POINT('',(-0.00384692080641894,0.00124994250913104,0.02904588884775));
#2711=CARTESIAN_POINT('',(-0.00351199972051194,0.00228072183255748,0.0277229721810834));
#2712=CARTESIAN_POINT('',(-0.0027065598901402,0.00300594236938701,0.0264000555144167));
#2713=CARTESIAN_POINT('',(-0.00190112005976845,0.00373116290621655,0.02507713884775));
#2714=CARTESIAN_POINT('',(-0.000840978437031925,0.00395650239927125,0.0237542221810834));
#2715=CARTESIAN_POINT('',(0.000219163185704605,0.00418184189232594,0.0224313055144167));
#2716=CARTESIAN_POINT('',(0.00124994250913104,0.00384692080641894,0.02110838884775));
#2717=CARTESIAN_POINT('',(0.00228072183255748,0.00351199972051194,0.0197854721810833));
#2718=CARTESIAN_POINT('',(0.00300594236938701,0.0027065598901402,0.0184625555144167));
#2719=CARTESIAN_POINT('',(0.00373116290621655,0.00190112005976845,0.01713963884775));
#2720=CARTESIAN_POINT('',(0.00395650239927124,0.000840978437031925,0.0158167221810833));
#2721=CARTESIAN_POINT('',(0.00418184189232594,-0.000219163185704602,0.0144938055144167));
#2722=CARTESIAN_POINT('',(0.00384692080641894,-0.00124994250913104,0.01317088884775));
#2723=CARTESIAN_POINT('',(0.00351199972051194,-0.00228072183255748,0.0118479721810834));
#2724=CARTESIAN_POINT('',(0.0027065598901402,-0.00300594236938701,0.0105250555144167));
#2725=CARTESIAN_POINT('',(0.00190112005976845,-0.00373116290621655,0.00920213884775003));
#2726=CARTESIAN_POINT('',(0.000840978437031925,-0.00395650239927124,0.00787922218108335));
#2727=CARTESIAN_POINT('',(-0.000219163185704603,-0.00418184189232594,0.00655630551441669));
#2728=CARTESIAN_POINT('',(-0.00124994250913105,-0.00384692080641894,0.00523338884775002));
#2729=CARTESIAN_POINT('',(-0.00135925633528177,-0.00381140252958996,0.00509309394735254));
#2730=CARTESIAN_POINT('',(-0.00146637682867596,-0.00376973407063601,0.00495089073651263));
#2731=CARTESIAN_POINT('',(-0.00241172157054005,-0.00324726885754531,0.0349093675693723));
#2732=CARTESIAN_POINT('',(-0.00273581465019935,-0.00300656742339676,0.034400236638076));
#2733=CARTESIAN_POINT('',(-0.00300594236938702,-0.0027065598901402,0.0339074810641588));
#2734=CARTESIAN_POINT('',(-0.00373116290621655,-0.00190112005976845,0.0325845643974921));
#2735=CARTESIAN_POINT('',(-0.00395650239927125,-0.000840978437031922,0.0312616477308254));
#2736=CARTESIAN_POINT('',(-0.00418184189232594,0.000219163185704606,0.0299387310641587));
#2737=CARTESIAN_POINT('',(-0.00384692080641894,0.00124994250913105,0.0286158143974921));
#2738=CARTESIAN_POINT('',(-0.00351199972051194,0.00228072183255748,0.0272928977308254));
#2739=CARTESIAN_POINT('',(-0.0027065598901402,0.00300594236938702,0.0259699810641587));
#2740=CARTESIAN_POINT('',(-0.00190112005976845,0.00373116290621656,0.0246470643974921));
#2741=CARTESIAN_POINT('',(-0.000840978437031925,0.00395650239927125,0.0233241477308254));
#2742=CARTESIAN_POINT('',(0.000219163185704606,0.00418184189232594,0.0220012310641588));
#2743=CARTESIAN_POINT('',(0.00124994250913104,0.00384692080641894,0.0206783143974921));
#2744=CARTESIAN_POINT('',(0.00228072183255748,0.00351199972051194,0.0193553977308254));
#2745=CARTESIAN_POINT('',(0.00300594236938701,0.0027065598901402,0.0180324810641588));
#2746=CARTESIAN_POINT('',(0.00373116290621655,0.00190112005976845,0.0167095643974921));
#2747=CARTESIAN_POINT('',(0.00395650239927125,0.000840978437031925,0.0153866477308254));
#2748=CARTESIAN_POINT('',(0.00418184189232594,-0.000219163185704603,0.0140637310641587));
#2749=CARTESIAN_POINT('',(0.00384692080641894,-0.00124994250913104,0.0127408143974921));
#2750=CARTESIAN_POINT('',(0.00351199972051194,-0.00228072183255748,0.0114178977308254));
#2751=CARTESIAN_POINT('',(0.0027065598901402,-0.00300594236938701,0.0100949810641587));
#2752=CARTESIAN_POINT('',(0.00190112005976845,-0.00373116290621655,0.00877206439749208));
#2753=CARTESIAN_POINT('',(0.000840978437031925,-0.00395650239927125,0.00744914773082542));
#2754=CARTESIAN_POINT('',(-0.000219163185704604,-0.00418184189232594,0.00612623106415875));
#2755=CARTESIAN_POINT('',(-0.00124994250913105,-0.00384692080641894,0.00480331439749208));
#2756=CARTESIAN_POINT('',(-0.00135925633528177,-0.00381140252958996,0.0046630194970946));
#2757=CARTESIAN_POINT('',(-0.00146637682867596,-0.00376973407063601,0.00452081628625469));
#2758=CARTESIAN_POINT('',(-0.00263665765138095,-0.00355013463574101,0.0347028727445013));
#2759=CARTESIAN_POINT('',(-0.00299097819512928,-0.00328698349682076,0.034193741813205));
#2760=CARTESIAN_POINT('',(-0.00328630014536866,-0.00295899490655588,0.0337009862392877));
#2761=CARTESIAN_POINT('',(-0.00407916044098811,-0.00207843343651807,0.0323780695726211));
#2762=CARTESIAN_POINT('',(-0.00432551686362769,-0.000919414686061827,0.0310551529059544));
#2763=CARTESIAN_POINT('',(-0.00457187328626727,0.000239604064394414,0.0297322362392877));
#2764=CARTESIAN_POINT('',(-0.00420571483143048,0.00136652195707181,0.0284093195726211));
#2765=CARTESIAN_POINT('',(-0.0038395563765937,0.0024934398497492,0.0270864029059544));
#2766=CARTESIAN_POINT('',(-0.00295899490655588,0.00328630014536866,0.0257634862392877));
#2767=CARTESIAN_POINT('',(-0.00207843343651807,0.00407916044098811,0.0244405695726211));
#2768=CARTESIAN_POINT('',(-0.000919414686061829,0.00432551686362769,0.0231176529059544));
#2769=CARTESIAN_POINT('',(0.000239604064394413,0.00457187328626727,0.0217947362392877));
#2770=CARTESIAN_POINT('',(0.00136652195707181,0.00420571483143048,0.0204718195726211));
#2771=CARTESIAN_POINT('',(0.0024934398497492,0.0038395563765937,0.0191489029059544));
#2772=CARTESIAN_POINT('',(0.00328630014536866,0.00295899490655588,0.0178259862392877));
#2773=CARTESIAN_POINT('',(0.00407916044098811,0.00207843343651807,0.016503069572621));
#2774=CARTESIAN_POINT('',(0.00432551686362769,0.00091941468606183,0.0151801529059544));
#2775=CARTESIAN_POINT('',(0.00457187328626727,-0.00023960406439441,0.0138572362392877));
#2776=CARTESIAN_POINT('',(0.00420571483143048,-0.00136652195707181,0.012534319572621));
#2777=CARTESIAN_POINT('',(0.0038395563765937,-0.0024934398497492,0.0112114029059544));
#2778=CARTESIAN_POINT('',(0.00295899490655588,-0.00328630014536865,0.00988848623928772));
#2779=CARTESIAN_POINT('',(0.00207843343651807,-0.00407916044098811,0.00856556957262105));
#2780=CARTESIAN_POINT('',(0.000919414686061829,-0.00432551686362768,0.00724265290595438));
#2781=CARTESIAN_POINT('',(-0.00023960406439441,-0.00457187328626727,0.00591973623928772));
#2782=CARTESIAN_POINT('',(-0.00136652195707181,-0.00420571483143048,0.00459681957262105));
#2783=CARTESIAN_POINT('',(-0.00148603124854342,-0.00416688384135727,0.00445652467222357));
#2784=CARTESIAN_POINT('',(-0.00160314263983236,-0.00412132905490753,0.00431432146138366));
#2785=CARTESIAN_POINT('',(-0.00136652195707181,-0.00420571483143048,0.0363468195726211));
#2786=CARTESIAN_POINT('',(-0.0024934398497492,-0.0038395563765937,0.0350239029059544));
#2787=CARTESIAN_POINT('',(-0.00328630014536866,-0.00295899490655588,0.0337009862392877));
#2788=CARTESIAN_POINT('',(-0.00407916044098811,-0.00207843343651807,0.0323780695726211));
#2789=CARTESIAN_POINT('',(-0.00432551686362769,-0.000919414686061827,0.0310551529059544));
#2790=CARTESIAN_POINT('',(-0.00457187328626727,0.000239604064394414,0.0297322362392877));
#2791=CARTESIAN_POINT('',(-0.00420571483143048,0.00136652195707181,0.0284093195726211));
#2792=CARTESIAN_POINT('',(-0.0038395563765937,0.0024934398497492,0.0270864029059544));
#2793=CARTESIAN_POINT('',(-0.00295899490655588,0.00328630014536866,0.0257634862392877));
#2794=CARTESIAN_POINT('',(-0.00207843343651807,0.00407916044098811,0.0244405695726211));
#2795=CARTESIAN_POINT('',(-0.000919414686061829,0.00432551686362769,0.0231176529059544));
#2796=CARTESIAN_POINT('',(0.000239604064394413,0.00457187328626727,0.0217947362392877));
#2797=CARTESIAN_POINT('',(0.00136652195707181,0.00420571483143048,0.0204718195726211));
#2798=CARTESIAN_POINT('',(0.0024934398497492,0.0038395563765937,0.0191489029059544));
#2799=CARTESIAN_POINT('',(0.00328630014536866,0.00295899490655588,0.0178259862392877));
#2800=CARTESIAN_POINT('',(0.00407916044098811,0.00207843343651807,0.016503069572621));
#2801=CARTESIAN_POINT('',(0.00432551686362769,0.00091941468606183,0.0151801529059544));
#2802=CARTESIAN_POINT('',(0.00457187328626727,-0.00023960406439441,0.0138572362392877));
#2803=CARTESIAN_POINT('',(0.00420571483143048,-0.00136652195707181,0.012534319572621));
#2804=CARTESIAN_POINT('',(0.0038395563765937,-0.0024934398497492,0.0112114029059544));
#2805=CARTESIAN_POINT('',(0.00295899490655588,-0.00328630014536865,0.00988848623928772));
#2806=CARTESIAN_POINT('',(0.00207843343651807,-0.00407916044098811,0.00856556957262105));
#2807=CARTESIAN_POINT('',(0.000919414686061829,-0.00432551686362769,0.00724265290595438));
#2808=CARTESIAN_POINT('',(-0.000239604064394411,-0.00457187328626727,0.00591973623928772));
#2809=CARTESIAN_POINT('',(-0.00136652195707181,-0.00420571483143048,0.00459681957262105));
#2810=CARTESIAN_POINT('',(-0.0024934398497492,-0.0038395563765937,0.00327390290595438));
#2811=CARTESIAN_POINT('',(-0.00328630014536865,-0.00295899490655588,0.00195098623928771));
#2812=CARTESIAN_POINT('',(-0.00407916044098811,-0.00207843343651807,0.000628069572621049));
#2813=CARTESIAN_POINT('',(-0.00432551686362769,-0.000919414686061829,-0.000694847094045617));
#2814=CARTESIAN_POINT('',(-0.00457187328626727,0.000239604064394411,-0.00201776376071228));
#2815=CARTESIAN_POINT('',(-0.00420571483143049,0.0013665219570718,-0.00334068042737895));
#2816=CARTESIAN_POINT('',(-0.0038395563765937,0.0024934398497492,-0.00466359709404562));
#2817=CARTESIAN_POINT('',(-0.00295899490655588,0.00328630014536865,-0.00598651376071228));
#2818=CARTESIAN_POINT('',(-0.00207843343651808,0.00407916044098811,-0.00730943042737895));
#2819=CARTESIAN_POINT('',(-0.000919414686061834,0.00432551686362768,-0.00863234709404562));
#2820=CARTESIAN_POINT('',(0.000239604064394406,0.00457187328626727,-0.00995526376071229));
#2821=CARTESIAN_POINT('',(0.00136652195707181,0.00420571483143048,-0.0112781804273789));
#2822=CARTESIAN_POINT('',(0.0024934398497492,0.0038395563765937,-0.0126010970940456));
#2823=CARTESIAN_POINT('',(0.00328630014536865,0.00295899490655588,-0.0139240137607123));
#2824=CARTESIAN_POINT('',(0.00407916044098811,0.00207843343651808,-0.0152469304273789));
#2825=CARTESIAN_POINT('',(0.00432551686362768,0.000919414686061834,-0.0165698470940456));
#2826=CARTESIAN_POINT('',(0.00457187328626727,-0.000239604064394406,-0.0178927637607123));
#2827=CARTESIAN_POINT('',(0.00420571483143048,-0.0013665219570718,-0.019215680427379));
#2828=CARTESIAN_POINT('',(0.0038395563765937,-0.0024934398497492,-0.0205385970940456));
#2829=CARTESIAN_POINT('',(0.00295899490655588,-0.00328630014536865,-0.0218615137607123));
#2830=CARTESIAN_POINT('',(0.00207843343651808,-0.00407916044098811,-0.023184430427379));
#2831=CARTESIAN_POINT('',(0.000919414686061834,-0.00432551686362768,-0.0245073470940456));
#2832=CARTESIAN_POINT('',(-0.000239604064394406,-0.00457187328626727,-0.0258302637607123));
#2833=CARTESIAN_POINT('',(-0.0013665219570718,-0.00420571483143048,-0.027153180427379));
#2834=CARTESIAN_POINT('',(-0.00196148695158789,-0.0039633304733802,0.0356174859535791));
#2835=CARTESIAN_POINT('',(-0.00271999976545621,-0.003587935840758,0.0346458793245702));
#2836=CARTESIAN_POINT('',(-0.00328630014536865,-0.00295899490655588,0.0337009862392877));
#2837=CARTESIAN_POINT('',(-0.00407916044098811,-0.00207843343651807,0.032378069572621));
#2838=CARTESIAN_POINT('',(-0.00432551686362768,-0.000919414686061827,0.0310551529059544));
#2839=CARTESIAN_POINT('',(-0.00457187328626727,0.000239604064394413,0.0297322362392877));
#2840=CARTESIAN_POINT('',(-0.00420571483143048,0.00136652195707181,0.0284093195726211));
#2841=CARTESIAN_POINT('',(-0.00383955637659369,0.0024934398497492,0.0270864029059544));
#2842=CARTESIAN_POINT('',(-0.00295899490655588,0.00328630014536865,0.0257634862392877));
#2843=CARTESIAN_POINT('',(-0.00207843343651807,0.00407916044098811,0.0244405695726211));
#2844=CARTESIAN_POINT('',(-0.000919414686061829,0.00432551686362768,0.0231176529059544));
#2845=CARTESIAN_POINT('',(0.000239604064394413,0.00457187328626727,0.0217947362392877));
#2846=CARTESIAN_POINT('',(0.0013665219570718,0.00420571483143048,0.0204718195726211));
#2847=CARTESIAN_POINT('',(0.00249343984974919,0.0038395563765937,0.0191489029059544));
#2848=CARTESIAN_POINT('',(0.00328630014536865,0.00295899490655588,0.0178259862392877));
#2849=CARTESIAN_POINT('',(0.00407916044098811,0.00207843343651807,0.016503069572621));
#2850=CARTESIAN_POINT('',(0.00432551686362768,0.000919414686061829,0.0151801529059544));
#2851=CARTESIAN_POINT('',(0.00457187328626727,-0.000239604064394409,0.0138572362392877));
#2852=CARTESIAN_POINT('',(0.00420571483143048,-0.0013665219570718,0.012534319572621));
#2853=CARTESIAN_POINT('',(0.0038395563765937,-0.00249343984974919,0.0112114029059544));
#2854=CARTESIAN_POINT('',(0.00295899490655588,-0.00328630014536865,0.00988848623928771));
#2855=CARTESIAN_POINT('',(0.00207843343651807,-0.00407916044098811,0.00856556957262104));
#2856=CARTESIAN_POINT('',(0.000919414686061829,-0.00432551686362768,0.00724265290595438));
#2857=CARTESIAN_POINT('',(1.45939885005031E-5,-0.00451784195767272,0.00620988067454945));
#2858=CARTESIAN_POINT('',(-0.000891450348779189,-0.00433136650240257,0.00515278114872219));
#2859=CARTESIAN_POINT('',(-0.00277448878622113,-0.00560606123103701,0.0345592584535791));
#2860=CARTESIAN_POINT('',(-0.00384739181755614,-0.00507507212719682,0.0335876518245702));
#2861=CARTESIAN_POINT('',(-0.00464841374249318,-0.00418544624019991,0.0326427587392877));
#2862=CARTESIAN_POINT('',(-0.00576990068251862,-0.00293990753181314,0.031319842072621));
#2863=CARTESIAN_POINT('',(-0.00611836750839974,-0.0013004958989406,0.0299969254059544));
#2864=CARTESIAN_POINT('',(-0.00646683433428087,0.000338915733931926,0.0286740087392877));
#2865=CARTESIAN_POINT('',(-0.00594890964143378,0.00193292126819983,0.0273510920726211));
#2866=CARTESIAN_POINT('',(-0.0054309849485867,0.00352692680246773,0.0260281754059544));
#2867=CARTESIAN_POINT('',(-0.00418544624019991,0.00464841374249317,0.0247052587392877));
#2868=CARTESIAN_POINT('',(-0.00293990753181314,0.00576990068251862,0.0233823420726211));
#2869=CARTESIAN_POINT('',(-0.00130049589894061,0.00611836750839974,0.0220594254059544));
#2870=CARTESIAN_POINT('',(0.000338915733931924,0.00646683433428087,0.0207365087392878));
#2871=CARTESIAN_POINT('',(0.00193292126819982,0.00594890964143378,0.019413592072621));
#2872=CARTESIAN_POINT('',(0.00352692680246773,0.0054309849485867,0.0180906754059544));
#2873=CARTESIAN_POINT('',(0.00464841374249317,0.00418544624019992,0.0167677587392877));
#2874=CARTESIAN_POINT('',(0.00576990068251862,0.00293990753181314,0.015444842072621));
#2875=CARTESIAN_POINT('',(0.00611836750839974,0.00130049589894061,0.0141219254059544));
#2876=CARTESIAN_POINT('',(0.00646683433428087,-0.000338915733931921,0.0127990087392877));
#2877=CARTESIAN_POINT('',(0.00594890964143378,-0.00193292126819982,0.011476092072621));
#2878=CARTESIAN_POINT('',(0.0054309849485867,-0.00352692680246773,0.0101531754059544));
#2879=CARTESIAN_POINT('',(0.00418544624019992,-0.00464841374249317,0.00883025873928772));
#2880=CARTESIAN_POINT('',(0.00293990753181314,-0.00576990068251862,0.00750734207262105));
#2881=CARTESIAN_POINT('',(0.00130049589894061,-0.00611836750839974,0.00618442540595438));
#2882=CARTESIAN_POINT('',(2.06429399941228E-5,-0.00639040797051187,0.00515165317454945));
#2883=CARTESIAN_POINT('',(-0.00126094083580752,-0.00612664171953902,0.00409455364872219));
#2884=CARTESIAN_POINT('',(0.00111157879660881,0.00615549373567488,0.0357548583675711));
#2885=CARTESIAN_POINT('',(0.00120632620830342,0.00613838394425996,0.0356782727478068));
#2886=CARTESIAN_POINT('',(0.00130050214031054,0.00611836618175561,0.0356022778392877));
#2887=CARTESIAN_POINT('',(0.00293991341770985,0.00576989768350445,0.0342793611726211));
#2888=CARTESIAN_POINT('',(0.00418545098206277,0.00464840947290069,0.0329564445059544));
#2889=CARTESIAN_POINT('',(0.00543098854641569,0.00352692126229692,0.0316335278392877));
#2890=CARTESIAN_POINT('',(0.00594891161321123,0.00193291519969285,0.0303106111726211));
#2891=CARTESIAN_POINT('',(0.00646683468000677,0.000338909137088769,0.0289876945059544));
#2892=CARTESIAN_POINT('',(0.00611836618175561,-0.00130050214031054,0.0276647778392877));
#2893=CARTESIAN_POINT('',(0.00576989768350445,-0.00293991341770985,0.026341861172621));
#2894=CARTESIAN_POINT('',(0.00464840947290069,-0.00418545098206276,0.0250189445059544));
#2895=CARTESIAN_POINT('',(0.00352692126229692,-0.00543098854641569,0.0236960278392877));
#2896=CARTESIAN_POINT('',(0.00193291519969285,-0.00594891161321123,0.0223731111726211));
#2897=CARTESIAN_POINT('',(0.000338909137088771,-0.00646683468000677,0.0210501945059544));
#2898=CARTESIAN_POINT('',(-0.00130050214031054,-0.00611836618175561,0.0197272778392877));
#2899=CARTESIAN_POINT('',(-0.00293991341770985,-0.00576989768350445,0.0184043611726211));
#2900=CARTESIAN_POINT('',(-0.00418545098206276,-0.00464840947290069,0.0170814445059544));
#2901=CARTESIAN_POINT('',(-0.00543098854641569,-0.00352692126229693,0.0157585278392877));
#2902=CARTESIAN_POINT('',(-0.00594891161321123,-0.00193291519969285,0.014435611172621));
#2903=CARTESIAN_POINT('',(-0.00646683468000677,-0.000338909137088772,0.0131126945059544));
#2904=CARTESIAN_POINT('',(-0.00611836618175561,0.00130050214031053,0.0117897778392877));
#2905=CARTESIAN_POINT('',(-0.00576989768350445,0.00293991341770985,0.010466861172621));
#2906=CARTESIAN_POINT('',(-0.00464840947290069,0.00418545098206276,0.00914394450595438));
#2907=CARTESIAN_POINT('',(-0.00352692126229693,0.00543098854641569,0.00782102783928772));
#2908=CARTESIAN_POINT('',(-0.00193291519969285,0.00594891161321123,0.00649811117262104));
#2909=CARTESIAN_POINT('',(-0.00113476312870191,0.00620824649158773,0.00583569921446108));
#2910=CARTESIAN_POINT('',(-0.00029647975380052,0.00624802451232303,0.00514992827104602));
#2911=CARTESIAN_POINT('',(0.000785855511847139,0.00435176408103348,0.0346966308675711));
#2912=CARTESIAN_POINT('',(0.000852839315371111,0.00433966793100705,0.0346200452478068));
#2913=CARTESIAN_POINT('',(0.000919419098538009,0.00432551592572692,0.0345440503392877));
#2914=CARTESIAN_POINT('',(0.0020784375976845,0.00407915832076791,0.0332211336726211));
#2915=CARTESIAN_POINT('',(0.00295899825892197,0.00328629712688468,0.0318982170059544));
#2916=CARTESIAN_POINT('',(0.00383955892015943,0.00249343593300144,0.0305753003392877));
#2917=CARTESIAN_POINT('',(0.00420571622542268,0.00136651766680496,0.0292523836726211));
#2918=CARTESIAN_POINT('',(0.00457187353068594,0.00023959940060848,0.0279294670059544));
#2919=CARTESIAN_POINT('',(0.00432551592572692,-0.000919419098538008,0.0266065503392877));
#2920=CARTESIAN_POINT('',(0.00407915832076791,-0.0020784375976845,0.0252836336726211));
#2921=CARTESIAN_POINT('',(0.00328629712688468,-0.00295899825892197,0.0239607170059544));
#2922=CARTESIAN_POINT('',(0.00249343593300144,-0.00383955892015943,0.0226378003392877));
#2923=CARTESIAN_POINT('',(0.00136651766680496,-0.00420571622542268,0.021314883672621));
#2924=CARTESIAN_POINT('',(0.000239599400608482,-0.00457187353068594,0.0199919670059544));
#2925=CARTESIAN_POINT('',(-0.000919419098538007,-0.00432551592572692,0.0186690503392877));
#2926=CARTESIAN_POINT('',(-0.00207843759768449,-0.00407915832076791,0.017346133672621));
#2927=CARTESIAN_POINT('',(-0.00295899825892196,-0.00328629712688468,0.0160232170059544));
#2928=CARTESIAN_POINT('',(-0.00383955892015943,-0.00249343593300144,0.0147003003392877));
#2929=CARTESIAN_POINT('',(-0.00420571622542268,-0.00136651766680496,0.013377383672621));
#2930=CARTESIAN_POINT('',(-0.00457187353068594,-0.000239599400608482,0.0120544670059544));
#2931=CARTESIAN_POINT('',(-0.00432551592572692,0.000919419098538006,0.0107315503392877));
#2932=CARTESIAN_POINT('',(-0.00407915832076791,0.0020784375976845,0.00940863367262105));
#2933=CARTESIAN_POINT('',(-0.00328629712688468,0.00295899825892197,0.00808571700595438));
#2934=CARTESIAN_POINT('',(-0.00249343593300144,0.00383955892015943,0.00676280033928772));
#2935=CARTESIAN_POINT('',(-0.00136651766680496,0.00420571622542268,0.00543988367262105));
#2936=CARTESIAN_POINT('',(-0.000802246194378541,0.00438905882264398,0.00477747171446108));
#2937=CARTESIAN_POINT('',(-0.000209602998353355,0.00441718078479418,0.00409170077104603));
#2938=CARTESIAN_POINT('',(-0.00136651766680496,0.00420571622542268,0.037189883672621));
#2939=CARTESIAN_POINT('',(-0.000239599400608479,0.00457187353068594,0.0358669670059544));
#2940=CARTESIAN_POINT('',(0.00091941909853801,0.00432551592572692,0.0345440503392877));
#2941=CARTESIAN_POINT('',(0.0020784375976845,0.00407915832076791,0.0332211336726211));
#2942=CARTESIAN_POINT('',(0.00295899825892197,0.00328629712688467,0.0318982170059544));
#2943=CARTESIAN_POINT('',(0.00383955892015943,0.00249343593300144,0.0305753003392877));
#2944=CARTESIAN_POINT('',(0.00420571622542268,0.00136651766680496,0.0292523836726211));
#2945=CARTESIAN_POINT('',(0.00457187353068594,0.00023959940060848,0.0279294670059544));
#2946=CARTESIAN_POINT('',(0.00432551592572692,-0.000919419098538009,0.0266065503392877));
#2947=CARTESIAN_POINT('',(0.00407915832076791,-0.0020784375976845,0.0252836336726211));
#2948=CARTESIAN_POINT('',(0.00328629712688468,-0.00295899825892197,0.0239607170059544));
#2949=CARTESIAN_POINT('',(0.00249343593300144,-0.00383955892015943,0.0226378003392877));
#2950=CARTESIAN_POINT('',(0.00136651766680496,-0.00420571622542268,0.021314883672621));
#2951=CARTESIAN_POINT('',(0.000239599400608482,-0.00457187353068594,0.0199919670059544));
#2952=CARTESIAN_POINT('',(-0.000919419098538008,-0.00432551592572692,0.0186690503392877));
#2953=CARTESIAN_POINT('',(-0.0020784375976845,-0.00407915832076791,0.017346133672621));
#2954=CARTESIAN_POINT('',(-0.00295899825892197,-0.00328629712688468,0.0160232170059544));
#2955=CARTESIAN_POINT('',(-0.00383955892015943,-0.00249343593300144,0.0147003003392877));
#2956=CARTESIAN_POINT('',(-0.00420571622542268,-0.00136651766680496,0.013377383672621));
#2957=CARTESIAN_POINT('',(-0.00457187353068594,-0.000239599400608482,0.0120544670059544));
#2958=CARTESIAN_POINT('',(-0.00432551592572692,0.000919419098538006,0.0107315503392877));
#2959=CARTESIAN_POINT('',(-0.00407915832076791,0.0020784375976845,0.00940863367262105));
#2960=CARTESIAN_POINT('',(-0.00328629712688468,0.00295899825892197,0.00808571700595438));
#2961=CARTESIAN_POINT('',(-0.00249343593300144,0.00383955892015943,0.00676280033928772));
#2962=CARTESIAN_POINT('',(-0.00136651766680496,0.00420571622542268,0.00543988367262105));
#2963=CARTESIAN_POINT('',(-0.000239599400608481,0.00457187353068594,0.00411696700595439));
#2964=CARTESIAN_POINT('',(0.000919419098538007,0.00432551592572693,0.00279405033928772));
#2965=CARTESIAN_POINT('',(0.00207843759768449,0.00407915832076791,0.00147113367262105));
#2966=CARTESIAN_POINT('',(0.00295899825892197,0.00328629712688468,0.000148217005954382));
#2967=CARTESIAN_POINT('',(0.00383955892015943,0.00249343593300144,-0.00117469966071229));
#2968=CARTESIAN_POINT('',(0.00420571622542268,0.00136651766680496,-0.00249761632737895));
#2969=CARTESIAN_POINT('',(0.00457187353068594,0.000239599400608482,-0.00382053299404562));
#2970=CARTESIAN_POINT('',(0.00432551592572693,-0.000919419098538006,-0.00514344966071229));
#2971=CARTESIAN_POINT('',(0.00407915832076791,-0.00207843759768449,-0.00646636632737895));
#2972=CARTESIAN_POINT('',(0.00328629712688468,-0.00295899825892196,-0.00778928299404562));
#2973=CARTESIAN_POINT('',(0.00249343593300144,-0.00383955892015943,-0.00911219966071228));
#2974=CARTESIAN_POINT('',(0.00136651766680496,-0.00420571622542268,-0.0104351163273789));
#2975=CARTESIAN_POINT('',(0.000239599400608483,-0.00457187353068594,-0.0117580329940456));
#2976=CARTESIAN_POINT('',(-0.000919419098538006,-0.00432551592572693,-0.0130809496607123));
#2977=CARTESIAN_POINT('',(-0.00207843759768449,-0.00407915832076791,-0.014403866327379));
#2978=CARTESIAN_POINT('',(-0.00295899825892196,-0.00328629712688468,-0.0157267829940456));
#2979=CARTESIAN_POINT('',(-0.00383955892015943,-0.00249343593300144,-0.0170496996607123));
#2980=CARTESIAN_POINT('',(-0.00420571622542268,-0.00136651766680496,-0.018372616327379));
#2981=CARTESIAN_POINT('',(-0.00457187353068594,-0.000239599400608483,-0.0196955329940456));
#2982=CARTESIAN_POINT('',(-0.00432551592572692,0.000919419098538006,-0.0210184496607123));
#2983=CARTESIAN_POINT('',(-0.00407915832076791,0.00207843759768449,-0.022341366327379));
#2984=CARTESIAN_POINT('',(-0.00328629712688468,0.00295899825892196,-0.0236642829940456));
#2985=CARTESIAN_POINT('',(-0.00249343593300144,0.00383955892015943,-0.0249871996607123));
#2986=CARTESIAN_POINT('',(-0.00136651766680496,0.00420571622542268,-0.0263101163273789));
#2987=CARTESIAN_POINT('',(4.63840657746431E-5,0.00442190773545942,0.0355459368445013));
#2988=CARTESIAN_POINT('',(0.000487711765704503,0.00441727838218333,0.035036805913205));
#2989=CARTESIAN_POINT('',(0.00091941909853801,0.00432551592572692,0.0345440503392877));
#2990=CARTESIAN_POINT('',(0.0020784375976845,0.00407915832076791,0.0332211336726211));
#2991=CARTESIAN_POINT('',(0.00295899825892197,0.00328629712688467,0.0318982170059544));
#2992=CARTESIAN_POINT('',(0.00383955892015943,0.00249343593300144,0.0305753003392877));
#2993=CARTESIAN_POINT('',(0.00420571622542268,0.00136651766680496,0.0292523836726211));
#2994=CARTESIAN_POINT('',(0.00457187353068594,0.00023959940060848,0.0279294670059544));
#2995=CARTESIAN_POINT('',(0.00432551592572693,-0.000919419098538009,0.0266065503392877));
#2996=CARTESIAN_POINT('',(0.00407915832076791,-0.0020784375976845,0.0252836336726211));
#2997=CARTESIAN_POINT('',(0.00328629712688468,-0.00295899825892197,0.0239607170059544));
#2998=CARTESIAN_POINT('',(0.00249343593300144,-0.00383955892015943,0.0226378003392877));
#2999=CARTESIAN_POINT('',(0.00136651766680496,-0.00420571622542268,0.021314883672621));
#3000=CARTESIAN_POINT('',(0.000239599400608482,-0.00457187353068594,0.0199919670059544));
#3001=CARTESIAN_POINT('',(-0.000919419098538008,-0.00432551592572693,0.0186690503392877));
#3002=CARTESIAN_POINT('',(-0.0020784375976845,-0.00407915832076791,0.017346133672621));
#3003=CARTESIAN_POINT('',(-0.00295899825892197,-0.00328629712688468,0.0160232170059544));
#3004=CARTESIAN_POINT('',(-0.00383955892015943,-0.00249343593300144,0.0147003003392877));
#3005=CARTESIAN_POINT('',(-0.00420571622542268,-0.00136651766680496,0.013377383672621));
#3006=CARTESIAN_POINT('',(-0.00457187353068594,-0.000239599400608482,0.0120544670059544));
#3007=CARTESIAN_POINT('',(-0.00432551592572693,0.000919419098538006,0.0107315503392877));
#3008=CARTESIAN_POINT('',(-0.00407915832076791,0.0020784375976845,0.00940863367262105));
#3009=CARTESIAN_POINT('',(-0.00328629712688468,0.00295899825892197,0.00808571700595438));
#3010=CARTESIAN_POINT('',(-0.00249343593300144,0.00383955892015943,0.00676280033928772));
#3011=CARTESIAN_POINT('',(-0.00136651766680496,0.00420571622542268,0.00543988367262105));
#3012=CARTESIAN_POINT('',(-0.00124700833572176,0.00424454709358398,0.00529958877222357));
#3013=CARTESIAN_POINT('',(-0.00112548679828763,0.00427652884584612,0.00515738556138366));
#3014=CARTESIAN_POINT('',(4.24269915737695E-5,0.00404467006285776,0.0353394420196303));
#3015=CARTESIAN_POINT('',(0.000446104553975626,0.00404043564465494,0.034830311088334));
#3016=CARTESIAN_POINT('',(0.000840982473075048,0.0039565015413838,0.0343375555144167));
#3017=CARTESIAN_POINT('',(0.00190112386594133,0.00373116096687461,0.0330146388477501));
#3018=CARTESIAN_POINT('',(0.00270656295651235,0.00300593960841313,0.0316917221810833));
#3019=CARTESIAN_POINT('',(0.00351200204708338,0.00228071824995165,0.0303688055144167));
#3020=CARTESIAN_POINT('',(0.00384692208148818,0.00124993858487144,0.02904588884775));
#3021=CARTESIAN_POINT('',(0.00418184211589298,0.000219158919791232,0.0277229721810834));
#3022=CARTESIAN_POINT('',(0.0039565015413838,-0.000840982473075048,0.0264000555144167));
#3023=CARTESIAN_POINT('',(0.00373116096687461,-0.00190112386594133,0.02507713884775));
#3024=CARTESIAN_POINT('',(0.00300593960841313,-0.00270656295651235,0.0237542221810834));
#3025=CARTESIAN_POINT('',(0.00228071824995166,-0.00351200204708338,0.0224313055144167));
#3026=CARTESIAN_POINT('',(0.00124993858487144,-0.00384692208148818,0.02110838884775));
#3027=CARTESIAN_POINT('',(0.000219158919791234,-0.00418184211589298,0.0197854721810833));
#3028=CARTESIAN_POINT('',(-0.000840982473075047,-0.0039565015413838,0.0184625555144167));
#3029=CARTESIAN_POINT('',(-0.00190112386594132,-0.00373116096687461,0.01713963884775));
#3030=CARTESIAN_POINT('',(-0.00270656295651235,-0.00300593960841313,0.0158167221810833));
#3031=CARTESIAN_POINT('',(-0.00351200204708338,-0.00228071824995166,0.0144938055144167));
#3032=CARTESIAN_POINT('',(-0.00384692208148818,-0.00124993858487144,0.01317088884775));
#3033=CARTESIAN_POINT('',(-0.00418184211589298,-0.000219158919791234,0.0118479721810834));
#3034=CARTESIAN_POINT('',(-0.0039565015413838,0.000840982473075045,0.0105250555144167));
#3035=CARTESIAN_POINT('',(-0.00373116096687461,0.00190112386594132,0.00920213884775003));
#3036=CARTESIAN_POINT('',(-0.00300593960841313,0.00270656295651235,0.00787922218108335));
#3037=CARTESIAN_POINT('',(-0.00228071824995166,0.00351200204708338,0.00655630551441669));
#3038=CARTESIAN_POINT('',(-0.00124993858487144,0.00384692208148818,0.00523338884775002));
#3039=CARTESIAN_POINT('',(-0.00114062472248844,0.00388244024680568,0.00509309394735254));
#3040=CARTESIAN_POINT('',(-0.00102947031722783,0.00391169360161792,0.00495089073651263));
#3041=CARTESIAN_POINT('',(4.242699157377E-5,0.00404467006285776,0.0349093675693723));
#3042=CARTESIAN_POINT('',(0.000446104553975627,0.00404043564465494,0.034400236638076));
#3043=CARTESIAN_POINT('',(0.000840982473075048,0.0039565015413838,0.0339074810641588));
#3044=CARTESIAN_POINT('',(0.00190112386594133,0.00373116096687461,0.0325845643974921));
#3045=CARTESIAN_POINT('',(0.00270656295651236,0.00300593960841313,0.0312616477308254));
#3046=CARTESIAN_POINT('',(0.00351200204708338,0.00228071824995165,0.0299387310641587));
#3047=CARTESIAN_POINT('',(0.00384692208148818,0.00124993858487144,0.0286158143974921));
#3048=CARTESIAN_POINT('',(0.00418184211589298,0.000219158919791231,0.0272928977308254));
#3049=CARTESIAN_POINT('',(0.0039565015413838,-0.000840982473075048,0.0259699810641587));
#3050=CARTESIAN_POINT('',(0.00373116096687461,-0.00190112386594133,0.0246470643974921));
#3051=CARTESIAN_POINT('',(0.00300593960841313,-0.00270656295651235,0.0233241477308254));
#3052=CARTESIAN_POINT('',(0.00228071824995165,-0.00351200204708338,0.0220012310641588));
#3053=CARTESIAN_POINT('',(0.00124993858487144,-0.00384692208148818,0.0206783143974921));
#3054=CARTESIAN_POINT('',(0.000219158919791233,-0.00418184211589298,0.0193553977308254));
#3055=CARTESIAN_POINT('',(-0.000840982473075047,-0.0039565015413838,0.0180324810641588));
#3056=CARTESIAN_POINT('',(-0.00190112386594132,-0.00373116096687461,0.0167095643974921));
#3057=CARTESIAN_POINT('',(-0.00270656295651235,-0.00300593960841313,0.0153866477308254));
#3058=CARTESIAN_POINT('',(-0.00351200204708338,-0.00228071824995166,0.0140637310641587));
#3059=CARTESIAN_POINT('',(-0.00384692208148818,-0.00124993858487144,0.0127408143974921));
#3060=CARTESIAN_POINT('',(-0.00418184211589298,-0.000219158919791233,0.0114178977308254));
#3061=CARTESIAN_POINT('',(-0.0039565015413838,0.000840982473075045,0.0100949810641587));
#3062=CARTESIAN_POINT('',(-0.00373116096687461,0.00190112386594133,0.00877206439749208));
#3063=CARTESIAN_POINT('',(-0.00300593960841313,0.00270656295651235,0.00744914773082542));
#3064=CARTESIAN_POINT('',(-0.00228071824995166,0.00351200204708338,0.00612623106415875));
#3065=CARTESIAN_POINT('',(-0.00124993858487144,0.00384692208148818,0.00480331439749208));
#3066=CARTESIAN_POINT('',(-0.00114062472248844,0.00388244024680568,0.0046630194970946));
#3067=CARTESIAN_POINT('',(-0.00102947031722783,0.00391169360161792,0.00452081628625469));
#3068=CARTESIAN_POINT('',(4.63840657746431E-5,0.00442190773545943,0.0347028727445013));
#3069=CARTESIAN_POINT('',(0.000487711765704503,0.00441727838218334,0.034193741813205));
#3070=CARTESIAN_POINT('',(0.00091941909853801,0.00432551592572693,0.0337009862392877));
#3071=CARTESIAN_POINT('',(0.0020784375976845,0.00407915832076791,0.0323780695726211));
#3072=CARTESIAN_POINT('',(0.00295899825892197,0.00328629712688468,0.0310551529059544));
#3073=CARTESIAN_POINT('',(0.00383955892015943,0.00249343593300144,0.0297322362392877));
#3074=CARTESIAN_POINT('',(0.00420571622542268,0.00136651766680496,0.0284093195726211));
#3075=CARTESIAN_POINT('',(0.00457187353068594,0.00023959940060848,0.0270864029059544));
#3076=CARTESIAN_POINT('',(0.00432551592572693,-0.000919419098538009,0.0257634862392877));
#3077=CARTESIAN_POINT('',(0.00407915832076791,-0.0020784375976845,0.0244405695726211));
#3078=CARTESIAN_POINT('',(0.00328629712688468,-0.00295899825892197,0.0231176529059544));
#3079=CARTESIAN_POINT('',(0.00249343593300144,-0.00383955892015943,0.0217947362392877));
#3080=CARTESIAN_POINT('',(0.00136651766680496,-0.00420571622542268,0.0204718195726211));
#3081=CARTESIAN_POINT('',(0.000239599400608482,-0.00457187353068594,0.0191489029059544));
#3082=CARTESIAN_POINT('',(-0.000919419098538008,-0.00432551592572693,0.0178259862392877));
#3083=CARTESIAN_POINT('',(-0.0020784375976845,-0.00407915832076791,0.016503069572621));
#3084=CARTESIAN_POINT('',(-0.00295899825892197,-0.00328629712688468,0.0151801529059544));
#3085=CARTESIAN_POINT('',(-0.00383955892015943,-0.00249343593300144,0.0138572362392877));
#3086=CARTESIAN_POINT('',(-0.00420571622542268,-0.00136651766680496,0.012534319572621));
#3087=CARTESIAN_POINT('',(-0.00457187353068594,-0.000239599400608482,0.0112114029059544));
#3088=CARTESIAN_POINT('',(-0.00432551592572693,0.000919419098538007,0.00988848623928772));
#3089=CARTESIAN_POINT('',(-0.00407915832076791,0.0020784375976845,0.00856556957262105));
#3090=CARTESIAN_POINT('',(-0.00328629712688468,0.00295899825892197,0.00724265290595438));
#3091=CARTESIAN_POINT('',(-0.00249343593300144,0.00383955892015943,0.00591973623928772));
#3092=CARTESIAN_POINT('',(-0.00136651766680496,0.00420571622542268,0.00459681957262105));
#3093=CARTESIAN_POINT('',(-0.00124700833572176,0.00424454709358398,0.00445652467222357));
#3094=CARTESIAN_POINT('',(-0.00112548679828763,0.00427652884584612,0.00431432146138366));
#3095=CARTESIAN_POINT('',(-0.00136651766680496,0.00420571622542268,0.0363468195726211));
#3096=CARTESIAN_POINT('',(-0.000239599400608478,0.00457187353068594,0.0350239029059544));
#3097=CARTESIAN_POINT('',(0.00091941909853801,0.00432551592572692,0.0337009862392877));
#3098=CARTESIAN_POINT('',(0.0020784375976845,0.00407915832076791,0.0323780695726211));
#3099=CARTESIAN_POINT('',(0.00295899825892197,0.00328629712688468,0.0310551529059544));
#3100=CARTESIAN_POINT('',(0.00383955892015943,0.00249343593300144,0.0297322362392877));
#3101=CARTESIAN_POINT('',(0.00420571622542268,0.00136651766680496,0.0284093195726211));
#3102=CARTESIAN_POINT('',(0.00457187353068594,0.00023959940060848,0.0270864029059544));
#3103=CARTESIAN_POINT('',(0.00432551592572693,-0.000919419098538009,0.0257634862392877));
#3104=CARTESIAN_POINT('',(0.00407915832076791,-0.0020784375976845,0.0244405695726211));
#3105=CARTESIAN_POINT('',(0.00328629712688468,-0.00295899825892197,0.0231176529059544));
#3106=CARTESIAN_POINT('',(0.00249343593300144,-0.00383955892015943,0.0217947362392877));
#3107=CARTESIAN_POINT('',(0.00136651766680496,-0.00420571622542268,0.0204718195726211));
#3108=CARTESIAN_POINT('',(0.000239599400608482,-0.00457187353068594,0.0191489029059544));
#3109=CARTESIAN_POINT('',(-0.000919419098538008,-0.00432551592572693,0.0178259862392877));
#3110=CARTESIAN_POINT('',(-0.0020784375976845,-0.00407915832076791,0.016503069572621));
#3111=CARTESIAN_POINT('',(-0.00295899825892197,-0.00328629712688468,0.0151801529059544));
#3112=CARTESIAN_POINT('',(-0.00383955892015943,-0.00249343593300144,0.0138572362392877));
#3113=CARTESIAN_POINT('',(-0.00420571622542268,-0.00136651766680496,0.012534319572621));
#3114=CARTESIAN_POINT('',(-0.00457187353068594,-0.000239599400608482,0.0112114029059544));
#3115=CARTESIAN_POINT('',(-0.00432551592572693,0.000919419098538007,0.00988848623928772));
#3116=CARTESIAN_POINT('',(-0.00407915832076791,0.0020784375976845,0.00856556957262105));
#3117=CARTESIAN_POINT('',(-0.00328629712688468,0.00295899825892197,0.00724265290595438));
#3118=CARTESIAN_POINT('',(-0.00249343593300144,0.00383955892015943,0.00591973623928772));
#3119=CARTESIAN_POINT('',(-0.00136651766680496,0.00420571622542268,0.00459681957262105));
#3120=CARTESIAN_POINT('',(-0.000239599400608481,0.00457187353068594,0.00327390290595438));
#3121=CARTESIAN_POINT('',(0.000919419098538007,0.00432551592572693,0.00195098623928771));
#3122=CARTESIAN_POINT('',(0.00207843759768449,0.00407915832076791,0.000628069572621049));
#3123=CARTESIAN_POINT('',(0.00295899825892197,0.00328629712688468,-0.000694847094045617));
#3124=CARTESIAN_POINT('',(0.00383955892015943,0.00249343593300144,-0.00201776376071228));
#3125=CARTESIAN_POINT('',(0.00420571622542268,0.00136651766680496,-0.00334068042737895));
#3126=CARTESIAN_POINT('',(0.00457187353068594,0.000239599400608482,-0.00466359709404562));
#3127=CARTESIAN_POINT('',(0.00432551592572693,-0.000919419098538006,-0.00598651376071228));
#3128=CARTESIAN_POINT('',(0.00407915832076791,-0.00207843759768449,-0.00730943042737895));
#3129=CARTESIAN_POINT('',(0.00328629712688468,-0.00295899825892196,-0.00863234709404562));
#3130=CARTESIAN_POINT('',(0.00249343593300144,-0.00383955892015943,-0.00995526376071229));
#3131=CARTESIAN_POINT('',(0.00136651766680496,-0.00420571622542268,-0.0112781804273789));
#3132=CARTESIAN_POINT('',(0.000239599400608482,-0.00457187353068594,-0.0126010970940456));
#3133=CARTESIAN_POINT('',(-0.000919419098538006,-0.00432551592572693,-0.0139240137607123));
#3134=CARTESIAN_POINT('',(-0.00207843759768449,-0.00407915832076791,-0.0152469304273789));
#3135=CARTESIAN_POINT('',(-0.00295899825892196,-0.00328629712688468,-0.0165698470940456));
#3136=CARTESIAN_POINT('',(-0.00383955892015943,-0.00249343593300144,-0.0178927637607123));
#3137=CARTESIAN_POINT('',(-0.00420571622542268,-0.00136651766680496,-0.019215680427379));
#3138=CARTESIAN_POINT('',(-0.00457187353068594,-0.000239599400608482,-0.0205385970940456));
#3139=CARTESIAN_POINT('',(-0.00432551592572693,0.000919419098538006,-0.0218615137607123));
#3140=CARTESIAN_POINT('',(-0.00407915832076791,0.00207843759768449,-0.023184430427379));
#3141=CARTESIAN_POINT('',(-0.00328629712688468,0.00295899825892196,-0.0245073470940456));
#3142=CARTESIAN_POINT('',(-0.00249343593300144,0.00383955892015943,-0.0258302637607123));
#3143=CARTESIAN_POINT('',(-0.00136651766680496,0.00420571622542268,-0.027153180427379));
#3144=CARTESIAN_POINT('',(-0.000742710924134914,0.00435933480999617,0.0356174859535791));
#3145=CARTESIAN_POINT('',(9.15902615808031E-5,0.00450147681827433,0.0346458793245702));
#3146=CARTESIAN_POINT('',(0.000919419098538009,0.00432551592572692,0.0337009862392877));
#3147=CARTESIAN_POINT('',(0.0020784375976845,0.00407915832076791,0.032378069572621));
#3148=CARTESIAN_POINT('',(0.00295899825892197,0.00328629712688467,0.0310551529059544));
#3149=CARTESIAN_POINT('',(0.00383955892015943,0.00249343593300144,0.0297322362392877));
#3150=CARTESIAN_POINT('',(0.00420571622542268,0.00136651766680496,0.0284093195726211));
#3151=CARTESIAN_POINT('',(0.00457187353068593,0.00023959940060848,0.0270864029059544));
#3152=CARTESIAN_POINT('',(0.00432551592572692,-0.000919419098538008,0.0257634862392877));
#3153=CARTESIAN_POINT('',(0.00407915832076791,-0.0020784375976845,0.0244405695726211));
#3154=CARTESIAN_POINT('',(0.00328629712688467,-0.00295899825892196,0.0231176529059544));
#3155=CARTESIAN_POINT('',(0.00249343593300144,-0.00383955892015943,0.0217947362392877));
#3156=CARTESIAN_POINT('',(0.00136651766680496,-0.00420571622542268,0.0204718195726211));
#3157=CARTESIAN_POINT('',(0.000239599400608482,-0.00457187353068593,0.0191489029059544));
#3158=CARTESIAN_POINT('',(-0.000919419098538007,-0.00432551592572692,0.0178259862392877));
#3159=CARTESIAN_POINT('',(-0.00207843759768449,-0.00407915832076791,0.016503069572621));
#3160=CARTESIAN_POINT('',(-0.00295899825892196,-0.00328629712688467,0.0151801529059544));
#3161=CARTESIAN_POINT('',(-0.00383955892015943,-0.00249343593300144,0.0138572362392877));
#3162=CARTESIAN_POINT('',(-0.00420571622542268,-0.00136651766680496,0.012534319572621));
#3163=CARTESIAN_POINT('',(-0.00457187353068593,-0.000239599400608482,0.0112114029059544));
#3164=CARTESIAN_POINT('',(-0.00432551592572692,0.000919419098538005,0.00988848623928771));
#3165=CARTESIAN_POINT('',(-0.00407915832076791,0.00207843759768449,0.00856556957262104));
#3166=CARTESIAN_POINT('',(-0.00328629712688467,0.00295899825892196,0.00724265290595438));
#3167=CARTESIAN_POINT('',(-0.0026673276596208,0.00364643279044469,0.00620988067454945));
#3168=CARTESIAN_POINT('',(-0.00182471487058203,0.00402813047747345,0.00515278114872219));
#3169=CARTESIAN_POINT('',(-0.00105055153629653,0.00616620239860711,0.0345592584535791));
#3170=CARTESIAN_POINT('',(0.000129552813735153,0.00636725976873107,0.0335876518245702));
#3171=CARTESIAN_POINT('',(0.00130050214031054,0.00611836618175561,0.0326427587392877));
#3172=CARTESIAN_POINT('',(0.00293991341770985,0.00576989768350445,0.031319842072621));
#3173=CARTESIAN_POINT('',(0.00418545098206277,0.00464840947290069,0.0299969254059544));
#3174=CARTESIAN_POINT('',(0.00543098854641569,0.00352692126229692,0.0286740087392877));
#3175=CARTESIAN_POINT('',(0.00594891161321123,0.00193291519969285,0.0273510920726211));
#3176=CARTESIAN_POINT('',(0.00646683468000677,0.000338909137088769,0.0260281754059544));
#3177=CARTESIAN_POINT('',(0.00611836618175561,-0.00130050214031054,0.0247052587392877));
#3178=CARTESIAN_POINT('',(0.00576989768350445,-0.00293991341770985,0.0233823420726211));
#3179=CARTESIAN_POINT('',(0.00464840947290069,-0.00418545098206276,0.0220594254059544));
#3180=CARTESIAN_POINT('',(0.00352692126229692,-0.00543098854641569,0.0207365087392878));
#3181=CARTESIAN_POINT('',(0.00193291519969285,-0.00594891161321123,0.019413592072621));
#3182=CARTESIAN_POINT('',(0.000338909137088771,-0.00646683468000677,0.0180906754059544));
#3183=CARTESIAN_POINT('',(-0.00130050214031054,-0.00611836618175561,0.0167677587392877));
#3184=CARTESIAN_POINT('',(-0.00293991341770985,-0.00576989768350445,0.015444842072621));
#3185=CARTESIAN_POINT('',(-0.00418545098206276,-0.00464840947290069,0.0141219254059544));
#3186=CARTESIAN_POINT('',(-0.00543098854641569,-0.00352692126229693,0.0127990087392877));
#3187=CARTESIAN_POINT('',(-0.00594891161321123,-0.00193291519969285,0.011476092072621));
#3188=CARTESIAN_POINT('',(-0.00646683468000677,-0.000338909137088772,0.0101531754059544));
#3189=CARTESIAN_POINT('',(-0.00611836618175561,0.00130050214031053,0.00883025873928772));
#3190=CARTESIAN_POINT('',(-0.00576989768350445,0.00293991341770985,0.00750734207262105));
#3191=CARTESIAN_POINT('',(-0.00464840947290069,0.00418545098206276,0.00618442540595438));
#3192=CARTESIAN_POINT('',(-0.00377288805046826,0.00515781503344072,0.00515165317454946));
#3193=CARTESIAN_POINT('',(-0.00258102708375521,0.00569771969685463,0.0040945536487222));
#3194=CARTESIAN_POINT('',(0.0045173947390393,0.00432652924671764,0.0357548581794431));
#3195=CARTESIAN_POINT('',(0.00458399003776757,0.00425699608631012,0.0356782726544462));
#3196=CARTESIAN_POINT('',(0.00464841374249318,0.00418544624019991,0.0356022778392877));
#3197=CARTESIAN_POINT('',(0.00576990068251862,0.00293990753181314,0.0342793611726211));
#3198=CARTESIAN_POINT('',(0.00611836750839974,0.0013004958989406,0.0329564445059544));
#3199=CARTESIAN_POINT('',(0.00646683433428087,-0.000338915733931926,0.0316335278392877));
#3200=CARTESIAN_POINT('',(0.00594890964143378,-0.00193292126819983,0.0303106111726211));
#3201=CARTESIAN_POINT('',(0.0054309849485867,-0.00352692680246773,0.0289876945059544));
#3202=CARTESIAN_POINT('',(0.00418544624019991,-0.00464841374249317,0.0276647778392877));
#3203=CARTESIAN_POINT('',(0.00293990753181314,-0.00576990068251862,0.026341861172621));
#3204=CARTESIAN_POINT('',(0.00130049589894061,-0.00611836750839974,0.0250189445059544));
#3205=CARTESIAN_POINT('',(-0.000338915733931925,-0.00646683433428087,0.0236960278392877));
#3206=CARTESIAN_POINT('',(-0.00193292126819983,-0.00594890964143378,0.0223731111726211));
#3207=CARTESIAN_POINT('',(-0.00352692680246773,-0.0054309849485867,0.0210501945059544));
#3208=CARTESIAN_POINT('',(-0.00464841374249317,-0.00418544624019991,0.0197272778392877));
#3209=CARTESIAN_POINT('',(-0.00576990068251862,-0.00293990753181314,0.0184043611726211));
#3210=CARTESIAN_POINT('',(-0.00611836750839974,-0.00130049589894061,0.0170814445059544));
#3211=CARTESIAN_POINT('',(-0.00646683433428087,0.000338915733931922,0.0157585278392877));
#3212=CARTESIAN_POINT('',(-0.00594890964143378,0.00193292126819983,0.014435611172621));
#3213=CARTESIAN_POINT('',(-0.0054309849485867,0.00352692680246773,0.0131126945059544));
#3214=CARTESIAN_POINT('',(-0.00418544624019992,0.00464841374249317,0.0117897778392877));
#3215=CARTESIAN_POINT('',(-0.00293990753181314,0.00576990068251862,0.010466861172621));
#3216=CARTESIAN_POINT('',(-0.00130049589894061,0.00611836750839974,0.00914394450595438));
#3217=CARTESIAN_POINT('',(0.000338915733931922,0.00646683433428087,0.00782102783928772));
#3218=CARTESIAN_POINT('',(0.00193292126819983,0.00594890964143378,0.00649811117262104));
#3219=CARTESIAN_POINT('',(0.00273105362026356,0.00568958026998101,0.00583571536027782));
#3220=CARTESIAN_POINT('',(0.00343260590930335,0.00522904649266181,0.00514996111027309));
#3221=CARTESIAN_POINT('',(0.003193673328147,0.00305873669601621,0.0346966306794431));
#3222=CARTESIAN_POINT('',(0.0032407543652524,0.00300957867183555,0.0346200451544462));
#3223=CARTESIAN_POINT('',(0.00328630014536866,0.00295899490655588,0.0345440503392877));
#3224=CARTESIAN_POINT('',(0.00407916044098811,0.00207843343651807,0.0332211336726211));
#3225=CARTESIAN_POINT('',(0.00432551686362768,0.000919414686061827,0.0318982170059544));
#3226=CARTESIAN_POINT('',(0.00457187328626727,-0.000239604064394413,0.0305753003392877));
#3227=CARTESIAN_POINT('',(0.00420571483143048,-0.00136652195707181,0.0292523836726211));
#3228=CARTESIAN_POINT('',(0.0038395563765937,-0.0024934398497492,0.0279294670059544));
#3229=CARTESIAN_POINT('',(0.00295899490655588,-0.00328630014536865,0.0266065503392877));
#3230=CARTESIAN_POINT('',(0.00207843343651807,-0.00407916044098811,0.0252836336726211));
#3231=CARTESIAN_POINT('',(0.000919414686061829,-0.00432551686362768,0.0239607170059544));
#3232=CARTESIAN_POINT('',(-0.000239604064394413,-0.00457187328626727,0.0226378003392877));
#3233=CARTESIAN_POINT('',(-0.0013665219570718,-0.00420571483143048,0.021314883672621));
#3234=CARTESIAN_POINT('',(-0.0024934398497492,-0.0038395563765937,0.0199919670059544));
#3235=CARTESIAN_POINT('',(-0.00328630014536865,-0.00295899490655588,0.0186690503392877));
#3236=CARTESIAN_POINT('',(-0.00407916044098811,-0.00207843343651807,0.017346133672621));
#3237=CARTESIAN_POINT('',(-0.00432551686362768,-0.00091941468606183,0.0160232170059544));
#3238=CARTESIAN_POINT('',(-0.00457187328626727,0.00023960406439441,0.0147003003392877));
#3239=CARTESIAN_POINT('',(-0.00420571483143048,0.0013665219570718,0.013377383672621));
#3240=CARTESIAN_POINT('',(-0.0038395563765937,0.0024934398497492,0.0120544670059544));
#3241=CARTESIAN_POINT('',(-0.00295899490655588,0.00328630014536865,0.0107315503392877));
#3242=CARTESIAN_POINT('',(-0.00207843343651807,0.00407916044098811,0.00940863367262105));
#3243=CARTESIAN_POINT('',(-0.000919414686061829,0.00432551686362768,0.00808571700595438));
#3244=CARTESIAN_POINT('',(0.00023960406439441,0.00457187328626727,0.00676280033928772));
#3245=CARTESIAN_POINT('',(0.00136652195707181,0.00420571483143048,0.00543988367262105));
#3246=CARTESIAN_POINT('',(0.00193077948876124,0.00402237612745219,0.00477748786027783));
#3247=CARTESIAN_POINT('',(0.00242675758304737,0.00369679146498633,0.00409173361027309));
#3248=CARTESIAN_POINT('',(0.00136652195707181,0.00420571483143048,0.037189883672621));
#3249=CARTESIAN_POINT('',(0.0024934398497492,0.00383955637659369,0.0358669670059544));
#3250=CARTESIAN_POINT('',(0.00328630014536866,0.00295899490655588,0.0345440503392877));
#3251=CARTESIAN_POINT('',(0.00407916044098811,0.00207843343651807,0.0332211336726211));
#3252=CARTESIAN_POINT('',(0.00432551686362769,0.000919414686061827,0.0318982170059544));
#3253=CARTESIAN_POINT('',(0.00457187328626727,-0.000239604064394414,0.0305753003392877));
#3254=CARTESIAN_POINT('',(0.00420571483143048,-0.00136652195707181,0.0292523836726211));
#3255=CARTESIAN_POINT('',(0.0038395563765937,-0.0024934398497492,0.0279294670059544));
#3256=CARTESIAN_POINT('',(0.00295899490655588,-0.00328630014536866,0.0266065503392877));
#3257=CARTESIAN_POINT('',(0.00207843343651807,-0.00407916044098811,0.0252836336726211));
#3258=CARTESIAN_POINT('',(0.000919414686061828,-0.00432551686362768,0.0239607170059544));
#3259=CARTESIAN_POINT('',(-0.000239604064394413,-0.00457187328626727,0.0226378003392877));
#3260=CARTESIAN_POINT('',(-0.00136652195707181,-0.00420571483143048,0.021314883672621));
#3261=CARTESIAN_POINT('',(-0.0024934398497492,-0.0038395563765937,0.0199919670059544));
#3262=CARTESIAN_POINT('',(-0.00328630014536865,-0.00295899490655588,0.0186690503392877));
#3263=CARTESIAN_POINT('',(-0.00407916044098811,-0.00207843343651807,0.017346133672621));
#3264=CARTESIAN_POINT('',(-0.00432551686362768,-0.000919414686061829,0.0160232170059544));
#3265=CARTESIAN_POINT('',(-0.00457187328626727,0.00023960406439441,0.0147003003392877));
#3266=CARTESIAN_POINT('',(-0.00420571483143048,0.00136652195707181,0.013377383672621));
#3267=CARTESIAN_POINT('',(-0.0038395563765937,0.0024934398497492,0.0120544670059544));
#3268=CARTESIAN_POINT('',(-0.00295899490655588,0.00328630014536865,0.0107315503392877));
#3269=CARTESIAN_POINT('',(-0.00207843343651807,0.00407916044098811,0.00940863367262105));
#3270=CARTESIAN_POINT('',(-0.000919414686061829,0.00432551686362768,0.00808571700595438));
#3271=CARTESIAN_POINT('',(0.000239604064394412,0.00457187328626727,0.00676280033928772));
#3272=CARTESIAN_POINT('',(0.00136652195707181,0.00420571483143048,0.00543988367262105));
#3273=CARTESIAN_POINT('',(0.0024934398497492,0.0038395563765937,0.00411696700595439));
#3274=CARTESIAN_POINT('',(0.00328630014536865,0.00295899490655588,0.00279405033928772));
#3275=CARTESIAN_POINT('',(0.00407916044098811,0.00207843343651807,0.00147113367262105));
#3276=CARTESIAN_POINT('',(0.00432551686362768,0.000919414686061829,0.000148217005954382));
#3277=CARTESIAN_POINT('',(0.00457187328626727,-0.000239604064394412,-0.00117469966071229));
#3278=CARTESIAN_POINT('',(0.00420571483143048,-0.0013665219570718,-0.00249761632737895));
#3279=CARTESIAN_POINT('',(0.0038395563765937,-0.0024934398497492,-0.00382053299404562));
#3280=CARTESIAN_POINT('',(0.00295899490655588,-0.00328630014536865,-0.00514344966071229));
#3281=CARTESIAN_POINT('',(0.00207843343651807,-0.00407916044098811,-0.00646636632737895));
#3282=CARTESIAN_POINT('',(0.000919414686061834,-0.00432551686362768,-0.00778928299404562));
#3283=CARTESIAN_POINT('',(-0.000239604064394406,-0.00457187328626727,-0.00911219966071228));
#3284=CARTESIAN_POINT('',(-0.0013665219570718,-0.00420571483143048,-0.0104351163273789));
#3285=CARTESIAN_POINT('',(-0.0024934398497492,-0.0038395563765937,-0.0117580329940456));
#3286=CARTESIAN_POINT('',(-0.00328630014536865,-0.00295899490655588,-0.0130809496607123));
#3287=CARTESIAN_POINT('',(-0.00407916044098811,-0.00207843343651808,-0.014403866327379));
#3288=CARTESIAN_POINT('',(-0.00432551686362768,-0.000919414686061833,-0.0157267829940456));
#3289=CARTESIAN_POINT('',(-0.00457187328626727,0.000239604064394406,-0.0170496996607123));
#3290=CARTESIAN_POINT('',(-0.00420571483143048,0.0013665219570718,-0.018372616327379));
#3291=CARTESIAN_POINT('',(-0.0038395563765937,0.00249343984974919,-0.0196955329940456));
#3292=CARTESIAN_POINT('',(-0.00295899490655588,0.00328630014536865,-0.0210184496607123));
#3293=CARTESIAN_POINT('',(-0.00207843343651807,0.00407916044098811,-0.022341366327379));
#3294=CARTESIAN_POINT('',(-0.000919414686061833,0.00432551686362768,-0.0236642829940456));
#3295=CARTESIAN_POINT('',(0.000239604064394406,0.00457187328626727,-0.0249871996607123));
#3296=CARTESIAN_POINT('',(0.0013665219570718,0.00420571483143048,-0.0263101163273789));
#3297=CARTESIAN_POINT('',(0.00263665765138095,0.00355013463574101,0.0355459368445013));
#3298=CARTESIAN_POINT('',(0.00299097819512927,0.00328698349682076,0.035036805913205));
#3299=CARTESIAN_POINT('',(0.00328630014536866,0.00295899490655588,0.0345440503392877));
#3300=CARTESIAN_POINT('',(0.00407916044098811,0.00207843343651807,0.0332211336726211));
#3301=CARTESIAN_POINT('',(0.00432551686362769,0.000919414686061827,0.0318982170059544));
#3302=CARTESIAN_POINT('',(0.00457187328626727,-0.000239604064394414,0.0305753003392877));
#3303=CARTESIAN_POINT('',(0.00420571483143048,-0.00136652195707181,0.0292523836726211));
#3304=CARTESIAN_POINT('',(0.0038395563765937,-0.0024934398497492,0.0279294670059544));
#3305=CARTESIAN_POINT('',(0.00295899490655588,-0.00328630014536866,0.0266065503392877));
#3306=CARTESIAN_POINT('',(0.00207843343651807,-0.00407916044098811,0.0252836336726211));
#3307=CARTESIAN_POINT('',(0.000919414686061828,-0.00432551686362768,0.0239607170059544));
#3308=CARTESIAN_POINT('',(-0.000239604064394413,-0.00457187328626727,0.0226378003392877));
#3309=CARTESIAN_POINT('',(-0.00136652195707181,-0.00420571483143048,0.021314883672621));
#3310=CARTESIAN_POINT('',(-0.0024934398497492,-0.0038395563765937,0.0199919670059544));
#3311=CARTESIAN_POINT('',(-0.00328630014536865,-0.00295899490655588,0.0186690503392877));
#3312=CARTESIAN_POINT('',(-0.00407916044098811,-0.00207843343651807,0.017346133672621));
#3313=CARTESIAN_POINT('',(-0.00432551686362768,-0.000919414686061829,0.0160232170059544));
#3314=CARTESIAN_POINT('',(-0.00457187328626727,0.00023960406439441,0.0147003003392877));
#3315=CARTESIAN_POINT('',(-0.00420571483143048,0.00136652195707181,0.013377383672621));
#3316=CARTESIAN_POINT('',(-0.0038395563765937,0.0024934398497492,0.0120544670059544));
#3317=CARTESIAN_POINT('',(-0.00295899490655588,0.00328630014536865,0.0107315503392877));
#3318=CARTESIAN_POINT('',(-0.00207843343651807,0.00407916044098811,0.00940863367262105));
#3319=CARTESIAN_POINT('',(-0.000919414686061829,0.00432551686362768,0.00808571700595438));
#3320=CARTESIAN_POINT('',(0.000239604064394412,0.00457187328626727,0.00676280033928772));
#3321=CARTESIAN_POINT('',(0.00136652195707181,0.00420571483143048,0.00543988367262105));
#3322=CARTESIAN_POINT('',(0.00148603124854342,0.00416688384135727,0.00529958877222357));
#3323=CARTESIAN_POINT('',(0.00160314263983236,0.00412132905490753,0.00515738556138366));
#3324=CARTESIAN_POINT('',(0.00241172157054004,0.00324726885754531,0.0353394420196303));
#3325=CARTESIAN_POINT('',(0.00273581465019934,0.00300656742339676,0.034830311088334));
#3326=CARTESIAN_POINT('',(0.00300594236938701,0.0027065598901402,0.0343375555144167));
#3327=CARTESIAN_POINT('',(0.00373116290621655,0.00190112005976845,0.0330146388477501));
#3328=CARTESIAN_POINT('',(0.00395650239927125,0.000840978437031923,0.0316917221810833));
#3329=CARTESIAN_POINT('',(0.00418184189232594,-0.000219163185704606,0.0303688055144167));
#3330=CARTESIAN_POINT('',(0.00384692080641894,-0.00124994250913105,0.02904588884775));
#3331=CARTESIAN_POINT('',(0.00351199972051194,-0.00228072183255748,0.0277229721810834));
#3332=CARTESIAN_POINT('',(0.0027065598901402,-0.00300594236938701,0.0264000555144167));
#3333=CARTESIAN_POINT('',(0.00190112005976845,-0.00373116290621655,0.02507713884775));
#3334=CARTESIAN_POINT('',(0.000840978437031925,-0.00395650239927125,0.0237542221810834));
#3335=CARTESIAN_POINT('',(-0.000219163185704605,-0.00418184189232594,0.0224313055144167));
#3336=CARTESIAN_POINT('',(-0.00124994250913104,-0.00384692080641894,0.02110838884775));
#3337=CARTESIAN_POINT('',(-0.00228072183255748,-0.00351199972051194,0.0197854721810833));
#3338=CARTESIAN_POINT('',(-0.00300594236938701,-0.0027065598901402,0.0184625555144167));
#3339=CARTESIAN_POINT('',(-0.00373116290621655,-0.00190112005976845,0.01713963884775));
#3340=CARTESIAN_POINT('',(-0.00395650239927124,-0.000840978437031925,0.0158167221810833));
#3341=CARTESIAN_POINT('',(-0.00418184189232594,0.000219163185704603,0.0144938055144167));
#3342=CARTESIAN_POINT('',(-0.00384692080641894,0.00124994250913104,0.01317088884775));
#3343=CARTESIAN_POINT('',(-0.00351199972051194,0.00228072183255748,0.0118479721810834));
#3344=CARTESIAN_POINT('',(-0.0027065598901402,0.00300594236938701,0.0105250555144167));
#3345=CARTESIAN_POINT('',(-0.00190112005976845,0.00373116290621655,0.00920213884775003));
#3346=CARTESIAN_POINT('',(-0.000840978437031925,0.00395650239927124,0.00787922218108335));
#3347=CARTESIAN_POINT('',(0.000219163185704604,0.00418184189232594,0.00655630551441669));
#3348=CARTESIAN_POINT('',(0.00124994250913105,0.00384692080641894,0.00523338884775002));
#3349=CARTESIAN_POINT('',(0.00135925633528177,0.00381140252958996,0.00509309394735254));
#3350=CARTESIAN_POINT('',(0.00146637682867596,0.00376973407063601,0.00495089073651263));
#3351=CARTESIAN_POINT('',(0.00241172157054004,0.00324726885754531,0.0349093675693723));
#3352=CARTESIAN_POINT('',(0.00273581465019935,0.00300656742339676,0.034400236638076));
#3353=CARTESIAN_POINT('',(0.00300594236938702,0.0027065598901402,0.0339074810641588));
#3354=CARTESIAN_POINT('',(0.00373116290621655,0.00190112005976845,0.0325845643974921));
#3355=CARTESIAN_POINT('',(0.00395650239927125,0.000840978437031922,0.0312616477308254));
#3356=CARTESIAN_POINT('',(0.00418184189232594,-0.000219163185704606,0.0299387310641587));
#3357=CARTESIAN_POINT('',(0.00384692080641894,-0.00124994250913105,0.0286158143974921));
#3358=CARTESIAN_POINT('',(0.00351199972051194,-0.00228072183255748,0.0272928977308254));
#3359=CARTESIAN_POINT('',(0.0027065598901402,-0.00300594236938702,0.0259699810641587));
#3360=CARTESIAN_POINT('',(0.00190112005976845,-0.00373116290621656,0.0246470643974921));
#3361=CARTESIAN_POINT('',(0.000840978437031923,-0.00395650239927125,0.0233241477308254));
#3362=CARTESIAN_POINT('',(-0.000219163185704606,-0.00418184189232594,0.0220012310641588));
#3363=CARTESIAN_POINT('',(-0.00124994250913104,-0.00384692080641894,0.0206783143974921));
#3364=CARTESIAN_POINT('',(-0.00228072183255748,-0.00351199972051194,0.0193553977308254));
#3365=CARTESIAN_POINT('',(-0.00300594236938701,-0.0027065598901402,0.0180324810641588));
#3366=CARTESIAN_POINT('',(-0.00373116290621655,-0.00190112005976845,0.0167095643974921));
#3367=CARTESIAN_POINT('',(-0.00395650239927125,-0.000840978437031925,0.0153866477308254));
#3368=CARTESIAN_POINT('',(-0.00418184189232594,0.000219163185704604,0.0140637310641587));
#3369=CARTESIAN_POINT('',(-0.00384692080641894,0.00124994250913104,0.0127408143974921));
#3370=CARTESIAN_POINT('',(-0.00351199972051194,0.00228072183255748,0.0114178977308254));
#3371=CARTESIAN_POINT('',(-0.0027065598901402,0.00300594236938701,0.0100949810641587));
#3372=CARTESIAN_POINT('',(-0.00190112005976845,0.00373116290621655,0.00877206439749208));
#3373=CARTESIAN_POINT('',(-0.000840978437031925,0.00395650239927125,0.00744914773082542));
#3374=CARTESIAN_POINT('',(0.000219163185704604,0.00418184189232594,0.00612623106415875));
#3375=CARTESIAN_POINT('',(0.00124994250913105,0.00384692080641894,0.00480331439749208));
#3376=CARTESIAN_POINT('',(0.00135925633528177,0.00381140252958996,0.0046630194970946));
#3377=CARTESIAN_POINT('',(0.00146637682867596,0.00376973407063601,0.00452081628625469));
#3378=CARTESIAN_POINT('',(0.00263665765138095,0.00355013463574101,0.0347028727445013));
#3379=CARTESIAN_POINT('',(0.00299097819512927,0.00328698349682076,0.034193741813205));
#3380=CARTESIAN_POINT('',(0.00328630014536866,0.00295899490655588,0.0337009862392877));
#3381=CARTESIAN_POINT('',(0.00407916044098811,0.00207843343651807,0.0323780695726211));
#3382=CARTESIAN_POINT('',(0.00432551686362769,0.000919414686061827,0.0310551529059544));
#3383=CARTESIAN_POINT('',(0.00457187328626727,-0.000239604064394414,0.0297322362392877));
#3384=CARTESIAN_POINT('',(0.00420571483143048,-0.00136652195707181,0.0284093195726211));
#3385=CARTESIAN_POINT('',(0.0038395563765937,-0.0024934398497492,0.0270864029059544));
#3386=CARTESIAN_POINT('',(0.00295899490655588,-0.00328630014536866,0.0257634862392877));
#3387=CARTESIAN_POINT('',(0.00207843343651807,-0.00407916044098811,0.0244405695726211));
#3388=CARTESIAN_POINT('',(0.000919414686061829,-0.00432551686362769,0.0231176529059544));
#3389=CARTESIAN_POINT('',(-0.000239604064394414,-0.00457187328626727,0.0217947362392877));
#3390=CARTESIAN_POINT('',(-0.00136652195707181,-0.00420571483143048,0.0204718195726211));
#3391=CARTESIAN_POINT('',(-0.0024934398497492,-0.0038395563765937,0.0191489029059544));
#3392=CARTESIAN_POINT('',(-0.00328630014536866,-0.00295899490655588,0.0178259862392877));
#3393=CARTESIAN_POINT('',(-0.00407916044098811,-0.00207843343651807,0.016503069572621));
#3394=CARTESIAN_POINT('',(-0.00432551686362769,-0.000919414686061829,0.0151801529059544));
#3395=CARTESIAN_POINT('',(-0.00457187328626727,0.000239604064394411,0.0138572362392877));
#3396=CARTESIAN_POINT('',(-0.00420571483143048,0.00136652195707181,0.012534319572621));
#3397=CARTESIAN_POINT('',(-0.0038395563765937,0.0024934398497492,0.0112114029059544));
#3398=CARTESIAN_POINT('',(-0.00295899490655588,0.00328630014536865,0.00988848623928772));
#3399=CARTESIAN_POINT('',(-0.00207843343651807,0.00407916044098811,0.00856556957262105));
#3400=CARTESIAN_POINT('',(-0.000919414686061829,0.00432551686362768,0.00724265290595438));
#3401=CARTESIAN_POINT('',(0.000239604064394411,0.00457187328626727,0.00591973623928772));
#3402=CARTESIAN_POINT('',(0.00136652195707181,0.00420571483143048,0.00459681957262105));
#3403=CARTESIAN_POINT('',(0.00148603124854342,0.00416688384135727,0.00445652467222357));
#3404=CARTESIAN_POINT('',(0.00160314263983236,0.00412132905490753,0.00431432146138366));
#3405=CARTESIAN_POINT('',(0.00136652195707181,0.00420571483143048,0.0363468195726211));
#3406=CARTESIAN_POINT('',(0.0024934398497492,0.0038395563765937,0.0350239029059544));
#3407=CARTESIAN_POINT('',(0.00328630014536866,0.00295899490655588,0.0337009862392877));
#3408=CARTESIAN_POINT('',(0.00407916044098811,0.00207843343651807,0.0323780695726211));
#3409=CARTESIAN_POINT('',(0.00432551686362769,0.000919414686061827,0.0310551529059544));
#3410=CARTESIAN_POINT('',(0.00457187328626727,-0.000239604064394415,0.0297322362392877));
#3411=CARTESIAN_POINT('',(0.00420571483143048,-0.00136652195707181,0.0284093195726211));
#3412=CARTESIAN_POINT('',(0.0038395563765937,-0.0024934398497492,0.0270864029059544));
#3413=CARTESIAN_POINT('',(0.00295899490655588,-0.00328630014536866,0.0257634862392877));
#3414=CARTESIAN_POINT('',(0.00207843343651807,-0.00407916044098811,0.0244405695726211));
#3415=CARTESIAN_POINT('',(0.000919414686061828,-0.00432551686362769,0.0231176529059544));
#3416=CARTESIAN_POINT('',(-0.000239604064394414,-0.00457187328626727,0.0217947362392877));
#3417=CARTESIAN_POINT('',(-0.00136652195707181,-0.00420571483143048,0.0204718195726211));
#3418=CARTESIAN_POINT('',(-0.0024934398497492,-0.0038395563765937,0.0191489029059544));
#3419=CARTESIAN_POINT('',(-0.00328630014536866,-0.00295899490655588,0.0178259862392877));
#3420=CARTESIAN_POINT('',(-0.00407916044098811,-0.00207843343651807,0.016503069572621));
#3421=CARTESIAN_POINT('',(-0.00432551686362769,-0.000919414686061829,0.0151801529059544));
#3422=CARTESIAN_POINT('',(-0.00457187328626727,0.000239604064394411,0.0138572362392877));
#3423=CARTESIAN_POINT('',(-0.00420571483143048,0.00136652195707181,0.012534319572621));
#3424=CARTESIAN_POINT('',(-0.0038395563765937,0.0024934398497492,0.0112114029059544));
#3425=CARTESIAN_POINT('',(-0.00295899490655588,0.00328630014536865,0.00988848623928772));
#3426=CARTESIAN_POINT('',(-0.00207843343651807,0.00407916044098811,0.00856556957262105));
#3427=CARTESIAN_POINT('',(-0.000919414686061829,0.00432551686362768,0.00724265290595438));
#3428=CARTESIAN_POINT('',(0.000239604064394412,0.00457187328626727,0.00591973623928772));
#3429=CARTESIAN_POINT('',(0.00136652195707181,0.00420571483143048,0.00459681957262105));
#3430=CARTESIAN_POINT('',(0.0024934398497492,0.0038395563765937,0.00327390290595438));
#3431=CARTESIAN_POINT('',(0.00328630014536865,0.00295899490655588,0.00195098623928771));
#3432=CARTESIAN_POINT('',(0.00407916044098811,0.00207843343651807,0.000628069572621049));
#3433=CARTESIAN_POINT('',(0.00432551686362769,0.000919414686061829,-0.000694847094045617));
#3434=CARTESIAN_POINT('',(0.00457187328626727,-0.000239604064394412,-0.00201776376071228));
#3435=CARTESIAN_POINT('',(0.00420571483143048,-0.0013665219570718,-0.00334068042737895));
#3436=CARTESIAN_POINT('',(0.0038395563765937,-0.0024934398497492,-0.00466359709404562));
#3437=CARTESIAN_POINT('',(0.00295899490655588,-0.00328630014536865,-0.00598651376071228));
#3438=CARTESIAN_POINT('',(0.00207843343651808,-0.00407916044098811,-0.00730943042737895));
#3439=CARTESIAN_POINT('',(0.000919414686061834,-0.00432551686362768,-0.00863234709404562));
#3440=CARTESIAN_POINT('',(-0.000239604064394406,-0.00457187328626727,-0.00995526376071229));
#3441=CARTESIAN_POINT('',(-0.00136652195707181,-0.00420571483143048,-0.0112781804273789));
#3442=CARTESIAN_POINT('',(-0.0024934398497492,-0.0038395563765937,-0.0126010970940456));
#3443=CARTESIAN_POINT('',(-0.00328630014536865,-0.00295899490655588,-0.0139240137607123));
#3444=CARTESIAN_POINT('',(-0.00407916044098811,-0.00207843343651808,-0.0152469304273789));
#3445=CARTESIAN_POINT('',(-0.00432551686362768,-0.000919414686061834,-0.0165698470940456));
#3446=CARTESIAN_POINT('',(-0.00457187328626727,0.000239604064394406,-0.0178927637607123));
#3447=CARTESIAN_POINT('',(-0.00420571483143048,0.0013665219570718,-0.019215680427379));
#3448=CARTESIAN_POINT('',(-0.0038395563765937,0.0024934398497492,-0.0205385970940456));
#3449=CARTESIAN_POINT('',(-0.00295899490655588,0.00328630014536865,-0.0218615137607123));
#3450=CARTESIAN_POINT('',(-0.00207843343651808,0.00407916044098811,-0.023184430427379));
#3451=CARTESIAN_POINT('',(-0.000919414686061834,0.00432551686362768,-0.0245073470940456));
#3452=CARTESIAN_POINT('',(0.000239604064394406,0.00457187328626727,-0.0258302637607123));
#3453=CARTESIAN_POINT('',(0.00136652195707181,0.00420571483143048,-0.027153180427379));
#3454=CARTESIAN_POINT('',(0.00196148695158789,0.0039633304733802,0.0356174859535791));
#3455=CARTESIAN_POINT('',(0.00271999976545622,0.003587935840758,0.0346458793245702));
#3456=CARTESIAN_POINT('',(0.00328630014536865,0.00295899490655588,0.0337009862392877));
#3457=CARTESIAN_POINT('',(0.00407916044098811,0.00207843343651807,0.032378069572621));
#3458=CARTESIAN_POINT('',(0.00432551686362768,0.000919414686061827,0.0310551529059544));
#3459=CARTESIAN_POINT('',(0.00457187328626727,-0.000239604064394413,0.0297322362392877));
#3460=CARTESIAN_POINT('',(0.00420571483143048,-0.00136652195707181,0.0284093195726211));
#3461=CARTESIAN_POINT('',(0.00383955637659369,-0.0024934398497492,0.0270864029059544));
#3462=CARTESIAN_POINT('',(0.00295899490655588,-0.00328630014536865,0.0257634862392877));
#3463=CARTESIAN_POINT('',(0.00207843343651807,-0.00407916044098811,0.0244405695726211));
#3464=CARTESIAN_POINT('',(0.000919414686061829,-0.00432551686362768,0.0231176529059544));
#3465=CARTESIAN_POINT('',(-0.000239604064394413,-0.00457187328626727,0.0217947362392877));
#3466=CARTESIAN_POINT('',(-0.0013665219570718,-0.00420571483143048,0.0204718195726211));
#3467=CARTESIAN_POINT('',(-0.00249343984974919,-0.0038395563765937,0.0191489029059544));
#3468=CARTESIAN_POINT('',(-0.00328630014536865,-0.00295899490655588,0.0178259862392877));
#3469=CARTESIAN_POINT('',(-0.00407916044098811,-0.00207843343651807,0.016503069572621));
#3470=CARTESIAN_POINT('',(-0.00432551686362768,-0.000919414686061829,0.0151801529059544));
#3471=CARTESIAN_POINT('',(-0.00457187328626727,0.00023960406439441,0.0138572362392877));
#3472=CARTESIAN_POINT('',(-0.00420571483143048,0.0013665219570718,0.012534319572621));
#3473=CARTESIAN_POINT('',(-0.00383955637659369,0.0024934398497492,0.0112114029059544));
#3474=CARTESIAN_POINT('',(-0.00295899490655588,0.00328630014536865,0.00988848623928771));
#3475=CARTESIAN_POINT('',(-0.00207843343651807,0.00407916044098811,0.00856556957262104));
#3476=CARTESIAN_POINT('',(-0.000919414686061829,0.00432551686362768,0.00724265290595438));
#3477=CARTESIAN_POINT('',(-1.45939885005027E-5,0.00451784195767272,0.00620988067454945));
#3478=CARTESIAN_POINT('',(0.000891450348779189,0.00433136650240257,0.00515278114872219));
#3479=CARTESIAN_POINT('',(0.00277448878622113,0.00560606123103701,0.0345592584535791));
#3480=CARTESIAN_POINT('',(0.00384739181755614,0.00507507212719682,0.0335876518245702));
#3481=CARTESIAN_POINT('',(0.00464841374249318,0.00418544624019991,0.0326427587392877));
#3482=CARTESIAN_POINT('',(0.00576990068251862,0.00293990753181314,0.031319842072621));
#3483=CARTESIAN_POINT('',(0.00611836750839974,0.0013004958989406,0.0299969254059544));
#3484=CARTESIAN_POINT('',(0.00646683433428087,-0.000338915733931926,0.0286740087392877));
#3485=CARTESIAN_POINT('',(0.00594890964143378,-0.00193292126819983,0.0273510920726211));
#3486=CARTESIAN_POINT('',(0.0054309849485867,-0.00352692680246773,0.0260281754059544));
#3487=CARTESIAN_POINT('',(0.00418544624019991,-0.00464841374249317,0.0247052587392877));
#3488=CARTESIAN_POINT('',(0.00293990753181314,-0.00576990068251862,0.0233823420726211));
#3489=CARTESIAN_POINT('',(0.00130049589894061,-0.00611836750839974,0.0220594254059544));
#3490=CARTESIAN_POINT('',(-0.000338915733931925,-0.00646683433428087,0.0207365087392878));
#3491=CARTESIAN_POINT('',(-0.00193292126819983,-0.00594890964143378,0.019413592072621));
#3492=CARTESIAN_POINT('',(-0.00352692680246773,-0.0054309849485867,0.0180906754059544));
#3493=CARTESIAN_POINT('',(-0.00464841374249317,-0.00418544624019991,0.0167677587392877));
#3494=CARTESIAN_POINT('',(-0.00576990068251862,-0.00293990753181314,0.015444842072621));
#3495=CARTESIAN_POINT('',(-0.00611836750839974,-0.00130049589894061,0.0141219254059544));
#3496=CARTESIAN_POINT('',(-0.00646683433428087,0.000338915733931922,0.0127990087392877));
#3497=CARTESIAN_POINT('',(-0.00594890964143378,0.00193292126819983,0.011476092072621));
#3498=CARTESIAN_POINT('',(-0.0054309849485867,0.00352692680246773,0.0101531754059544));
#3499=CARTESIAN_POINT('',(-0.00418544624019992,0.00464841374249317,0.00883025873928772));
#3500=CARTESIAN_POINT('',(-0.00293990753181314,0.00576990068251862,0.00750734207262105));
#3501=CARTESIAN_POINT('',(-0.00130049589894061,0.00611836750839974,0.00618442540595438));
#3502=CARTESIAN_POINT('',(-2.0642939994122E-5,0.00639040797051187,0.00515165317454945));
#3503=CARTESIAN_POINT('',(0.00126094083580752,0.00612664171953902,0.00409455364872219));
#3504=CARTESIAN_POINT('',(-0.00551072557430947,0.00295932664565008,0.0357548581737502));
#3505=CARTESIAN_POINT('',(-0.00546517468965418,0.00304414946349323,0.035678272651621));
#3506=CARTESIAN_POINT('',(-0.00541703476366162,0.00312753016296958,0.0356022778392877));
#3507=CARTESIAN_POINT('',(-0.00457901558218995,0.00457902025326402,0.0342793611726211));
#3508=CARTESIAN_POINT('',(-0.00312752463702961,0.00541703795406455,0.0329564445059544));
#3509=CARTESIAN_POINT('',(-0.00167603369186927,0.00625505565486507,0.0316335278392877));
#3510=CARTESIAN_POINT('',(3.19040292665399E-9,0.00625505479999918,0.0303106111726211));
#3511=CARTESIAN_POINT('',(0.00167604007267513,0.0062550539451333,0.0289876945059544));
#3512=CARTESIAN_POINT('',(0.00312753016296958,0.00541703476366162,0.0276647778392877));
#3513=CARTESIAN_POINT('',(0.00457902025326402,0.00457901558218995,0.026341861172621));
#3514=CARTESIAN_POINT('',(0.00541703795406455,0.00312752463702961,0.0250189445059544));
#3515=CARTESIAN_POINT('',(0.00625505565486507,0.00167603369186927,0.0236960278392877));
#3516=CARTESIAN_POINT('',(0.00625505479999918,-3.19040292578662E-9,0.0223731111726211));
#3517=CARTESIAN_POINT('',(0.0062550539451333,-0.00167604007267513,0.0210501945059544));
#3518=CARTESIAN_POINT('',(0.00541703476366162,-0.00312753016296958,0.0197272778392877));
#3519=CARTESIAN_POINT('',(0.00457901558218995,-0.00457902025326402,0.0184043611726211));
#3520=CARTESIAN_POINT('',(0.00312752463702962,-0.00541703795406455,0.0170814445059544));
#3521=CARTESIAN_POINT('',(0.00167603369186928,-0.00625505565486507,0.0157585278392877));
#3522=CARTESIAN_POINT('',(-3.19040292578662E-9,-0.00625505479999918,0.014435611172621));
#3523=CARTESIAN_POINT('',(-0.00167604007267513,-0.0062550539451333,0.0131126945059544));
#3524=CARTESIAN_POINT('',(-0.00312753016296957,-0.00541703476366162,0.0117897778392877));
#3525=CARTESIAN_POINT('',(-0.00457902025326402,-0.00457901558218995,0.010466861172621));
#3526=CARTESIAN_POINT('',(-0.00541703795406455,-0.00312752463702961,0.00914394450595438));
#3527=CARTESIAN_POINT('',(-0.00625505565486507,-0.00167603369186928,0.00782102783928772));
#3528=CARTESIAN_POINT('',(-0.00625505479999918,3.19040292752134E-9,0.00649811117262104));
#3529=CARTESIAN_POINT('',(-0.00625505437196076,0.000839208728608422,0.00583571584887022));
#3530=CARTESIAN_POINT('',(-0.0060338526223763,0.00164873681418404,0.00514996210402919));
#3531=CARTESIAN_POINT('',(-0.00389593079686292,0.00209216221372262,0.0346966306737502));
#3532=CARTESIAN_POINT('',(-0.00386372757934466,0.00215212960347116,0.034620045151621));
#3533=CARTESIAN_POINT('',(-0.00382969398109991,0.00221107745535989,0.0345440503392877));
#3534=CARTESIAN_POINT('',(-0.00323723756253357,0.00323724086485395,0.0332211336726211));
#3535=CARTESIAN_POINT('',(-0.00221107354867294,0.00382969623662667,0.0318982170059544));
#3536=CARTESIAN_POINT('',(-0.00118490953481231,0.00442215160839941,0.0305753003392877));
#3537=CARTESIAN_POINT('',(2.25552676275803E-9,0.00442215100403283,0.0292523836726211));
#3538=CARTESIAN_POINT('',(0.00118491404586584,0.00442215039966626,0.0279294670059544));
#3539=CARTESIAN_POINT('',(0.00221107745535989,0.00382969398109991,0.0266065503392877));
#3540=CARTESIAN_POINT('',(0.00323724086485395,0.00323723756253357,0.0252836336726211));
#3541=CARTESIAN_POINT('',(0.00382969623662667,0.00221107354867294,0.0239607170059544));
#3542=CARTESIAN_POINT('',(0.00442215160839941,0.00118490953481231,0.0226378003392877));
#3543=CARTESIAN_POINT('',(0.00442215100403283,-2.25552676189067E-9,0.021314883672621));
#3544=CARTESIAN_POINT('',(0.00442215039966626,-0.00118491404586584,0.0199919670059544));
#3545=CARTESIAN_POINT('',(0.00382969398109991,-0.00221107745535989,0.0186690503392877));
#3546=CARTESIAN_POINT('',(0.00323723756253357,-0.00323724086485394,0.017346133672621));
#3547=CARTESIAN_POINT('',(0.00221107354867295,-0.00382969623662667,0.0160232170059544));
#3548=CARTESIAN_POINT('',(0.00118490953481232,-0.0044221516083994,0.0147003003392877));
#3549=CARTESIAN_POINT('',(-2.25552676189067E-9,-0.00442215100403283,0.013377383672621));
#3550=CARTESIAN_POINT('',(-0.00118491404586584,-0.00442215039966626,0.0120544670059544));
#3551=CARTESIAN_POINT('',(-0.00221107745535989,-0.00382969398109991,0.0107315503392877));
#3552=CARTESIAN_POINT('',(-0.00323724086485395,-0.00323723756253357,0.00940863367262105));
#3553=CARTESIAN_POINT('',(-0.00382969623662667,-0.00221107354867294,0.00808571700595438));
#3554=CARTESIAN_POINT('',(-0.00442215160839941,-0.00118490953481232,0.00676280033928772));
#3555=CARTESIAN_POINT('',(-0.00442215100403283,2.25552676319171E-9,0.00543988367262105));
#3556=CARTESIAN_POINT('',(-0.00442215070142149,0.000593297395541497,0.00477748834887023));
#3557=CARTESIAN_POINT('',(-0.00426576717317184,0.00116561139611931,0.0040917346040292));
#3558=CARTESIAN_POINT('',(-0.00442215100403283,2.25552676405907E-9,0.037189883672621));
#3559=CARTESIAN_POINT('',(-0.00442215039966626,0.00118491404586584,0.0358669670059544));
#3560=CARTESIAN_POINT('',(-0.00382969398109991,0.00221107745535989,0.0345440503392877));
#3561=CARTESIAN_POINT('',(-0.00323723756253357,0.00323724086485395,0.0332211336726211));
#3562=CARTESIAN_POINT('',(-0.00221107354867294,0.00382969623662667,0.0318982170059544));
#3563=CARTESIAN_POINT('',(-0.00118490953481231,0.00442215160839941,0.0305753003392877));
#3564=CARTESIAN_POINT('',(2.25552676319171E-9,0.00442215100403283,0.0292523836726211));
#3565=CARTESIAN_POINT('',(0.00118491404586584,0.00442215039966626,0.0279294670059544));
#3566=CARTESIAN_POINT('',(0.00221107745535989,0.00382969398109991,0.0266065503392877));
#3567=CARTESIAN_POINT('',(0.00323724086485395,0.00323723756253357,0.0252836336726211));
#3568=CARTESIAN_POINT('',(0.00382969623662667,0.00221107354867294,0.0239607170059544));
#3569=CARTESIAN_POINT('',(0.00442215160839941,0.00118490953481231,0.0226378003392877));
#3570=CARTESIAN_POINT('',(0.00442215100403283,-2.25552676232435E-9,0.021314883672621));
#3571=CARTESIAN_POINT('',(0.00442215039966626,-0.00118491404586584,0.0199919670059544));
#3572=CARTESIAN_POINT('',(0.00382969398109991,-0.00221107745535989,0.0186690503392877));
#3573=CARTESIAN_POINT('',(0.00323723756253357,-0.00323724086485395,0.017346133672621));
#3574=CARTESIAN_POINT('',(0.00221107354867294,-0.00382969623662667,0.0160232170059544));
#3575=CARTESIAN_POINT('',(0.00118490953481232,-0.00442215160839941,0.0147003003392877));
#3576=CARTESIAN_POINT('',(-2.25552676189067E-9,-0.00442215100403283,0.013377383672621));
#3577=CARTESIAN_POINT('',(-0.00118491404586584,-0.00442215039966626,0.0120544670059544));
#3578=CARTESIAN_POINT('',(-0.00221107745535989,-0.00382969398109991,0.0107315503392877));
#3579=CARTESIAN_POINT('',(-0.00323724086485395,-0.00323723756253357,0.00940863367262105));
#3580=CARTESIAN_POINT('',(-0.00382969623662667,-0.00221107354867294,0.00808571700595438));
#3581=CARTESIAN_POINT('',(-0.00442215160839941,-0.00118490953481232,0.00676280033928772));
#3582=CARTESIAN_POINT('',(-0.00442215100403283,2.25552676275803E-9,0.00543988367262105));
#3583=CARTESIAN_POINT('',(-0.00442215039966626,0.00118491404586584,0.00411696700595439));
#3584=CARTESIAN_POINT('',(-0.00382969398109991,0.00221107745535989,0.00279405033928772));
#3585=CARTESIAN_POINT('',(-0.00323723756253357,0.00323724086485394,0.00147113367262105));
#3586=CARTESIAN_POINT('',(-0.00221107354867294,0.00382969623662667,0.000148217005954382));
#3587=CARTESIAN_POINT('',(-0.00118490953481232,0.00442215160839941,-0.00117469966071229));
#3588=CARTESIAN_POINT('',(2.25552675842123E-9,0.00442215100403283,-0.00249761632737895));
#3589=CARTESIAN_POINT('',(0.00118491404586584,0.00442215039966626,-0.00382053299404562));
#3590=CARTESIAN_POINT('',(0.00221107745535989,0.00382969398109991,-0.00514344966071229));
#3591=CARTESIAN_POINT('',(0.00323724086485394,0.00323723756253357,-0.00646636632737895));
#3592=CARTESIAN_POINT('',(0.00382969623662667,0.00221107354867295,-0.00778928299404562));
#3593=CARTESIAN_POINT('',(0.0044221516083994,0.00118490953481232,-0.00911219966071228));
#3594=CARTESIAN_POINT('',(0.00442215100403283,-2.25552676145699E-9,-0.0104351163273789));
#3595=CARTESIAN_POINT('',(0.00442215039966626,-0.00118491404586584,-0.0117580329940456));
#3596=CARTESIAN_POINT('',(0.00382969398109991,-0.00221107745535989,-0.0130809496607123));
#3597=CARTESIAN_POINT('',(0.00323723756253357,-0.00323724086485394,-0.014403866327379));
#3598=CARTESIAN_POINT('',(0.00221107354867295,-0.00382969623662667,-0.0157267829940456));
#3599=CARTESIAN_POINT('',(0.00118490953481232,-0.0044221516083994,-0.0170496996607123));
#3600=CARTESIAN_POINT('',(-2.25552676145699E-9,-0.00442215100403283,-0.018372616327379));
#3601=CARTESIAN_POINT('',(-0.00118491404586584,-0.00442215039966626,-0.0196955329940456));
#3602=CARTESIAN_POINT('',(-0.00221107745535989,-0.00382969398109991,-0.0210184496607123));
#3603=CARTESIAN_POINT('',(-0.00323724086485394,-0.00323723756253357,-0.022341366327379));
#3604=CARTESIAN_POINT('',(-0.00382969623662667,-0.00221107354867295,-0.0236642829940456));
#3605=CARTESIAN_POINT('',(-0.0044221516083994,-0.00118490953481232,-0.0249871996607123));
#3606=CARTESIAN_POINT('',(-0.00442215100403283,2.25552676189067E-9,-0.0263101163273789));
#3607=CARTESIAN_POINT('',(-0.00419115070167206,0.00141055850582224,0.0355459368445013));
#3608=CARTESIAN_POINT('',(-0.00405037016570587,0.00182885554182681,0.035036805913205));
#3609=CARTESIAN_POINT('',(-0.00382969398109991,0.00221107745535989,0.0345440503392877));
#3610=CARTESIAN_POINT('',(-0.00323723756253357,0.00323724086485395,0.0332211336726211));
#3611=CARTESIAN_POINT('',(-0.00221107354867294,0.00382969623662667,0.0318982170059544));
#3612=CARTESIAN_POINT('',(-0.00118490953481231,0.00442215160839941,0.0305753003392877));
#3613=CARTESIAN_POINT('',(2.25552676319171E-9,0.00442215100403283,0.0292523836726211));
#3614=CARTESIAN_POINT('',(0.00118491404586584,0.00442215039966626,0.0279294670059544));
#3615=CARTESIAN_POINT('',(0.00221107745535989,0.00382969398109991,0.0266065503392877));
#3616=CARTESIAN_POINT('',(0.00323724086485395,0.00323723756253357,0.0252836336726211));
#3617=CARTESIAN_POINT('',(0.00382969623662667,0.00221107354867294,0.0239607170059544));
#3618=CARTESIAN_POINT('',(0.00442215160839941,0.00118490953481231,0.0226378003392877));
#3619=CARTESIAN_POINT('',(0.00442215100403283,-2.25552676275803E-9,0.021314883672621));
#3620=CARTESIAN_POINT('',(0.00442215039966626,-0.00118491404586584,0.0199919670059544));
#3621=CARTESIAN_POINT('',(0.00382969398109991,-0.00221107745535989,0.0186690503392877));
#3622=CARTESIAN_POINT('',(0.00323723756253357,-0.00323724086485395,0.017346133672621));
#3623=CARTESIAN_POINT('',(0.00221107354867294,-0.00382969623662667,0.0160232170059544));
#3624=CARTESIAN_POINT('',(0.00118490953481232,-0.00442215160839941,0.0147003003392877));
#3625=CARTESIAN_POINT('',(-2.25552676232435E-9,-0.00442215100403283,0.013377383672621));
#3626=CARTESIAN_POINT('',(-0.00118491404586584,-0.00442215039966626,0.0120544670059544));
#3627=CARTESIAN_POINT('',(-0.00221107745535989,-0.00382969398109991,0.0107315503392877));
#3628=CARTESIAN_POINT('',(-0.00323724086485395,-0.00323723756253357,0.00940863367262105));
#3629=CARTESIAN_POINT('',(-0.00382969623662667,-0.00221107354867294,0.00808571700595438));
#3630=CARTESIAN_POINT('',(-0.00442215160839941,-0.00118490953481232,0.00676280033928772));
#3631=CARTESIAN_POINT('',(-0.00442215100403283,2.25552676362539E-9,0.00543988367262105));
#3632=CARTESIAN_POINT('',(-0.00442215093993995,0.000125661781779682,0.00529958877222357));
#3633=CARTESIAN_POINT('',(-0.00441501517358167,0.00025111853678551,0.00515738556138366));
#3634=CARTESIAN_POINT('',(-0.0038335991581283,0.00129022225286567,0.0353394420196303));
#3635=CARTESIAN_POINT('',(-0.00370482876007377,0.00167283392188413,0.034830311088334));
#3636=CARTESIAN_POINT('',(-0.00350297869651322,0.0020224480756663,0.0343375555144167));
#3637=CARTESIAN_POINT('',(-0.00296106536790455,0.00296106838850045,0.0330146388477501));
#3638=CARTESIAN_POINT('',(-0.00202244450226299,0.00350298075961858,0.0316917221810833));
#3639=CARTESIAN_POINT('',(-0.00108382363662143,0.00404489313073671,0.0303688055144167));
#3640=CARTESIAN_POINT('',(2.06310536550695E-9,0.0040448925779293,0.02904588884775));
#3641=CARTESIAN_POINT('',(0.00108382776283216,0.00404489202512188,0.0277229721810834));
#3642=CARTESIAN_POINT('',(0.0020224480756663,0.00350297869651322,0.0264000555144167));
#3643=CARTESIAN_POINT('',(0.00296106838850045,0.00296106536790455,0.02507713884775));
#3644=CARTESIAN_POINT('',(0.00350298075961858,0.00202244450226299,0.0237542221810834));
#3645=CARTESIAN_POINT('',(0.00404489313073671,0.00108382363662143,0.0224313055144167));
#3646=CARTESIAN_POINT('',(0.0040448925779293,-2.06310536417954E-9,0.02110838884775));
#3647=CARTESIAN_POINT('',(0.00404489202512188,-0.00108382776283216,0.0197854721810833));
#3648=CARTESIAN_POINT('',(0.00350297869651322,-0.0020224480756663,0.0184625555144167));
#3649=CARTESIAN_POINT('',(0.00296106536790456,-0.00296106838850045,0.01713963884775));
#3650=CARTESIAN_POINT('',(0.00202244450226299,-0.00350298075961858,0.0158167221810833));
#3651=CARTESIAN_POINT('',(0.00108382363662144,-0.00404489313073671,0.0144938055144167));
#3652=CARTESIAN_POINT('',(-2.06310536451139E-9,-0.0040448925779293,0.01317088884775));
#3653=CARTESIAN_POINT('',(-0.00108382776283216,-0.00404489202512188,0.0118479721810834));
#3654=CARTESIAN_POINT('',(-0.0020224480756663,-0.00350297869651322,0.0105250555144167));
#3655=CARTESIAN_POINT('',(-0.00296106838850045,-0.00296106536790455,0.00920213884775003));
#3656=CARTESIAN_POINT('',(-0.00350298075961857,-0.00202244450226299,0.00787922218108335));
#3657=CARTESIAN_POINT('',(-0.00404489313073671,-0.00108382363662143,0.00655630551441669));
#3658=CARTESIAN_POINT('',(-0.0040448925779293,2.0631053658388E-9,0.00523338884775002));
#3659=CARTESIAN_POINT('',(-0.00404489251930424,0.000114941440938237,0.00509309394735254));
#3660=CARTESIAN_POINT('',(-0.00403836551279675,0.000229695346155717,0.00495089073651263));
#3661=CARTESIAN_POINT('',(-0.0038335991581283,0.00129022225286567,0.0349093675693723));
#3662=CARTESIAN_POINT('',(-0.00370482876007377,0.00167283392188414,0.034400236638076));
#3663=CARTESIAN_POINT('',(-0.00350297869651322,0.0020224480756663,0.0339074810641588));
#3664=CARTESIAN_POINT('',(-0.00296106536790455,0.00296106838850045,0.0325845643974921));
#3665=CARTESIAN_POINT('',(-0.00202244450226299,0.00350298075961858,0.0312616477308254));
#3666=CARTESIAN_POINT('',(-0.00108382363662143,0.00404489313073671,0.0299387310641587));
#3667=CARTESIAN_POINT('',(2.06310536617065E-9,0.0040448925779293,0.0286158143974921));
#3668=CARTESIAN_POINT('',(0.00108382776283216,0.00404489202512188,0.0272928977308254));
#3669=CARTESIAN_POINT('',(0.0020224480756663,0.00350297869651322,0.0259699810641587));
#3670=CARTESIAN_POINT('',(0.00296106838850045,0.00296106536790455,0.0246470643974921));
#3671=CARTESIAN_POINT('',(0.00350298075961858,0.00202244450226299,0.0233241477308254));
#3672=CARTESIAN_POINT('',(0.00404489313073671,0.00108382363662143,0.0220012310641588));
#3673=CARTESIAN_POINT('',(0.0040448925779293,-2.06310536484324E-9,0.0206783143974921));
#3674=CARTESIAN_POINT('',(0.00404489202512188,-0.00108382776283216,0.0193553977308254));
#3675=CARTESIAN_POINT('',(0.00350297869651322,-0.0020224480756663,0.0180324810641588));
#3676=CARTESIAN_POINT('',(0.00296106536790456,-0.00296106838850045,0.0167095643974921));
#3677=CARTESIAN_POINT('',(0.00202244450226299,-0.00350298075961858,0.0153866477308254));
#3678=CARTESIAN_POINT('',(0.00108382363662144,-0.00404489313073671,0.0140637310641587));
#3679=CARTESIAN_POINT('',(-2.0631053651751E-9,-0.0040448925779293,0.0127408143974921));
#3680=CARTESIAN_POINT('',(-0.00108382776283216,-0.00404489202512188,0.0114178977308254));
#3681=CARTESIAN_POINT('',(-0.0020224480756663,-0.00350297869651322,0.0100949810641587));
#3682=CARTESIAN_POINT('',(-0.00296106838850045,-0.00296106536790455,0.00877206439749208));
#3683=CARTESIAN_POINT('',(-0.00350298075961858,-0.00202244450226299,0.00744914773082542));
#3684=CARTESIAN_POINT('',(-0.00404489313073671,-0.00108382363662143,0.00612623106415875));
#3685=CARTESIAN_POINT('',(-0.0040448925779293,2.06310536617065E-9,0.00480331439749208));
#3686=CARTESIAN_POINT('',(-0.00404489251930424,0.000114941440938238,0.0046630194970946));
#3687=CARTESIAN_POINT('',(-0.00403836551279675,0.000229695346155717,0.00452081628625469));
#3688=CARTESIAN_POINT('',(-0.00419115070167206,0.00141055850582224,0.0347028727445013));
#3689=CARTESIAN_POINT('',(-0.00405037016570587,0.00182885554182681,0.034193741813205));
#3690=CARTESIAN_POINT('',(-0.00382969398109991,0.00221107745535989,0.0337009862392877));
#3691=CARTESIAN_POINT('',(-0.00323723756253357,0.00323724086485395,0.0323780695726211));
#3692=CARTESIAN_POINT('',(-0.00221107354867294,0.00382969623662667,0.0310551529059544));
#3693=CARTESIAN_POINT('',(-0.00118490953481231,0.00442215160839941,0.0297322362392877));
#3694=CARTESIAN_POINT('',(2.25552676319171E-9,0.00442215100403283,0.0284093195726211));
#3695=CARTESIAN_POINT('',(0.00118491404586584,0.00442215039966626,0.0270864029059544));
#3696=CARTESIAN_POINT('',(0.00221107745535989,0.00382969398109991,0.0257634862392877));
#3697=CARTESIAN_POINT('',(0.00323724086485395,0.00323723756253357,0.0244405695726211));
#3698=CARTESIAN_POINT('',(0.00382969623662667,0.00221107354867294,0.0231176529059544));
#3699=CARTESIAN_POINT('',(0.00442215160839941,0.00118490953481231,0.0217947362392877));
#3700=CARTESIAN_POINT('',(0.00442215100403283,-2.25552676232435E-9,0.0204718195726211));
#3701=CARTESIAN_POINT('',(0.00442215039966626,-0.00118491404586584,0.0191489029059544));
#3702=CARTESIAN_POINT('',(0.00382969398109991,-0.00221107745535989,0.0178259862392877));
#3703=CARTESIAN_POINT('',(0.00323723756253357,-0.00323724086485395,0.016503069572621));
#3704=CARTESIAN_POINT('',(0.00221107354867295,-0.00382969623662667,0.0151801529059544));
#3705=CARTESIAN_POINT('',(0.00118490953481232,-0.00442215160839941,0.0138572362392877));
#3706=CARTESIAN_POINT('',(-2.25552676232435E-9,-0.00442215100403283,0.012534319572621));
#3707=CARTESIAN_POINT('',(-0.00118491404586584,-0.00442215039966626,0.0112114029059544));
#3708=CARTESIAN_POINT('',(-0.00221107745535989,-0.00382969398109991,0.00988848623928772));
#3709=CARTESIAN_POINT('',(-0.00323724086485395,-0.00323723756253357,0.00856556957262105));
#3710=CARTESIAN_POINT('',(-0.00382969623662667,-0.00221107354867294,0.00724265290595438));
#3711=CARTESIAN_POINT('',(-0.00442215160839941,-0.00118490953481232,0.00591973623928772));
#3712=CARTESIAN_POINT('',(-0.00442215100403283,2.25552676362539E-9,0.00459681957262105));
#3713=CARTESIAN_POINT('',(-0.00442215093993995,0.000125661781779682,0.00445652467222357));
#3714=CARTESIAN_POINT('',(-0.00441501517358167,0.00025111853678551,0.00431432146138366));
#3715=CARTESIAN_POINT('',(-0.00442215100403283,2.25552676405907E-9,0.0363468195726211));
#3716=CARTESIAN_POINT('',(-0.00442215039966626,0.00118491404586584,0.0350239029059544));
#3717=CARTESIAN_POINT('',(-0.00382969398109991,0.00221107745535989,0.0337009862392877));
#3718=CARTESIAN_POINT('',(-0.00323723756253357,0.00323724086485395,0.0323780695726211));
#3719=CARTESIAN_POINT('',(-0.00221107354867294,0.00382969623662667,0.0310551529059544));
#3720=CARTESIAN_POINT('',(-0.00118490953481231,0.00442215160839941,0.0297322362392877));
#3721=CARTESIAN_POINT('',(2.25552676319171E-9,0.00442215100403283,0.0284093195726211));
#3722=CARTESIAN_POINT('',(0.00118491404586584,0.00442215039966626,0.0270864029059544));
#3723=CARTESIAN_POINT('',(0.00221107745535989,0.00382969398109991,0.0257634862392877));
#3724=CARTESIAN_POINT('',(0.00323724086485395,0.00323723756253357,0.0244405695726211));
#3725=CARTESIAN_POINT('',(0.00382969623662667,0.00221107354867294,0.0231176529059544));
#3726=CARTESIAN_POINT('',(0.00442215160839941,0.00118490953481231,0.0217947362392877));
#3727=CARTESIAN_POINT('',(0.00442215100403283,-2.25552676275803E-9,0.0204718195726211));
#3728=CARTESIAN_POINT('',(0.00442215039966626,-0.00118491404586584,0.0191489029059544));
#3729=CARTESIAN_POINT('',(0.00382969398109991,-0.00221107745535989,0.0178259862392877));
#3730=CARTESIAN_POINT('',(0.00323723756253357,-0.00323724086485395,0.016503069572621));
#3731=CARTESIAN_POINT('',(0.00221107354867295,-0.00382969623662667,0.0151801529059544));
#3732=CARTESIAN_POINT('',(0.00118490953481232,-0.00442215160839941,0.0138572362392877));
#3733=CARTESIAN_POINT('',(-2.25552676275803E-9,-0.00442215100403283,0.012534319572621));
#3734=CARTESIAN_POINT('',(-0.00118491404586584,-0.00442215039966626,0.0112114029059544));
#3735=CARTESIAN_POINT('',(-0.00221107745535989,-0.00382969398109991,0.00988848623928772));
#3736=CARTESIAN_POINT('',(-0.00323724086485395,-0.00323723756253357,0.00856556957262105));
#3737=CARTESIAN_POINT('',(-0.00382969623662667,-0.00221107354867294,0.00724265290595438));
#3738=CARTESIAN_POINT('',(-0.00442215160839941,-0.00118490953481232,0.00591973623928772));
#3739=CARTESIAN_POINT('',(-0.00442215100403283,2.25552676275803E-9,0.00459681957262105));
#3740=CARTESIAN_POINT('',(-0.00442215039966626,0.00118491404586584,0.00327390290595438));
#3741=CARTESIAN_POINT('',(-0.00382969398109991,0.00221107745535989,0.00195098623928771));
#3742=CARTESIAN_POINT('',(-0.00323723756253357,0.00323724086485394,0.000628069572621049));
#3743=CARTESIAN_POINT('',(-0.00221107354867294,0.00382969623662667,-0.000694847094045617));
#3744=CARTESIAN_POINT('',(-0.00118490953481232,0.00442215160839941,-0.00201776376071228));
#3745=CARTESIAN_POINT('',(2.25552675842123E-9,0.00442215100403283,-0.00334068042737895));
#3746=CARTESIAN_POINT('',(0.00118491404586584,0.00442215039966626,-0.00466359709404562));
#3747=CARTESIAN_POINT('',(0.00221107745535989,0.00382969398109991,-0.00598651376071228));
#3748=CARTESIAN_POINT('',(0.00323724086485394,0.00323723756253357,-0.00730943042737895));
#3749=CARTESIAN_POINT('',(0.00382969623662667,0.00221107354867295,-0.00863234709404562));
#3750=CARTESIAN_POINT('',(0.00442215160839941,0.00118490953481232,-0.00995526376071229));
#3751=CARTESIAN_POINT('',(0.00442215100403283,-2.25552676189067E-9,-0.0112781804273789));
#3752=CARTESIAN_POINT('',(0.00442215039966626,-0.00118491404586584,-0.0126010970940456));
#3753=CARTESIAN_POINT('',(0.00382969398109991,-0.00221107745535989,-0.0139240137607123));
#3754=CARTESIAN_POINT('',(0.00323723756253357,-0.00323724086485394,-0.0152469304273789));
#3755=CARTESIAN_POINT('',(0.00221107354867295,-0.00382969623662667,-0.0165698470940456));
#3756=CARTESIAN_POINT('',(0.00118490953481232,-0.0044221516083994,-0.0178927637607123));
#3757=CARTESIAN_POINT('',(-2.25552676145699E-9,-0.00442215100403283,-0.019215680427379));
#3758=CARTESIAN_POINT('',(-0.00118491404586584,-0.00442215039966626,-0.0205385970940456));
#3759=CARTESIAN_POINT('',(-0.00221107745535989,-0.00382969398109991,-0.0218615137607123));
#3760=CARTESIAN_POINT('',(-0.00323724086485394,-0.00323723756253357,-0.023184430427379));
#3761=CARTESIAN_POINT('',(-0.00382969623662667,-0.00221107354867295,-0.0245073470940456));
#3762=CARTESIAN_POINT('',(-0.0044221516083994,-0.00118490953481232,-0.0258302637607123));
#3763=CARTESIAN_POINT('',(-0.00442215100403283,2.25552676189067E-9,-0.027153180427379));
#3764=CARTESIAN_POINT('',(-0.00437548407522476,0.000640748476336994,0.0356174859535791));
#3765=CARTESIAN_POINT('',(-0.00425285591362366,0.00147814035173724,0.0346458793245702));
#3766=CARTESIAN_POINT('',(-0.00382969398109991,0.00221107745535989,0.0337009862392877));
#3767=CARTESIAN_POINT('',(-0.00323723756253357,0.00323724086485395,0.032378069572621));
#3768=CARTESIAN_POINT('',(-0.00221107354867294,0.00382969623662667,0.0310551529059544));
#3769=CARTESIAN_POINT('',(-0.00118490953481231,0.0044221516083994,0.0297322362392877));
#3770=CARTESIAN_POINT('',(2.25552676275803E-9,0.00442215100403283,0.0284093195726211));
#3771=CARTESIAN_POINT('',(0.00118491404586584,0.00442215039966626,0.0270864029059544));
#3772=CARTESIAN_POINT('',(0.00221107745535989,0.00382969398109991,0.0257634862392877));
#3773=CARTESIAN_POINT('',(0.00323724086485394,0.00323723756253357,0.0244405695726211));
#3774=CARTESIAN_POINT('',(0.00382969623662667,0.00221107354867294,0.0231176529059544));
#3775=CARTESIAN_POINT('',(0.0044221516083994,0.00118490953481231,0.0217947362392877));
#3776=CARTESIAN_POINT('',(0.00442215100403283,-2.25552676189067E-9,0.0204718195726211));
#3777=CARTESIAN_POINT('',(0.00442215039966626,-0.00118491404586584,0.0191489029059544));
#3778=CARTESIAN_POINT('',(0.00382969398109991,-0.00221107745535989,0.0178259862392877));
#3779=CARTESIAN_POINT('',(0.00323723756253357,-0.00323724086485394,0.016503069572621));
#3780=CARTESIAN_POINT('',(0.00221107354867294,-0.00382969623662667,0.0151801529059544));
#3781=CARTESIAN_POINT('',(0.00118490953481232,-0.0044221516083994,0.0138572362392877));
#3782=CARTESIAN_POINT('',(-2.25552676189067E-9,-0.00442215100403283,0.012534319572621));
#3783=CARTESIAN_POINT('',(-0.00118491404586584,-0.00442215039966626,0.0112114029059544));
#3784=CARTESIAN_POINT('',(-0.00221107745535988,-0.00382969398109991,0.00988848623928771));
#3785=CARTESIAN_POINT('',(-0.00323724086485394,-0.00323723756253357,0.00856556957262104));
#3786=CARTESIAN_POINT('',(-0.00382969623662667,-0.00221107354867294,0.00724265290595438));
#3787=CARTESIAN_POINT('',(-0.00429221324297393,-0.00140996965068319,0.00620988067454945));
#3788=CARTESIAN_POINT('',(-0.00439484764398676,-0.000490646194948736,0.00515278114872219));
#3789=CARTESIAN_POINT('',(-0.00618904525017243,0.000906327447626464,0.0345592584535791));
#3790=CARTESIAN_POINT('',(-0.0060155898728824,0.00209080352384499,0.0335876518245702));
#3791=CARTESIAN_POINT('',(-0.00541703476366162,0.00312753016296958,0.0326427587392877));
#3792=CARTESIAN_POINT('',(-0.00457901558218995,0.00457902025326402,0.031319842072621));
#3793=CARTESIAN_POINT('',(-0.00312752463702961,0.00541703795406455,0.0299969254059544));
#3794=CARTESIAN_POINT('',(-0.00167603369186927,0.00625505565486507,0.0286740087392877));
#3795=CARTESIAN_POINT('',(3.19040292665399E-9,0.00625505479999918,0.0273510920726211));
#3796=CARTESIAN_POINT('',(0.00167604007267513,0.0062550539451333,0.0260281754059544));
#3797=CARTESIAN_POINT('',(0.00312753016296958,0.00541703476366162,0.0247052587392877));
#3798=CARTESIAN_POINT('',(0.00457902025326402,0.00457901558218995,0.0233823420726211));
#3799=CARTESIAN_POINT('',(0.00541703795406455,0.00312752463702961,0.0220594254059544));
#3800=CARTESIAN_POINT('',(0.00625505565486507,0.00167603369186927,0.0207365087392878));
#3801=CARTESIAN_POINT('',(0.00625505479999918,-3.19040292578662E-9,0.019413592072621));
#3802=CARTESIAN_POINT('',(0.0062550539451333,-0.00167604007267513,0.0180906754059544));
#3803=CARTESIAN_POINT('',(0.00541703476366162,-0.00312753016296958,0.0167677587392877));
#3804=CARTESIAN_POINT('',(0.00457901558218995,-0.00457902025326402,0.015444842072621));
#3805=CARTESIAN_POINT('',(0.00312752463702962,-0.00541703795406455,0.0141219254059544));
#3806=CARTESIAN_POINT('',(0.00167603369186928,-0.00625505565486507,0.0127990087392877));
#3807=CARTESIAN_POINT('',(-3.19040292578662E-9,-0.00625505479999918,0.011476092072621));
#3808=CARTESIAN_POINT('',(-0.00167604007267513,-0.0062550539451333,0.0101531754059544));
#3809=CARTESIAN_POINT('',(-0.00312753016296957,-0.00541703476366162,0.00883025873928772));
#3810=CARTESIAN_POINT('',(-0.00457902025326402,-0.00457901558218995,0.00750734207262105));
#3811=CARTESIAN_POINT('',(-0.00541703795406455,-0.00312752463702961,0.00618442540595438));
#3812=CARTESIAN_POINT('',(-0.00607126012286776,-0.00199437726647419,0.00515165317454945));
#3813=CARTESIAN_POINT('',(-0.0062164346775392,-0.000694010411226709,0.00409455364872219));
#3814=CARTESIAN_POINT('',(-0.0027188223161108,0.00563326865722033,0.0357548583805952));
#3815=CARTESIAN_POINT('',(-0.00263211315954824,0.00567511768026866,0.0356782727542702));
#3816=CARTESIAN_POINT('',(-0.00254415707702874,0.00571427819749858,0.0356022778392877));
#3817=CARTESIAN_POINT('',(-0.00101302084868222,0.00639598303170636,0.0342793611726211));
#3818=CARTESIAN_POINT('',(0.00065383443882444,0.00622078862183969,0.0329564445059544));
#3819=CARTESIAN_POINT('',(0.0023206897263311,0.00604559421197302,0.0316335278392877));
#3820=CARTESIAN_POINT('',(0.00367663154481095,0.00506044375867414,0.0303106111726211));
#3821=CARTESIAN_POINT('',(0.00503257336329081,0.00407529330537525,0.0289876945059544));
#3822=CARTESIAN_POINT('',(0.00571427819749858,0.00254415707702874,0.0276647778392877));
#3823=CARTESIAN_POINT('',(0.00639598303170636,0.00101302084868222,0.026341861172621));
#3824=CARTESIAN_POINT('',(0.00622078862183969,-0.000653834438824437,0.0250189445059544));
#3825=CARTESIAN_POINT('',(0.00604559421197302,-0.0023206897263311,0.0236960278392877));
#3826=CARTESIAN_POINT('',(0.00506044375867414,-0.00367663154481095,0.0223731111726211));
#3827=CARTESIAN_POINT('',(0.00407529330537526,-0.0050325733632908,0.0210501945059544));
#3828=CARTESIAN_POINT('',(0.00254415707702874,-0.00571427819749858,0.0197272778392877));
#3829=CARTESIAN_POINT('',(0.00101302084868223,-0.00639598303170636,0.0184043611726211));
#3830=CARTESIAN_POINT('',(-0.000653834438824436,-0.00622078862183969,0.0170814445059544));
#3831=CARTESIAN_POINT('',(-0.0023206897263311,-0.00604559421197302,0.0157585278392877));
#3832=CARTESIAN_POINT('',(-0.00367663154481095,-0.00506044375867414,0.014435611172621));
#3833=CARTESIAN_POINT('',(-0.0050325733632908,-0.00407529330537526,0.0131126945059544));
#3834=CARTESIAN_POINT('',(-0.00571427819749858,-0.00254415707702874,0.0117897778392877));
#3835=CARTESIAN_POINT('',(-0.00639598303170636,-0.00101302084868222,0.010466861172621));
#3836=CARTESIAN_POINT('',(-0.00622078862183969,0.000653834438824437,0.00914394450595438));
#3837=CARTESIAN_POINT('',(-0.00604559421197303,0.0023206897263311,0.00782102783928772));
#3838=CARTESIAN_POINT('',(-0.00506044375867414,0.00367663154481096,0.00649811117262104));
#3839=CARTESIAN_POINT('',(-0.00456715755367122,0.00435558103075283,0.00583569809667931));
#3840=CARTESIAN_POINT('',(-0.00391235165280506,0.00488049332504375,0.00514992599757344));
#3841=CARTESIAN_POINT('',(-0.00192213229450489,0.00398256537233164,0.0346966308805952));
#3842=CARTESIAN_POINT('',(-0.00186083131537485,0.00401215147592437,0.0346200452542701));
#3843=CARTESIAN_POINT('',(-0.00179864879402836,0.00403983688014924,0.0345440503392877));
#3844=CARTESIAN_POINT('',(-0.000716177764438908,0.00452178337197636,0.0332211336726211));
#3845=CARTESIAN_POINT('',(0.000462242891959814,0.0043979257623687,0.0318982170059544));
#3846=CARTESIAN_POINT('',(0.00164066354835854,0.00427406815276104,0.0305753003392877));
#3847=CARTESIAN_POINT('',(0.00259927696834033,0.00357759398818943,0.0292523836726211));
#3848=CARTESIAN_POINT('',(0.00355789038832213,0.00288111982361782,0.0279294670059544));
#3849=CARTESIAN_POINT('',(0.00403983688014924,0.00179864879402836,0.0266065503392877));
#3850=CARTESIAN_POINT('',(0.00452178337197636,0.000716177764438909,0.0252836336726211));
#3851=CARTESIAN_POINT('',(0.0043979257623687,-0.000462242891959812,0.0239607170059544));
#3852=CARTESIAN_POINT('',(0.00427406815276104,-0.00164066354835854,0.0226378003392877));
#3853=CARTESIAN_POINT('',(0.00357759398818943,-0.00259927696834033,0.021314883672621));
#3854=CARTESIAN_POINT('',(0.00288111982361782,-0.00355789038832213,0.0199919670059544));
#3855=CARTESIAN_POINT('',(0.00179864879402836,-0.00403983688014924,0.0186690503392877));
#3856=CARTESIAN_POINT('',(0.000716177764438912,-0.00452178337197636,0.017346133672621));
#3857=CARTESIAN_POINT('',(-0.000462242891959811,-0.0043979257623687,0.0160232170059544));
#3858=CARTESIAN_POINT('',(-0.00164066354835853,-0.00427406815276104,0.0147003003392877));
#3859=CARTESIAN_POINT('',(-0.00259927696834033,-0.00357759398818943,0.013377383672621));
#3860=CARTESIAN_POINT('',(-0.00355789038832213,-0.00288111982361782,0.0120544670059544));
#3861=CARTESIAN_POINT('',(-0.00403983688014924,-0.00179864879402837,0.0107315503392877));
#3862=CARTESIAN_POINT('',(-0.00452178337197636,-0.000716177764438909,0.00940863367262105));
#3863=CARTESIAN_POINT('',(-0.0043979257623687,0.000462242891959812,0.00808571700595438));
#3864=CARTESIAN_POINT('',(-0.00427406815276104,0.00164066354835853,0.00676280033928772));
#3865=CARTESIAN_POINT('',(-0.00357759398818943,0.00259927696834033,0.00543988367262105));
#3866=CARTESIAN_POINT('',(-0.0032288542638421,0.00307927550503514,0.00477747059667932));
#3867=CARTESIAN_POINT('',(-0.00276592457504667,0.00345037400112315,0.00409169849757344));
#3868=CARTESIAN_POINT('',(-0.00357759398818943,0.00259927696834033,0.037189883672621));
#3869=CARTESIAN_POINT('',(-0.00288111982361782,0.00355789038832213,0.0358669670059544));
#3870=CARTESIAN_POINT('',(-0.00179864879402836,0.00403983688014924,0.0345440503392877));
#3871=CARTESIAN_POINT('',(-0.000716177764438908,0.00452178337197636,0.0332211336726211));
#3872=CARTESIAN_POINT('',(0.000462242891959815,0.0043979257623687,0.0318982170059544));
#3873=CARTESIAN_POINT('',(0.00164066354835854,0.00427406815276104,0.0305753003392877));
#3874=CARTESIAN_POINT('',(0.00259927696834033,0.00357759398818943,0.0292523836726211));
#3875=CARTESIAN_POINT('',(0.00355789038832213,0.00288111982361782,0.0279294670059544));
#3876=CARTESIAN_POINT('',(0.00403983688014924,0.00179864879402836,0.0266065503392877));
#3877=CARTESIAN_POINT('',(0.00452178337197636,0.000716177764438908,0.0252836336726211));
#3878=CARTESIAN_POINT('',(0.0043979257623687,-0.000462242891959813,0.0239607170059544));
#3879=CARTESIAN_POINT('',(0.00427406815276104,-0.00164066354835854,0.0226378003392877));
#3880=CARTESIAN_POINT('',(0.00357759398818943,-0.00259927696834033,0.021314883672621));
#3881=CARTESIAN_POINT('',(0.00288111982361782,-0.00355789038832213,0.0199919670059544));
#3882=CARTESIAN_POINT('',(0.00179864879402836,-0.00403983688014924,0.0186690503392877));
#3883=CARTESIAN_POINT('',(0.000716177764438912,-0.00452178337197636,0.017346133672621));
#3884=CARTESIAN_POINT('',(-0.000462242891959812,-0.0043979257623687,0.0160232170059544));
#3885=CARTESIAN_POINT('',(-0.00164066354835853,-0.00427406815276104,0.0147003003392877));
#3886=CARTESIAN_POINT('',(-0.00259927696834033,-0.00357759398818943,0.013377383672621));
#3887=CARTESIAN_POINT('',(-0.00355789038832213,-0.00288111982361782,0.0120544670059544));
#3888=CARTESIAN_POINT('',(-0.00403983688014924,-0.00179864879402836,0.0107315503392877));
#3889=CARTESIAN_POINT('',(-0.00452178337197636,-0.000716177764438909,0.00940863367262105));
#3890=CARTESIAN_POINT('',(-0.0043979257623687,0.000462242891959812,0.00808571700595438));
#3891=CARTESIAN_POINT('',(-0.00427406815276104,0.00164066354835853,0.00676280033928772));
#3892=CARTESIAN_POINT('',(-0.00357759398818943,0.00259927696834033,0.00543988367262105));
#3893=CARTESIAN_POINT('',(-0.00288111982361782,0.00355789038832213,0.00411696700595439));
#3894=CARTESIAN_POINT('',(-0.00179864879402836,0.00403983688014924,0.00279405033928772));
#3895=CARTESIAN_POINT('',(-0.000716177764438912,0.00452178337197636,0.00147113367262105));
#3896=CARTESIAN_POINT('',(0.000462242891959812,0.0043979257623687,0.000148217005954382));
#3897=CARTESIAN_POINT('',(0.00164066354835853,0.00427406815276104,-0.00117469966071229));
#3898=CARTESIAN_POINT('',(0.00259927696834033,0.00357759398818943,-0.00249761632737895));
#3899=CARTESIAN_POINT('',(0.00355789038832213,0.00288111982361782,-0.00382053299404562));
#3900=CARTESIAN_POINT('',(0.00403983688014924,0.00179864879402837,-0.00514344966071229));
#3901=CARTESIAN_POINT('',(0.00452178337197636,0.000716177764438913,-0.00646636632737895));
#3902=CARTESIAN_POINT('',(0.0043979257623687,-0.000462242891959808,-0.00778928299404562));
#3903=CARTESIAN_POINT('',(0.00427406815276104,-0.00164066354835853,-0.00911219966071228));
#3904=CARTESIAN_POINT('',(0.00357759398818943,-0.00259927696834033,-0.0104351163273789));
#3905=CARTESIAN_POINT('',(0.00288111982361782,-0.00355789038832213,-0.0117580329940456));
#3906=CARTESIAN_POINT('',(0.00179864879402837,-0.00403983688014924,-0.0130809496607123));
#3907=CARTESIAN_POINT('',(0.000716177764438915,-0.00452178337197636,-0.014403866327379));
#3908=CARTESIAN_POINT('',(-0.000462242891959807,-0.0043979257623687,-0.0157267829940456));
#3909=CARTESIAN_POINT('',(-0.00164066354835853,-0.00427406815276104,-0.0170496996607123));
#3910=CARTESIAN_POINT('',(-0.00259927696834033,-0.00357759398818943,-0.018372616327379));
#3911=CARTESIAN_POINT('',(-0.00355789038832213,-0.00288111982361782,-0.0196955329940456));
#3912=CARTESIAN_POINT('',(-0.00403983688014924,-0.00179864879402837,-0.0210184496607123));
#3913=CARTESIAN_POINT('',(-0.00452178337197636,-0.000716177764438913,-0.022341366327379));
#3914=CARTESIAN_POINT('',(-0.0043979257623687,0.000462242891959808,-0.0236642829940456));
#3915=CARTESIAN_POINT('',(-0.00427406815276104,0.00164066354835853,-0.0249871996607123));
#3916=CARTESIAN_POINT('',(-0.00357759398818943,0.00259927696834033,-0.0263101163273789));
#3917=CARTESIAN_POINT('',(-0.00256160665642117,0.00360466237534841,0.0355459368445013));
#3918=CARTESIAN_POINT('',(-0.00220184398150616,0.00386032306332202,0.035036805913205));
#3919=CARTESIAN_POINT('',(-0.00179864879402836,0.00403983688014924,0.0345440503392877));
#3920=CARTESIAN_POINT('',(-0.000716177764438908,0.00452178337197636,0.0332211336726211));
#3921=CARTESIAN_POINT('',(0.000462242891959815,0.0043979257623687,0.0318982170059544));
#3922=CARTESIAN_POINT('',(0.00164066354835854,0.00427406815276104,0.0305753003392877));
#3923=CARTESIAN_POINT('',(0.00259927696834033,0.00357759398818943,0.0292523836726211));
#3924=CARTESIAN_POINT('',(0.00355789038832213,0.00288111982361782,0.0279294670059544));
#3925=CARTESIAN_POINT('',(0.00403983688014924,0.00179864879402836,0.0266065503392877));
#3926=CARTESIAN_POINT('',(0.00452178337197636,0.000716177764438908,0.0252836336726211));
#3927=CARTESIAN_POINT('',(0.0043979257623687,-0.000462242891959813,0.0239607170059544));
#3928=CARTESIAN_POINT('',(0.00427406815276104,-0.00164066354835854,0.0226378003392877));
#3929=CARTESIAN_POINT('',(0.00357759398818943,-0.00259927696834033,0.021314883672621));
#3930=CARTESIAN_POINT('',(0.00288111982361782,-0.00355789038832213,0.0199919670059544));
#3931=CARTESIAN_POINT('',(0.00179864879402836,-0.00403983688014924,0.0186690503392877));
#3932=CARTESIAN_POINT('',(0.000716177764438912,-0.00452178337197636,0.017346133672621));
#3933=CARTESIAN_POINT('',(-0.000462242891959812,-0.0043979257623687,0.0160232170059544));
#3934=CARTESIAN_POINT('',(-0.00164066354835853,-0.00427406815276104,0.0147003003392877));
#3935=CARTESIAN_POINT('',(-0.00259927696834033,-0.00357759398818943,0.013377383672621));
#3936=CARTESIAN_POINT('',(-0.00355789038832213,-0.00288111982361782,0.0120544670059544));
#3937=CARTESIAN_POINT('',(-0.00403983688014924,-0.00179864879402837,0.0107315503392877));
#3938=CARTESIAN_POINT('',(-0.00452178337197636,-0.000716177764438909,0.00940863367262105));
#3939=CARTESIAN_POINT('',(-0.0043979257623687,0.000462242891959812,0.00808571700595438));
#3940=CARTESIAN_POINT('',(-0.00427406815276104,0.00164066354835853,0.00676280033928772));
#3941=CARTESIAN_POINT('',(-0.00357759398818943,0.00259927696834033,0.00543988367262105));
#3942=CARTESIAN_POINT('',(-0.00350373311999567,0.0027009376229112,0.00529958877222357));
#3943=CARTESIAN_POINT('',(-0.00342421853335104,0.00279823997154085,0.00515738556138366));
#3944=CARTESIAN_POINT('',(-0.00234307325613328,0.00329714477743771,0.0353394420196303));
#3945=CARTESIAN_POINT('',(-0.00201400231933067,0.00353099477901153,0.034830311088334));
#3946=CARTESIAN_POINT('',(-0.00164520414400865,0.00369519408036013,0.0343375555144167));
#3947=CARTESIAN_POINT('',(-0.000655079874299885,0.00413602520213158,0.0330146388477501));
#3948=CARTESIAN_POINT('',(0.000422808457057145,0.00402273401751007,0.0316917221810833));
#3949=CARTESIAN_POINT('',(0.00150069678841417,0.00390944283288856,0.0303688055144167));
#3950=CARTESIAN_POINT('',(0.00237752987350142,0.00327238562330299,0.02904588884775));
#3951=CARTESIAN_POINT('',(0.00325436295858867,0.00263532841371741,0.0277229721810834));
#3952=CARTESIAN_POINT('',(0.00369519408036013,0.00164520414400865,0.0264000555144167));
#3953=CARTESIAN_POINT('',(0.00413602520213158,0.000655079874299885,0.02507713884775));
#3954=CARTESIAN_POINT('',(0.00402273401751007,-0.000422808457057143,0.0237542221810834));
#3955=CARTESIAN_POINT('',(0.00390944283288856,-0.00150069678841417,0.0224313055144167));
#3956=CARTESIAN_POINT('',(0.00327238562330299,-0.00237752987350142,0.02110838884775));
#3957=CARTESIAN_POINT('',(0.00263532841371741,-0.00325436295858867,0.0197854721810833));
#3958=CARTESIAN_POINT('',(0.00164520414400865,-0.00369519408036013,0.0184625555144167));
#3959=CARTESIAN_POINT('',(0.000655079874299887,-0.00413602520213158,0.01713963884775));
#3960=CARTESIAN_POINT('',(-0.000422808457057142,-0.00402273401751007,0.0158167221810833));
#3961=CARTESIAN_POINT('',(-0.00150069678841417,-0.00390944283288856,0.0144938055144167));
#3962=CARTESIAN_POINT('',(-0.00237752987350142,-0.00327238562330299,0.01317088884775));
#3963=CARTESIAN_POINT('',(-0.00325436295858867,-0.00263532841371741,0.0118479721810834));
#3964=CARTESIAN_POINT('',(-0.00369519408036013,-0.00164520414400865,0.0105250555144167));
#3965=CARTESIAN_POINT('',(-0.00413602520213158,-0.000655079874299885,0.00920213884775003));
#3966=CARTESIAN_POINT('',(-0.00402273401751007,0.000422808457057143,0.00787922218108335));
#3967=CARTESIAN_POINT('',(-0.00390944283288856,0.00150069678841417,0.00655630551441669));
#3968=CARTESIAN_POINT('',(-0.00327238562330299,0.00237752987350142,0.00523338884775002));
#3969=CARTESIAN_POINT('',(-0.00320482590467649,0.00247051774903216,0.00509309394735254));
#3970=CARTESIAN_POINT('',(-0.00313209479235973,0.00255951913035727,0.00495089073651263));
#3971=CARTESIAN_POINT('',(-0.00234307325613328,0.00329714477743771,0.0349093675693723));
#3972=CARTESIAN_POINT('',(-0.00201400231933067,0.00353099477901153,0.034400236638076));
#3973=CARTESIAN_POINT('',(-0.00164520414400865,0.00369519408036013,0.0339074810641588));
#3974=CARTESIAN_POINT('',(-0.000655079874299884,0.00413602520213158,0.0325845643974921));
#3975=CARTESIAN_POINT('',(0.000422808457057145,0.00402273401751007,0.0312616477308254));
#3976=CARTESIAN_POINT('',(0.00150069678841417,0.00390944283288856,0.0299387310641587));
#3977=CARTESIAN_POINT('',(0.00237752987350142,0.00327238562330299,0.0286158143974921));
#3978=CARTESIAN_POINT('',(0.00325436295858867,0.00263532841371741,0.0272928977308254));
#3979=CARTESIAN_POINT('',(0.00369519408036013,0.00164520414400865,0.0259699810641587));
#3980=CARTESIAN_POINT('',(0.00413602520213158,0.000655079874299885,0.0246470643974921));
#3981=CARTESIAN_POINT('',(0.00402273401751007,-0.000422808457057143,0.0233241477308254));
#3982=CARTESIAN_POINT('',(0.00390944283288856,-0.00150069678841417,0.0220012310641588));
#3983=CARTESIAN_POINT('',(0.00327238562330299,-0.00237752987350142,0.0206783143974921));
#3984=CARTESIAN_POINT('',(0.00263532841371741,-0.00325436295858867,0.0193553977308254));
#3985=CARTESIAN_POINT('',(0.00164520414400865,-0.00369519408036013,0.0180324810641588));
#3986=CARTESIAN_POINT('',(0.000655079874299887,-0.00413602520213158,0.0167095643974921));
#3987=CARTESIAN_POINT('',(-0.000422808457057143,-0.00402273401751007,0.0153866477308254));
#3988=CARTESIAN_POINT('',(-0.00150069678841417,-0.00390944283288856,0.0140637310641587));
#3989=CARTESIAN_POINT('',(-0.00237752987350142,-0.00327238562330299,0.0127408143974921));
#3990=CARTESIAN_POINT('',(-0.00325436295858867,-0.00263532841371741,0.0114178977308254));
#3991=CARTESIAN_POINT('',(-0.00369519408036013,-0.00164520414400865,0.0100949810641587));
#3992=CARTESIAN_POINT('',(-0.00413602520213158,-0.000655079874299885,0.00877206439749208));
#3993=CARTESIAN_POINT('',(-0.00402273401751007,0.000422808457057143,0.00744914773082542));
#3994=CARTESIAN_POINT('',(-0.00390944283288856,0.00150069678841417,0.00612623106415875));
#3995=CARTESIAN_POINT('',(-0.00327238562330299,0.00237752987350142,0.00480331439749208));
#3996=CARTESIAN_POINT('',(-0.00320482590467649,0.00247051774903216,0.0046630194970946));
#3997=CARTESIAN_POINT('',(-0.00313209479235973,0.00255951913035727,0.00452081628625469));
#3998=CARTESIAN_POINT('',(-0.00256160665642117,0.00360466237534841,0.0347028727445013));
#3999=CARTESIAN_POINT('',(-0.00220184398150616,0.00386032306332202,0.034193741813205));
#4000=CARTESIAN_POINT('',(-0.00179864879402836,0.00403983688014924,0.0337009862392877));
#4001=CARTESIAN_POINT('',(-0.000716177764438908,0.00452178337197636,0.0323780695726211));
#4002=CARTESIAN_POINT('',(0.000462242891959815,0.0043979257623687,0.0310551529059544));
#4003=CARTESIAN_POINT('',(0.00164066354835854,0.00427406815276104,0.0297322362392877));
#4004=CARTESIAN_POINT('',(0.00259927696834033,0.00357759398818943,0.0284093195726211));
#4005=CARTESIAN_POINT('',(0.00355789038832213,0.00288111982361782,0.0270864029059544));
#4006=CARTESIAN_POINT('',(0.00403983688014924,0.00179864879402836,0.0257634862392877));
#4007=CARTESIAN_POINT('',(0.00452178337197636,0.000716177764438909,0.0244405695726211));
#4008=CARTESIAN_POINT('',(0.0043979257623687,-0.000462242891959813,0.0231176529059544));
#4009=CARTESIAN_POINT('',(0.00427406815276104,-0.00164066354835854,0.0217947362392877));
#4010=CARTESIAN_POINT('',(0.00357759398818943,-0.00259927696834033,0.0204718195726211));
#4011=CARTESIAN_POINT('',(0.00288111982361782,-0.00355789038832213,0.0191489029059544));
#4012=CARTESIAN_POINT('',(0.00179864879402836,-0.00403983688014924,0.0178259862392877));
#4013=CARTESIAN_POINT('',(0.000716177764438912,-0.00452178337197636,0.016503069572621));
#4014=CARTESIAN_POINT('',(-0.000462242891959812,-0.0043979257623687,0.0151801529059544));
#4015=CARTESIAN_POINT('',(-0.00164066354835853,-0.00427406815276104,0.0138572362392877));
#4016=CARTESIAN_POINT('',(-0.00259927696834033,-0.00357759398818943,0.012534319572621));
#4017=CARTESIAN_POINT('',(-0.00355789038832213,-0.00288111982361782,0.0112114029059544));
#4018=CARTESIAN_POINT('',(-0.00403983688014924,-0.00179864879402836,0.00988848623928772));
#4019=CARTESIAN_POINT('',(-0.00452178337197636,-0.000716177764438909,0.00856556957262105));
#4020=CARTESIAN_POINT('',(-0.0043979257623687,0.000462242891959813,0.00724265290595438));
#4021=CARTESIAN_POINT('',(-0.00427406815276104,0.00164066354835853,0.00591973623928772));
#4022=CARTESIAN_POINT('',(-0.00357759398818943,0.00259927696834033,0.00459681957262105));
#4023=CARTESIAN_POINT('',(-0.00350373311999567,0.0027009376229112,0.00445652467222357));
#4024=CARTESIAN_POINT('',(-0.00342421853335104,0.00279823997154085,0.00431432146138366));
#4025=CARTESIAN_POINT('',(-0.00357759398818943,0.00259927696834033,0.0363468195726211));
#4026=CARTESIAN_POINT('',(-0.00288111982361782,0.00355789038832213,0.0350239029059544));
#4027=CARTESIAN_POINT('',(-0.00179864879402836,0.00403983688014924,0.0337009862392877));
#4028=CARTESIAN_POINT('',(-0.000716177764438908,0.00452178337197636,0.0323780695726211));
#4029=CARTESIAN_POINT('',(0.000462242891959815,0.0043979257623687,0.0310551529059544));
#4030=CARTESIAN_POINT('',(0.00164066354835854,0.00427406815276104,0.0297322362392877));
#4031=CARTESIAN_POINT('',(0.00259927696834033,0.00357759398818943,0.0284093195726211));
#4032=CARTESIAN_POINT('',(0.00355789038832213,0.00288111982361782,0.0270864029059544));
#4033=CARTESIAN_POINT('',(0.00403983688014924,0.00179864879402836,0.0257634862392877));
#4034=CARTESIAN_POINT('',(0.00452178337197636,0.000716177764438908,0.0244405695726211));
#4035=CARTESIAN_POINT('',(0.0043979257623687,-0.000462242891959813,0.0231176529059544));
#4036=CARTESIAN_POINT('',(0.00427406815276104,-0.00164066354835854,0.0217947362392877));
#4037=CARTESIAN_POINT('',(0.00357759398818943,-0.00259927696834033,0.0204718195726211));
#4038=CARTESIAN_POINT('',(0.00288111982361782,-0.00355789038832213,0.0191489029059544));
#4039=CARTESIAN_POINT('',(0.00179864879402836,-0.00403983688014924,0.0178259862392877));
#4040=CARTESIAN_POINT('',(0.00071617776443891,-0.00452178337197636,0.016503069572621));
#4041=CARTESIAN_POINT('',(-0.000462242891959812,-0.0043979257623687,0.0151801529059544));
#4042=CARTESIAN_POINT('',(-0.00164066354835853,-0.00427406815276104,0.0138572362392877));
#4043=CARTESIAN_POINT('',(-0.00259927696834033,-0.00357759398818943,0.012534319572621));
#4044=CARTESIAN_POINT('',(-0.00355789038832213,-0.00288111982361782,0.0112114029059544));
#4045=CARTESIAN_POINT('',(-0.00403983688014924,-0.00179864879402836,0.00988848623928772));
#4046=CARTESIAN_POINT('',(-0.00452178337197636,-0.000716177764438908,0.00856556957262105));
#4047=CARTESIAN_POINT('',(-0.0043979257623687,0.000462242891959813,0.00724265290595438));
#4048=CARTESIAN_POINT('',(-0.00427406815276104,0.00164066354835853,0.00591973623928772));
#4049=CARTESIAN_POINT('',(-0.00357759398818943,0.00259927696834033,0.00459681957262105));
#4050=CARTESIAN_POINT('',(-0.00288111982361782,0.00355789038832213,0.00327390290595438));
#4051=CARTESIAN_POINT('',(-0.00179864879402836,0.00403983688014924,0.00195098623928771));
#4052=CARTESIAN_POINT('',(-0.000716177764438912,0.00452178337197636,0.000628069572621049));
#4053=CARTESIAN_POINT('',(0.000462242891959812,0.0043979257623687,-0.000694847094045617));
#4054=CARTESIAN_POINT('',(0.00164066354835853,0.00427406815276104,-0.00201776376071228));
#4055=CARTESIAN_POINT('',(0.00259927696834033,0.00357759398818943,-0.00334068042737895));
#4056=CARTESIAN_POINT('',(0.00355789038832213,0.00288111982361782,-0.00466359709404562));
#4057=CARTESIAN_POINT('',(0.00403983688014924,0.00179864879402837,-0.00598651376071228));
#4058=CARTESIAN_POINT('',(0.00452178337197636,0.000716177764438913,-0.00730943042737895));
#4059=CARTESIAN_POINT('',(0.0043979257623687,-0.000462242891959808,-0.00863234709404562));
#4060=CARTESIAN_POINT('',(0.00427406815276105,-0.00164066354835853,-0.00995526376071229));
#4061=CARTESIAN_POINT('',(0.00357759398818943,-0.00259927696834033,-0.0112781804273789));
#4062=CARTESIAN_POINT('',(0.00288111982361782,-0.00355789038832213,-0.0126010970940456));
#4063=CARTESIAN_POINT('',(0.00179864879402837,-0.00403983688014924,-0.0139240137607123));
#4064=CARTESIAN_POINT('',(0.000716177764438915,-0.00452178337197636,-0.0152469304273789));
#4065=CARTESIAN_POINT('',(-0.000462242891959807,-0.0043979257623687,-0.0165698470940456));
#4066=CARTESIAN_POINT('',(-0.00164066354835853,-0.00427406815276104,-0.0178927637607123));
#4067=CARTESIAN_POINT('',(-0.00259927696834033,-0.00357759398818943,-0.019215680427379));
#4068=CARTESIAN_POINT('',(-0.00355789038832213,-0.00288111982361782,-0.0205385970940456));
#4069=CARTESIAN_POINT('',(-0.00403983688014924,-0.00179864879402837,-0.0218615137607123));
#4070=CARTESIAN_POINT('',(-0.00452178337197636,-0.000716177764438913,-0.023184430427379));
#4071=CARTESIAN_POINT('',(-0.0043979257623687,0.000462242891959808,-0.0245073470940456));
#4072=CARTESIAN_POINT('',(-0.00427406815276104,0.00164066354835853,-0.0258302637607123));
#4073=CARTESIAN_POINT('',(-0.00357759398818943,0.00259927696834033,-0.027153180427379));
#4074=CARTESIAN_POINT('',(-0.00316321847065403,0.00309022141753416,0.0356174859535792));
#4075=CARTESIAN_POINT('',(-0.00257180360917998,0.00369560665077961,0.0346458793245702));
#4076=CARTESIAN_POINT('',(-0.00179864879402836,0.00403983688014924,0.0337009862392877));
#4077=CARTESIAN_POINT('',(-0.000716177764438908,0.00452178337197636,0.032378069572621));
#4078=CARTESIAN_POINT('',(0.000462242891959814,0.00439792576236869,0.0310551529059544));
#4079=CARTESIAN_POINT('',(0.00164066354835853,0.00427406815276104,0.0297322362392877));
#4080=CARTESIAN_POINT('',(0.00259927696834033,0.00357759398818943,0.0284093195726211));
#4081=CARTESIAN_POINT('',(0.00355789038832213,0.00288111982361782,0.0270864029059544));
#4082=CARTESIAN_POINT('',(0.00403983688014924,0.00179864879402836,0.0257634862392877));
#4083=CARTESIAN_POINT('',(0.00452178337197636,0.000716177764438909,0.0244405695726211));
#4084=CARTESIAN_POINT('',(0.00439792576236869,-0.000462242891959812,0.0231176529059544));
#4085=CARTESIAN_POINT('',(0.00427406815276104,-0.00164066354835853,0.0217947362392877));
#4086=CARTESIAN_POINT('',(0.00357759398818943,-0.00259927696834033,0.0204718195726211));
#4087=CARTESIAN_POINT('',(0.00288111982361782,-0.00355789038832213,0.0191489029059544));
#4088=CARTESIAN_POINT('',(0.00179864879402836,-0.00403983688014924,0.0178259862392877));
#4089=CARTESIAN_POINT('',(0.000716177764438912,-0.00452178337197636,0.016503069572621));
#4090=CARTESIAN_POINT('',(-0.000462242891959811,-0.00439792576236869,0.0151801529059544));
#4091=CARTESIAN_POINT('',(-0.00164066354835853,-0.00427406815276104,0.0138572362392877));
#4092=CARTESIAN_POINT('',(-0.00259927696834033,-0.00357759398818943,0.012534319572621));
#4093=CARTESIAN_POINT('',(-0.00355789038832213,-0.00288111982361782,0.0112114029059544));
#4094=CARTESIAN_POINT('',(-0.00403983688014924,-0.00179864879402836,0.00988848623928771));
#4095=CARTESIAN_POINT('',(-0.00452178337197636,-0.000716177764438909,0.00856556957262104));
#4096=CARTESIAN_POINT('',(-0.00439792576236869,0.000462242891959811,0.00724265290595438));
#4097=CARTESIAN_POINT('',(-0.00430123282389866,0.00138221023495891,0.00620988067454945));
#4098=CARTESIAN_POINT('',(-0.00384390102915827,0.00218628552126881,0.00515278114872219));
#4099=CARTESIAN_POINT('',(-0.00447431687888234,0.00437106383142041,0.0345592584535791));
#4100=CARTESIAN_POINT('',(-0.00363777096159448,0.00522737059380985,0.0335876518245702));
#4101=CARTESIAN_POINT('',(-0.00254415707702874,0.00571427819749858,0.0326427587392877));
#4102=CARTESIAN_POINT('',(-0.00101302084868222,0.00639598303170636,0.031319842072621));
#4103=CARTESIAN_POINT('',(0.00065383443882444,0.00622078862183969,0.0299969254059544));
#4104=CARTESIAN_POINT('',(0.0023206897263311,0.00604559421197302,0.0286740087392877));
#4105=CARTESIAN_POINT('',(0.00367663154481095,0.00506044375867414,0.0273510920726211));
#4106=CARTESIAN_POINT('',(0.00503257336329081,0.00407529330537525,0.0260281754059544));
#4107=CARTESIAN_POINT('',(0.00571427819749858,0.00254415707702874,0.0247052587392877));
#4108=CARTESIAN_POINT('',(0.00639598303170636,0.00101302084868222,0.0233823420726211));
#4109=CARTESIAN_POINT('',(0.00622078862183969,-0.000653834438824437,0.0220594254059544));
#4110=CARTESIAN_POINT('',(0.00604559421197302,-0.0023206897263311,0.0207365087392878));
#4111=CARTESIAN_POINT('',(0.00506044375867414,-0.00367663154481095,0.019413592072621));
#4112=CARTESIAN_POINT('',(0.00407529330537526,-0.0050325733632908,0.0180906754059544));
#4113=CARTESIAN_POINT('',(0.00254415707702874,-0.00571427819749858,0.0167677587392877));
#4114=CARTESIAN_POINT('',(0.00101302084868223,-0.00639598303170636,0.015444842072621));
#4115=CARTESIAN_POINT('',(-0.000653834438824436,-0.00622078862183969,0.0141219254059544));
#4116=CARTESIAN_POINT('',(-0.0023206897263311,-0.00604559421197302,0.0127990087392877));
#4117=CARTESIAN_POINT('',(-0.00367663154481095,-0.00506044375867414,0.011476092072621));
#4118=CARTESIAN_POINT('',(-0.0050325733632908,-0.00407529330537526,0.0101531754059544));
#4119=CARTESIAN_POINT('',(-0.00571427819749858,-0.00254415707702874,0.00883025873928772));
#4120=CARTESIAN_POINT('',(-0.00639598303170636,-0.00101302084868222,0.00750734207262105));
#4121=CARTESIAN_POINT('',(-0.00622078862183969,0.000653834438824437,0.00618442540595438));
#4122=CARTESIAN_POINT('',(-0.00608401816141186,0.00195511206128039,0.00515165317454945));
#4123=CARTESIAN_POINT('',(-0.00543713038320746,0.00309246240834151,0.00409455364872219));
#4124=CARTESIAN_POINT('',(0.00271882231611081,-0.00563326865722033,0.0357548583805952));
#4125=CARTESIAN_POINT('',(0.00263211315954824,-0.00567511768026866,0.0356782727542702));
#4126=CARTESIAN_POINT('',(0.00254415707702874,-0.00571427819749858,0.0356022778392877));
#4127=CARTESIAN_POINT('',(0.00101302084868222,-0.00639598303170636,0.0342793611726211));
#4128=CARTESIAN_POINT('',(-0.00065383443882444,-0.00622078862183969,0.0329564445059543));
#4129=CARTESIAN_POINT('',(-0.0023206897263311,-0.00604559421197302,0.0316335278392877));
#4130=CARTESIAN_POINT('',(-0.00367663154481095,-0.00506044375867414,0.0303106111726211));
#4131=CARTESIAN_POINT('',(-0.0050325733632908,-0.00407529330537525,0.0289876945059544));
#4132=CARTESIAN_POINT('',(-0.00571427819749858,-0.00254415707702874,0.0276647778392877));
#4133=CARTESIAN_POINT('',(-0.00639598303170636,-0.00101302084868222,0.026341861172621));
#4134=CARTESIAN_POINT('',(-0.00622078862183969,0.000653834438824437,0.0250189445059544));
#4135=CARTESIAN_POINT('',(-0.00604559421197302,0.0023206897263311,0.0236960278392877));
#4136=CARTESIAN_POINT('',(-0.00506044375867414,0.00367663154481095,0.0223731111726211));
#4137=CARTESIAN_POINT('',(-0.00407529330537526,0.0050325733632908,0.0210501945059544));
#4138=CARTESIAN_POINT('',(-0.00254415707702874,0.00571427819749858,0.0197272778392877));
#4139=CARTESIAN_POINT('',(-0.00101302084868223,0.00639598303170636,0.0184043611726211));
#4140=CARTESIAN_POINT('',(0.000653834438824435,0.00622078862183969,0.0170814445059544));
#4141=CARTESIAN_POINT('',(0.0023206897263311,0.00604559421197303,0.0157585278392877));
#4142=CARTESIAN_POINT('',(0.00367663154481095,0.00506044375867414,0.014435611172621));
#4143=CARTESIAN_POINT('',(0.0050325733632908,0.00407529330537526,0.0131126945059544));
#4144=CARTESIAN_POINT('',(0.00571427819749858,0.00254415707702875,0.0117897778392877));
#4145=CARTESIAN_POINT('',(0.00639598303170636,0.00101302084868222,0.010466861172621));
#4146=CARTESIAN_POINT('',(0.00622078862183969,-0.000653834438824436,0.00914394450595437));
#4147=CARTESIAN_POINT('',(0.00604559421197303,-0.0023206897263311,0.00782102783928772));
#4148=CARTESIAN_POINT('',(0.00506044375867414,-0.00367663154481095,0.00649811117262104));
#4149=CARTESIAN_POINT('',(0.00456715755367122,-0.00435558103075283,0.0058356980966793));
#4150=CARTESIAN_POINT('',(0.00391235165280504,-0.00488049332504376,0.00514992599757342));
#4151=CARTESIAN_POINT('',(0.00192213229450489,-0.00398256537233164,0.0346966308805952));
#4152=CARTESIAN_POINT('',(0.00186083131537485,-0.00401215147592437,0.0346200452542702));
#4153=CARTESIAN_POINT('',(0.00179864879402836,-0.00403983688014924,0.0345440503392877));
#4154=CARTESIAN_POINT('',(0.000716177764438909,-0.00452178337197636,0.033221133672621));
#4155=CARTESIAN_POINT('',(-0.000462242891959813,-0.0043979257623687,0.0318982170059544));
#4156=CARTESIAN_POINT('',(-0.00164066354835854,-0.00427406815276104,0.0305753003392877));
#4157=CARTESIAN_POINT('',(-0.00259927696834033,-0.00357759398818943,0.0292523836726211));
#4158=CARTESIAN_POINT('',(-0.00355789038832213,-0.00288111982361782,0.0279294670059544));
#4159=CARTESIAN_POINT('',(-0.00403983688014924,-0.00179864879402836,0.0266065503392877));
#4160=CARTESIAN_POINT('',(-0.00452178337197636,-0.000716177764438909,0.0252836336726211));
#4161=CARTESIAN_POINT('',(-0.0043979257623687,0.000462242891959812,0.0239607170059544));
#4162=CARTESIAN_POINT('',(-0.00427406815276104,0.00164066354835853,0.0226378003392877));
#4163=CARTESIAN_POINT('',(-0.00357759398818943,0.00259927696834033,0.021314883672621));
#4164=CARTESIAN_POINT('',(-0.00288111982361782,0.00355789038832213,0.0199919670059544));
#4165=CARTESIAN_POINT('',(-0.00179864879402836,0.00403983688014924,0.0186690503392877));
#4166=CARTESIAN_POINT('',(-0.000716177764438912,0.00452178337197636,0.017346133672621));
#4167=CARTESIAN_POINT('',(0.000462242891959811,0.0043979257623687,0.0160232170059544));
#4168=CARTESIAN_POINT('',(0.00164066354835853,0.00427406815276104,0.0147003003392877));
#4169=CARTESIAN_POINT('',(0.00259927696834033,0.00357759398818943,0.013377383672621));
#4170=CARTESIAN_POINT('',(0.00355789038832213,0.00288111982361782,0.0120544670059544));
#4171=CARTESIAN_POINT('',(0.00403983688014924,0.00179864879402837,0.0107315503392877));
#4172=CARTESIAN_POINT('',(0.00452178337197636,0.00071617776443891,0.00940863367262105));
#4173=CARTESIAN_POINT('',(0.0043979257623687,-0.000462242891959811,0.00808571700595438));
#4174=CARTESIAN_POINT('',(0.00427406815276104,-0.00164066354835853,0.00676280033928772));
#4175=CARTESIAN_POINT('',(0.00357759398818943,-0.00259927696834033,0.00543988367262105));
#4176=CARTESIAN_POINT('',(0.00322885426384209,-0.00307927550503515,0.00477747059667931));
#4177=CARTESIAN_POINT('',(0.00276592457504666,-0.00345037400112316,0.00409169849757343));
#4178=CARTESIAN_POINT('',(0.00357759398818943,-0.00259927696834033,0.037189883672621));
#4179=CARTESIAN_POINT('',(0.00288111982361782,-0.00355789038832213,0.0358669670059544));
#4180=CARTESIAN_POINT('',(0.00179864879402836,-0.00403983688014924,0.0345440503392877));
#4181=CARTESIAN_POINT('',(0.000716177764438908,-0.00452178337197636,0.033221133672621));
#4182=CARTESIAN_POINT('',(-0.000462242891959814,-0.0043979257623687,0.0318982170059544));
#4183=CARTESIAN_POINT('',(-0.00164066354835854,-0.00427406815276104,0.0305753003392877));
#4184=CARTESIAN_POINT('',(-0.00259927696834033,-0.00357759398818943,0.0292523836726211));
#4185=CARTESIAN_POINT('',(-0.00355789038832213,-0.00288111982361782,0.0279294670059544));
#4186=CARTESIAN_POINT('',(-0.00403983688014924,-0.00179864879402836,0.0266065503392877));
#4187=CARTESIAN_POINT('',(-0.00452178337197636,-0.000716177764438909,0.0252836336726211));
#4188=CARTESIAN_POINT('',(-0.0043979257623687,0.000462242891959813,0.0239607170059544));
#4189=CARTESIAN_POINT('',(-0.00427406815276104,0.00164066354835854,0.0226378003392877));
#4190=CARTESIAN_POINT('',(-0.00357759398818943,0.00259927696834033,0.021314883672621));
#4191=CARTESIAN_POINT('',(-0.00288111982361782,0.00355789038832213,0.0199919670059544));
#4192=CARTESIAN_POINT('',(-0.00179864879402836,0.00403983688014924,0.0186690503392877));
#4193=CARTESIAN_POINT('',(-0.000716177764438912,0.00452178337197636,0.017346133672621));
#4194=CARTESIAN_POINT('',(0.000462242891959811,0.0043979257623687,0.0160232170059544));
#4195=CARTESIAN_POINT('',(0.00164066354835853,0.00427406815276104,0.0147003003392877));
#4196=CARTESIAN_POINT('',(0.00259927696834033,0.00357759398818943,0.013377383672621));
#4197=CARTESIAN_POINT('',(0.00355789038832213,0.00288111982361782,0.0120544670059544));
#4198=CARTESIAN_POINT('',(0.00403983688014924,0.00179864879402837,0.0107315503392877));
#4199=CARTESIAN_POINT('',(0.00452178337197636,0.000716177764438909,0.00940863367262105));
#4200=CARTESIAN_POINT('',(0.0043979257623687,-0.000462242891959812,0.00808571700595438));
#4201=CARTESIAN_POINT('',(0.00427406815276104,-0.00164066354835853,0.00676280033928772));
#4202=CARTESIAN_POINT('',(0.00357759398818943,-0.00259927696834033,0.00543988367262105));
#4203=CARTESIAN_POINT('',(0.00288111982361782,-0.00355789038832213,0.00411696700595439));
#4204=CARTESIAN_POINT('',(0.00179864879402837,-0.00403983688014924,0.00279405033928772));
#4205=CARTESIAN_POINT('',(0.000716177764438913,-0.00452178337197636,0.00147113367262105));
#4206=CARTESIAN_POINT('',(-0.000462242891959812,-0.0043979257623687,0.000148217005954382));
#4207=CARTESIAN_POINT('',(-0.00164066354835853,-0.00427406815276104,-0.00117469966071229));
#4208=CARTESIAN_POINT('',(-0.00259927696834033,-0.00357759398818943,-0.00249761632737895));
#4209=CARTESIAN_POINT('',(-0.00355789038832213,-0.00288111982361782,-0.00382053299404562));
#4210=CARTESIAN_POINT('',(-0.00403983688014924,-0.00179864879402837,-0.00514344966071228));
#4211=CARTESIAN_POINT('',(-0.00452178337197636,-0.000716177764438913,-0.00646636632737895));
#4212=CARTESIAN_POINT('',(-0.0043979257623687,0.000462242891959807,-0.00778928299404562));
#4213=CARTESIAN_POINT('',(-0.00427406815276104,0.00164066354835853,-0.00911219966071228));
#4214=CARTESIAN_POINT('',(-0.00357759398818943,0.00259927696834033,-0.0104351163273789));
#4215=CARTESIAN_POINT('',(-0.00288111982361782,0.00355789038832213,-0.0117580329940456));
#4216=CARTESIAN_POINT('',(-0.00179864879402837,0.00403983688014924,-0.0130809496607123));
#4217=CARTESIAN_POINT('',(-0.000716177764438915,0.00452178337197636,-0.014403866327379));
#4218=CARTESIAN_POINT('',(0.000462242891959807,0.0043979257623687,-0.0157267829940456));
#4219=CARTESIAN_POINT('',(0.00164066354835853,0.00427406815276104,-0.0170496996607123));
#4220=CARTESIAN_POINT('',(0.00259927696834033,0.00357759398818943,-0.018372616327379));
#4221=CARTESIAN_POINT('',(0.00355789038832213,0.00288111982361782,-0.0196955329940456));
#4222=CARTESIAN_POINT('',(0.00403983688014924,0.00179864879402837,-0.0210184496607123));
#4223=CARTESIAN_POINT('',(0.00452178337197636,0.000716177764438915,-0.022341366327379));
#4224=CARTESIAN_POINT('',(0.0043979257623687,-0.000462242891959807,-0.0236642829940456));
#4225=CARTESIAN_POINT('',(0.00427406815276104,-0.00164066354835853,-0.0249871996607123));
#4226=CARTESIAN_POINT('',(0.00357759398818943,-0.00259927696834033,-0.0263101163273789));
#4227=CARTESIAN_POINT('',(0.00256160665642117,-0.00360466237534841,0.0355459368445013));
#4228=CARTESIAN_POINT('',(0.00220184398150616,-0.00386032306332202,0.035036805913205));
#4229=CARTESIAN_POINT('',(0.00179864879402836,-0.00403983688014924,0.0345440503392877));
#4230=CARTESIAN_POINT('',(0.000716177764438908,-0.00452178337197636,0.033221133672621));
#4231=CARTESIAN_POINT('',(-0.000462242891959814,-0.0043979257623687,0.0318982170059544));
#4232=CARTESIAN_POINT('',(-0.00164066354835854,-0.00427406815276104,0.0305753003392877));
#4233=CARTESIAN_POINT('',(-0.00259927696834033,-0.00357759398818943,0.0292523836726211));
#4234=CARTESIAN_POINT('',(-0.00355789038832213,-0.00288111982361782,0.0279294670059544));
#4235=CARTESIAN_POINT('',(-0.00403983688014924,-0.00179864879402836,0.0266065503392877));
#4236=CARTESIAN_POINT('',(-0.00452178337197636,-0.000716177764438909,0.0252836336726211));
#4237=CARTESIAN_POINT('',(-0.0043979257623687,0.000462242891959813,0.0239607170059544));
#4238=CARTESIAN_POINT('',(-0.00427406815276104,0.00164066354835854,0.0226378003392877));
#4239=CARTESIAN_POINT('',(-0.00357759398818943,0.00259927696834033,0.021314883672621));
#4240=CARTESIAN_POINT('',(-0.00288111982361782,0.00355789038832213,0.0199919670059544));
#4241=CARTESIAN_POINT('',(-0.00179864879402836,0.00403983688014924,0.0186690503392877));
#4242=CARTESIAN_POINT('',(-0.000716177764438912,0.00452178337197636,0.017346133672621));
#4243=CARTESIAN_POINT('',(0.000462242891959811,0.0043979257623687,0.0160232170059544));
#4244=CARTESIAN_POINT('',(0.00164066354835853,0.00427406815276104,0.0147003003392877));
#4245=CARTESIAN_POINT('',(0.00259927696834033,0.00357759398818943,0.013377383672621));
#4246=CARTESIAN_POINT('',(0.00355789038832213,0.00288111982361782,0.0120544670059544));
#4247=CARTESIAN_POINT('',(0.00403983688014924,0.00179864879402837,0.0107315503392877));
#4248=CARTESIAN_POINT('',(0.00452178337197636,0.000716177764438909,0.00940863367262105));
#4249=CARTESIAN_POINT('',(0.0043979257623687,-0.000462242891959812,0.00808571700595438));
#4250=CARTESIAN_POINT('',(0.00427406815276104,-0.00164066354835853,0.00676280033928772));
#4251=CARTESIAN_POINT('',(0.00357759398818943,-0.00259927696834033,0.00543988367262105));
#4252=CARTESIAN_POINT('',(0.00350373311999567,-0.0027009376229112,0.00529958877222357));
#4253=CARTESIAN_POINT('',(0.00342421853335104,-0.00279823997154085,0.00515738556138366));
#4254=CARTESIAN_POINT('',(0.00234307325613328,-0.00329714477743771,0.0353394420196302));
#4255=CARTESIAN_POINT('',(0.00201400231933067,-0.00353099477901153,0.0348303110883339));
#4256=CARTESIAN_POINT('',(0.00164520414400865,-0.00369519408036013,0.0343375555144167));
#4257=CARTESIAN_POINT('',(0.000655079874299885,-0.00413602520213158,0.0330146388477501));
#4258=CARTESIAN_POINT('',(-0.000422808457057144,-0.00402273401751007,0.0316917221810833));
#4259=CARTESIAN_POINT('',(-0.00150069678841417,-0.00390944283288856,0.0303688055144167));
#4260=CARTESIAN_POINT('',(-0.00237752987350142,-0.00327238562330299,0.02904588884775));
#4261=CARTESIAN_POINT('',(-0.00325436295858867,-0.00263532841371741,0.0277229721810834));
#4262=CARTESIAN_POINT('',(-0.00369519408036013,-0.00164520414400865,0.0264000555144167));
#4263=CARTESIAN_POINT('',(-0.00413602520213158,-0.000655079874299885,0.02507713884775));
#4264=CARTESIAN_POINT('',(-0.00402273401751007,0.000422808457057143,0.0237542221810834));
#4265=CARTESIAN_POINT('',(-0.00390944283288856,0.00150069678841417,0.0224313055144167));
#4266=CARTESIAN_POINT('',(-0.00327238562330299,0.00237752987350142,0.02110838884775));
#4267=CARTESIAN_POINT('',(-0.00263532841371741,0.00325436295858867,0.0197854721810833));
#4268=CARTESIAN_POINT('',(-0.00164520414400865,0.00369519408036013,0.0184625555144167));
#4269=CARTESIAN_POINT('',(-0.000655079874299888,0.00413602520213158,0.01713963884775));
#4270=CARTESIAN_POINT('',(0.000422808457057142,0.00402273401751007,0.0158167221810833));
#4271=CARTESIAN_POINT('',(0.00150069678841417,0.00390944283288856,0.0144938055144167));
#4272=CARTESIAN_POINT('',(0.00237752987350142,0.00327238562330299,0.01317088884775));
#4273=CARTESIAN_POINT('',(0.00325436295858867,0.00263532841371741,0.0118479721810834));
#4274=CARTESIAN_POINT('',(0.00369519408036013,0.00164520414400865,0.0105250555144167));
#4275=CARTESIAN_POINT('',(0.00413602520213158,0.000655079874299886,0.00920213884775003));
#4276=CARTESIAN_POINT('',(0.00402273401751007,-0.000422808457057142,0.00787922218108335));
#4277=CARTESIAN_POINT('',(0.00390944283288856,-0.00150069678841417,0.00655630551441669));
#4278=CARTESIAN_POINT('',(0.00327238562330299,-0.00237752987350142,0.00523338884775002));
#4279=CARTESIAN_POINT('',(0.00320482590467649,-0.00247051774903216,0.00509309394735254));
#4280=CARTESIAN_POINT('',(0.00313209479235973,-0.00255951913035727,0.00495089073651263));
#4281=CARTESIAN_POINT('',(0.00234307325613328,-0.00329714477743771,0.0349093675693723));
#4282=CARTESIAN_POINT('',(0.00201400231933067,-0.00353099477901153,0.034400236638076));
#4283=CARTESIAN_POINT('',(0.00164520414400865,-0.00369519408036013,0.0339074810641588));
#4284=CARTESIAN_POINT('',(0.000655079874299885,-0.00413602520213158,0.0325845643974921));
#4285=CARTESIAN_POINT('',(-0.000422808457057145,-0.00402273401751007,0.0312616477308254));
#4286=CARTESIAN_POINT('',(-0.00150069678841417,-0.00390944283288856,0.0299387310641587));
#4287=CARTESIAN_POINT('',(-0.00237752987350142,-0.00327238562330299,0.0286158143974921));
#4288=CARTESIAN_POINT('',(-0.00325436295858867,-0.00263532841371741,0.0272928977308254));
#4289=CARTESIAN_POINT('',(-0.00369519408036013,-0.00164520414400865,0.0259699810641587));
#4290=CARTESIAN_POINT('',(-0.00413602520213158,-0.000655079874299885,0.0246470643974921));
#4291=CARTESIAN_POINT('',(-0.00402273401751007,0.000422808457057143,0.0233241477308254));
#4292=CARTESIAN_POINT('',(-0.00390944283288856,0.00150069678841417,0.0220012310641588));
#4293=CARTESIAN_POINT('',(-0.00327238562330299,0.00237752987350142,0.0206783143974921));
#4294=CARTESIAN_POINT('',(-0.00263532841371741,0.00325436295858867,0.0193553977308254));
#4295=CARTESIAN_POINT('',(-0.00164520414400865,0.00369519408036013,0.0180324810641588));
#4296=CARTESIAN_POINT('',(-0.000655079874299887,0.00413602520213158,0.0167095643974921));
#4297=CARTESIAN_POINT('',(0.000422808457057142,0.00402273401751007,0.0153866477308254));
#4298=CARTESIAN_POINT('',(0.00150069678841417,0.00390944283288856,0.0140637310641587));
#4299=CARTESIAN_POINT('',(0.00237752987350142,0.00327238562330299,0.0127408143974921));
#4300=CARTESIAN_POINT('',(0.00325436295858867,0.00263532841371741,0.0114178977308254));
#4301=CARTESIAN_POINT('',(0.00369519408036013,0.00164520414400865,0.0100949810641587));
#4302=CARTESIAN_POINT('',(0.00413602520213158,0.000655079874299885,0.00877206439749208));
#4303=CARTESIAN_POINT('',(0.00402273401751007,-0.000422808457057143,0.00744914773082542));
#4304=CARTESIAN_POINT('',(0.00390944283288856,-0.00150069678841417,0.00612623106415875));
#4305=CARTESIAN_POINT('',(0.00327238562330299,-0.00237752987350142,0.00480331439749208));
#4306=CARTESIAN_POINT('',(0.00320482590467649,-0.00247051774903216,0.0046630194970946));
#4307=CARTESIAN_POINT('',(0.00313209479235973,-0.00255951913035727,0.00452081628625469));
#4308=CARTESIAN_POINT('',(0.00256160665642117,-0.00360466237534841,0.0347028727445013));
#4309=CARTESIAN_POINT('',(0.00220184398150616,-0.00386032306332202,0.034193741813205));
#4310=CARTESIAN_POINT('',(0.00179864879402836,-0.00403983688014924,0.0337009862392877));
#4311=CARTESIAN_POINT('',(0.000716177764438909,-0.00452178337197636,0.032378069572621));
#4312=CARTESIAN_POINT('',(-0.000462242891959814,-0.0043979257623687,0.0310551529059544));
#4313=CARTESIAN_POINT('',(-0.00164066354835854,-0.00427406815276104,0.0297322362392877));
#4314=CARTESIAN_POINT('',(-0.00259927696834033,-0.00357759398818943,0.0284093195726211));
#4315=CARTESIAN_POINT('',(-0.00355789038832213,-0.00288111982361782,0.0270864029059544));
#4316=CARTESIAN_POINT('',(-0.00403983688014924,-0.00179864879402836,0.0257634862392877));
#4317=CARTESIAN_POINT('',(-0.00452178337197636,-0.000716177764438909,0.0244405695726211));
#4318=CARTESIAN_POINT('',(-0.0043979257623687,0.000462242891959812,0.0231176529059544));
#4319=CARTESIAN_POINT('',(-0.00427406815276104,0.00164066354835854,0.0217947362392877));
#4320=CARTESIAN_POINT('',(-0.00357759398818943,0.00259927696834033,0.0204718195726211));
#4321=CARTESIAN_POINT('',(-0.00288111982361782,0.00355789038832213,0.0191489029059544));
#4322=CARTESIAN_POINT('',(-0.00179864879402836,0.00403983688014924,0.0178259862392877));
#4323=CARTESIAN_POINT('',(-0.000716177764438912,0.00452178337197636,0.016503069572621));
#4324=CARTESIAN_POINT('',(0.000462242891959811,0.0043979257623687,0.0151801529059544));
#4325=CARTESIAN_POINT('',(0.00164066354835853,0.00427406815276104,0.0138572362392877));
#4326=CARTESIAN_POINT('',(0.00259927696834033,0.00357759398818943,0.012534319572621));
#4327=CARTESIAN_POINT('',(0.00355789038832213,0.00288111982361782,0.0112114029059544));
#4328=CARTESIAN_POINT('',(0.00403983688014924,0.00179864879402837,0.00988848623928771));
#4329=CARTESIAN_POINT('',(0.00452178337197636,0.000716177764438909,0.00856556957262105));
#4330=CARTESIAN_POINT('',(0.0043979257623687,-0.000462242891959812,0.00724265290595438));
#4331=CARTESIAN_POINT('',(0.00427406815276104,-0.00164066354835853,0.00591973623928772));
#4332=CARTESIAN_POINT('',(0.00357759398818943,-0.00259927696834033,0.00459681957262105));
#4333=CARTESIAN_POINT('',(0.00350373311999567,-0.0027009376229112,0.00445652467222357));
#4334=CARTESIAN_POINT('',(0.00342421853335104,-0.00279823997154085,0.00431432146138366));
#4335=CARTESIAN_POINT('',(0.00357759398818943,-0.00259927696834033,0.0363468195726211));
#4336=CARTESIAN_POINT('',(0.00288111982361782,-0.00355789038832213,0.0350239029059544));
#4337=CARTESIAN_POINT('',(0.00179864879402836,-0.00403983688014924,0.0337009862392877));
#4338=CARTESIAN_POINT('',(0.000716177764438908,-0.00452178337197636,0.032378069572621));
#4339=CARTESIAN_POINT('',(-0.000462242891959814,-0.0043979257623687,0.0310551529059544));
#4340=CARTESIAN_POINT('',(-0.00164066354835854,-0.00427406815276104,0.0297322362392877));
#4341=CARTESIAN_POINT('',(-0.00259927696834033,-0.00357759398818943,0.0284093195726211));
#4342=CARTESIAN_POINT('',(-0.00355789038832213,-0.00288111982361782,0.0270864029059544));
#4343=CARTESIAN_POINT('',(-0.00403983688014924,-0.00179864879402836,0.0257634862392877));
#4344=CARTESIAN_POINT('',(-0.00452178337197636,-0.000716177764438909,0.0244405695726211));
#4345=CARTESIAN_POINT('',(-0.0043979257623687,0.000462242891959813,0.0231176529059544));
#4346=CARTESIAN_POINT('',(-0.00427406815276104,0.00164066354835854,0.0217947362392877));
#4347=CARTESIAN_POINT('',(-0.00357759398818943,0.00259927696834033,0.0204718195726211));
#4348=CARTESIAN_POINT('',(-0.00288111982361782,0.00355789038832213,0.0191489029059544));
#4349=CARTESIAN_POINT('',(-0.00179864879402836,0.00403983688014924,0.0178259862392877));
#4350=CARTESIAN_POINT('',(-0.000716177764438912,0.00452178337197636,0.016503069572621));
#4351=CARTESIAN_POINT('',(0.000462242891959811,0.0043979257623687,0.0151801529059544));
#4352=CARTESIAN_POINT('',(0.00164066354835853,0.00427406815276104,0.0138572362392877));
#4353=CARTESIAN_POINT('',(0.00259927696834033,0.00357759398818943,0.012534319572621));
#4354=CARTESIAN_POINT('',(0.00355789038832213,0.00288111982361782,0.0112114029059544));
#4355=CARTESIAN_POINT('',(0.00403983688014924,0.00179864879402837,0.00988848623928771));
#4356=CARTESIAN_POINT('',(0.00452178337197636,0.000716177764438909,0.00856556957262105));
#4357=CARTESIAN_POINT('',(0.0043979257623687,-0.000462242891959812,0.00724265290595438));
#4358=CARTESIAN_POINT('',(0.00427406815276104,-0.00164066354835853,0.00591973623928772));
#4359=CARTESIAN_POINT('',(0.00357759398818943,-0.00259927696834033,0.00459681957262105));
#4360=CARTESIAN_POINT('',(0.00288111982361782,-0.00355789038832213,0.00327390290595438));
#4361=CARTESIAN_POINT('',(0.00179864879402837,-0.00403983688014924,0.00195098623928771));
#4362=CARTESIAN_POINT('',(0.000716177764438913,-0.00452178337197636,0.000628069572621049));
#4363=CARTESIAN_POINT('',(-0.000462242891959812,-0.0043979257623687,-0.000694847094045617));
#4364=CARTESIAN_POINT('',(-0.00164066354835853,-0.00427406815276104,-0.00201776376071228));
#4365=CARTESIAN_POINT('',(-0.00259927696834033,-0.00357759398818943,-0.00334068042737895));
#4366=CARTESIAN_POINT('',(-0.00355789038832213,-0.00288111982361782,-0.00466359709404562));
#4367=CARTESIAN_POINT('',(-0.00403983688014924,-0.00179864879402837,-0.00598651376071228));
#4368=CARTESIAN_POINT('',(-0.00452178337197636,-0.000716177764438913,-0.00730943042737895));
#4369=CARTESIAN_POINT('',(-0.0043979257623687,0.000462242891959808,-0.00863234709404562));
#4370=CARTESIAN_POINT('',(-0.00427406815276105,0.00164066354835853,-0.00995526376071229));
#4371=CARTESIAN_POINT('',(-0.00357759398818943,0.00259927696834033,-0.0112781804273789));
#4372=CARTESIAN_POINT('',(-0.00288111982361782,0.00355789038832213,-0.0126010970940456));
#4373=CARTESIAN_POINT('',(-0.00179864879402837,0.00403983688014924,-0.0139240137607123));
#4374=CARTESIAN_POINT('',(-0.000716177764438915,0.00452178337197636,-0.0152469304273789));
#4375=CARTESIAN_POINT('',(0.000462242891959807,0.0043979257623687,-0.0165698470940456));
#4376=CARTESIAN_POINT('',(0.00164066354835853,0.00427406815276105,-0.0178927637607123));
#4377=CARTESIAN_POINT('',(0.00259927696834033,0.00357759398818943,-0.019215680427379));
#4378=CARTESIAN_POINT('',(0.00355789038832213,0.00288111982361782,-0.0205385970940456));
#4379=CARTESIAN_POINT('',(0.00403983688014924,0.00179864879402837,-0.0218615137607123));
#4380=CARTESIAN_POINT('',(0.00452178337197636,0.000716177764438915,-0.023184430427379));
#4381=CARTESIAN_POINT('',(0.0043979257623687,-0.000462242891959807,-0.0245073470940456));
#4382=CARTESIAN_POINT('',(0.00427406815276105,-0.00164066354835853,-0.0258302637607123));
#4383=CARTESIAN_POINT('',(0.00357759398818943,-0.00259927696834033,-0.027153180427379));
#4384=CARTESIAN_POINT('',(0.00316321847065403,-0.00309022141753416,0.0356174859535792));
#4385=CARTESIAN_POINT('',(0.00257180360917998,-0.00369560665077961,0.0346458793245702));
#4386=CARTESIAN_POINT('',(0.00179864879402836,-0.00403983688014924,0.0337009862392877));
#4387=CARTESIAN_POINT('',(0.000716177764438909,-0.00452178337197636,0.032378069572621));
#4388=CARTESIAN_POINT('',(-0.000462242891959813,-0.00439792576236869,0.0310551529059544));
#4389=CARTESIAN_POINT('',(-0.00164066354835853,-0.00427406815276104,0.0297322362392877));
#4390=CARTESIAN_POINT('',(-0.00259927696834033,-0.00357759398818943,0.0284093195726211));
#4391=CARTESIAN_POINT('',(-0.00355789038832213,-0.00288111982361782,0.0270864029059544));
#4392=CARTESIAN_POINT('',(-0.00403983688014924,-0.00179864879402836,0.0257634862392877));
#4393=CARTESIAN_POINT('',(-0.00452178337197636,-0.000716177764438909,0.0244405695726211));
#4394=CARTESIAN_POINT('',(-0.00439792576236869,0.000462242891959811,0.0231176529059544));
#4395=CARTESIAN_POINT('',(-0.00427406815276104,0.00164066354835853,0.0217947362392877));
#4396=CARTESIAN_POINT('',(-0.00357759398818943,0.00259927696834033,0.0204718195726211));
#4397=CARTESIAN_POINT('',(-0.00288111982361782,0.00355789038832213,0.0191489029059544));
#4398=CARTESIAN_POINT('',(-0.00179864879402836,0.00403983688014924,0.0178259862392877));
#4399=CARTESIAN_POINT('',(-0.000716177764438912,0.00452178337197636,0.016503069572621));
#4400=CARTESIAN_POINT('',(0.000462242891959811,0.00439792576236869,0.0151801529059544));
#4401=CARTESIAN_POINT('',(0.00164066354835853,0.00427406815276104,0.0138572362392877));
#4402=CARTESIAN_POINT('',(0.00259927696834033,0.00357759398818943,0.012534319572621));
#4403=CARTESIAN_POINT('',(0.00355789038832213,0.00288111982361782,0.0112114029059544));
#4404=CARTESIAN_POINT('',(0.00403983688014924,0.00179864879402836,0.00988848623928771));
#4405=CARTESIAN_POINT('',(0.00452178337197636,0.00071617776443891,0.00856556957262104));
#4406=CARTESIAN_POINT('',(0.00439792576236869,-0.000462242891959811,0.00724265290595438));
#4407=CARTESIAN_POINT('',(0.00430123282389866,-0.00138221023495891,0.00620988067454945));
#4408=CARTESIAN_POINT('',(0.00384390102915827,-0.00218628552126881,0.00515278114872219));
#4409=CARTESIAN_POINT('',(0.00447431687888234,-0.00437106383142041,0.0345592584535791));
#4410=CARTESIAN_POINT('',(0.00363777096159448,-0.00522737059380985,0.0335876518245702));
#4411=CARTESIAN_POINT('',(0.00254415707702874,-0.00571427819749858,0.0326427587392877));
#4412=CARTESIAN_POINT('',(0.00101302084868222,-0.00639598303170636,0.031319842072621));
#4413=CARTESIAN_POINT('',(-0.00065383443882444,-0.00622078862183969,0.0299969254059544));
#4414=CARTESIAN_POINT('',(-0.0023206897263311,-0.00604559421197302,0.0286740087392877));
#4415=CARTESIAN_POINT('',(-0.00367663154481095,-0.00506044375867414,0.0273510920726211));
#4416=CARTESIAN_POINT('',(-0.0050325733632908,-0.00407529330537525,0.0260281754059544));
#4417=CARTESIAN_POINT('',(-0.00571427819749858,-0.00254415707702874,0.0247052587392877));
#4418=CARTESIAN_POINT('',(-0.00639598303170636,-0.00101302084868222,0.0233823420726211));
#4419=CARTESIAN_POINT('',(-0.00622078862183969,0.000653834438824437,0.0220594254059544));
#4420=CARTESIAN_POINT('',(-0.00604559421197302,0.0023206897263311,0.0207365087392877));
#4421=CARTESIAN_POINT('',(-0.00506044375867414,0.00367663154481095,0.019413592072621));
#4422=CARTESIAN_POINT('',(-0.00407529330537526,0.0050325733632908,0.0180906754059544));
#4423=CARTESIAN_POINT('',(-0.00254415707702874,0.00571427819749858,0.0167677587392877));
#4424=CARTESIAN_POINT('',(-0.00101302084868223,0.00639598303170636,0.015444842072621));
#4425=CARTESIAN_POINT('',(0.000653834438824435,0.00622078862183969,0.0141219254059544));
#4426=CARTESIAN_POINT('',(0.0023206897263311,0.00604559421197303,0.0127990087392877));
#4427=CARTESIAN_POINT('',(0.00367663154481095,0.00506044375867414,0.011476092072621));
#4428=CARTESIAN_POINT('',(0.0050325733632908,0.00407529330537526,0.0101531754059544));
#4429=CARTESIAN_POINT('',(0.00571427819749858,0.00254415707702875,0.00883025873928771));
#4430=CARTESIAN_POINT('',(0.00639598303170636,0.00101302084868222,0.00750734207262105));
#4431=CARTESIAN_POINT('',(0.00622078862183969,-0.000653834438824436,0.00618442540595438));
#4432=CARTESIAN_POINT('',(0.00608401816141186,-0.00195511206128039,0.00515165317454945));
#4433=CARTESIAN_POINT('',(0.00543713038320746,-0.0030924624083415,0.00409455364872219));
#4434=CARTESIAN_POINT('',(-0.00111157879660881,-0.00615549373567488,0.0357548583675711));
#4435=CARTESIAN_POINT('',(-0.00120632620830342,-0.00613838394425995,0.0356782727478068));
#4436=CARTESIAN_POINT('',(-0.00130050214031054,-0.00611836618175561,0.0356022778392877));
#4437=CARTESIAN_POINT('',(-0.00293991341770985,-0.00576989768350445,0.0342793611726211));
#4438=CARTESIAN_POINT('',(-0.00418545098206276,-0.00464840947290069,0.0329564445059544));
#4439=CARTESIAN_POINT('',(-0.00543098854641569,-0.00352692126229692,0.0316335278392877));
#4440=CARTESIAN_POINT('',(-0.00594891161321123,-0.00193291519969285,0.0303106111726211));
#4441=CARTESIAN_POINT('',(-0.00646683468000677,-0.000338909137088769,0.0289876945059544));
#4442=CARTESIAN_POINT('',(-0.00611836618175561,0.00130050214031054,0.0276647778392877));
#4443=CARTESIAN_POINT('',(-0.00576989768350445,0.00293991341770985,0.026341861172621));
#4444=CARTESIAN_POINT('',(-0.00464840947290069,0.00418545098206276,0.0250189445059544));
#4445=CARTESIAN_POINT('',(-0.00352692126229693,0.00543098854641569,0.0236960278392877));
#4446=CARTESIAN_POINT('',(-0.00193291519969285,0.00594891161321123,0.0223731111726211));
#4447=CARTESIAN_POINT('',(-0.000338909137088772,0.00646683468000677,0.0210501945059544));
#4448=CARTESIAN_POINT('',(0.00130050214031054,0.00611836618175561,0.0197272778392877));
#4449=CARTESIAN_POINT('',(0.00293991341770985,0.00576989768350445,0.0184043611726211));
#4450=CARTESIAN_POINT('',(0.00418545098206276,0.00464840947290069,0.0170814445059544));
#4451=CARTESIAN_POINT('',(0.00543098854641568,0.00352692126229693,0.0157585278392877));
#4452=CARTESIAN_POINT('',(0.00594891161321123,0.00193291519969285,0.014435611172621));
#4453=CARTESIAN_POINT('',(0.00646683468000677,0.000338909137088772,0.0131126945059544));
#4454=CARTESIAN_POINT('',(0.00611836618175561,-0.00130050214031053,0.0117897778392877));
#4455=CARTESIAN_POINT('',(0.00576989768350445,-0.00293991341770985,0.010466861172621));
#4456=CARTESIAN_POINT('',(0.00464840947290069,-0.00418545098206276,0.00914394450595438));
#4457=CARTESIAN_POINT('',(0.00352692126229693,-0.00543098854641569,0.00782102783928772));
#4458=CARTESIAN_POINT('',(0.00193291519969285,-0.00594891161321123,0.00649811117262104));
#4459=CARTESIAN_POINT('',(0.00113476312870191,-0.00620824649158773,0.00583569921446108));
#4460=CARTESIAN_POINT('',(0.000296479753800521,-0.00624802451232303,0.00514992827104602));
#4461=CARTESIAN_POINT('',(-0.00078585551184714,-0.00435176408103348,0.0346966308675711));
#4462=CARTESIAN_POINT('',(-0.000852839315371111,-0.00433966793100705,0.0346200452478068));
#4463=CARTESIAN_POINT('',(-0.000919419098538009,-0.00432551592572692,0.0345440503392877));
#4464=CARTESIAN_POINT('',(-0.0020784375976845,-0.00407915832076791,0.0332211336726211));
#4465=CARTESIAN_POINT('',(-0.00295899825892197,-0.00328629712688468,0.0318982170059544));
#4466=CARTESIAN_POINT('',(-0.00383955892015943,-0.00249343593300144,0.0305753003392877));
#4467=CARTESIAN_POINT('',(-0.00420571622542268,-0.00136651766680496,0.0292523836726211));
#4468=CARTESIAN_POINT('',(-0.00457187353068594,-0.000239599400608481,0.0279294670059544));
#4469=CARTESIAN_POINT('',(-0.00432551592572692,0.000919419098538007,0.0266065503392877));
#4470=CARTESIAN_POINT('',(-0.00407915832076791,0.0020784375976845,0.0252836336726211));
#4471=CARTESIAN_POINT('',(-0.00328629712688468,0.00295899825892197,0.0239607170059544));
#4472=CARTESIAN_POINT('',(-0.00249343593300144,0.00383955892015943,0.0226378003392877));
#4473=CARTESIAN_POINT('',(-0.00136651766680496,0.00420571622542268,0.021314883672621));
#4474=CARTESIAN_POINT('',(-0.000239599400608483,0.00457187353068594,0.0199919670059544));
#4475=CARTESIAN_POINT('',(0.000919419098538007,0.00432551592572692,0.0186690503392877));
#4476=CARTESIAN_POINT('',(0.00207843759768449,0.00407915832076791,0.017346133672621));
#4477=CARTESIAN_POINT('',(0.00295899825892196,0.00328629712688468,0.0160232170059544));
#4478=CARTESIAN_POINT('',(0.00383955892015943,0.00249343593300144,0.0147003003392877));
#4479=CARTESIAN_POINT('',(0.00420571622542268,0.00136651766680496,0.013377383672621));
#4480=CARTESIAN_POINT('',(0.00457187353068594,0.000239599400608482,0.0120544670059544));
#4481=CARTESIAN_POINT('',(0.00432551592572692,-0.000919419098538005,0.0107315503392877));
#4482=CARTESIAN_POINT('',(0.00407915832076791,-0.0020784375976845,0.00940863367262105));
#4483=CARTESIAN_POINT('',(0.00328629712688468,-0.00295899825892196,0.00808571700595438));
#4484=CARTESIAN_POINT('',(0.00249343593300144,-0.00383955892015943,0.00676280033928772));
#4485=CARTESIAN_POINT('',(0.00136651766680496,-0.00420571622542268,0.00543988367262105));
#4486=CARTESIAN_POINT('',(0.000802246194378542,-0.00438905882264398,0.00477747171446108));
#4487=CARTESIAN_POINT('',(0.000209602998353356,-0.00441718078479418,0.00409170077104603));
#4488=CARTESIAN_POINT('',(0.00136651766680496,-0.00420571622542268,0.037189883672621));
#4489=CARTESIAN_POINT('',(0.000239599400608479,-0.00457187353068594,0.0358669670059544));
#4490=CARTESIAN_POINT('',(-0.000919419098538009,-0.00432551592572692,0.0345440503392877));
#4491=CARTESIAN_POINT('',(-0.0020784375976845,-0.00407915832076791,0.0332211336726211));
#4492=CARTESIAN_POINT('',(-0.00295899825892197,-0.00328629712688468,0.0318982170059544));
#4493=CARTESIAN_POINT('',(-0.00383955892015943,-0.00249343593300144,0.0305753003392877));
#4494=CARTESIAN_POINT('',(-0.00420571622542268,-0.00136651766680496,0.0292523836726211));
#4495=CARTESIAN_POINT('',(-0.00457187353068594,-0.00023959940060848,0.0279294670059544));
#4496=CARTESIAN_POINT('',(-0.00432551592572692,0.000919419098538008,0.0266065503392877));
#4497=CARTESIAN_POINT('',(-0.00407915832076791,0.0020784375976845,0.0252836336726211));
#4498=CARTESIAN_POINT('',(-0.00328629712688468,0.00295899825892197,0.0239607170059544));
#4499=CARTESIAN_POINT('',(-0.00249343593300144,0.00383955892015943,0.0226378003392877));
#4500=CARTESIAN_POINT('',(-0.00136651766680496,0.00420571622542268,0.021314883672621));
#4501=CARTESIAN_POINT('',(-0.000239599400608482,0.00457187353068594,0.0199919670059544));
#4502=CARTESIAN_POINT('',(0.000919419098538007,0.00432551592572692,0.0186690503392877));
#4503=CARTESIAN_POINT('',(0.00207843759768449,0.00407915832076791,0.017346133672621));
#4504=CARTESIAN_POINT('',(0.00295899825892196,0.00328629712688468,0.0160232170059544));
#4505=CARTESIAN_POINT('',(0.00383955892015943,0.00249343593300144,0.0147003003392877));
#4506=CARTESIAN_POINT('',(0.00420571622542268,0.00136651766680496,0.013377383672621));
#4507=CARTESIAN_POINT('',(0.00457187353068594,0.000239599400608482,0.0120544670059544));
#4508=CARTESIAN_POINT('',(0.00432551592572692,-0.000919419098538006,0.0107315503392877));
#4509=CARTESIAN_POINT('',(0.00407915832076791,-0.0020784375976845,0.00940863367262105));
#4510=CARTESIAN_POINT('',(0.00328629712688468,-0.00295899825892197,0.00808571700595438));
#4511=CARTESIAN_POINT('',(0.00249343593300144,-0.00383955892015943,0.00676280033928772));
#4512=CARTESIAN_POINT('',(0.00136651766680496,-0.00420571622542268,0.00543988367262105));
#4513=CARTESIAN_POINT('',(0.000239599400608482,-0.00457187353068594,0.00411696700595439));
#4514=CARTESIAN_POINT('',(-0.000919419098538006,-0.00432551592572692,0.00279405033928772));
#4515=CARTESIAN_POINT('',(-0.00207843759768449,-0.00407915832076791,0.00147113367262105));
#4516=CARTESIAN_POINT('',(-0.00295899825892197,-0.00328629712688468,0.000148217005954382));
#4517=CARTESIAN_POINT('',(-0.00383955892015943,-0.00249343593300144,-0.00117469966071229));
#4518=CARTESIAN_POINT('',(-0.00420571622542268,-0.00136651766680496,-0.00249761632737895));
#4519=CARTESIAN_POINT('',(-0.00457187353068594,-0.000239599400608482,-0.00382053299404562));
#4520=CARTESIAN_POINT('',(-0.00432551592572693,0.000919419098538005,-0.00514344966071229));
#4521=CARTESIAN_POINT('',(-0.00407915832076791,0.00207843759768449,-0.00646636632737895));
#4522=CARTESIAN_POINT('',(-0.00328629712688468,0.00295899825892196,-0.00778928299404562));
#4523=CARTESIAN_POINT('',(-0.00249343593300144,0.00383955892015943,-0.00911219966071228));
#4524=CARTESIAN_POINT('',(-0.00136651766680496,0.00420571622542268,-0.0104351163273789));
#4525=CARTESIAN_POINT('',(-0.000239599400608483,0.00457187353068594,-0.0117580329940456));
#4526=CARTESIAN_POINT('',(0.000919419098538005,0.00432551592572693,-0.0130809496607123));
#4527=CARTESIAN_POINT('',(0.00207843759768449,0.00407915832076791,-0.014403866327379));
#4528=CARTESIAN_POINT('',(0.00295899825892196,0.00328629712688468,-0.0157267829940456));
#4529=CARTESIAN_POINT('',(0.00383955892015943,0.00249343593300144,-0.0170496996607123));
#4530=CARTESIAN_POINT('',(0.00420571622542268,0.00136651766680496,-0.018372616327379));
#4531=CARTESIAN_POINT('',(0.00457187353068593,0.000239599400608483,-0.0196955329940456));
#4532=CARTESIAN_POINT('',(0.00432551592572692,-0.000919419098538005,-0.0210184496607123));
#4533=CARTESIAN_POINT('',(0.00407915832076791,-0.00207843759768449,-0.022341366327379));
#4534=CARTESIAN_POINT('',(0.00328629712688468,-0.00295899825892196,-0.0236642829940456));
#4535=CARTESIAN_POINT('',(0.00249343593300144,-0.00383955892015943,-0.0249871996607123));
#4536=CARTESIAN_POINT('',(0.00136651766680496,-0.00420571622542268,-0.0263101163273789));
#4537=CARTESIAN_POINT('',(-4.638406577464E-5,-0.00442190773545942,0.0355459368445013));
#4538=CARTESIAN_POINT('',(-0.000487711765704501,-0.00441727838218333,0.035036805913205));
#4539=CARTESIAN_POINT('',(-0.000919419098538009,-0.00432551592572692,0.0345440503392877));
#4540=CARTESIAN_POINT('',(-0.0020784375976845,-0.00407915832076791,0.0332211336726211));
#4541=CARTESIAN_POINT('',(-0.00295899825892197,-0.00328629712688467,0.0318982170059544));
#4542=CARTESIAN_POINT('',(-0.00383955892015943,-0.00249343593300144,0.0305753003392877));
#4543=CARTESIAN_POINT('',(-0.00420571622542268,-0.00136651766680496,0.0292523836726211));
#4544=CARTESIAN_POINT('',(-0.00457187353068594,-0.00023959940060848,0.0279294670059544));
#4545=CARTESIAN_POINT('',(-0.00432551592572693,0.000919419098538008,0.0266065503392877));
#4546=CARTESIAN_POINT('',(-0.00407915832076791,0.0020784375976845,0.0252836336726211));
#4547=CARTESIAN_POINT('',(-0.00328629712688468,0.00295899825892197,0.0239607170059544));
#4548=CARTESIAN_POINT('',(-0.00249343593300144,0.00383955892015943,0.0226378003392877));
#4549=CARTESIAN_POINT('',(-0.00136651766680496,0.00420571622542268,0.021314883672621));
#4550=CARTESIAN_POINT('',(-0.000239599400608482,0.00457187353068594,0.0199919670059544));
#4551=CARTESIAN_POINT('',(0.000919419098538008,0.00432551592572693,0.0186690503392877));
#4552=CARTESIAN_POINT('',(0.0020784375976845,0.00407915832076791,0.017346133672621));
#4553=CARTESIAN_POINT('',(0.00295899825892197,0.00328629712688468,0.0160232170059544));
#4554=CARTESIAN_POINT('',(0.00383955892015943,0.00249343593300144,0.0147003003392877));
#4555=CARTESIAN_POINT('',(0.00420571622542268,0.00136651766680496,0.013377383672621));
#4556=CARTESIAN_POINT('',(0.00457187353068594,0.000239599400608482,0.0120544670059544));
#4557=CARTESIAN_POINT('',(0.00432551592572693,-0.000919419098538006,0.0107315503392877));
#4558=CARTESIAN_POINT('',(0.00407915832076791,-0.0020784375976845,0.00940863367262105));
#4559=CARTESIAN_POINT('',(0.00328629712688468,-0.00295899825892197,0.00808571700595438));
#4560=CARTESIAN_POINT('',(0.00249343593300144,-0.00383955892015943,0.00676280033928772));
#4561=CARTESIAN_POINT('',(0.00136651766680496,-0.00420571622542268,0.00543988367262105));
#4562=CARTESIAN_POINT('',(0.00124700833572176,-0.00424454709358398,0.00529958877222357));
#4563=CARTESIAN_POINT('',(0.00112548679828763,-0.00427652884584612,0.00515738556138366));
#4564=CARTESIAN_POINT('',(-4.24269915737665E-5,-0.00404467006285776,0.0353394420196303));
#4565=CARTESIAN_POINT('',(-0.000446104553975625,-0.00404043564465495,0.034830311088334));
#4566=CARTESIAN_POINT('',(-0.000840982473075048,-0.0039565015413838,0.0343375555144167));
#4567=CARTESIAN_POINT('',(-0.00190112386594133,-0.00373116096687461,0.0330146388477501));
#4568=CARTESIAN_POINT('',(-0.00270656295651235,-0.00300593960841313,0.0316917221810833));
#4569=CARTESIAN_POINT('',(-0.00351200204708338,-0.00228071824995166,0.0303688055144167));
#4570=CARTESIAN_POINT('',(-0.00384692208148818,-0.00124993858487144,0.02904588884775));
#4571=CARTESIAN_POINT('',(-0.00418184211589298,-0.000219158919791232,0.0277229721810834));
#4572=CARTESIAN_POINT('',(-0.0039565015413838,0.000840982473075047,0.0264000555144167));
#4573=CARTESIAN_POINT('',(-0.00373116096687461,0.00190112386594133,0.02507713884775));
#4574=CARTESIAN_POINT('',(-0.00300593960841313,0.00270656295651235,0.0237542221810834));
#4575=CARTESIAN_POINT('',(-0.00228071824995166,0.00351200204708338,0.0224313055144167));
#4576=CARTESIAN_POINT('',(-0.00124993858487144,0.00384692208148818,0.02110838884775));
#4577=CARTESIAN_POINT('',(-0.000219158919791234,0.00418184211589298,0.0197854721810833));
#4578=CARTESIAN_POINT('',(0.000840982473075047,0.0039565015413838,0.0184625555144167));
#4579=CARTESIAN_POINT('',(0.00190112386594132,0.00373116096687461,0.01713963884775));
#4580=CARTESIAN_POINT('',(0.00270656295651235,0.00300593960841313,0.0158167221810833));
#4581=CARTESIAN_POINT('',(0.00351200204708338,0.00228071824995166,0.0144938055144167));
#4582=CARTESIAN_POINT('',(0.00384692208148818,0.00124993858487144,0.01317088884775));
#4583=CARTESIAN_POINT('',(0.00418184211589298,0.000219158919791234,0.0118479721810834));
#4584=CARTESIAN_POINT('',(0.0039565015413838,-0.000840982473075044,0.0105250555144167));
#4585=CARTESIAN_POINT('',(0.00373116096687461,-0.00190112386594132,0.00920213884775003));
#4586=CARTESIAN_POINT('',(0.00300593960841313,-0.00270656295651235,0.00787922218108335));
#4587=CARTESIAN_POINT('',(0.00228071824995166,-0.00351200204708338,0.00655630551441669));
#4588=CARTESIAN_POINT('',(0.00124993858487144,-0.00384692208148818,0.00523338884775002));
#4589=CARTESIAN_POINT('',(0.00114062472248844,-0.00388244024680568,0.00509309394735254));
#4590=CARTESIAN_POINT('',(0.00102947031722783,-0.00391169360161792,0.00495089073651263));
#4591=CARTESIAN_POINT('',(-4.2426991573767E-5,-0.00404467006285776,0.0349093675693723));
#4592=CARTESIAN_POINT('',(-0.000446104553975625,-0.00404043564465495,0.034400236638076));
#4593=CARTESIAN_POINT('',(-0.000840982473075048,-0.0039565015413838,0.0339074810641588));
#4594=CARTESIAN_POINT('',(-0.00190112386594133,-0.00373116096687461,0.0325845643974921));
#4595=CARTESIAN_POINT('',(-0.00270656295651236,-0.00300593960841313,0.0312616477308254));
#4596=CARTESIAN_POINT('',(-0.00351200204708338,-0.00228071824995166,0.0299387310641587));
#4597=CARTESIAN_POINT('',(-0.00384692208148818,-0.00124993858487144,0.0286158143974921));
#4598=CARTESIAN_POINT('',(-0.00418184211589298,-0.000219158919791232,0.0272928977308254));
#4599=CARTESIAN_POINT('',(-0.0039565015413838,0.000840982473075048,0.0259699810641587));
#4600=CARTESIAN_POINT('',(-0.00373116096687461,0.00190112386594133,0.0246470643974921));
#4601=CARTESIAN_POINT('',(-0.00300593960841313,0.00270656295651235,0.0233241477308254));
#4602=CARTESIAN_POINT('',(-0.00228071824995166,0.00351200204708338,0.0220012310641588));
#4603=CARTESIAN_POINT('',(-0.00124993858487144,0.00384692208148818,0.0206783143974921));
#4604=CARTESIAN_POINT('',(-0.000219158919791233,0.00418184211589298,0.0193553977308254));
#4605=CARTESIAN_POINT('',(0.000840982473075047,0.0039565015413838,0.0180324810641588));
#4606=CARTESIAN_POINT('',(0.00190112386594132,0.00373116096687461,0.0167095643974921));
#4607=CARTESIAN_POINT('',(0.00270656295651235,0.00300593960841313,0.0153866477308254));
#4608=CARTESIAN_POINT('',(0.00351200204708338,0.00228071824995166,0.0140637310641587));
#4609=CARTESIAN_POINT('',(0.00384692208148818,0.00124993858487144,0.0127408143974921));
#4610=CARTESIAN_POINT('',(0.00418184211589298,0.000219158919791234,0.0114178977308254));
#4611=CARTESIAN_POINT('',(0.0039565015413838,-0.000840982473075045,0.0100949810641587));
#4612=CARTESIAN_POINT('',(0.00373116096687461,-0.00190112386594133,0.00877206439749208));
#4613=CARTESIAN_POINT('',(0.00300593960841313,-0.00270656295651235,0.00744914773082542));
#4614=CARTESIAN_POINT('',(0.00228071824995166,-0.00351200204708338,0.00612623106415875));
#4615=CARTESIAN_POINT('',(0.00124993858487144,-0.00384692208148818,0.00480331439749208));
#4616=CARTESIAN_POINT('',(0.00114062472248844,-0.00388244024680568,0.0046630194970946));
#4617=CARTESIAN_POINT('',(0.00102947031722783,-0.00391169360161792,0.00452081628625469));
#4618=CARTESIAN_POINT('',(-4.63840657746401E-5,-0.00442190773545943,0.0347028727445013));
#4619=CARTESIAN_POINT('',(-0.000487711765704501,-0.00441727838218334,0.034193741813205));
#4620=CARTESIAN_POINT('',(-0.00091941909853801,-0.00432551592572693,0.0337009862392877));
#4621=CARTESIAN_POINT('',(-0.0020784375976845,-0.00407915832076791,0.0323780695726211));
#4622=CARTESIAN_POINT('',(-0.00295899825892197,-0.00328629712688468,0.0310551529059544));
#4623=CARTESIAN_POINT('',(-0.00383955892015943,-0.00249343593300144,0.0297322362392877));
#4624=CARTESIAN_POINT('',(-0.00420571622542268,-0.00136651766680496,0.0284093195726211));
#4625=CARTESIAN_POINT('',(-0.00457187353068594,-0.00023959940060848,0.0270864029059544));
#4626=CARTESIAN_POINT('',(-0.00432551592572693,0.000919419098538009,0.0257634862392877));
#4627=CARTESIAN_POINT('',(-0.00407915832076791,0.0020784375976845,0.0244405695726211));
#4628=CARTESIAN_POINT('',(-0.00328629712688468,0.00295899825892197,0.0231176529059544));
#4629=CARTESIAN_POINT('',(-0.00249343593300144,0.00383955892015943,0.0217947362392877));
#4630=CARTESIAN_POINT('',(-0.00136651766680496,0.00420571622542268,0.0204718195726211));
#4631=CARTESIAN_POINT('',(-0.000239599400608482,0.00457187353068594,0.0191489029059544));
#4632=CARTESIAN_POINT('',(0.000919419098538008,0.00432551592572693,0.0178259862392877));
#4633=CARTESIAN_POINT('',(0.0020784375976845,0.00407915832076791,0.016503069572621));
#4634=CARTESIAN_POINT('',(0.00295899825892197,0.00328629712688468,0.0151801529059544));
#4635=CARTESIAN_POINT('',(0.00383955892015943,0.00249343593300144,0.0138572362392877));
#4636=CARTESIAN_POINT('',(0.00420571622542268,0.00136651766680496,0.012534319572621));
#4637=CARTESIAN_POINT('',(0.00457187353068594,0.000239599400608482,0.0112114029059544));
#4638=CARTESIAN_POINT('',(0.00432551592572693,-0.000919419098538006,0.00988848623928772));
#4639=CARTESIAN_POINT('',(0.00407915832076791,-0.0020784375976845,0.00856556957262105));
#4640=CARTESIAN_POINT('',(0.00328629712688468,-0.00295899825892197,0.00724265290595438));
#4641=CARTESIAN_POINT('',(0.00249343593300144,-0.00383955892015943,0.00591973623928772));
#4642=CARTESIAN_POINT('',(0.00136651766680496,-0.00420571622542268,0.00459681957262105));
#4643=CARTESIAN_POINT('',(0.00124700833572176,-0.00424454709358398,0.00445652467222357));
#4644=CARTESIAN_POINT('',(0.00112548679828763,-0.00427652884584612,0.00431432146138366));
#4645=CARTESIAN_POINT('',(0.00136651766680496,-0.00420571622542268,0.0363468195726211));
#4646=CARTESIAN_POINT('',(0.000239599400608479,-0.00457187353068594,0.0350239029059544));
#4647=CARTESIAN_POINT('',(-0.00091941909853801,-0.00432551592572692,0.0337009862392877));
#4648=CARTESIAN_POINT('',(-0.0020784375976845,-0.00407915832076791,0.0323780695726211));
#4649=CARTESIAN_POINT('',(-0.00295899825892197,-0.00328629712688468,0.0310551529059544));
#4650=CARTESIAN_POINT('',(-0.00383955892015943,-0.00249343593300144,0.0297322362392877));
#4651=CARTESIAN_POINT('',(-0.00420571622542268,-0.00136651766680496,0.0284093195726211));
#4652=CARTESIAN_POINT('',(-0.00457187353068594,-0.00023959940060848,0.0270864029059544));
#4653=CARTESIAN_POINT('',(-0.00432551592572693,0.000919419098538009,0.0257634862392877));
#4654=CARTESIAN_POINT('',(-0.00407915832076791,0.0020784375976845,0.0244405695726211));
#4655=CARTESIAN_POINT('',(-0.00328629712688468,0.00295899825892197,0.0231176529059544));
#4656=CARTESIAN_POINT('',(-0.00249343593300144,0.00383955892015943,0.0217947362392877));
#4657=CARTESIAN_POINT('',(-0.00136651766680496,0.00420571622542268,0.0204718195726211));
#4658=CARTESIAN_POINT('',(-0.000239599400608482,0.00457187353068594,0.0191489029059544));
#4659=CARTESIAN_POINT('',(0.000919419098538008,0.00432551592572693,0.0178259862392877));
#4660=CARTESIAN_POINT('',(0.0020784375976845,0.00407915832076791,0.016503069572621));
#4661=CARTESIAN_POINT('',(0.00295899825892197,0.00328629712688468,0.0151801529059544));
#4662=CARTESIAN_POINT('',(0.00383955892015943,0.00249343593300144,0.0138572362392877));
#4663=CARTESIAN_POINT('',(0.00420571622542268,0.00136651766680496,0.012534319572621));
#4664=CARTESIAN_POINT('',(0.00457187353068594,0.000239599400608482,0.0112114029059544));
#4665=CARTESIAN_POINT('',(0.00432551592572693,-0.000919419098538006,0.00988848623928772));
#4666=CARTESIAN_POINT('',(0.00407915832076791,-0.0020784375976845,0.00856556957262105));
#4667=CARTESIAN_POINT('',(0.00328629712688468,-0.00295899825892197,0.00724265290595438));
#4668=CARTESIAN_POINT('',(0.00249343593300144,-0.00383955892015943,0.00591973623928772));
#4669=CARTESIAN_POINT('',(0.00136651766680496,-0.00420571622542268,0.00459681957262105));
#4670=CARTESIAN_POINT('',(0.000239599400608482,-0.00457187353068594,0.00327390290595438));
#4671=CARTESIAN_POINT('',(-0.000919419098538006,-0.00432551592572692,0.00195098623928771));
#4672=CARTESIAN_POINT('',(-0.00207843759768449,-0.00407915832076791,0.000628069572621049));
#4673=CARTESIAN_POINT('',(-0.00295899825892197,-0.00328629712688468,-0.000694847094045617));
#4674=CARTESIAN_POINT('',(-0.00383955892015943,-0.00249343593300144,-0.00201776376071228));
#4675=CARTESIAN_POINT('',(-0.00420571622542268,-0.00136651766680496,-0.00334068042737895));
#4676=CARTESIAN_POINT('',(-0.00457187353068594,-0.000239599400608482,-0.00466359709404562));
#4677=CARTESIAN_POINT('',(-0.00432551592572693,0.000919419098538006,-0.00598651376071228));
#4678=CARTESIAN_POINT('',(-0.00407915832076791,0.00207843759768449,-0.00730943042737895));
#4679=CARTESIAN_POINT('',(-0.00328629712688468,0.00295899825892196,-0.00863234709404562));
#4680=CARTESIAN_POINT('',(-0.00249343593300144,0.00383955892015943,-0.00995526376071229));
#4681=CARTESIAN_POINT('',(-0.00136651766680496,0.00420571622542268,-0.0112781804273789));
#4682=CARTESIAN_POINT('',(-0.000239599400608483,0.00457187353068594,-0.0126010970940456));
#4683=CARTESIAN_POINT('',(0.000919419098538005,0.00432551592572693,-0.0139240137607123));
#4684=CARTESIAN_POINT('',(0.00207843759768449,0.00407915832076791,-0.0152469304273789));
#4685=CARTESIAN_POINT('',(0.00295899825892196,0.00328629712688468,-0.0165698470940456));
#4686=CARTESIAN_POINT('',(0.00383955892015943,0.00249343593300144,-0.0178927637607123));
#4687=CARTESIAN_POINT('',(0.00420571622542268,0.00136651766680496,-0.019215680427379));
#4688=CARTESIAN_POINT('',(0.00457187353068594,0.000239599400608483,-0.0205385970940456));
#4689=CARTESIAN_POINT('',(0.00432551592572693,-0.000919419098538005,-0.0218615137607123));
#4690=CARTESIAN_POINT('',(0.00407915832076791,-0.00207843759768449,-0.023184430427379));
#4691=CARTESIAN_POINT('',(0.00328629712688468,-0.00295899825892196,-0.0245073470940456));
#4692=CARTESIAN_POINT('',(0.00249343593300144,-0.00383955892015943,-0.0258302637607123));
#4693=CARTESIAN_POINT('',(0.00136651766680496,-0.00420571622542268,-0.027153180427379));
#4694=CARTESIAN_POINT('',(0.000742710924134921,-0.00435933480999617,0.0356174859535792));
#4695=CARTESIAN_POINT('',(-9.15902615807998E-5,-0.00450147681827433,0.0346458793245702));
#4696=CARTESIAN_POINT('',(-0.000919419098538009,-0.00432551592572692,0.0337009862392877));
#4697=CARTESIAN_POINT('',(-0.0020784375976845,-0.00407915832076791,0.032378069572621));
#4698=CARTESIAN_POINT('',(-0.00295899825892197,-0.00328629712688467,0.0310551529059544));
#4699=CARTESIAN_POINT('',(-0.00383955892015943,-0.00249343593300144,0.0297322362392877));
#4700=CARTESIAN_POINT('',(-0.00420571622542268,-0.00136651766680496,0.0284093195726211));
#4701=CARTESIAN_POINT('',(-0.00457187353068593,-0.000239599400608481,0.0270864029059544));
#4702=CARTESIAN_POINT('',(-0.00432551592572692,0.000919419098538007,0.0257634862392877));
#4703=CARTESIAN_POINT('',(-0.00407915832076791,0.0020784375976845,0.0244405695726211));
#4704=CARTESIAN_POINT('',(-0.00328629712688468,0.00295899825892196,0.0231176529059544));
#4705=CARTESIAN_POINT('',(-0.00249343593300144,0.00383955892015943,0.0217947362392877));
#4706=CARTESIAN_POINT('',(-0.00136651766680496,0.00420571622542268,0.0204718195726211));
#4707=CARTESIAN_POINT('',(-0.000239599400608483,0.00457187353068593,0.0191489029059544));
#4708=CARTESIAN_POINT('',(0.000919419098538006,0.00432551592572692,0.0178259862392877));
#4709=CARTESIAN_POINT('',(0.00207843759768449,0.00407915832076791,0.016503069572621));
#4710=CARTESIAN_POINT('',(0.00295899825892196,0.00328629712688467,0.0151801529059544));
#4711=CARTESIAN_POINT('',(0.00383955892015943,0.00249343593300144,0.0138572362392877));
#4712=CARTESIAN_POINT('',(0.00420571622542268,0.00136651766680496,0.012534319572621));
#4713=CARTESIAN_POINT('',(0.00457187353068593,0.000239599400608482,0.0112114029059544));
#4714=CARTESIAN_POINT('',(0.00432551592572692,-0.000919419098538005,0.00988848623928771));
#4715=CARTESIAN_POINT('',(0.00407915832076791,-0.00207843759768449,0.00856556957262104));
#4716=CARTESIAN_POINT('',(0.00328629712688467,-0.00295899825892196,0.00724265290595438));
#4717=CARTESIAN_POINT('',(0.0026673276596208,-0.00364643279044469,0.00620988067454945));
#4718=CARTESIAN_POINT('',(0.00182471487058203,-0.00402813047747345,0.00515278114872219));
#4719=CARTESIAN_POINT('',(0.00105055153629654,-0.00616620239860711,0.0345592584535791));
#4720=CARTESIAN_POINT('',(-0.000129552813735149,-0.00636725976873107,0.0335876518245702));
#4721=CARTESIAN_POINT('',(-0.00130050214031054,-0.00611836618175561,0.0326427587392877));
#4722=CARTESIAN_POINT('',(-0.00293991341770985,-0.00576989768350445,0.031319842072621));
#4723=CARTESIAN_POINT('',(-0.00418545098206276,-0.00464840947290069,0.0299969254059544));
#4724=CARTESIAN_POINT('',(-0.00543098854641569,-0.00352692126229692,0.0286740087392877));
#4725=CARTESIAN_POINT('',(-0.00594891161321123,-0.00193291519969285,0.0273510920726211));
#4726=CARTESIAN_POINT('',(-0.00646683468000677,-0.000338909137088769,0.0260281754059544));
#4727=CARTESIAN_POINT('',(-0.00611836618175561,0.00130050214031054,0.0247052587392877));
#4728=CARTESIAN_POINT('',(-0.00576989768350445,0.00293991341770985,0.0233823420726211));
#4729=CARTESIAN_POINT('',(-0.00464840947290069,0.00418545098206276,0.0220594254059544));
#4730=CARTESIAN_POINT('',(-0.00352692126229693,0.00543098854641569,0.0207365087392878));
#4731=CARTESIAN_POINT('',(-0.00193291519969285,0.00594891161321123,0.019413592072621));
#4732=CARTESIAN_POINT('',(-0.000338909137088772,0.00646683468000677,0.0180906754059544));
#4733=CARTESIAN_POINT('',(0.00130050214031054,0.00611836618175561,0.0167677587392877));
#4734=CARTESIAN_POINT('',(0.00293991341770985,0.00576989768350445,0.015444842072621));
#4735=CARTESIAN_POINT('',(0.00418545098206276,0.00464840947290069,0.0141219254059544));
#4736=CARTESIAN_POINT('',(0.00543098854641568,0.00352692126229693,0.0127990087392877));
#4737=CARTESIAN_POINT('',(0.00594891161321123,0.00193291519969285,0.011476092072621));
#4738=CARTESIAN_POINT('',(0.00646683468000677,0.000338909137088772,0.0101531754059544));
#4739=CARTESIAN_POINT('',(0.00611836618175561,-0.00130050214031053,0.00883025873928772));
#4740=CARTESIAN_POINT('',(0.00576989768350445,-0.00293991341770985,0.00750734207262105));
#4741=CARTESIAN_POINT('',(0.00464840947290069,-0.00418545098206276,0.00618442540595438));
#4742=CARTESIAN_POINT('',(0.00377288805046826,-0.00515781503344072,0.00515165317454946));
#4743=CARTESIAN_POINT('',(0.00258102708375521,-0.00569771969685463,0.0040945536487222));
#4744=CARTESIAN_POINT('',(0.00619771914220891,0.000844978097526933,0.0357548585139429));
#4745=CARTESIAN_POINT('',(0.00621072533921615,0.000749580647113673,0.0356782728204454));
#4746=CARTESIAN_POINT('',(0.00622078928881552,0.00065382809297331,0.0356022778392877));
#4747=CARTESIAN_POINT('',(0.0063959819983165,-0.00101302737324899,0.0342793611726211));
#4748=CARTESIAN_POINT('',(0.00571427560219103,-0.00254416290618494,0.0329564445059544));
#4749=CARTESIAN_POINT('',(0.00503256920606556,-0.0040752984391209,0.0316335278392877));
#4750=CARTESIAN_POINT('',(0.00367662638263058,-0.00506044750921772,0.0303106111726211));
#4751=CARTESIAN_POINT('',(0.00232068355919561,-0.00604559657931454,0.0289876945059544));
#4752=CARTESIAN_POINT('',(0.000653828092973311,-0.00622078928881552,0.0276647778392877));
#4753=CARTESIAN_POINT('',(-0.00101302737324899,-0.0063959819983165,0.026341861172621));
#4754=CARTESIAN_POINT('',(-0.00254416290618494,-0.00571427560219103,0.0250189445059544));
#4755=CARTESIAN_POINT('',(-0.00407529843912089,-0.00503256920606556,0.0236960278392877));
#4756=CARTESIAN_POINT('',(-0.00506044750921772,-0.00367662638263058,0.0223731111726211));
#4757=CARTESIAN_POINT('',(-0.00604559657931454,-0.00232068355919561,0.0210501945059544));
#4758=CARTESIAN_POINT('',(-0.00622078928881552,-0.000653828092973311,0.0197272778392877));
#4759=CARTESIAN_POINT('',(-0.0063959819983165,0.00101302737324898,0.0184043611726211));
#4760=CARTESIAN_POINT('',(-0.00571427560219103,0.00254416290618493,0.0170814445059544));
#4761=CARTESIAN_POINT('',(-0.00503256920606556,0.00407529843912089,0.0157585278392877));
#4762=CARTESIAN_POINT('',(-0.00367662638263058,0.00506044750921772,0.014435611172621));
#4763=CARTESIAN_POINT('',(-0.00232068355919561,0.00604559657931454,0.0131126945059544));
#4764=CARTESIAN_POINT('',(-0.000653828092973314,0.00622078928881552,0.0117897778392877));
#4765=CARTESIAN_POINT('',(0.00101302737324899,0.0063959819983165,0.010466861172621));
#4766=CARTESIAN_POINT('',(0.00254416290618493,0.00571427560219103,0.00914394450595438));
#4767=CARTESIAN_POINT('',(0.00407529843912089,0.00503256920606556,0.00782102783928772));
#4768=CARTESIAN_POINT('',(0.00506044750921772,0.00367662638263058,0.00649811117262104));
#4769=CARTESIAN_POINT('',(0.00555374154402393,0.00299766466339247,0.0058356866522911));
#4770=CARTESIAN_POINT('',(0.0058506182048629,0.0022126855113029,0.00514990272067399));
#4771=CARTESIAN_POINT('',(0.00438161627735639,0.000597376180040016,0.0346966310139429));
#4772=CARTESIAN_POINT('',(0.00439081129946143,0.000529932817093423,0.0346200453204454));
#4773=CARTESIAN_POINT('',(0.00439792623390219,0.000462238405618312,0.0345440503392877));
#4774=CARTESIAN_POINT('',(0.00452178264139827,-0.000716182377127429,0.0332211336726211));
#4775=CARTESIAN_POINT('',(0.00403983504533848,-0.00179865291508082,0.0318982170059544));
#4776=CARTESIAN_POINT('',(0.00355788744927869,-0.00288112345303421,0.0305753003392877));
#4777=CARTESIAN_POINT('',(0.00259927331882137,-0.00357759663972017,0.0292523836726211));
#4778=CARTESIAN_POINT('',(0.00164065918836405,-0.00427406982640611,0.0279294670059544));
#4779=CARTESIAN_POINT('',(0.000462238405618313,-0.00439792623390219,0.0266065503392877));
#4780=CARTESIAN_POINT('',(-0.000716182377127428,-0.00452178264139827,0.0252836336726211));
#4781=CARTESIAN_POINT('',(-0.00179865291508082,-0.00403983504533848,0.0239607170059544));
#4782=CARTESIAN_POINT('',(-0.00288112345303421,-0.00355788744927869,0.0226378003392877));
#4783=CARTESIAN_POINT('',(-0.00357759663972017,-0.00259927331882137,0.021314883672621));
#4784=CARTESIAN_POINT('',(-0.00427406982640611,-0.00164065918836406,0.0199919670059544));
#4785=CARTESIAN_POINT('',(-0.00439792623390219,-0.000462238405618314,0.0186690503392877));
#4786=CARTESIAN_POINT('',(-0.00452178264139827,0.000716182377127426,0.017346133672621));
#4787=CARTESIAN_POINT('',(-0.00403983504533848,0.00179865291508082,0.0160232170059544));
#4788=CARTESIAN_POINT('',(-0.00355788744927869,0.00288112345303421,0.0147003003392877));
#4789=CARTESIAN_POINT('',(-0.00259927331882137,0.00357759663972017,0.013377383672621));
#4790=CARTESIAN_POINT('',(-0.00164065918836405,0.00427406982640611,0.0120544670059544));
#4791=CARTESIAN_POINT('',(-0.000462238405618316,0.00439792623390219,0.0107315503392877));
#4792=CARTESIAN_POINT('',(0.000716182377127428,0.00452178264139827,0.00940863367262105));
#4793=CARTESIAN_POINT('',(0.00179865291508082,0.00403983504533848,0.00808571700595438));
#4794=CARTESIAN_POINT('',(0.00288112345303421,0.00355788744927869,0.00676280033928772));
#4795=CARTESIAN_POINT('',(0.00357759663972017,0.00259927331882137,0.00543988367262105));
#4796=CARTESIAN_POINT('',(0.0039263418995222,0.00211926613352396,0.0047774591522911));
#4797=CARTESIAN_POINT('',(0.00413622550019076,0.00156430755097754,0.00409167522067399));
#4798=CARTESIAN_POINT('',(0.00357759663972017,0.00259927331882137,0.037189883672621));
#4799=CARTESIAN_POINT('',(0.00427406982640611,0.00164065918836405,0.0358669670059544));
#4800=CARTESIAN_POINT('',(0.00439792623390219,0.000462238405618311,0.0345440503392877));
#4801=CARTESIAN_POINT('',(0.00452178264139827,-0.00071618237712743,0.0332211336726211));
#4802=CARTESIAN_POINT('',(0.00403983504533848,-0.00179865291508082,0.0318982170059544));
#4803=CARTESIAN_POINT('',(0.00355788744927869,-0.00288112345303421,0.0305753003392877));
#4804=CARTESIAN_POINT('',(0.00259927331882137,-0.00357759663972017,0.0292523836726211));
#4805=CARTESIAN_POINT('',(0.00164065918836405,-0.00427406982640611,0.0279294670059544));
#4806=CARTESIAN_POINT('',(0.000462238405618313,-0.00439792623390219,0.0266065503392877));
#4807=CARTESIAN_POINT('',(-0.000716182377127429,-0.00452178264139827,0.0252836336726211));
#4808=CARTESIAN_POINT('',(-0.00179865291508082,-0.00403983504533848,0.0239607170059544));
#4809=CARTESIAN_POINT('',(-0.00288112345303421,-0.00355788744927869,0.0226378003392877));
#4810=CARTESIAN_POINT('',(-0.00357759663972017,-0.00259927331882137,0.021314883672621));
#4811=CARTESIAN_POINT('',(-0.00427406982640611,-0.00164065918836405,0.0199919670059544));
#4812=CARTESIAN_POINT('',(-0.00439792623390219,-0.000462238405618313,0.0186690503392877));
#4813=CARTESIAN_POINT('',(-0.00452178264139827,0.000716182377127427,0.017346133672621));
#4814=CARTESIAN_POINT('',(-0.00403983504533848,0.00179865291508082,0.0160232170059544));
#4815=CARTESIAN_POINT('',(-0.00355788744927869,0.00288112345303421,0.0147003003392877));
#4816=CARTESIAN_POINT('',(-0.00259927331882137,0.00357759663972017,0.013377383672621));
#4817=CARTESIAN_POINT('',(-0.00164065918836405,0.00427406982640611,0.0120544670059544));
#4818=CARTESIAN_POINT('',(-0.000462238405618315,0.00439792623390219,0.0107315503392877));
#4819=CARTESIAN_POINT('',(0.000716182377127428,0.00452178264139827,0.00940863367262105));
#4820=CARTESIAN_POINT('',(0.00179865291508082,0.00403983504533848,0.00808571700595438));
#4821=CARTESIAN_POINT('',(0.00288112345303421,0.00355788744927869,0.00676280033928772));
#4822=CARTESIAN_POINT('',(0.00357759663972017,0.00259927331882137,0.00543988367262105));
#4823=CARTESIAN_POINT('',(0.00427406982640611,0.00164065918836405,0.00411696700595439));
#4824=CARTESIAN_POINT('',(0.00439792623390219,0.000462238405618315,0.00279405033928772));
#4825=CARTESIAN_POINT('',(0.00452178264139827,-0.000716182377127425,0.00147113367262105));
#4826=CARTESIAN_POINT('',(0.00403983504533848,-0.00179865291508082,0.000148217005954382));
#4827=CARTESIAN_POINT('',(0.00355788744927869,-0.00288112345303421,-0.00117469966071229));
#4828=CARTESIAN_POINT('',(0.00259927331882138,-0.00357759663972016,-0.00249761632737895));
#4829=CARTESIAN_POINT('',(0.00164065918836405,-0.00427406982640611,-0.00382053299404562));
#4830=CARTESIAN_POINT('',(0.000462238405618315,-0.00439792623390219,-0.00514344966071229));
#4831=CARTESIAN_POINT('',(-0.000716182377127425,-0.00452178264139827,-0.00646636632737895));
#4832=CARTESIAN_POINT('',(-0.00179865291508081,-0.00403983504533848,-0.00778928299404562));
#4833=CARTESIAN_POINT('',(-0.00288112345303421,-0.00355788744927869,-0.00911219966071228));
#4834=CARTESIAN_POINT('',(-0.00357759663972017,-0.00259927331882137,-0.0104351163273789));
#4835=CARTESIAN_POINT('',(-0.00427406982640611,-0.00164065918836406,-0.0117580329940456));
#4836=CARTESIAN_POINT('',(-0.00439792623390219,-0.000462238405618316,-0.0130809496607123));
#4837=CARTESIAN_POINT('',(-0.00452178264139827,0.000716182377127424,-0.014403866327379));
#4838=CARTESIAN_POINT('',(-0.00403983504533848,0.00179865291508081,-0.0157267829940456));
#4839=CARTESIAN_POINT('',(-0.00355788744927869,0.00288112345303421,-0.0170496996607123));
#4840=CARTESIAN_POINT('',(-0.00259927331882137,0.00357759663972017,-0.018372616327379));
#4841=CARTESIAN_POINT('',(-0.00164065918836406,0.00427406982640611,-0.0196955329940456));
#4842=CARTESIAN_POINT('',(-0.000462238405618316,0.00439792623390219,-0.0210184496607123));
#4843=CARTESIAN_POINT('',(0.000716182377127424,0.00452178264139827,-0.022341366327379));
#4844=CARTESIAN_POINT('',(0.00179865291508081,0.00403983504533848,-0.0236642829940456));
#4845=CARTESIAN_POINT('',(0.00288112345303421,0.00355788744927869,-0.0249871996607123));
#4846=CARTESIAN_POINT('',(0.00357759663972017,0.00259927331882137,-0.0263101163273789));
#4847=CARTESIAN_POINT('',(0.0042198176308572,0.00132233076980777,0.0355459368445013));
#4848=CARTESIAN_POINT('',(0.00435179261362448,0.000901172636132644,0.035036805913205));
#4849=CARTESIAN_POINT('',(0.00439792623390219,0.000462238405618312,0.0345440503392877));
#4850=CARTESIAN_POINT('',(0.00452178264139827,-0.00071618237712743,0.0332211336726211));
#4851=CARTESIAN_POINT('',(0.00403983504533848,-0.00179865291508083,0.0318982170059544));
#4852=CARTESIAN_POINT('',(0.00355788744927869,-0.00288112345303422,0.0305753003392877));
#4853=CARTESIAN_POINT('',(0.00259927331882137,-0.00357759663972017,0.0292523836726211));
#4854=CARTESIAN_POINT('',(0.00164065918836405,-0.00427406982640611,0.0279294670059544));
#4855=CARTESIAN_POINT('',(0.000462238405618313,-0.00439792623390219,0.0266065503392877));
#4856=CARTESIAN_POINT('',(-0.000716182377127429,-0.00452178264139827,0.0252836336726211));
#4857=CARTESIAN_POINT('',(-0.00179865291508082,-0.00403983504533848,0.0239607170059544));
#4858=CARTESIAN_POINT('',(-0.00288112345303421,-0.00355788744927869,0.0226378003392877));
#4859=CARTESIAN_POINT('',(-0.00357759663972017,-0.00259927331882137,0.021314883672621));
#4860=CARTESIAN_POINT('',(-0.00427406982640611,-0.00164065918836405,0.0199919670059544));
#4861=CARTESIAN_POINT('',(-0.00439792623390219,-0.000462238405618313,0.0186690503392877));
#4862=CARTESIAN_POINT('',(-0.00452178264139827,0.000716182377127427,0.017346133672621));
#4863=CARTESIAN_POINT('',(-0.00403983504533848,0.00179865291508082,0.0160232170059544));
#4864=CARTESIAN_POINT('',(-0.00355788744927869,0.00288112345303421,0.0147003003392877));
#4865=CARTESIAN_POINT('',(-0.00259927331882137,0.00357759663972017,0.013377383672621));
#4866=CARTESIAN_POINT('',(-0.00164065918836405,0.00427406982640611,0.0120544670059544));
#4867=CARTESIAN_POINT('',(-0.000462238405618315,0.00439792623390219,0.0107315503392877));
#4868=CARTESIAN_POINT('',(0.000716182377127429,0.00452178264139827,0.00940863367262105));
#4869=CARTESIAN_POINT('',(0.00179865291508082,0.00403983504533848,0.00808571700595438));
#4870=CARTESIAN_POINT('',(0.00288112345303421,0.00355788744927869,0.00676280033928772));
#4871=CARTESIAN_POINT('',(0.00357759663972017,0.00259927331882137,0.00543988367262105));
#4872=CARTESIAN_POINT('',(0.00365145740420946,0.0024976125889048,0.00529958877222356));
#4873=CARTESIAN_POINT('',(0.00371942607835062,0.00239192164381675,0.00515738556138365));
#4874=CARTESIAN_POINT('',(0.00385982048096129,0.0012095213192596,0.0353394420196303));
#4875=CARTESIAN_POINT('',(0.00398053653696682,0.000824292635869212,0.034830311088334));
#4876=CARTESIAN_POINT('',(0.00402273444881654,0.000422804353450228,0.0343375555144167));
#4877=CARTESIAN_POINT('',(0.00413602453387989,-0.000655084093475021,0.0330146388477501));
#4878=CARTESIAN_POINT('',(0.00369519240207902,-0.00164520791348971,0.0316917221810833));
#4879=CARTESIAN_POINT('',(0.00325436027027817,-0.00263533173350441,0.0303688055144167));
#4880=CARTESIAN_POINT('',(0.00237752653532682,-0.0032723880486288,0.02904588884775));
#4881=CARTESIAN_POINT('',(0.00150069280037548,-0.00390944436375319,0.0277229721810834));
#4882=CARTESIAN_POINT('',(0.00042280435345023,-0.00402273444881654,0.0264000555144167));
#4883=CARTESIAN_POINT('',(-0.00065508409347502,-0.00413602453387989,0.02507713884775));
#4884=CARTESIAN_POINT('',(-0.00164520791348971,-0.00369519240207903,0.0237542221810834));
#4885=CARTESIAN_POINT('',(-0.00263533173350441,-0.00325436027027817,0.0224313055144167));
#4886=CARTESIAN_POINT('',(-0.0032723880486288,-0.00237752653532682,0.02110838884775));
#4887=CARTESIAN_POINT('',(-0.00390944436375319,-0.00150069280037548,0.0197854721810833));
#4888=CARTESIAN_POINT('',(-0.00402273444881654,-0.00042280435345023,0.0184625555144167));
#4889=CARTESIAN_POINT('',(-0.00413602453387989,0.000655084093475017,0.01713963884775));
#4890=CARTESIAN_POINT('',(-0.00369519240207902,0.00164520791348971,0.0158167221810833));
#4891=CARTESIAN_POINT('',(-0.00325436027027817,0.00263533173350441,0.0144938055144167));
#4892=CARTESIAN_POINT('',(-0.00237752653532682,0.0032723880486288,0.01317088884775));
#4893=CARTESIAN_POINT('',(-0.00150069280037548,0.00390944436375319,0.0118479721810834));
#4894=CARTESIAN_POINT('',(-0.000422804353450232,0.00402273444881653,0.0105250555144167));
#4895=CARTESIAN_POINT('',(0.000655084093475019,0.00413602453387989,0.00920213884775003));
#4896=CARTESIAN_POINT('',(0.00164520791348971,0.00369519240207902,0.00787922218108335));
#4897=CARTESIAN_POINT('',(0.00263533173350441,0.00325436027027817,0.00655630551441669));
#4898=CARTESIAN_POINT('',(0.0032723880486288,0.00237752653532682,0.00523338884775002));
#4899=CARTESIAN_POINT('',(0.00333994767239797,0.0022845385908782,0.00509309394735253));
#4900=CARTESIAN_POINT('',(0.00340211786634082,0.00218786425321964,0.00495089073651262));
#4901=CARTESIAN_POINT('',(0.00385982048096129,0.0012095213192596,0.0349093675693723));
#4902=CARTESIAN_POINT('',(0.00398053653696682,0.000824292635869212,0.034400236638076));
#4903=CARTESIAN_POINT('',(0.00402273444881654,0.000422804353450228,0.0339074810641588));
#4904=CARTESIAN_POINT('',(0.00413602453387989,-0.000655084093475021,0.0325845643974921));
#4905=CARTESIAN_POINT('',(0.00369519240207902,-0.00164520791348971,0.0312616477308254));
#4906=CARTESIAN_POINT('',(0.00325436027027817,-0.00263533173350441,0.0299387310641587));
#4907=CARTESIAN_POINT('',(0.00237752653532682,-0.0032723880486288,0.0286158143974921));
#4908=CARTESIAN_POINT('',(0.00150069280037548,-0.00390944436375319,0.0272928977308254));
#4909=CARTESIAN_POINT('',(0.000422804353450229,-0.00402273444881654,0.0259699810641587));
#4910=CARTESIAN_POINT('',(-0.000655084093475021,-0.00413602453387989,0.0246470643974921));
#4911=CARTESIAN_POINT('',(-0.00164520791348971,-0.00369519240207903,0.0233241477308254));
#4912=CARTESIAN_POINT('',(-0.00263533173350441,-0.00325436027027817,0.0220012310641588));
#4913=CARTESIAN_POINT('',(-0.0032723880486288,-0.00237752653532682,0.0206783143974921));
#4914=CARTESIAN_POINT('',(-0.00390944436375319,-0.00150069280037548,0.0193553977308254));
#4915=CARTESIAN_POINT('',(-0.00402273444881654,-0.00042280435345023,0.0180324810641588));
#4916=CARTESIAN_POINT('',(-0.00413602453387989,0.000655084093475018,0.0167095643974921));
#4917=CARTESIAN_POINT('',(-0.00369519240207903,0.00164520791348971,0.0153866477308254));
#4918=CARTESIAN_POINT('',(-0.00325436027027817,0.00263533173350441,0.0140637310641587));
#4919=CARTESIAN_POINT('',(-0.00237752653532682,0.0032723880486288,0.0127408143974921));
#4920=CARTESIAN_POINT('',(-0.00150069280037548,0.00390944436375319,0.0114178977308254));
#4921=CARTESIAN_POINT('',(-0.000422804353450231,0.00402273444881654,0.0100949810641587));
#4922=CARTESIAN_POINT('',(0.00065508409347502,0.00413602453387989,0.00877206439749208));
#4923=CARTESIAN_POINT('',(0.00164520791348971,0.00369519240207902,0.00744914773082542));
#4924=CARTESIAN_POINT('',(0.00263533173350441,0.00325436027027817,0.00612623106415875));
#4925=CARTESIAN_POINT('',(0.0032723880486288,0.00237752653532682,0.00480331439749208));
#4926=CARTESIAN_POINT('',(0.00333994767239797,0.0022845385908782,0.00466301949709459));
#4927=CARTESIAN_POINT('',(0.00340211786634082,0.00218786425321964,0.00452081628625468));
#4928=CARTESIAN_POINT('',(0.0042198176308572,0.00132233076980777,0.0347028727445013));
#4929=CARTESIAN_POINT('',(0.00435179261362448,0.000901172636132643,0.034193741813205));
#4930=CARTESIAN_POINT('',(0.0043979262339022,0.000462238405618311,0.0337009862392877));
#4931=CARTESIAN_POINT('',(0.00452178264139827,-0.000716182377127429,0.0323780695726211));
#4932=CARTESIAN_POINT('',(0.00403983504533848,-0.00179865291508083,0.0310551529059544));
#4933=CARTESIAN_POINT('',(0.00355788744927869,-0.00288112345303422,0.0297322362392877));
#4934=CARTESIAN_POINT('',(0.00259927331882137,-0.00357759663972017,0.0284093195726211));
#4935=CARTESIAN_POINT('',(0.00164065918836405,-0.00427406982640611,0.0270864029059544));
#4936=CARTESIAN_POINT('',(0.000462238405618313,-0.0043979262339022,0.0257634862392877));
#4937=CARTESIAN_POINT('',(-0.000716182377127429,-0.00452178264139827,0.0244405695726211));
#4938=CARTESIAN_POINT('',(-0.00179865291508082,-0.00403983504533848,0.0231176529059544));
#4939=CARTESIAN_POINT('',(-0.00288112345303422,-0.00355788744927869,0.0217947362392877));
#4940=CARTESIAN_POINT('',(-0.00357759663972017,-0.00259927331882137,0.0204718195726211));
#4941=CARTESIAN_POINT('',(-0.00427406982640611,-0.00164065918836406,0.0191489029059544));
#4942=CARTESIAN_POINT('',(-0.0043979262339022,-0.000462238405618314,0.0178259862392877));
#4943=CARTESIAN_POINT('',(-0.00452178264139827,0.000716182377127427,0.016503069572621));
#4944=CARTESIAN_POINT('',(-0.00403983504533848,0.00179865291508082,0.0151801529059544));
#4945=CARTESIAN_POINT('',(-0.00355788744927869,0.00288112345303421,0.0138572362392877));
#4946=CARTESIAN_POINT('',(-0.00259927331882137,0.00357759663972017,0.012534319572621));
#4947=CARTESIAN_POINT('',(-0.00164065918836405,0.00427406982640611,0.0112114029059544));
#4948=CARTESIAN_POINT('',(-0.000462238405618315,0.00439792623390219,0.00988848623928772));
#4949=CARTESIAN_POINT('',(0.000716182377127429,0.00452178264139827,0.00856556957262105));
#4950=CARTESIAN_POINT('',(0.00179865291508082,0.00403983504533848,0.00724265290595438));
#4951=CARTESIAN_POINT('',(0.00288112345303421,0.00355788744927869,0.00591973623928772));
#4952=CARTESIAN_POINT('',(0.00357759663972017,0.00259927331882137,0.00459681957262105));
#4953=CARTESIAN_POINT('',(0.00365145740420946,0.0024976125889048,0.00445652467222356));
#4954=CARTESIAN_POINT('',(0.00371942607835062,0.00239192164381675,0.00431432146138365));
#4955=CARTESIAN_POINT('',(0.00357759663972017,0.00259927331882137,0.0363468195726211));
#4956=CARTESIAN_POINT('',(0.00427406982640611,0.00164065918836405,0.0350239029059544));
#4957=CARTESIAN_POINT('',(0.00439792623390219,0.000462238405618311,0.0337009862392877));
#4958=CARTESIAN_POINT('',(0.00452178264139827,-0.00071618237712743,0.0323780695726211));
#4959=CARTESIAN_POINT('',(0.00403983504533848,-0.00179865291508083,0.0310551529059544));
#4960=CARTESIAN_POINT('',(0.00355788744927869,-0.00288112345303422,0.0297322362392877));
#4961=CARTESIAN_POINT('',(0.00259927331882137,-0.00357759663972017,0.0284093195726211));
#4962=CARTESIAN_POINT('',(0.00164065918836405,-0.00427406982640611,0.0270864029059544));
#4963=CARTESIAN_POINT('',(0.000462238405618313,-0.00439792623390219,0.0257634862392877));
#4964=CARTESIAN_POINT('',(-0.000716182377127429,-0.00452178264139827,0.0244405695726211));
#4965=CARTESIAN_POINT('',(-0.00179865291508082,-0.00403983504533848,0.0231176529059544));
#4966=CARTESIAN_POINT('',(-0.00288112345303422,-0.00355788744927869,0.0217947362392877));
#4967=CARTESIAN_POINT('',(-0.00357759663972017,-0.00259927331882137,0.0204718195726211));
#4968=CARTESIAN_POINT('',(-0.00427406982640611,-0.00164065918836405,0.0191489029059544));
#4969=CARTESIAN_POINT('',(-0.00439792623390219,-0.000462238405618313,0.0178259862392877));
#4970=CARTESIAN_POINT('',(-0.00452178264139827,0.000716182377127427,0.016503069572621));
#4971=CARTESIAN_POINT('',(-0.00403983504533848,0.00179865291508082,0.0151801529059544));
#4972=CARTESIAN_POINT('',(-0.00355788744927869,0.00288112345303421,0.0138572362392877));
#4973=CARTESIAN_POINT('',(-0.00259927331882137,0.00357759663972017,0.012534319572621));
#4974=CARTESIAN_POINT('',(-0.00164065918836405,0.00427406982640611,0.0112114029059544));
#4975=CARTESIAN_POINT('',(-0.000462238405618315,0.00439792623390219,0.00988848623928772));
#4976=CARTESIAN_POINT('',(0.000716182377127429,0.00452178264139827,0.00856556957262105));
#4977=CARTESIAN_POINT('',(0.00179865291508082,0.00403983504533848,0.00724265290595438));
#4978=CARTESIAN_POINT('',(0.00288112345303421,0.00355788744927869,0.00591973623928772));
#4979=CARTESIAN_POINT('',(0.00357759663972017,0.00259927331882137,0.00459681957262105));
#4980=CARTESIAN_POINT('',(0.00427406982640611,0.00164065918836405,0.00327390290595438));
#4981=CARTESIAN_POINT('',(0.00439792623390219,0.000462238405618315,0.00195098623928771));
#4982=CARTESIAN_POINT('',(0.00452178264139827,-0.000716182377127425,0.000628069572621049));
#4983=CARTESIAN_POINT('',(0.00403983504533848,-0.00179865291508082,-0.000694847094045617));
#4984=CARTESIAN_POINT('',(0.00355788744927869,-0.00288112345303421,-0.00201776376071228));
#4985=CARTESIAN_POINT('',(0.00259927331882138,-0.00357759663972017,-0.00334068042737895));
#4986=CARTESIAN_POINT('',(0.00164065918836405,-0.00427406982640611,-0.00466359709404562));
#4987=CARTESIAN_POINT('',(0.000462238405618315,-0.00439792623390219,-0.00598651376071228));
#4988=CARTESIAN_POINT('',(-0.000716182377127425,-0.00452178264139827,-0.00730943042737895));
#4989=CARTESIAN_POINT('',(-0.00179865291508081,-0.00403983504533848,-0.00863234709404562));
#4990=CARTESIAN_POINT('',(-0.00288112345303421,-0.00355788744927869,-0.00995526376071229));
#4991=CARTESIAN_POINT('',(-0.00357759663972017,-0.00259927331882137,-0.0112781804273789));
#4992=CARTESIAN_POINT('',(-0.00427406982640611,-0.00164065918836406,-0.0126010970940456));
#4993=CARTESIAN_POINT('',(-0.00439792623390219,-0.000462238405618316,-0.0139240137607123));
#4994=CARTESIAN_POINT('',(-0.00452178264139827,0.000716182377127424,-0.0152469304273789));
#4995=CARTESIAN_POINT('',(-0.00403983504533848,0.00179865291508081,-0.0165698470940456));
#4996=CARTESIAN_POINT('',(-0.00355788744927869,0.00288112345303421,-0.0178927637607123));
#4997=CARTESIAN_POINT('',(-0.00259927331882137,0.00357759663972017,-0.019215680427379));
#4998=CARTESIAN_POINT('',(-0.00164065918836406,0.00427406982640611,-0.0205385970940456));
#4999=CARTESIAN_POINT('',(-0.000462238405618316,0.00439792623390219,-0.0218615137607123));
#5000=CARTESIAN_POINT('',(0.000716182377127424,0.00452178264139827,-0.023184430427379));
#5001=CARTESIAN_POINT('',(0.00179865291508081,0.00403983504533848,-0.0245073470940456));
#5002=CARTESIAN_POINT('',(0.00288112345303421,0.00355788744927869,-0.0258302637607123));
#5003=CARTESIAN_POINT('',(0.00357759663972017,0.00259927331882137,-0.027153180427379));
#5004=CARTESIAN_POINT('',(0.00391646348029354,0.00205346860458121,0.0356174859535791));
#5005=CARTESIAN_POINT('',(0.0043094618083191,0.00130392532152604,0.0346458793245702));
#5006=CARTESIAN_POINT('',(0.00439792623390219,0.000462238405618312,0.0337009862392877));
#5007=CARTESIAN_POINT('',(0.00452178264139827,-0.000716182377127428,0.032378069572621));
#5008=CARTESIAN_POINT('',(0.00403983504533848,-0.00179865291508082,0.0310551529059544));
#5009=CARTESIAN_POINT('',(0.00355788744927869,-0.00288112345303421,0.0297322362392877));
#5010=CARTESIAN_POINT('',(0.00259927331882137,-0.00357759663972017,0.0284093195726211));
#5011=CARTESIAN_POINT('',(0.00164065918836405,-0.00427406982640611,0.0270864029059544));
#5012=CARTESIAN_POINT('',(0.000462238405618313,-0.00439792623390219,0.0257634862392877));
#5013=CARTESIAN_POINT('',(-0.000716182377127428,-0.00452178264139827,0.0244405695726211));
#5014=CARTESIAN_POINT('',(-0.00179865291508082,-0.00403983504533848,0.0231176529059544));
#5015=CARTESIAN_POINT('',(-0.00288112345303421,-0.00355788744927869,0.0217947362392877));
#5016=CARTESIAN_POINT('',(-0.00357759663972016,-0.00259927331882137,0.0204718195726211));
#5017=CARTESIAN_POINT('',(-0.00427406982640611,-0.00164065918836405,0.0191489029059544));
#5018=CARTESIAN_POINT('',(-0.00439792623390219,-0.000462238405618314,0.0178259862392877));
#5019=CARTESIAN_POINT('',(-0.00452178264139827,0.000716182377127426,0.016503069572621));
#5020=CARTESIAN_POINT('',(-0.00403983504533848,0.00179865291508082,0.0151801529059544));
#5021=CARTESIAN_POINT('',(-0.00355788744927869,0.00288112345303421,0.0138572362392877));
#5022=CARTESIAN_POINT('',(-0.00259927331882137,0.00357759663972016,0.012534319572621));
#5023=CARTESIAN_POINT('',(-0.00164065918836405,0.00427406982640611,0.0112114029059544));
#5024=CARTESIAN_POINT('',(-0.000462238405618315,0.00439792623390219,0.00988848623928771));
#5025=CARTESIAN_POINT('',(0.000716182377127427,0.00452178264139827,0.00856556957262104));
#5026=CARTESIAN_POINT('',(0.00179865291508082,0.00403983504533848,0.00724265290595438));
#5027=CARTESIAN_POINT('',(0.00264371409019557,0.00366358905287014,0.00620988067454945));
#5028=CARTESIAN_POINT('',(0.0032671118341897,0.00298016774114667,0.00515278114872219));
#5029=CARTESIAN_POINT('',(0.00553976869380776,0.00290459521622386,0.0345592584535791));
#5030=CARTESIAN_POINT('',(0.00609565791510891,0.00184437942843061,0.0335876518245702));
#5031=CARTESIAN_POINT('',(0.00622078928881552,0.00065382809297331,0.0326427587392877));
#5032=CARTESIAN_POINT('',(0.0063959819983165,-0.00101302737324899,0.031319842072621));
#5033=CARTESIAN_POINT('',(0.00571427560219103,-0.00254416290618494,0.0299969254059544));
#5034=CARTESIAN_POINT('',(0.00503256920606556,-0.0040752984391209,0.0286740087392877));
#5035=CARTESIAN_POINT('',(0.00367662638263058,-0.00506044750921772,0.0273510920726211));
#5036=CARTESIAN_POINT('',(0.00232068355919561,-0.00604559657931454,0.0260281754059544));
#5037=CARTESIAN_POINT('',(0.000653828092973311,-0.00622078928881552,0.0247052587392877));
#5038=CARTESIAN_POINT('',(-0.00101302737324899,-0.0063959819983165,0.0233823420726211));
#5039=CARTESIAN_POINT('',(-0.00254416290618494,-0.00571427560219103,0.0220594254059544));
#5040=CARTESIAN_POINT('',(-0.00407529843912089,-0.00503256920606556,0.0207365087392878));
#5041=CARTESIAN_POINT('',(-0.00506044750921772,-0.00367662638263058,0.019413592072621));
#5042=CARTESIAN_POINT('',(-0.00604559657931454,-0.00232068355919561,0.0180906754059544));
#5043=CARTESIAN_POINT('',(-0.00622078928881552,-0.000653828092973311,0.0167677587392877));
#5044=CARTESIAN_POINT('',(-0.0063959819983165,0.00101302737324898,0.015444842072621));
#5045=CARTESIAN_POINT('',(-0.00571427560219103,0.00254416290618493,0.0141219254059544));
#5046=CARTESIAN_POINT('',(-0.00503256920606556,0.00407529843912089,0.0127990087392877));
#5047=CARTESIAN_POINT('',(-0.00367662638263058,0.00506044750921772,0.011476092072621));
#5048=CARTESIAN_POINT('',(-0.00232068355919561,0.00604559657931454,0.0101531754059544));
#5049=CARTESIAN_POINT('',(-0.000653828092973314,0.00622078928881552,0.00883025873928772));
#5050=CARTESIAN_POINT('',(0.00101302737324899,0.0063959819983165,0.00750734207262105));
#5051=CARTESIAN_POINT('',(0.00254416290618493,0.00571427560219103,0.00618442540595438));
#5052=CARTESIAN_POINT('',(0.00373948707193004,0.00518208226482573,0.00515165317454945));
#5053=CARTESIAN_POINT('',(0.00462127221389447,0.00421539484225261,0.00409455364872219));
#5054=CARTESIAN_POINT('',(0.00551072558052476,-0.00295932663407625,0.0357548581842));
#5055=CARTESIAN_POINT('',(0.00546517469293923,-0.00304414945780336,0.0356782726568069));
#5056=CARTESIAN_POINT('',(0.00541703476366162,-0.00312753016296958,0.0356022778392877));
#5057=CARTESIAN_POINT('',(0.00457901558218995,-0.00457902025326402,0.0342793611726211));
#5058=CARTESIAN_POINT('',(0.00312752463702961,-0.00541703795406455,0.0329564445059543));
#5059=CARTESIAN_POINT('',(0.00167603369186927,-0.00625505565486507,0.0316335278392877));
#5060=CARTESIAN_POINT('',(-3.19040292535294E-9,-0.00625505479999919,0.0303106111726211));
#5061=CARTESIAN_POINT('',(-0.00167604007267513,-0.0062550539451333,0.0289876945059544));
#5062=CARTESIAN_POINT('',(-0.00312753016296958,-0.00541703476366162,0.0276647778392877));
#5063=CARTESIAN_POINT('',(-0.00457902025326402,-0.00457901558218995,0.026341861172621));
#5064=CARTESIAN_POINT('',(-0.00541703795406455,-0.00312752463702962,0.0250189445059544));
#5065=CARTESIAN_POINT('',(-0.00625505565486507,-0.00167603369186927,0.0236960278392877));
#5066=CARTESIAN_POINT('',(-0.00625505479999918,3.19040292448558E-9,0.0223731111726211));
#5067=CARTESIAN_POINT('',(-0.0062550539451333,0.00167604007267513,0.0210501945059544));
#5068=CARTESIAN_POINT('',(-0.00541703476366162,0.00312753016296958,0.0197272778392877));
#5069=CARTESIAN_POINT('',(-0.00457901558218995,0.00457902025326402,0.0184043611726211));
#5070=CARTESIAN_POINT('',(-0.00312752463702962,0.00541703795406455,0.0170814445059544));
#5071=CARTESIAN_POINT('',(-0.00167603369186928,0.00625505565486507,0.0157585278392877));
#5072=CARTESIAN_POINT('',(3.19040292448558E-9,0.00625505479999918,0.014435611172621));
#5073=CARTESIAN_POINT('',(0.00167604007267512,0.0062550539451333,0.0131126945059544));
#5074=CARTESIAN_POINT('',(0.00312753016296957,0.00541703476366163,0.0117897778392877));
#5075=CARTESIAN_POINT('',(0.00457902025326402,0.00457901558218995,0.010466861172621));
#5076=CARTESIAN_POINT('',(0.00541703795406455,0.00312752463702962,0.00914394450595437));
#5077=CARTESIAN_POINT('',(0.00625505565486507,0.00167603369186928,0.00782102783928772));
#5078=CARTESIAN_POINT('',(0.00625505479999918,-3.1904029262203E-9,0.00649811117262104));
#5079=CARTESIAN_POINT('',(0.00625505437196018,-0.000839209864844614,0.00583571495202492));
#5080=CARTESIAN_POINT('',(0.00603385203397815,-0.00164873896753268,0.00514996027992081));
#5081=CARTESIAN_POINT('',(0.00389593080125696,-0.00209216220554024,0.0346966306842));
#5082=CARTESIAN_POINT('',(0.0038637275816671,-0.00215212959944857,0.0346200451568069));
#5083=CARTESIAN_POINT('',(0.00382969398109991,-0.00221107745535989,0.0345440503392877));
#5084=CARTESIAN_POINT('',(0.00323723756253357,-0.00323724086485395,0.033221133672621));
#5085=CARTESIAN_POINT('',(0.00221107354867294,-0.00382969623662667,0.0318982170059544));
#5086=CARTESIAN_POINT('',(0.00118490953481231,-0.00442215160839941,0.0305753003392877));
#5087=CARTESIAN_POINT('',(-2.25552676232435E-9,-0.00442215100403283,0.0292523836726211));
#5088=CARTESIAN_POINT('',(-0.00118491404586584,-0.00442215039966626,0.0279294670059544));
#5089=CARTESIAN_POINT('',(-0.00221107745535989,-0.00382969398109991,0.0266065503392877));
#5090=CARTESIAN_POINT('',(-0.00323724086485395,-0.00323723756253357,0.0252836336726211));
#5091=CARTESIAN_POINT('',(-0.00382969623662667,-0.00221107354867295,0.0239607170059544));
#5092=CARTESIAN_POINT('',(-0.00442215160839941,-0.00118490953481231,0.0226378003392877));
#5093=CARTESIAN_POINT('',(-0.00442215100403283,2.25552676145699E-9,0.021314883672621));
#5094=CARTESIAN_POINT('',(-0.00442215039966626,0.00118491404586584,0.0199919670059544));
#5095=CARTESIAN_POINT('',(-0.00382969398109991,0.00221107745535989,0.0186690503392877));
#5096=CARTESIAN_POINT('',(-0.00323723756253357,0.00323724086485394,0.017346133672621));
#5097=CARTESIAN_POINT('',(-0.00221107354867295,0.00382969623662667,0.0160232170059544));
#5098=CARTESIAN_POINT('',(-0.00118490953481232,0.0044221516083994,0.0147003003392877));
#5099=CARTESIAN_POINT('',(2.25552676102331E-9,0.00442215100403283,0.013377383672621));
#5100=CARTESIAN_POINT('',(0.00118491404586584,0.00442215039966626,0.0120544670059544));
#5101=CARTESIAN_POINT('',(0.00221107745535989,0.00382969398109991,0.0107315503392877));
#5102=CARTESIAN_POINT('',(0.00323724086485395,0.00323723756253357,0.00940863367262105));
#5103=CARTESIAN_POINT('',(0.00382969623662667,0.00221107354867295,0.00808571700595438));
#5104=CARTESIAN_POINT('',(0.00442215160839941,0.00118490953481232,0.00676280033928772));
#5105=CARTESIAN_POINT('',(0.00442215100403283,-2.25552676232435E-9,0.00543988367262105));
#5106=CARTESIAN_POINT('',(0.00442215070142108,-0.000593298198829106,0.00477748745202493));
#5107=CARTESIAN_POINT('',(0.0042657667571906,-0.00116561291847733,0.00409173277992082));
#5108=CARTESIAN_POINT('',(0.00442215100403283,-2.25552676319171E-9,0.037189883672621));
#5109=CARTESIAN_POINT('',(0.00442215039966626,-0.00118491404586584,0.0358669670059544));
#5110=CARTESIAN_POINT('',(0.00382969398109991,-0.00221107745535989,0.0345440503392877));
#5111=CARTESIAN_POINT('',(0.00323723756253357,-0.00323724086485395,0.033221133672621));
#5112=CARTESIAN_POINT('',(0.00221107354867294,-0.00382969623662667,0.0318982170059544));
#5113=CARTESIAN_POINT('',(0.00118490953481231,-0.00442215160839941,0.0305753003392877));
#5114=CARTESIAN_POINT('',(-2.25552676275803E-9,-0.00442215100403283,0.0292523836726211));
#5115=CARTESIAN_POINT('',(-0.00118491404586584,-0.00442215039966626,0.0279294670059544));
#5116=CARTESIAN_POINT('',(-0.00221107745535989,-0.00382969398109991,0.0266065503392877));
#5117=CARTESIAN_POINT('',(-0.00323724086485395,-0.00323723756253357,0.0252836336726211));
#5118=CARTESIAN_POINT('',(-0.00382969623662667,-0.00221107354867294,0.0239607170059544));
#5119=CARTESIAN_POINT('',(-0.00442215160839941,-0.00118490953481231,0.0226378003392877));
#5120=CARTESIAN_POINT('',(-0.00442215100403283,2.25552676189067E-9,0.021314883672621));
#5121=CARTESIAN_POINT('',(-0.00442215039966626,0.00118491404586584,0.0199919670059544));
#5122=CARTESIAN_POINT('',(-0.00382969398109991,0.00221107745535989,0.0186690503392877));
#5123=CARTESIAN_POINT('',(-0.00323723756253357,0.00323724086485395,0.017346133672621));
#5124=CARTESIAN_POINT('',(-0.00221107354867294,0.00382969623662667,0.0160232170059544));
#5125=CARTESIAN_POINT('',(-0.00118490953481232,0.00442215160839941,0.0147003003392877));
#5126=CARTESIAN_POINT('',(2.25552676189067E-9,0.00442215100403283,0.013377383672621));
#5127=CARTESIAN_POINT('',(0.00118491404586584,0.00442215039966626,0.0120544670059544));
#5128=CARTESIAN_POINT('',(0.00221107745535989,0.00382969398109991,0.0107315503392877));
#5129=CARTESIAN_POINT('',(0.00323724086485395,0.00323723756253357,0.00940863367262105));
#5130=CARTESIAN_POINT('',(0.00382969623662667,0.00221107354867294,0.00808571700595438));
#5131=CARTESIAN_POINT('',(0.00442215160839941,0.00118490953481232,0.00676280033928772));
#5132=CARTESIAN_POINT('',(0.00442215100403283,-2.25552676232435E-9,0.00543988367262105));
#5133=CARTESIAN_POINT('',(0.00442215039966626,-0.00118491404586584,0.00411696700595439));
#5134=CARTESIAN_POINT('',(0.00382969398109991,-0.00221107745535989,0.00279405033928772));
#5135=CARTESIAN_POINT('',(0.00323723756253357,-0.00323724086485394,0.00147113367262105));
#5136=CARTESIAN_POINT('',(0.00221107354867295,-0.00382969623662667,0.000148217005954382));
#5137=CARTESIAN_POINT('',(0.00118490953481232,-0.00442215160839941,-0.00117469966071229));
#5138=CARTESIAN_POINT('',(-2.25552675755386E-9,-0.00442215100403283,-0.00249761632737895));
#5139=CARTESIAN_POINT('',(-0.00118491404586584,-0.00442215039966626,-0.00382053299404562));
#5140=CARTESIAN_POINT('',(-0.00221107745535989,-0.00382969398109991,-0.00514344966071228));
#5141=CARTESIAN_POINT('',(-0.00323724086485394,-0.00323723756253357,-0.00646636632737895));
#5142=CARTESIAN_POINT('',(-0.00382969623662667,-0.00221107354867295,-0.00778928299404562));
#5143=CARTESIAN_POINT('',(-0.0044221516083994,-0.00118490953481232,-0.00911219966071228));
#5144=CARTESIAN_POINT('',(-0.00442215100403283,2.25552676102331E-9,-0.0104351163273789));
#5145=CARTESIAN_POINT('',(-0.00442215039966626,0.00118491404586584,-0.0117580329940456));
#5146=CARTESIAN_POINT('',(-0.00382969398109991,0.00221107745535989,-0.0130809496607123));
#5147=CARTESIAN_POINT('',(-0.00323723756253357,0.00323724086485394,-0.014403866327379));
#5148=CARTESIAN_POINT('',(-0.00221107354867295,0.00382969623662667,-0.0157267829940456));
#5149=CARTESIAN_POINT('',(-0.00118490953481232,0.0044221516083994,-0.0170496996607123));
#5150=CARTESIAN_POINT('',(2.25552676058963E-9,0.00442215100403283,-0.018372616327379));
#5151=CARTESIAN_POINT('',(0.00118491404586584,0.00442215039966626,-0.0196955329940456));
#5152=CARTESIAN_POINT('',(0.00221107745535989,0.00382969398109991,-0.0210184496607123));
#5153=CARTESIAN_POINT('',(0.00323724086485394,0.00323723756253357,-0.022341366327379));
#5154=CARTESIAN_POINT('',(0.00382969623662667,0.00221107354867295,-0.0236642829940456));
#5155=CARTESIAN_POINT('',(0.0044221516083994,0.00118490953481232,-0.0249871996607123));
#5156=CARTESIAN_POINT('',(0.00442215100403283,-2.25552676102331E-9,-0.0263101163273789));
#5157=CARTESIAN_POINT('',(0.00419115070167206,-0.00141055850582224,0.0355459368445013));
#5158=CARTESIAN_POINT('',(0.00405037016570587,-0.00182885554182681,0.035036805913205));
#5159=CARTESIAN_POINT('',(0.00382969398109991,-0.00221107745535989,0.0345440503392877));
#5160=CARTESIAN_POINT('',(0.00323723756253357,-0.00323724086485395,0.033221133672621));
#5161=CARTESIAN_POINT('',(0.00221107354867294,-0.00382969623662667,0.0318982170059544));
#5162=CARTESIAN_POINT('',(0.00118490953481231,-0.00442215160839941,0.0305753003392877));
#5163=CARTESIAN_POINT('',(-2.25552676275803E-9,-0.00442215100403283,0.0292523836726211));
#5164=CARTESIAN_POINT('',(-0.00118491404586584,-0.00442215039966626,0.0279294670059544));
#5165=CARTESIAN_POINT('',(-0.00221107745535989,-0.00382969398109991,0.0266065503392877));
#5166=CARTESIAN_POINT('',(-0.00323724086485395,-0.00323723756253357,0.0252836336726211));
#5167=CARTESIAN_POINT('',(-0.00382969623662667,-0.00221107354867294,0.0239607170059544));
#5168=CARTESIAN_POINT('',(-0.00442215160839941,-0.00118490953481231,0.0226378003392877));
#5169=CARTESIAN_POINT('',(-0.00442215100403283,2.25552676189067E-9,0.021314883672621));
#5170=CARTESIAN_POINT('',(-0.00442215039966626,0.00118491404586584,0.0199919670059544));
#5171=CARTESIAN_POINT('',(-0.00382969398109991,0.00221107745535989,0.0186690503392877));
#5172=CARTESIAN_POINT('',(-0.00323723756253357,0.00323724086485395,0.017346133672621));
#5173=CARTESIAN_POINT('',(-0.00221107354867295,0.00382969623662667,0.0160232170059544));
#5174=CARTESIAN_POINT('',(-0.00118490953481232,0.00442215160839941,0.0147003003392877));
#5175=CARTESIAN_POINT('',(2.25552676145699E-9,0.00442215100403283,0.013377383672621));
#5176=CARTESIAN_POINT('',(0.00118491404586584,0.00442215039966626,0.0120544670059544));
#5177=CARTESIAN_POINT('',(0.00221107745535989,0.00382969398109991,0.0107315503392877));
#5178=CARTESIAN_POINT('',(0.00323724086485395,0.00323723756253357,0.00940863367262105));
#5179=CARTESIAN_POINT('',(0.00382969623662667,0.00221107354867294,0.00808571700595438));
#5180=CARTESIAN_POINT('',(0.00442215160839941,0.00118490953481232,0.00676280033928772));
#5181=CARTESIAN_POINT('',(0.00442215100403283,-2.25552676275803E-9,0.00543988367262105));
#5182=CARTESIAN_POINT('',(0.00442215093993995,-0.000125661781779682,0.00529958877222357));
#5183=CARTESIAN_POINT('',(0.00441501517358167,-0.000251118536785509,0.00515738556138366));
#5184=CARTESIAN_POINT('',(0.0038335991581283,-0.00129022225286567,0.0353394420196302));
#5185=CARTESIAN_POINT('',(0.00370482876007377,-0.00167283392188414,0.0348303110883339));
#5186=CARTESIAN_POINT('',(0.00350297869651322,-0.0020224480756663,0.0343375555144167));
#5187=CARTESIAN_POINT('',(0.00296106536790455,-0.00296106838850045,0.0330146388477501));
#5188=CARTESIAN_POINT('',(0.00202244450226299,-0.00350298075961858,0.0316917221810833));
#5189=CARTESIAN_POINT('',(0.00108382363662143,-0.00404489313073671,0.0303688055144167));
#5190=CARTESIAN_POINT('',(-2.06310536484324E-9,-0.0040448925779293,0.02904588884775));
#5191=CARTESIAN_POINT('',(-0.00108382776283216,-0.00404489202512188,0.0277229721810834));
#5192=CARTESIAN_POINT('',(-0.0020224480756663,-0.00350297869651322,0.0264000555144167));
#5193=CARTESIAN_POINT('',(-0.00296106838850045,-0.00296106536790455,0.02507713884775));
#5194=CARTESIAN_POINT('',(-0.00350298075961858,-0.00202244450226299,0.0237542221810834));
#5195=CARTESIAN_POINT('',(-0.00404489313073671,-0.00108382363662143,0.0224313055144167));
#5196=CARTESIAN_POINT('',(-0.0040448925779293,2.06310536351584E-9,0.02110838884775));
#5197=CARTESIAN_POINT('',(-0.00404489202512188,0.00108382776283216,0.0197854721810833));
#5198=CARTESIAN_POINT('',(-0.00350297869651322,0.0020224480756663,0.0184625555144167));
#5199=CARTESIAN_POINT('',(-0.00296106536790456,0.00296106838850044,0.01713963884775));
#5200=CARTESIAN_POINT('',(-0.00202244450226299,0.00350298075961857,0.0158167221810833));
#5201=CARTESIAN_POINT('',(-0.00108382363662144,0.00404489313073671,0.0144938055144167));
#5202=CARTESIAN_POINT('',(2.06310536384769E-9,0.0040448925779293,0.01317088884775));
#5203=CARTESIAN_POINT('',(0.00108382776283216,0.00404489202512188,0.0118479721810834));
#5204=CARTESIAN_POINT('',(0.0020224480756663,0.00350297869651322,0.0105250555144167));
#5205=CARTESIAN_POINT('',(0.00296106838850045,0.00296106536790455,0.00920213884775003));
#5206=CARTESIAN_POINT('',(0.00350298075961857,0.00202244450226299,0.00787922218108335));
#5207=CARTESIAN_POINT('',(0.00404489313073671,0.00108382363662144,0.00655630551441669));
#5208=CARTESIAN_POINT('',(0.0040448925779293,-2.0631053651751E-9,0.00523338884775002));
#5209=CARTESIAN_POINT('',(0.00404489251930424,-0.000114941440938237,0.00509309394735254));
#5210=CARTESIAN_POINT('',(0.00403836551279675,-0.000229695346155716,0.00495089073651263));
#5211=CARTESIAN_POINT('',(0.0038335991581283,-0.00129022225286567,0.0349093675693723));
#5212=CARTESIAN_POINT('',(0.00370482876007377,-0.00167283392188414,0.034400236638076));
#5213=CARTESIAN_POINT('',(0.00350297869651322,-0.0020224480756663,0.0339074810641588));
#5214=CARTESIAN_POINT('',(0.00296106536790455,-0.00296106838850045,0.0325845643974921));
#5215=CARTESIAN_POINT('',(0.00202244450226299,-0.00350298075961858,0.0312616477308254));
#5216=CARTESIAN_POINT('',(0.00108382363662143,-0.00404489313073671,0.0299387310641587));
#5217=CARTESIAN_POINT('',(-2.06310536550695E-9,-0.0040448925779293,0.0286158143974921));
#5218=CARTESIAN_POINT('',(-0.00108382776283216,-0.00404489202512188,0.0272928977308254));
#5219=CARTESIAN_POINT('',(-0.0020224480756663,-0.00350297869651322,0.0259699810641587));
#5220=CARTESIAN_POINT('',(-0.00296106838850045,-0.00296106536790455,0.0246470643974921));
#5221=CARTESIAN_POINT('',(-0.00350298075961858,-0.00202244450226299,0.0233241477308254));
#5222=CARTESIAN_POINT('',(-0.00404489313073671,-0.00108382363662143,0.0220012310641588));
#5223=CARTESIAN_POINT('',(-0.0040448925779293,2.06310536417954E-9,0.0206783143974921));
#5224=CARTESIAN_POINT('',(-0.00404489202512189,0.00108382776283216,0.0193553977308254));
#5225=CARTESIAN_POINT('',(-0.00350297869651322,0.0020224480756663,0.0180324810641588));
#5226=CARTESIAN_POINT('',(-0.00296106536790456,0.00296106838850045,0.0167095643974921));
#5227=CARTESIAN_POINT('',(-0.00202244450226299,0.00350298075961858,0.0153866477308254));
#5228=CARTESIAN_POINT('',(-0.00108382363662144,0.00404489313073671,0.0140637310641587));
#5229=CARTESIAN_POINT('',(2.06310536451139E-9,0.0040448925779293,0.0127408143974921));
#5230=CARTESIAN_POINT('',(0.00108382776283216,0.00404489202512188,0.0114178977308254));
#5231=CARTESIAN_POINT('',(0.0020224480756663,0.00350297869651322,0.0100949810641587));
#5232=CARTESIAN_POINT('',(0.00296106838850045,0.00296106536790455,0.00877206439749208));
#5233=CARTESIAN_POINT('',(0.00350298075961858,0.00202244450226299,0.00744914773082542));
#5234=CARTESIAN_POINT('',(0.00404489313073671,0.00108382363662144,0.00612623106415875));
#5235=CARTESIAN_POINT('',(0.0040448925779293,-2.06310536550695E-9,0.00480331439749208));
#5236=CARTESIAN_POINT('',(0.00404489251930424,-0.000114941440938237,0.0046630194970946));
#5237=CARTESIAN_POINT('',(0.00403836551279675,-0.000229695346155717,0.00452081628625469));
#5238=CARTESIAN_POINT('',(0.00419115070167206,-0.00141055850582224,0.0347028727445013));
#5239=CARTESIAN_POINT('',(0.00405037016570587,-0.00182885554182681,0.034193741813205));
#5240=CARTESIAN_POINT('',(0.00382969398109991,-0.00221107745535989,0.0337009862392877));
#5241=CARTESIAN_POINT('',(0.00323723756253357,-0.00323724086485395,0.032378069572621));
#5242=CARTESIAN_POINT('',(0.00221107354867294,-0.00382969623662667,0.0310551529059544));
#5243=CARTESIAN_POINT('',(0.00118490953481231,-0.00442215160839941,0.0297322362392877));
#5244=CARTESIAN_POINT('',(-2.25552676275803E-9,-0.00442215100403283,0.0284093195726211));
#5245=CARTESIAN_POINT('',(-0.00118491404586584,-0.00442215039966626,0.0270864029059544));
#5246=CARTESIAN_POINT('',(-0.00221107745535989,-0.00382969398109991,0.0257634862392877));
#5247=CARTESIAN_POINT('',(-0.00323724086485395,-0.00323723756253357,0.0244405695726211));
#5248=CARTESIAN_POINT('',(-0.00382969623662667,-0.00221107354867295,0.0231176529059544));
#5249=CARTESIAN_POINT('',(-0.00442215160839941,-0.00118490953481231,0.0217947362392877));
#5250=CARTESIAN_POINT('',(-0.00442215100403283,2.25552676145699E-9,0.0204718195726211));
#5251=CARTESIAN_POINT('',(-0.00442215039966626,0.00118491404586584,0.0191489029059544));
#5252=CARTESIAN_POINT('',(-0.00382969398109991,0.00221107745535989,0.0178259862392877));
#5253=CARTESIAN_POINT('',(-0.00323723756253357,0.00323724086485395,0.016503069572621));
#5254=CARTESIAN_POINT('',(-0.00221107354867295,0.00382969623662667,0.0151801529059544));
#5255=CARTESIAN_POINT('',(-0.00118490953481232,0.00442215160839941,0.0138572362392877));
#5256=CARTESIAN_POINT('',(2.25552676145699E-9,0.00442215100403283,0.012534319572621));
#5257=CARTESIAN_POINT('',(0.00118491404586584,0.00442215039966626,0.0112114029059544));
#5258=CARTESIAN_POINT('',(0.00221107745535989,0.00382969398109991,0.00988848623928771));
#5259=CARTESIAN_POINT('',(0.00323724086485395,0.00323723756253357,0.00856556957262105));
#5260=CARTESIAN_POINT('',(0.00382969623662667,0.00221107354867294,0.00724265290595438));
#5261=CARTESIAN_POINT('',(0.00442215160839941,0.00118490953481232,0.00591973623928772));
#5262=CARTESIAN_POINT('',(0.00442215100403283,-2.25552676319171E-9,0.00459681957262105));
#5263=CARTESIAN_POINT('',(0.00442215093993995,-0.000125661781779682,0.00445652467222357));
#5264=CARTESIAN_POINT('',(0.00441501517358167,-0.000251118536785509,0.00431432146138366));
#5265=CARTESIAN_POINT('',(0.00442215100403283,-2.25552676319171E-9,0.0363468195726211));
#5266=CARTESIAN_POINT('',(0.00442215039966626,-0.00118491404586584,0.0350239029059544));
#5267=CARTESIAN_POINT('',(0.00382969398109991,-0.00221107745535989,0.0337009862392877));
#5268=CARTESIAN_POINT('',(0.00323723756253357,-0.00323724086485395,0.032378069572621));
#5269=CARTESIAN_POINT('',(0.00221107354867294,-0.00382969623662667,0.0310551529059544));
#5270=CARTESIAN_POINT('',(0.00118490953481231,-0.00442215160839941,0.0297322362392877));
#5271=CARTESIAN_POINT('',(-2.25552676319171E-9,-0.00442215100403283,0.0284093195726211));
#5272=CARTESIAN_POINT('',(-0.00118491404586584,-0.00442215039966626,0.0270864029059544));
#5273=CARTESIAN_POINT('',(-0.00221107745535989,-0.00382969398109991,0.0257634862392877));
#5274=CARTESIAN_POINT('',(-0.00323724086485395,-0.00323723756253357,0.0244405695726211));
#5275=CARTESIAN_POINT('',(-0.00382969623662667,-0.00221107354867295,0.0231176529059544));
#5276=CARTESIAN_POINT('',(-0.00442215160839941,-0.00118490953481231,0.0217947362392877));
#5277=CARTESIAN_POINT('',(-0.00442215100403283,2.25552676189067E-9,0.0204718195726211));
#5278=CARTESIAN_POINT('',(-0.00442215039966626,0.00118491404586584,0.0191489029059544));
#5279=CARTESIAN_POINT('',(-0.00382969398109991,0.00221107745535989,0.0178259862392877));
#5280=CARTESIAN_POINT('',(-0.00323723756253357,0.00323724086485395,0.016503069572621));
#5281=CARTESIAN_POINT('',(-0.00221107354867295,0.00382969623662667,0.0151801529059544));
#5282=CARTESIAN_POINT('',(-0.00118490953481232,0.00442215160839941,0.0138572362392877));
#5283=CARTESIAN_POINT('',(2.25552676189067E-9,0.00442215100403283,0.012534319572621));
#5284=CARTESIAN_POINT('',(0.00118491404586584,0.00442215039966626,0.0112114029059544));
#5285=CARTESIAN_POINT('',(0.00221107745535989,0.00382969398109991,0.00988848623928771));
#5286=CARTESIAN_POINT('',(0.00323724086485395,0.00323723756253357,0.00856556957262105));
#5287=CARTESIAN_POINT('',(0.00382969623662667,0.00221107354867294,0.00724265290595438));
#5288=CARTESIAN_POINT('',(0.00442215160839941,0.00118490953481232,0.00591973623928772));
#5289=CARTESIAN_POINT('',(0.00442215100403283,-2.25552676232435E-9,0.00459681957262105));
#5290=CARTESIAN_POINT('',(0.00442215039966626,-0.00118491404586584,0.00327390290595438));
#5291=CARTESIAN_POINT('',(0.00382969398109991,-0.00221107745535989,0.00195098623928771));
#5292=CARTESIAN_POINT('',(0.00323723756253357,-0.00323724086485394,0.000628069572621049));
#5293=CARTESIAN_POINT('',(0.00221107354867295,-0.00382969623662667,-0.000694847094045617));
#5294=CARTESIAN_POINT('',(0.00118490953481232,-0.00442215160839941,-0.00201776376071228));
#5295=CARTESIAN_POINT('',(-2.25552675755386E-9,-0.00442215100403283,-0.00334068042737895));
#5296=CARTESIAN_POINT('',(-0.00118491404586584,-0.00442215039966626,-0.00466359709404562));
#5297=CARTESIAN_POINT('',(-0.00221107745535989,-0.00382969398109991,-0.00598651376071228));
#5298=CARTESIAN_POINT('',(-0.00323724086485394,-0.00323723756253357,-0.00730943042737895));
#5299=CARTESIAN_POINT('',(-0.00382969623662667,-0.00221107354867295,-0.00863234709404562));
#5300=CARTESIAN_POINT('',(-0.00442215160839941,-0.00118490953481232,-0.00995526376071229));
#5301=CARTESIAN_POINT('',(-0.00442215100403283,2.25552676102331E-9,-0.0112781804273789));
#5302=CARTESIAN_POINT('',(-0.00442215039966626,0.00118491404586584,-0.0126010970940456));
#5303=CARTESIAN_POINT('',(-0.00382969398109991,0.00221107745535989,-0.0139240137607123));
#5304=CARTESIAN_POINT('',(-0.00323723756253357,0.00323724086485394,-0.0152469304273789));
#5305=CARTESIAN_POINT('',(-0.00221107354867295,0.00382969623662667,-0.0165698470940456));
#5306=CARTESIAN_POINT('',(-0.00118490953481232,0.0044221516083994,-0.0178927637607123));
#5307=CARTESIAN_POINT('',(2.25552676058963E-9,0.00442215100403283,-0.019215680427379));
#5308=CARTESIAN_POINT('',(0.00118491404586584,0.00442215039966626,-0.0205385970940456));
#5309=CARTESIAN_POINT('',(0.00221107745535989,0.00382969398109991,-0.0218615137607123));
#5310=CARTESIAN_POINT('',(0.00323724086485394,0.00323723756253357,-0.023184430427379));
#5311=CARTESIAN_POINT('',(0.00382969623662667,0.00221107354867295,-0.0245073470940456));
#5312=CARTESIAN_POINT('',(0.0044221516083994,0.00118490953481232,-0.0258302637607123));
#5313=CARTESIAN_POINT('',(0.00442215100403283,-2.25552676102331E-9,-0.027153180427379));
#5314=CARTESIAN_POINT('',(0.00437548417084563,-0.000640747823369703,0.0356174867112021));
#5315=CARTESIAN_POINT('',(0.00425285608464958,-0.001478140055512,0.0346458797064599));
#5316=CARTESIAN_POINT('',(0.00382969398109991,-0.00221107745535989,0.0337009862392877));
#5317=CARTESIAN_POINT('',(0.00323723756253357,-0.00323724086485394,0.032378069572621));
#5318=CARTESIAN_POINT('',(0.00221107354867294,-0.00382969623662667,0.0310551529059544));
#5319=CARTESIAN_POINT('',(0.00118490953481231,-0.0044221516083994,0.0297322362392877));
#5320=CARTESIAN_POINT('',(-2.25552676189067E-9,-0.00442215100403283,0.0284093195726211));
#5321=CARTESIAN_POINT('',(-0.00118491404586584,-0.00442215039966626,0.0270864029059544));
#5322=CARTESIAN_POINT('',(-0.00221107745535989,-0.00382969398109991,0.0257634862392877));
#5323=CARTESIAN_POINT('',(-0.00323724086485394,-0.00323723756253357,0.0244405695726211));
#5324=CARTESIAN_POINT('',(-0.00382969623662667,-0.00221107354867294,0.0231176529059544));
#5325=CARTESIAN_POINT('',(-0.0044221516083994,-0.00118490953481231,0.0217947362392877));
#5326=CARTESIAN_POINT('',(-0.00442215100403283,2.25552676102331E-9,0.0204718195726211));
#5327=CARTESIAN_POINT('',(-0.00442215039966626,0.00118491404586584,0.0191489029059544));
#5328=CARTESIAN_POINT('',(-0.00382969398109991,0.00221107745535989,0.0178259862392877));
#5329=CARTESIAN_POINT('',(-0.00323723756253357,0.00323724086485394,0.016503069572621));
#5330=CARTESIAN_POINT('',(-0.00221107354867294,0.00382969623662667,0.0151801529059544));
#5331=CARTESIAN_POINT('',(-0.00118490953481232,0.0044221516083994,0.0138572362392877));
#5332=CARTESIAN_POINT('',(2.25552676102331E-9,0.00442215100403283,0.012534319572621));
#5333=CARTESIAN_POINT('',(0.00118491404586584,0.00442215039966626,0.0112114029059544));
#5334=CARTESIAN_POINT('',(0.00221107745535988,0.00382969398109991,0.00988848623928771));
#5335=CARTESIAN_POINT('',(0.00323724086485394,0.00323723756253357,0.00856556957262104));
#5336=CARTESIAN_POINT('',(0.00382969623662667,0.00221107354867294,0.00724265290595438));
#5337=CARTESIAN_POINT('',(0.00429221324399863,0.00140996964890836,0.00620988067226136));
#5338=CARTESIAN_POINT('',(0.00439484764442247,0.000490646191046008,0.00515278114423457));
#5339=CARTESIAN_POINT('',(0.00618904538542646,-0.000906326524015718,0.0345592592112021));
#5340=CARTESIAN_POINT('',(0.00601559011479556,-0.0020908031048396,0.0335876522064599));
#5341=CARTESIAN_POINT('',(0.00541703476366162,-0.00312753016296958,0.0326427587392877));
#5342=CARTESIAN_POINT('',(0.00457901558218995,-0.00457902025326402,0.031319842072621));
#5343=CARTESIAN_POINT('',(0.00312752463702961,-0.00541703795406455,0.0299969254059544));
#5344=CARTESIAN_POINT('',(0.00167603369186927,-0.00625505565486507,0.0286740087392877));
#5345=CARTESIAN_POINT('',(-3.19040292535294E-9,-0.00625505479999919,0.0273510920726211));
#5346=CARTESIAN_POINT('',(-0.00167604007267513,-0.0062550539451333,0.0260281754059544));
#5347=CARTESIAN_POINT('',(-0.00312753016296958,-0.00541703476366162,0.0247052587392877));
#5348=CARTESIAN_POINT('',(-0.00457902025326402,-0.00457901558218995,0.0233823420726211));
#5349=CARTESIAN_POINT('',(-0.00541703795406455,-0.00312752463702962,0.0220594254059544));
#5350=CARTESIAN_POINT('',(-0.00625505565486507,-0.00167603369186927,0.0207365087392877));
#5351=CARTESIAN_POINT('',(-0.00625505479999918,3.19040292448558E-9,0.019413592072621));
#5352=CARTESIAN_POINT('',(-0.0062550539451333,0.00167604007267513,0.0180906754059544));
#5353=CARTESIAN_POINT('',(-0.00541703476366162,0.00312753016296958,0.0167677587392877));
#5354=CARTESIAN_POINT('',(-0.00457901558218995,0.00457902025326402,0.015444842072621));
#5355=CARTESIAN_POINT('',(-0.00312752463702962,0.00541703795406455,0.0141219254059544));
#5356=CARTESIAN_POINT('',(-0.00167603369186928,0.00625505565486507,0.0127990087392877));
#5357=CARTESIAN_POINT('',(3.19040292448558E-9,0.00625505479999918,0.011476092072621));
#5358=CARTESIAN_POINT('',(0.00167604007267512,0.0062550539451333,0.0101531754059544));
#5359=CARTESIAN_POINT('',(0.00312753016296957,0.00541703476366163,0.00883025873928771));
#5360=CARTESIAN_POINT('',(0.00457902025326402,0.00457901558218995,0.00750734207262105));
#5361=CARTESIAN_POINT('',(0.00541703795406455,0.00312752463702962,0.00618442540595438));
#5362=CARTESIAN_POINT('',(0.00607126012431718,0.00199437726396371,0.00515165317226136));
#5363=CARTESIAN_POINT('',(0.0062164346781555,0.00069401040570637,0.00409455364423458));
#5364=MECHANICAL_DESIGN_GEOMETRIC_PRESENTATION_REPRESENTATION('',(#774),
#5365);
#5365=(
GEOMETRIC_REPRESENTATION_CONTEXT(3)
GLOBAL_UNCERTAINTY_ASSIGNED_CONTEXT((#5366))
GLOBAL_UNIT_ASSIGNED_CONTEXT((#5369,#5368,#5367))
REPRESENTATION_CONTEXT('Part 1','TOP_LEVEL_ASSEMBLY_PART')
);
#5366=UNCERTAINTY_MEASURE_WITH_UNIT(LENGTH_MEASURE(3.45152992098034E-5),
#5369,'DISTANCE_ACCURACY_VALUE','Maximum Tolerance applied to model');
#5367=(
NAMED_UNIT(*)
SI_UNIT($,.STERADIAN.)
SOLID_ANGLE_UNIT()
);
#5368=(
NAMED_UNIT(*)
PLANE_ANGLE_UNIT()
SI_UNIT($,.RADIAN.)
);
#5369=(
LENGTH_UNIT()
NAMED_UNIT(*)
SI_UNIT($,.METRE.)
);
#5370=PRODUCT_DEFINITION_SHAPE('','',#5371);
#5371=PRODUCT_DEFINITION('','',#5373,#5372);
#5372=PRODUCT_DEFINITION_CONTEXT('',#5379,'design');
#5373=PRODUCT_DEFINITION_FORMATION_WITH_SPECIFIED_SOURCE('','',#5375,
 .NOT_KNOWN.);
#5374=PRODUCT_RELATED_PRODUCT_CATEGORY('','',(#5375));
#5375=PRODUCT('Part 1','Part 1','Part 1',(#5377));
#5376=PRODUCT_CATEGORY('','');
#5377=PRODUCT_CONTEXT('',#5379,'mechanical');
#5378=APPLICATION_PROTOCOL_DEFINITION('international standard',
'ap242_managed_model_based_3d_engineering',2020,#5379);
#5379=APPLICATION_CONTEXT('managed model based 3d engineering');
ENDSEC;
END-ISO-10303-21;
